2026/09/28 08:59:24.422, 0, 100 %, 72968 MiB
2026/09/28 08:59:24.426, 1, 100 %, 72756 MiB
2026/09/28 08:59:24.428, 2, 100 %, 72756 MiB
2026/09/28 08:59:24.430, 3, 100 %, 72756 MiB
2026/09/28 08:59:24.431, 4, 100 %, 72756 MiB
2026/09/28 08:59:24.432, 5, 100 %, 72756 MiB
2026/09/28 08:59:24.434, 6, 100 %, 72468 MiB
2026/09/28 08:59:24.436, 7, 98 %, 72756 MiB
2026/09/28 08:59:29.439, 0, 0 %, 72968 MiB
2026/09/28 08:59:29.439, 1, 0 %, 72756 MiB
2026/09/28 08:59:29.637, 2, 0 %, 72756 MiB
2026/09/28 08:59:29.637, 3, 0 %, 72756 MiB
2026/09/28 08:59:29.637, 4, 0 %, 72756 MiB
2026/09/28 08:59:29.637, 5, 0 %, 72756 MiB
2026/09/28 08:59:29.638, 6, 0 %, 72468 MiB
2026/09/28 08:59:29.639, 7, 0 %, 72756 MiB
2026/09/28 08:59:34.639, 0, 0 %, 72968 MiB
2026/09/28 08:59:34.639, 1, 0 %, 72756 MiB
2026/09/28 08:59:34.639, 2, 0 %, 72756 MiB
2026/09/28 08:59:34.639, 3, 0 %, 72756 MiB
2026/09/28 08:59:34.639, 4, 0 %, 72756 MiB
2026/09/28 08:59:34.639, 5, 0 %, 72756 MiB
2026/09/28 08:59:34.639, 6, 0 %, 72468 MiB
2026/09/28 08:59:34.639, 7, 0 %, 72756 MiB
2026/09/28 08:59:39.639, 0, 0 %, 72968 MiB
2026/09/28 08:59:39.639, 1, 0 %, 72756 MiB
2026/09/28 08:59:39.639, 2, 0 %, 72756 MiB
2026/09/28 08:59:39.640, 3, 0 %, 72756 MiB
2026/09/28 08:59:39.640, 4, 0 %, 72756 MiB
2026/09/28 08:59:39.640, 5, 0 %, 72756 MiB
2026/09/28 08:59:39.640, 6, 0 %, 72468 MiB
2026/09/28 08:59:39.640, 7, 0 %, 72756 MiB
2026/09/28 08:59:44.640, 0, 0 %, 72968 MiB
2026/09/28 08:59:44.640, 1, 0 %, 72756 MiB
2026/09/28 08:59:44.640, 2, 0 %, 72756 MiB
2026/09/28 08:59:44.641, 3, 0 %, 72756 MiB
2026/09/28 08:59:44.641, 4, 0 %, 72756 MiB
2026/09/28 08:59:44.641, 5, 0 %, 72756 MiB
2026/09/28 08:59:44.642, 6, 0 %, 72468 MiB
2026/09/28 08:59:44.642, 7, 0 %, 72756 MiB
2026/09/28 08:59:49.642, 0, 0 %, 72968 MiB
2026/09/28 08:59:49.643, 1, 0 %, 72756 MiB
2026/09/28 08:59:49.643, 2, 0 %, 72756 MiB
2026/09/28 08:59:49.644, 3, 0 %, 72756 MiB
2026/09/28 08:59:49.644, 4, 0 %, 72756 MiB
2026/09/28 08:59:49.644, 5, 0 %, 72756 MiB
2026/09/28 08:59:49.645, 6, 0 %, 72468 MiB
2026/09/28 08:59:49.645, 7, 0 %, 72756 MiB
2026/09/28 08:59:54.648, 0, 0 %, 72968 MiB
2026/09/28 08:59:54.648, 1, 0 %, 72756 MiB
2026/09/28 08:59:54.648, 2, 0 %, 72756 MiB
2026/09/28 08:59:54.648, 3, 0 %, 72756 MiB
2026/09/28 08:59:54.648, 4, 0 %, 72756 MiB
2026/09/28 08:59:54.648, 5, 0 %, 72756 MiB
2026/09/28 08:59:54.648, 6, 0 %, 72468 MiB
2026/09/28 08:59:54.648, 7, 0 %, 72756 MiB
2026/09/28 08:59:59.649, 0, 0 %, 72968 MiB
2026/09/28 08:59:59.655, 1, 0 %, 72756 MiB
2026/09/28 08:59:59.661, 2, 0 %, 72756 MiB
2026/09/28 08:59:59.662, 3, 0 %, 72756 MiB
2026/09/28 08:59:59.664, 4, 0 %, 72756 MiB
2026/09/28 08:59:59.664, 5, 0 %, 72756 MiB
2026/09/28 08:59:59.665, 6, 0 %, 72468 MiB
2026/09/28 08:59:59.669, 7, 0 %, 72756 MiB
2026/09/28 09:00:04.670, 0, 0 %, 72968 MiB
2026/09/28 09:00:04.670, 1, 0 %, 72756 MiB
2026/09/28 09:00:04.670, 2, 0 %, 72756 MiB
2026/09/28 09:00:04.670, 3, 0 %, 72756 MiB
2026/09/28 09:00:04.670, 4, 0 %, 72756 MiB
2026/09/28 09:00:04.670, 5, 0 %, 72756 MiB
2026/09/28 09:00:04.670, 6, 0 %, 72468 MiB
2026/09/28 09:00:04.670, 7, 0 %, 72756 MiB
2026/09/28 09:00:09.670, 0, 88 %, 76400 MiB
2026/09/28 09:00:09.670, 1, 100 %, 76188 MiB
2026/09/28 09:00:09.671, 2, 100 %, 76188 MiB
2026/09/28 09:00:09.671, 3, 94 %, 76188 MiB
2026/09/28 09:00:09.671, 4, 100 %, 76188 MiB
2026/09/28 09:00:09.672, 5, 100 %, 76188 MiB
2026/09/28 09:00:09.672, 6, 85 %, 75900 MiB
2026/09/28 09:00:09.672, 7, 91 %, 76188 MiB
2026/09/28 09:00:14.673, 0, 100 %, 76400 MiB
2026/09/28 09:00:14.675, 1, 100 %, 76188 MiB
2026/09/28 09:00:14.675, 2, 100 %, 76188 MiB
2026/09/28 09:00:14.675, 3, 100 %, 76188 MiB
2026/09/28 09:00:14.676, 4, 100 %, 76188 MiB
2026/09/28 09:00:14.676, 5, 100 %, 76188 MiB
2026/09/28 09:00:14.676, 6, 100 %, 75900 MiB
2026/09/28 09:00:14.677, 7, 100 %, 76188 MiB
2026/09/28 09:00:19.677, 0, 100 %, 76400 MiB
2026/09/28 09:00:19.678, 1, 100 %, 76188 MiB
2026/09/28 09:00:19.684, 2, 100 %, 76188 MiB
2026/09/28 09:00:19.684, 3, 100 %, 76188 MiB
2026/09/28 09:00:19.684, 4, 100 %, 76188 MiB
2026/09/28 09:00:19.684, 5, 100 %, 76188 MiB
2026/09/28 09:00:19.684, 6, 100 %, 75900 MiB
2026/09/28 09:00:19.686, 7, 100 %, 76188 MiB
2026/09/28 09:00:24.686, 0, 67 %, 76400 MiB
2026/09/28 09:00:24.686, 1, 100 %, 76188 MiB
2026/09/28 09:00:24.686, 2, 100 %, 76188 MiB
2026/09/28 09:00:24.687, 3, 53 %, 76188 MiB
2026/09/28 09:00:24.687, 4, 57 %, 76188 MiB
2026/09/28 09:00:24.687, 5, 78 %, 76188 MiB
2026/09/28 09:00:24.687, 6, 70 %, 75900 MiB
2026/09/28 09:00:24.688, 7, 55 %, 76188 MiB
2026/09/28 09:00:29.688, 0, 100 %, 76400 MiB
2026/09/28 09:00:29.721, 1, 100 %, 76188 MiB
2026/09/28 09:00:29.724, 2, 100 %, 76188 MiB
2026/09/28 09:00:29.729, 3, 100 %, 76188 MiB
2026/09/28 09:00:29.730, 4, 100 %, 76188 MiB
2026/09/28 09:00:29.734, 5, 100 %, 76188 MiB
2026/09/28 09:00:29.735, 6, 100 %, 75900 MiB
2026/09/28 09:00:29.736, 7, 100 %, 76188 MiB
2026/09/28 09:00:34.738, 0, 100 %, 76400 MiB
2026/09/28 09:00:34.738, 1, 100 %, 76188 MiB
2026/09/28 09:00:34.738, 2, 100 %, 76188 MiB
2026/09/28 09:00:34.738, 3, 100 %, 76188 MiB
2026/09/28 09:00:34.738, 4, 100 %, 76188 MiB
2026/09/28 09:00:34.738, 5, 100 %, 76188 MiB
2026/09/28 09:00:34.738, 6, 100 %, 75900 MiB
2026/09/28 09:00:34.738, 7, 100 %, 76188 MiB
2026/09/28 09:00:39.739, 0, 100 %, 76400 MiB
2026/09/28 09:00:39.739, 1, 100 %, 76188 MiB
2026/09/28 09:00:39.739, 2, 100 %, 76188 MiB
2026/09/28 09:00:39.739, 3, 100 %, 76188 MiB
2026/09/28 09:00:39.739, 4, 100 %, 76188 MiB
2026/09/28 09:00:39.739, 5, 100 %, 76188 MiB
2026/09/28 09:00:39.739, 6, 100 %, 75900 MiB
2026/09/28 09:00:39.739, 7, 100 %, 76188 MiB
2026/09/28 09:00:44.739, 0, 100 %, 76400 MiB
2026/09/28 09:00:44.739, 1, 100 %, 76188 MiB
2026/09/28 09:00:44.739, 2, 100 %, 76188 MiB
2026/09/28 09:00:44.739, 3, 100 %, 76188 MiB
2026/09/28 09:00:44.739, 4, 100 %, 76188 MiB
2026/09/28 09:00:44.739, 5, 100 %, 76188 MiB
2026/09/28 09:00:44.739, 6, 100 %, 75900 MiB
2026/09/28 09:00:44.739, 7, 100 %, 76188 MiB
2026/09/28 09:00:49.740, 0, 100 %, 76400 MiB
2026/09/28 09:00:49.740, 1, 100 %, 76188 MiB
2026/09/28 09:00:49.740, 2, 100 %, 76188 MiB
2026/09/28 09:00:49.740, 3, 100 %, 76188 MiB
2026/09/28 09:00:49.740, 4, 100 %, 76188 MiB
2026/09/28 09:00:49.740, 5, 100 %, 76188 MiB
2026/09/28 09:00:49.740, 6, 100 %, 75900 MiB
2026/09/28 09:00:49.740, 7, 100 %, 76188 MiB
2026/09/28 09:00:54.740, 0, 100 %, 76400 MiB
2026/09/28 09:00:54.740, 1, 100 %, 76188 MiB
2026/09/28 09:00:54.741, 2, 100 %, 76188 MiB
2026/09/28 09:00:54.741, 3, 100 %, 76188 MiB
2026/09/28 09:00:54.741, 4, 100 %, 76188 MiB
2026/09/28 09:00:54.742, 5, 100 %, 76188 MiB
2026/09/28 09:00:54.742, 6, 100 %, 75900 MiB
2026/09/28 09:00:54.742, 7, 100 %, 76188 MiB
2026/09/28 09:00:59.743, 0, 100 %, 76400 MiB
2026/09/28 09:00:59.745, 1, 100 %, 76188 MiB
2026/09/28 09:00:59.750, 2, 100 %, 76188 MiB
2026/09/28 09:00:59.752, 3, 100 %, 76188 MiB
2026/09/28 09:00:59.756, 4, 100 %, 76188 MiB
2026/09/28 09:00:59.762, 5, 100 %, 76188 MiB
2026/09/28 09:00:59.762, 6, 100 %, 75900 MiB
2026/09/28 09:00:59.763, 7, 100 %, 76188 MiB
2026/09/28 09:01:04.764, 0, 100 %, 76400 MiB
2026/09/28 09:01:04.764, 1, 100 %, 76188 MiB
2026/09/28 09:01:04.764, 2, 100 %, 76188 MiB
2026/09/28 09:01:04.764, 3, 100 %, 76188 MiB
2026/09/28 09:01:04.764, 4, 100 %, 76188 MiB
2026/09/28 09:01:04.764, 5, 100 %, 76188 MiB
2026/09/28 09:01:04.764, 6, 100 %, 75900 MiB
2026/09/28 09:01:04.764, 7, 100 %, 76188 MiB
2026/09/28 09:01:09.764, 0, 100 %, 76400 MiB
2026/09/28 09:01:09.764, 1, 100 %, 76188 MiB
2026/09/28 09:01:09.764, 2, 100 %, 76188 MiB
2026/09/28 09:01:09.764, 3, 100 %, 76188 MiB
2026/09/28 09:01:09.764, 4, 100 %, 76188 MiB
2026/09/28 09:01:09.764, 5, 100 %, 76188 MiB
2026/09/28 09:01:09.764, 6, 100 %, 75900 MiB
2026/09/28 09:01:09.764, 7, 100 %, 76188 MiB
2026/09/28 09:01:14.765, 0, 100 %, 76400 MiB
2026/09/28 09:01:14.765, 1, 100 %, 76188 MiB
2026/09/28 09:01:14.765, 2, 100 %, 76188 MiB
2026/09/28 09:01:14.765, 3, 100 %, 76188 MiB
2026/09/28 09:01:14.765, 4, 100 %, 76188 MiB
2026/09/28 09:01:14.765, 5, 100 %, 76188 MiB
2026/09/28 09:01:14.765, 6, 100 %, 75900 MiB
2026/09/28 09:01:14.765, 7, 100 %, 76188 MiB
2026/09/28 09:01:19.765, 0, 100 %, 76400 MiB
2026/09/28 09:01:19.765, 1, 100 %, 76188 MiB
2026/09/28 09:01:19.766, 2, 100 %, 76188 MiB
2026/09/28 09:01:19.766, 3, 100 %, 76188 MiB
2026/09/28 09:01:19.766, 4, 100 %, 76188 MiB
2026/09/28 09:01:19.767, 5, 100 %, 76188 MiB
2026/09/28 09:01:19.767, 6, 100 %, 75900 MiB
2026/09/28 09:01:19.767, 7, 100 %, 76188 MiB
2026/09/28 09:01:24.768, 0, 100 %, 76400 MiB
2026/09/28 09:01:24.768, 1, 100 %, 76188 MiB
2026/09/28 09:01:24.768, 2, 100 %, 76188 MiB
2026/09/28 09:01:24.768, 3, 100 %, 76188 MiB
2026/09/28 09:01:24.768, 4, 100 %, 76188 MiB
2026/09/28 09:01:24.768, 5, 100 %, 76188 MiB
2026/09/28 09:01:24.768, 6, 100 %, 75900 MiB
2026/09/28 09:01:24.768, 7, 100 %, 76188 MiB
2026/09/28 09:01:29.768, 0, 100 %, 76400 MiB
2026/09/28 09:01:29.769, 1, 100 %, 76188 MiB
2026/09/28 09:01:29.771, 2, 100 %, 76188 MiB
2026/09/28 09:01:29.775, 3, 100 %, 76188 MiB
2026/09/28 09:01:29.775, 4, 100 %, 76188 MiB
2026/09/28 09:01:29.776, 5, 100 %, 76188 MiB
2026/09/28 09:01:29.778, 6, 100 %, 75900 MiB
2026/09/28 09:01:29.779, 7, 100 %, 76188 MiB
2026/09/28 09:01:34.781, 0, 100 %, 76400 MiB
2026/09/28 09:01:34.781, 1, 100 %, 76188 MiB
2026/09/28 09:01:34.782, 2, 100 %, 76188 MiB
2026/09/28 09:01:34.782, 3, 100 %, 76188 MiB
2026/09/28 09:01:34.782, 4, 100 %, 76188 MiB
2026/09/28 09:01:34.782, 5, 100 %, 76188 MiB
2026/09/28 09:01:34.783, 6, 100 %, 75900 MiB
2026/09/28 09:01:34.783, 7, 100 %, 76188 MiB
2026/09/28 09:01:39.784, 0, 100 %, 76400 MiB
2026/09/28 09:01:39.784, 1, 100 %, 76188 MiB
2026/09/28 09:01:39.784, 2, 100 %, 76188 MiB
2026/09/28 09:01:39.784, 3, 100 %, 76188 MiB
2026/09/28 09:01:39.784, 4, 100 %, 76188 MiB
2026/09/28 09:01:39.784, 5, 100 %, 76188 MiB
2026/09/28 09:01:39.784, 6, 100 %, 75900 MiB
2026/09/28 09:01:39.784, 7, 100 %, 76188 MiB
2026/09/28 09:01:44.784, 0, 100 %, 76400 MiB
2026/09/28 09:01:44.850, 1, 100 %, 76188 MiB
2026/09/28 09:01:44.853, 2, 100 %, 76188 MiB
2026/09/28 09:01:44.854, 3, 100 %, 76188 MiB
2026/09/28 09:01:44.854, 4, 100 %, 76188 MiB
2026/09/28 09:01:44.860, 5, 100 %, 76188 MiB
2026/09/28 09:01:44.864, 6, 100 %, 75900 MiB
2026/09/28 09:01:44.865, 7, 100 %, 76188 MiB
2026/09/28 09:01:49.869, 0, 100 %, 76400 MiB
2026/09/28 09:01:49.869, 1, 100 %, 76188 MiB
2026/09/28 09:01:49.869, 2, 100 %, 76188 MiB
2026/09/28 09:01:49.869, 3, 100 %, 76188 MiB
2026/09/28 09:01:49.869, 4, 100 %, 76188 MiB
2026/09/28 09:01:49.869, 5, 100 %, 76188 MiB
2026/09/28 09:01:49.869, 6, 100 %, 75900 MiB
2026/09/28 09:01:49.869, 7, 100 %, 76188 MiB
2026/09/28 09:01:54.869, 0, 100 %, 76400 MiB
2026/09/28 09:01:54.869, 1, 100 %, 76188 MiB
2026/09/28 09:01:54.869, 2, 100 %, 76188 MiB
2026/09/28 09:01:54.869, 3, 100 %, 76188 MiB
2026/09/28 09:01:54.869, 4, 100 %, 76188 MiB
2026/09/28 09:01:54.869, 5, 100 %, 76188 MiB
2026/09/28 09:01:54.869, 6, 100 %, 75900 MiB
2026/09/28 09:01:54.869, 7, 100 %, 76188 MiB
2026/09/28 09:01:59.869, 0, 100 %, 76400 MiB
2026/09/28 09:01:59.870, 1, 100 %, 76188 MiB
2026/09/28 09:01:59.870, 2, 100 %, 76188 MiB
2026/09/28 09:01:59.870, 3, 100 %, 76188 MiB
2026/09/28 09:01:59.870, 4, 100 %, 76188 MiB
2026/09/28 09:01:59.870, 5, 100 %, 76188 MiB
2026/09/28 09:01:59.871, 6, 100 %, 75900 MiB
2026/09/28 09:01:59.871, 7, 100 %, 76188 MiB
2026/09/28 09:02:04.871, 0, 100 %, 76402 MiB
2026/09/28 09:02:04.871, 1, 100 %, 76190 MiB
2026/09/28 09:02:04.871, 2, 100 %, 76190 MiB
2026/09/28 09:02:04.871, 3, 100 %, 76190 MiB
2026/09/28 09:02:04.871, 4, 100 %, 76190 MiB
2026/09/28 09:02:04.871, 5, 100 %, 76190 MiB
2026/09/28 09:02:05.126, 6, 100 %, 75902 MiB
2026/09/28 09:02:05.129, 7, 100 %, 76190 MiB
2026/09/28 09:02:10.129, 0, 0 %, 76402 MiB
2026/09/28 09:02:10.129, 1, 0 %, 76190 MiB
2026/09/28 09:02:10.129, 2, 0 %, 76190 MiB
2026/09/28 09:02:10.129, 3, 0 %, 76190 MiB
2026/09/28 09:02:10.129, 4, 0 %, 76190 MiB
2026/09/28 09:02:10.129, 5, 0 %, 76190 MiB
2026/09/28 09:02:10.129, 6, 0 %, 75902 MiB
2026/09/28 09:02:10.129, 7, 0 %, 76190 MiB
2026/09/28 09:02:15.129, 0, 0 %, 76402 MiB
2026/09/28 09:02:15.130, 1, 0 %, 76190 MiB
2026/09/28 09:02:15.130, 2, 0 %, 76190 MiB
2026/09/28 09:02:15.130, 3, 0 %, 76190 MiB
2026/09/28 09:02:15.131, 4, 0 %, 76190 MiB
2026/09/28 09:02:15.131, 5, 0 %, 76190 MiB
2026/09/28 09:02:15.131, 6, 0 %, 75902 MiB
2026/09/28 09:02:15.132, 7, 0 %, 76190 MiB
2026/09/28 09:02:20.132, 0, 0 %, 76402 MiB
2026/09/28 09:02:20.132, 1, 0 %, 76190 MiB
2026/09/28 09:02:20.133, 2, 0 %, 76190 MiB
2026/09/28 09:02:20.133, 3, 0 %, 76190 MiB
2026/09/28 09:02:20.133, 4, 0 %, 76190 MiB
2026/09/28 09:02:20.133, 5, 0 %, 76190 MiB
2026/09/28 09:02:20.133, 6, 0 %, 75902 MiB
2026/09/28 09:02:20.133, 7, 0 %, 76190 MiB
2026/09/28 09:02:25.133, 0, 0 %, 76402 MiB
2026/09/28 09:02:25.133, 1, 0 %, 76190 MiB
2026/09/28 09:02:25.135, 2, 0 %, 76190 MiB
2026/09/28 09:02:25.137, 3, 0 %, 76190 MiB
2026/09/28 09:02:25.137, 4, 0 %, 76190 MiB
2026/09/28 09:02:25.138, 5, 0 %, 76190 MiB
2026/09/28 09:02:25.139, 6, 0 %, 75902 MiB
2026/09/28 09:02:25.140, 7, 0 %, 76190 MiB
2026/09/28 09:02:30.140, 0, 0 %, 76402 MiB
2026/09/28 09:02:30.141, 1, 0 %, 76190 MiB
2026/09/28 09:02:30.147, 2, 0 %, 76190 MiB
2026/09/28 09:02:30.147, 3, 0 %, 76190 MiB
2026/09/28 09:02:30.147, 4, 0 %, 76190 MiB
2026/09/28 09:02:30.147, 5, 0 %, 76190 MiB
2026/09/28 09:02:30.147, 6, 0 %, 75902 MiB
2026/09/28 09:02:30.147, 7, 0 %, 76190 MiB
2026/09/28 09:02:35.147, 0, 99 %, 76402 MiB
2026/09/28 09:02:35.167, 1, 99 %, 76190 MiB
2026/09/28 09:02:35.167, 2, 99 %, 76190 MiB
2026/09/28 09:02:35.169, 3, 99 %, 76190 MiB
2026/09/28 09:02:35.169, 4, 100 %, 76190 MiB
2026/09/28 09:02:35.170, 5, 100 %, 76190 MiB
2026/09/28 09:02:35.171, 6, 99 %, 75902 MiB
2026/09/28 09:02:35.174, 7, 99 %, 76190 MiB
2026/09/28 09:02:40.175, 0, 99 %, 76404 MiB
2026/09/28 09:02:40.175, 1, 100 %, 76192 MiB
2026/09/28 09:02:40.175, 2, 99 %, 76192 MiB
2026/09/28 09:02:40.176, 3, 100 %, 76192 MiB
2026/09/28 09:02:40.176, 4, 97 %, 76192 MiB
2026/09/28 09:02:40.176, 5, 97 %, 76192 MiB
2026/09/28 09:02:40.176, 6, 97 %, 75904 MiB
2026/09/28 09:02:40.177, 7, 97 %, 76192 MiB
2026/09/28 09:02:45.179, 0, 100 %, 76406 MiB
2026/09/28 09:02:45.179, 1, 100 %, 76194 MiB
2026/09/28 09:02:45.179, 2, 99 %, 76194 MiB
2026/09/28 09:02:45.181, 3, 100 %, 76194 MiB
2026/09/28 09:02:45.181, 4, 97 %, 76194 MiB
2026/09/28 09:02:45.182, 5, 100 %, 76194 MiB
2026/09/28 09:02:45.182, 6, 97 %, 75906 MiB
2026/09/28 09:02:45.183, 7, 97 %, 76194 MiB
2026/09/28 09:02:50.183, 0, 97 %, 76408 MiB
2026/09/28 09:02:50.183, 1, 97 %, 76196 MiB
2026/09/28 09:02:50.183, 2, 97 %, 76196 MiB
2026/09/28 09:02:50.184, 3, 97 %, 76196 MiB
2026/09/28 09:02:50.184, 4, 97 %, 76196 MiB
2026/09/28 09:02:50.185, 5, 97 %, 76196 MiB
2026/09/28 09:02:50.185, 6, 97 %, 75908 MiB
2026/09/28 09:02:50.186, 7, 97 %, 76196 MiB
2026/09/28 09:02:55.187, 0, 100 %, 76412 MiB
2026/09/28 09:02:55.187, 1, 97 %, 76200 MiB
2026/09/28 09:02:55.187, 2, 97 %, 76200 MiB
2026/09/28 09:02:55.187, 3, 99 %, 76200 MiB
2026/09/28 09:02:55.188, 4, 100 %, 76200 MiB
2026/09/28 09:02:55.188, 5, 99 %, 76200 MiB
2026/09/28 09:02:55.189, 6, 100 %, 75912 MiB
2026/09/28 09:02:55.189, 7, 99 %, 76200 MiB
2026/09/28 09:03:00.189, 0, 99 %, 76432 MiB
2026/09/28 09:03:00.189, 1, 100 %, 76220 MiB
2026/09/28 09:03:00.189, 2, 100 %, 76220 MiB
2026/09/28 09:03:00.189, 3, 99 %, 76220 MiB
2026/09/28 09:03:00.189, 4, 100 %, 76220 MiB
2026/09/28 09:03:00.189, 5, 100 %, 76220 MiB
2026/09/28 09:03:00.189, 6, 100 %, 75932 MiB
2026/09/28 09:03:00.189, 7, 100 %, 76220 MiB
2026/09/28 09:03:05.190, 0, 100 %, 76432 MiB
2026/09/28 09:03:05.191, 1, 100 %, 76220 MiB
2026/09/28 09:03:05.191, 2, 99 %, 76220 MiB
2026/09/28 09:03:05.191, 3, 100 %, 76220 MiB
2026/09/28 09:03:05.191, 4, 100 %, 76220 MiB
2026/09/28 09:03:05.192, 5, 100 %, 76220 MiB
2026/09/28 09:03:05.193, 6, 99 %, 75932 MiB
2026/09/28 09:03:05.193, 7, 100 %, 76220 MiB
2026/09/28 09:03:10.194, 0, 100 %, 76434 MiB
2026/09/28 09:03:10.194, 1, 100 %, 76222 MiB
2026/09/28 09:03:10.194, 2, 99 %, 76222 MiB
2026/09/28 09:03:10.194, 3, 100 %, 76222 MiB
2026/09/28 09:03:10.194, 4, 100 %, 76222 MiB
2026/09/28 09:03:10.194, 5, 99 %, 76222 MiB
2026/09/28 09:03:10.194, 6, 100 %, 75934 MiB
2026/09/28 09:03:10.194, 7, 100 %, 76222 MiB
2026/09/28 09:03:15.194, 0, 100 %, 76434 MiB
2026/09/28 09:03:15.194, 1, 100 %, 76222 MiB
2026/09/28 09:03:15.194, 2, 100 %, 76222 MiB
2026/09/28 09:03:15.194, 3, 100 %, 76222 MiB
2026/09/28 09:03:15.194, 4, 100 %, 76222 MiB
2026/09/28 09:03:15.194, 5, 100 %, 76222 MiB
2026/09/28 09:03:15.194, 6, 100 %, 75934 MiB
2026/09/28 09:03:15.194, 7, 100 %, 76222 MiB
2026/09/28 09:03:20.195, 0, 100 %, 76434 MiB
2026/09/28 09:03:20.195, 1, 100 %, 76222 MiB
2026/09/28 09:03:20.197, 2, 100 %, 76222 MiB
2026/09/28 09:03:20.197, 3, 100 %, 76222 MiB
2026/09/28 09:03:20.198, 4, 100 %, 76222 MiB
2026/09/28 09:03:20.198, 5, 100 %, 76222 MiB
2026/09/28 09:03:20.198, 6, 100 %, 75934 MiB
2026/09/28 09:03:20.199, 7, 100 %, 76222 MiB
2026/09/28 09:03:25.199, 0, 100 %, 76434 MiB
2026/09/28 09:03:25.199, 1, 100 %, 76222 MiB
2026/09/28 09:03:25.199, 2, 100 %, 76222 MiB
2026/09/28 09:03:25.199, 3, 100 %, 76222 MiB
2026/09/28 09:03:25.199, 4, 100 %, 76222 MiB
2026/09/28 09:03:25.199, 5, 100 %, 76222 MiB
2026/09/28 09:03:25.199, 6, 100 %, 75934 MiB
2026/09/28 09:03:25.200, 7, 100 %, 76222 MiB
2026/09/28 09:03:30.200, 0, 100 %, 76436 MiB
2026/09/28 09:03:30.200, 1, 100 %, 76224 MiB
2026/09/28 09:03:30.200, 2, 100 %, 76224 MiB
2026/09/28 09:03:30.200, 3, 100 %, 76224 MiB
2026/09/28 09:03:30.200, 4, 100 %, 76224 MiB
2026/09/28 09:03:30.200, 5, 100 %, 76224 MiB
2026/09/28 09:03:30.200, 6, 100 %, 75936 MiB
2026/09/28 09:03:30.200, 7, 100 %, 76224 MiB
2026/09/28 09:03:35.200, 0, 100 %, 76436 MiB
2026/09/28 09:03:35.201, 1, 100 %, 76224 MiB
2026/09/28 09:03:35.201, 2, 100 %, 76224 MiB
2026/09/28 09:03:35.201, 3, 100 %, 76224 MiB
2026/09/28 09:03:35.202, 4, 100 %, 76224 MiB
2026/09/28 09:03:35.202, 5, 100 %, 76224 MiB
2026/09/28 09:03:35.202, 6, 100 %, 75936 MiB
2026/09/28 09:03:35.202, 7, 100 %, 76224 MiB
2026/09/28 09:03:40.203, 0, 0 %, 72702 MiB
2026/09/28 09:03:40.203, 1, 0 %, 72490 MiB
2026/09/28 09:03:40.203, 2, 0 %, 72490 MiB
2026/09/28 09:03:40.203, 3, 0 %, 72490 MiB
2026/09/28 09:03:40.203, 4, 0 %, 72490 MiB
2026/09/28 09:03:40.203, 5, 0 %, 72490 MiB
2026/09/28 09:03:40.203, 6, 0 %, 72202 MiB
2026/09/28 09:03:40.203, 7, 0 %, 72490 MiB
2026/09/28 09:03:45.203, 0, 0 %, 72702 MiB
2026/09/28 09:03:45.203, 1, 0 %, 72490 MiB
2026/09/28 09:03:45.203, 2, 0 %, 72490 MiB
2026/09/28 09:03:45.204, 3, 0 %, 72490 MiB
2026/09/28 09:03:45.204, 4, 0 %, 72490 MiB
2026/09/28 09:03:45.204, 5, 0 %, 72490 MiB
2026/09/28 09:03:45.205, 6, 0 %, 72202 MiB
2026/09/28 09:03:45.205, 7, 0 %, 72490 MiB
2026/09/28 09:03:50.205, 0, 0 %, 72702 MiB
2026/09/28 09:03:50.207, 1, 0 %, 72490 MiB
2026/09/28 09:03:50.207, 2, 0 %, 72490 MiB
2026/09/28 09:03:50.207, 3, 0 %, 72490 MiB
2026/09/28 09:03:50.207, 4, 0 %, 72490 MiB
2026/09/28 09:03:50.207, 5, 0 %, 72490 MiB
2026/09/28 09:03:50.207, 6, 0 %, 72202 MiB
2026/09/28 09:03:50.207, 7, 0 %, 72490 MiB
2026/09/28 09:03:55.207, 0, 0 %, 72702 MiB
2026/09/28 09:03:55.207, 1, 0 %, 72490 MiB
2026/09/28 09:03:55.208, 2, 0 %, 72490 MiB
2026/09/28 09:03:55.208, 3, 0 %, 72490 MiB
2026/09/28 09:03:55.208, 4, 0 %, 72490 MiB
2026/09/28 09:03:55.209, 5, 0 %, 72490 MiB
2026/09/28 09:03:55.209, 6, 0 %, 72202 MiB
2026/09/28 09:03:55.209, 7, 0 %, 72490 MiB
2026/09/28 09:04:00.210, 0, 52 %, 76420 MiB
2026/09/28 09:04:00.220, 1, 47 %, 76208 MiB
2026/09/28 09:04:00.220, 2, 39 %, 76208 MiB
2026/09/28 09:04:00.221, 3, 28 %, 76208 MiB
2026/09/28 09:04:00.221, 4, 30 %, 76208 MiB
2026/09/28 09:04:00.221, 5, 63 %, 76208 MiB
2026/09/28 09:04:00.223, 6, 56 %, 75920 MiB
2026/09/28 09:04:00.223, 7, 73 %, 76208 MiB
2026/09/28 09:04:05.223, 0, 98 %, 76428 MiB
2026/09/28 09:04:05.224, 1, 99 %, 76216 MiB
2026/09/28 09:04:05.226, 2, 99 %, 76216 MiB
2026/09/28 09:04:05.227, 3, 92 %, 76216 MiB
2026/09/28 09:04:05.227, 4, 99 %, 76216 MiB
2026/09/28 09:04:05.227, 5, 99 %, 76216 MiB
2026/09/28 09:04:05.229, 6, 92 %, 75928 MiB
2026/09/28 09:04:05.230, 7, 92 %, 76216 MiB
2026/09/28 09:04:10.231, 0, 86 %, 76428 MiB
2026/09/28 09:04:10.231, 1, 85 %, 76216 MiB
2026/09/28 09:04:10.231, 2, 100 %, 76216 MiB
2026/09/28 09:04:10.231, 3, 99 %, 76216 MiB
2026/09/28 09:04:10.231, 4, 59 %, 76216 MiB
2026/09/28 09:04:10.231, 5, 64 %, 76216 MiB
2026/09/28 09:04:10.231, 6, 99 %, 75928 MiB
2026/09/28 09:04:10.231, 7, 72 %, 76216 MiB
2026/09/28 09:04:15.232, 0, 100 %, 76428 MiB
2026/09/28 09:04:15.508, 1, 99 %, 76216 MiB
2026/09/28 09:04:15.509, 2, 100 %, 76216 MiB
2026/09/28 09:04:15.509, 3, 100 %, 76216 MiB
2026/09/28 09:04:15.510, 4, 99 %, 76216 MiB
2026/09/28 09:04:15.510, 5, 99 %, 76216 MiB
2026/09/28 09:04:15.511, 6, 99 %, 75928 MiB
2026/09/28 09:04:15.511, 7, 85 %, 76216 MiB
2026/09/28 09:04:20.512, 0, 61 %, 76430 MiB
2026/09/28 09:04:20.512, 1, 63 %, 76218 MiB
2026/09/28 09:04:20.513, 2, 59 %, 76218 MiB
2026/09/28 09:04:20.514, 3, 69 %, 76218 MiB
2026/09/28 09:04:20.514, 4, 69 %, 76218 MiB
2026/09/28 09:04:20.514, 5, 77 %, 76218 MiB
2026/09/28 09:04:20.514, 6, 73 %, 75930 MiB
2026/09/28 09:04:20.515, 7, 67 %, 76218 MiB
2026/09/28 09:04:25.515, 0, 92 %, 76432 MiB
2026/09/28 09:04:25.515, 1, 92 %, 76220 MiB
2026/09/28 09:04:25.515, 2, 91 %, 76220 MiB
2026/09/28 09:04:25.515, 3, 89 %, 76220 MiB
2026/09/28 09:04:25.515, 4, 88 %, 76220 MiB
2026/09/28 09:04:25.515, 5, 99 %, 76220 MiB
2026/09/28 09:04:25.515, 6, 87 %, 75932 MiB
2026/09/28 09:04:25.515, 7, 90 %, 76220 MiB
2026/09/28 09:04:30.516, 0, 87 %, 76434 MiB
2026/09/28 09:04:30.516, 1, 99 %, 76222 MiB
2026/09/28 09:04:30.520, 2, 100 %, 76222 MiB
2026/09/28 09:04:30.520, 3, 99 %, 76222 MiB
2026/09/28 09:04:30.520, 4, 99 %, 76222 MiB
2026/09/28 09:04:30.522, 5, 100 %, 76222 MiB
2026/09/28 09:04:30.525, 6, 100 %, 75934 MiB
2026/09/28 09:04:30.525, 7, 100 %, 76222 MiB
2026/09/28 09:04:35.527, 0, 78 %, 76436 MiB
2026/09/28 09:04:35.794, 1, 75 %, 76224 MiB
2026/09/28 09:04:35.799, 2, 73 %, 76224 MiB
2026/09/28 09:04:35.800, 3, 61 %, 76224 MiB
2026/09/28 09:04:35.801, 4, 64 %, 76224 MiB
2026/09/28 09:04:35.802, 5, 68 %, 76224 MiB
2026/09/28 09:04:35.802, 6, 92 %, 75936 MiB
2026/09/28 09:04:35.803, 7, 69 %, 76224 MiB
2026/09/28 09:04:40.804, 0, 100 %, 76438 MiB
2026/09/28 09:04:40.804, 1, 99 %, 76226 MiB
2026/09/28 09:04:40.804, 2, 100 %, 76226 MiB
2026/09/28 09:04:40.804, 3, 100 %, 76226 MiB
2026/09/28 09:04:40.804, 4, 100 %, 76226 MiB
2026/09/28 09:04:40.804, 5, 100 %, 76226 MiB
2026/09/28 09:04:40.804, 6, 100 %, 75938 MiB
2026/09/28 09:04:40.804, 7, 100 %, 76226 MiB
2026/09/28 09:04:45.804, 0, 100 %, 76440 MiB
2026/09/28 09:04:45.809, 1, 100 %, 76228 MiB
2026/09/28 09:04:45.811, 2, 100 %, 76228 MiB
2026/09/28 09:04:45.814, 3, 99 %, 76228 MiB
2026/09/28 09:04:45.818, 4, 97 %, 76228 MiB
2026/09/28 09:04:45.823, 5, 100 %, 76228 MiB
2026/09/28 09:04:45.825, 6, 100 %, 75940 MiB
2026/09/28 09:04:45.826, 7, 100 %, 76228 MiB
2026/09/28 09:04:50.827, 0, 100 %, 76440 MiB
2026/09/28 09:04:50.827, 1, 100 %, 76228 MiB
2026/09/28 09:04:50.827, 2, 100 %, 76228 MiB
2026/09/28 09:04:50.827, 3, 100 %, 76228 MiB
2026/09/28 09:04:50.827, 4, 100 %, 76228 MiB
2026/09/28 09:04:50.827, 5, 100 %, 76228 MiB
2026/09/28 09:04:50.827, 6, 100 %, 75940 MiB
2026/09/28 09:04:50.827, 7, 100 %, 76228 MiB
2026/09/28 09:04:55.827, 0, 99 %, 76442 MiB
2026/09/28 09:04:55.827, 1, 100 %, 76230 MiB
2026/09/28 09:04:55.833, 2, 100 %, 76230 MiB
2026/09/28 09:04:55.833, 3, 100 %, 76230 MiB
2026/09/28 09:04:55.833, 4, 100 %, 76230 MiB
2026/09/28 09:04:55.833, 5, 100 %, 76230 MiB
2026/09/28 09:04:55.833, 6, 100 %, 75942 MiB
2026/09/28 09:04:55.833, 7, 100 %, 76230 MiB
2026/09/28 09:05:00.833, 0, 100 %, 76442 MiB
2026/09/28 09:05:00.833, 1, 100 %, 76230 MiB
2026/09/28 09:05:00.833, 2, 96 %, 76230 MiB
2026/09/28 09:05:00.833, 3, 97 %, 76230 MiB
2026/09/28 09:05:00.833, 4, 97 %, 76230 MiB
2026/09/28 09:05:00.833, 5, 97 %, 76230 MiB
2026/09/28 09:05:00.833, 6, 100 %, 75942 MiB
2026/09/28 09:05:00.833, 7, 99 %, 76230 MiB
2026/09/28 09:05:05.833, 0, 100 %, 76448 MiB
2026/09/28 09:05:05.839, 1, 99 %, 76236 MiB
2026/09/28 09:05:05.839, 2, 100 %, 76236 MiB
2026/09/28 09:05:05.839, 3, 100 %, 76236 MiB
2026/09/28 09:05:05.840, 4, 100 %, 76236 MiB
2026/09/28 09:05:05.840, 5, 100 %, 76236 MiB
2026/09/28 09:05:05.840, 6, 100 %, 75948 MiB
2026/09/28 09:05:05.841, 7, 100 %, 76236 MiB
2026/09/28 09:05:10.841, 0, 97 %, 76448 MiB
2026/09/28 09:05:10.841, 1, 97 %, 76236 MiB
2026/09/28 09:05:10.842, 2, 99 %, 76236 MiB
2026/09/28 09:05:10.842, 3, 97 %, 76236 MiB
2026/09/28 09:05:10.843, 4, 97 %, 76236 MiB
2026/09/28 09:05:10.843, 5, 99 %, 76236 MiB
2026/09/28 09:05:10.843, 6, 97 %, 75948 MiB
2026/09/28 09:05:10.843, 7, 97 %, 76236 MiB
2026/09/28 09:05:15.844, 0, 99 %, 76468 MiB
2026/09/28 09:05:15.845, 1, 99 %, 76256 MiB
2026/09/28 09:05:15.852, 2, 100 %, 76256 MiB
2026/09/28 09:05:15.855, 3, 100 %, 76256 MiB
2026/09/28 09:05:15.858, 4, 99 %, 76256 MiB
2026/09/28 09:05:15.858, 5, 100 %, 76256 MiB
2026/09/28 09:05:15.859, 6, 100 %, 75968 MiB
2026/09/28 09:05:15.859, 7, 99 %, 76256 MiB
2026/09/28 09:05:20.860, 0, 100 %, 76468 MiB
2026/09/28 09:05:20.860, 1, 100 %, 76256 MiB
2026/09/28 09:05:20.860, 2, 100 %, 76256 MiB
2026/09/28 09:05:20.860, 3, 100 %, 76256 MiB
2026/09/28 09:05:20.860, 4, 100 %, 76256 MiB
2026/09/28 09:05:20.860, 5, 100 %, 76256 MiB
2026/09/28 09:05:20.860, 6, 100 %, 75968 MiB
2026/09/28 09:05:20.860, 7, 100 %, 76256 MiB
2026/09/28 09:05:25.860, 0, 99 %, 76468 MiB
2026/09/28 09:05:25.861, 1, 100 %, 76256 MiB
2026/09/28 09:05:25.864, 2, 99 %, 76256 MiB
2026/09/28 09:05:25.865, 3, 100 %, 76256 MiB
2026/09/28 09:05:25.865, 4, 99 %, 76256 MiB
2026/09/28 09:05:25.866, 5, 99 %, 76256 MiB
2026/09/28 09:05:25.866, 6, 99 %, 75968 MiB
2026/09/28 09:05:25.866, 7, 99 %, 76256 MiB
2026/09/28 09:05:30.867, 0, 97 %, 76468 MiB
2026/09/28 09:05:30.867, 1, 97 %, 76256 MiB
2026/09/28 09:05:30.867, 2, 97 %, 76256 MiB
2026/09/28 09:05:30.868, 3, 97 %, 76256 MiB
2026/09/28 09:05:30.868, 4, 97 %, 76256 MiB
2026/09/28 09:05:30.869, 5, 91 %, 76256 MiB
2026/09/28 09:05:30.869, 6, 97 %, 75968 MiB
2026/09/28 09:05:30.869, 7, 97 %, 76256 MiB
2026/09/28 09:05:35.870, 0, 100 %, 76468 MiB
2026/09/28 09:05:35.870, 1, 99 %, 76256 MiB
2026/09/28 09:05:35.870, 2, 99 %, 76256 MiB
2026/09/28 09:05:35.870, 3, 99 %, 76256 MiB
2026/09/28 09:05:35.871, 4, 99 %, 76256 MiB
2026/09/28 09:05:35.871, 5, 100 %, 76256 MiB
2026/09/28 09:05:35.871, 6, 100 %, 75968 MiB
2026/09/28 09:05:35.871, 7, 99 %, 76256 MiB
2026/09/28 09:05:40.872, 0, 98 %, 76468 MiB
2026/09/28 09:05:40.872, 1, 70 %, 76256 MiB
2026/09/28 09:05:40.872, 2, 78 %, 76256 MiB
2026/09/28 09:05:40.872, 3, 72 %, 76256 MiB
2026/09/28 09:05:40.872, 4, 67 %, 76256 MiB
2026/09/28 09:05:40.872, 5, 98 %, 76256 MiB
2026/09/28 09:05:40.872, 6, 67 %, 75968 MiB
2026/09/28 09:05:40.872, 7, 69 %, 76256 MiB
2026/09/28 09:05:45.872, 0, 100 %, 76468 MiB
2026/09/28 09:05:45.872, 1, 100 %, 76256 MiB
2026/09/28 09:05:45.872, 2, 96 %, 76256 MiB
2026/09/28 09:05:45.872, 3, 96 %, 76256 MiB
2026/09/28 09:05:45.872, 4, 96 %, 76256 MiB
2026/09/28 09:05:45.873, 5, 100 %, 76256 MiB
2026/09/28 09:05:45.873, 6, 100 %, 75968 MiB
2026/09/28 09:05:45.873, 7, 100 %, 76256 MiB
2026/09/28 09:05:50.873, 0, 99 %, 76470 MiB
2026/09/28 09:05:50.873, 1, 99 %, 76258 MiB
2026/09/28 09:05:50.873, 2, 100 %, 76258 MiB
2026/09/28 09:05:50.873, 3, 100 %, 76258 MiB
2026/09/28 09:05:50.873, 4, 100 %, 76258 MiB
2026/09/28 09:05:50.873, 5, 99 %, 76258 MiB
2026/09/28 09:05:50.873, 6, 99 %, 75970 MiB
2026/09/28 09:05:50.873, 7, 99 %, 76258 MiB
2026/09/28 09:05:55.873, 0, 99 %, 76472 MiB
2026/09/28 09:05:55.874, 1, 99 %, 76260 MiB
2026/09/28 09:05:55.874, 2, 99 %, 76260 MiB
2026/09/28 09:05:55.874, 3, 99 %, 76260 MiB
2026/09/28 09:05:55.874, 4, 99 %, 76260 MiB
2026/09/28 09:05:55.874, 5, 99 %, 76260 MiB
2026/09/28 09:05:55.874, 6, 99 %, 75972 MiB
2026/09/28 09:05:55.874, 7, 99 %, 76260 MiB
2026/09/28 09:06:00.875, 0, 100 %, 76472 MiB
2026/09/28 09:06:00.875, 1, 100 %, 76260 MiB
2026/09/28 09:06:00.875, 2, 100 %, 76260 MiB
2026/09/28 09:06:00.876, 3, 100 %, 76260 MiB
2026/09/28 09:06:00.876, 4, 100 %, 76260 MiB
2026/09/28 09:06:00.876, 5, 100 %, 76260 MiB
2026/09/28 09:06:00.876, 6, 100 %, 75972 MiB
2026/09/28 09:06:00.877, 7, 100 %, 76260 MiB
2026/09/28 09:06:05.877, 0, 100 %, 76472 MiB
2026/09/28 09:06:05.878, 1, 100 %, 76260 MiB
2026/09/28 09:06:05.879, 2, 100 %, 76260 MiB
2026/09/28 09:06:05.879, 3, 100 %, 76260 MiB
2026/09/28 09:06:05.879, 4, 94 %, 76260 MiB
2026/09/28 09:06:05.879, 5, 86 %, 76260 MiB
2026/09/28 09:06:05.879, 6, 100 %, 75972 MiB
2026/09/28 09:06:05.879, 7, 100 %, 76260 MiB
2026/09/28 09:06:10.880, 0, 100 %, 76472 MiB
2026/09/28 09:06:10.880, 1, 100 %, 76260 MiB
2026/09/28 09:06:10.880, 2, 100 %, 76260 MiB
2026/09/28 09:06:10.880, 3, 100 %, 76260 MiB
2026/09/28 09:06:10.880, 4, 100 %, 76260 MiB
2026/09/28 09:06:10.880, 5, 100 %, 76260 MiB
2026/09/28 09:06:10.880, 6, 100 %, 75972 MiB
2026/09/28 09:06:10.880, 7, 100 %, 76260 MiB
2026/09/28 09:06:15.880, 0, 100 %, 76472 MiB
2026/09/28 09:06:15.880, 1, 100 %, 76260 MiB
2026/09/28 09:06:15.881, 2, 100 %, 76260 MiB
2026/09/28 09:06:15.881, 3, 99 %, 76260 MiB
2026/09/28 09:06:15.881, 4, 99 %, 76260 MiB
2026/09/28 09:06:15.881, 5, 99 %, 76260 MiB
2026/09/28 09:06:15.882, 6, 100 %, 75972 MiB
2026/09/28 09:06:15.882, 7, 99 %, 76260 MiB
2026/09/28 09:06:20.882, 0, 100 %, 76474 MiB
2026/09/28 09:06:20.882, 1, 100 %, 76262 MiB
2026/09/28 09:06:20.883, 2, 100 %, 76262 MiB
2026/09/28 09:06:20.883, 3, 100 %, 76262 MiB
2026/09/28 09:06:20.883, 4, 100 %, 76262 MiB
2026/09/28 09:06:20.883, 5, 100 %, 76262 MiB
2026/09/28 09:06:20.883, 6, 100 %, 75974 MiB
2026/09/28 09:06:20.883, 7, 100 %, 76262 MiB
2026/09/28 09:06:25.883, 0, 100 %, 76474 MiB
2026/09/28 09:06:26.354, 1, 100 %, 76262 MiB
2026/09/28 09:06:26.359, 2, 100 %, 76262 MiB
2026/09/28 09:06:26.361, 3, 100 %, 76262 MiB
2026/09/28 09:06:26.369, 4, 100 %, 76262 MiB
2026/09/28 09:06:26.376, 5, 100 %, 76262 MiB
2026/09/28 09:06:26.380, 6, 100 %, 75974 MiB
2026/09/28 09:06:26.387, 7, 100 %, 76262 MiB
2026/09/28 09:06:31.389, 0, 100 %, 76474 MiB
2026/09/28 09:06:31.389, 1, 100 %, 76262 MiB
2026/09/28 09:06:31.389, 2, 100 %, 76262 MiB
2026/09/28 09:06:31.389, 3, 100 %, 76262 MiB
2026/09/28 09:06:31.389, 4, 100 %, 76262 MiB
2026/09/28 09:06:31.389, 5, 100 %, 76262 MiB
2026/09/28 09:06:31.389, 6, 100 %, 75974 MiB
2026/09/28 09:06:31.389, 7, 100 %, 76262 MiB
2026/09/28 09:06:36.390, 0, 89 %, 76474 MiB
2026/09/28 09:06:36.392, 1, 88 %, 76262 MiB
2026/09/28 09:06:36.393, 2, 92 %, 76262 MiB
2026/09/28 09:06:36.394, 3, 97 %, 76262 MiB
2026/09/28 09:06:36.394, 4, 98 %, 76262 MiB
2026/09/28 09:06:36.394, 5, 88 %, 76262 MiB
2026/09/28 09:06:36.395, 6, 90 %, 75974 MiB
2026/09/28 09:06:36.395, 7, 89 %, 76262 MiB
2026/09/28 09:06:41.396, 0, 76 %, 76474 MiB
2026/09/28 09:06:41.396, 1, 100 %, 76262 MiB
2026/09/28 09:06:41.396, 2, 67 %, 76262 MiB
2026/09/28 09:06:41.396, 3, 100 %, 76262 MiB
2026/09/28 09:06:41.396, 4, 87 %, 76262 MiB
2026/09/28 09:06:41.396, 5, 96 %, 76262 MiB
2026/09/28 09:06:41.396, 6, 99 %, 75974 MiB
2026/09/28 09:06:41.396, 7, 78 %, 76262 MiB
2026/09/28 09:06:46.396, 0, 90 %, 76474 MiB
2026/09/28 09:06:46.397, 1, 78 %, 76262 MiB
2026/09/28 09:06:46.399, 2, 92 %, 76262 MiB
2026/09/28 09:06:46.401, 3, 75 %, 76262 MiB
2026/09/28 09:06:46.402, 4, 81 %, 76262 MiB
2026/09/28 09:06:46.403, 5, 53 %, 76262 MiB
2026/09/28 09:06:46.403, 6, 74 %, 75974 MiB
2026/09/28 09:06:46.404, 7, 77 %, 76262 MiB
2026/09/28 09:06:51.404, 0, 98 %, 76474 MiB
2026/09/28 09:06:51.404, 1, 99 %, 76262 MiB
2026/09/28 09:06:51.404, 2, 98 %, 76262 MiB
2026/09/28 09:06:51.404, 3, 98 %, 76262 MiB
2026/09/28 09:06:51.404, 4, 98 %, 76262 MiB
2026/09/28 09:06:51.404, 5, 98 %, 76262 MiB
2026/09/28 09:06:51.404, 6, 98 %, 75974 MiB
2026/09/28 09:06:51.404, 7, 98 %, 76262 MiB
2026/09/28 09:06:56.405, 0, 100 %, 76474 MiB
2026/09/28 09:06:56.405, 1, 100 %, 76262 MiB
2026/09/28 09:06:56.405, 2, 100 %, 76262 MiB
2026/09/28 09:06:56.405, 3, 98 %, 76262 MiB
2026/09/28 09:06:56.405, 4, 100 %, 76262 MiB
2026/09/28 09:06:56.405, 5, 99 %, 76262 MiB
2026/09/28 09:06:56.405, 6, 98 %, 75974 MiB
2026/09/28 09:06:56.405, 7, 100 %, 76262 MiB
2026/09/28 09:07:01.405, 0, 79 %, 76476 MiB
2026/09/28 09:07:01.405, 1, 77 %, 76264 MiB
2026/09/28 09:07:01.405, 2, 83 %, 76264 MiB
2026/09/28 09:07:01.405, 3, 79 %, 76264 MiB
2026/09/28 09:07:01.405, 4, 80 %, 76264 MiB
2026/09/28 09:07:01.405, 5, 71 %, 76264 MiB
2026/09/28 09:07:01.405, 6, 79 %, 75976 MiB
2026/09/28 09:07:01.405, 7, 80 %, 76264 MiB
2026/09/28 09:07:06.406, 0, 91 %, 76476 MiB
2026/09/28 09:07:06.406, 1, 94 %, 76264 MiB
2026/09/28 09:07:06.408, 2, 87 %, 76264 MiB
2026/09/28 09:07:06.408, 3, 93 %, 76264 MiB
2026/09/28 09:07:06.408, 4, 70 %, 76264 MiB
2026/09/28 09:07:06.408, 5, 75 %, 76264 MiB
2026/09/28 09:07:06.408, 6, 76 %, 75976 MiB
2026/09/28 09:07:06.408, 7, 74 %, 76264 MiB
2026/09/28 09:07:11.408, 0, 100 %, 76476 MiB
2026/09/28 09:07:11.408, 1, 100 %, 76264 MiB
2026/09/28 09:07:11.408, 2, 100 %, 76264 MiB
2026/09/28 09:07:11.408, 3, 100 %, 76264 MiB
2026/09/28 09:07:11.408, 4, 100 %, 76264 MiB
2026/09/28 09:07:11.408, 5, 100 %, 76264 MiB
2026/09/28 09:07:11.408, 6, 100 %, 75976 MiB
2026/09/28 09:07:11.408, 7, 100 %, 76264 MiB
2026/09/28 09:07:16.408, 0, 71 %, 76476 MiB
2026/09/28 09:07:16.409, 1, 68 %, 76264 MiB
2026/09/28 09:07:16.410, 2, 66 %, 76264 MiB
2026/09/28 09:07:16.410, 3, 69 %, 76264 MiB
2026/09/28 09:07:16.410, 4, 65 %, 76264 MiB
2026/09/28 09:07:16.411, 5, 61 %, 76264 MiB
2026/09/28 09:07:16.411, 6, 60 %, 75976 MiB
2026/09/28 09:07:16.411, 7, 66 %, 76264 MiB
2026/09/28 09:07:21.412, 0, 100 %, 76476 MiB
2026/09/28 09:07:21.412, 1, 100 %, 76264 MiB
2026/09/28 09:07:21.412, 2, 100 %, 76264 MiB
2026/09/28 09:07:21.412, 3, 100 %, 76264 MiB
2026/09/28 09:07:21.412, 4, 100 %, 76264 MiB
2026/09/28 09:07:21.412, 5, 100 %, 76264 MiB
2026/09/28 09:07:21.412, 6, 100 %, 75976 MiB
2026/09/28 09:07:21.412, 7, 100 %, 76264 MiB
2026/09/28 09:07:26.412, 0, 76 %, 76476 MiB
2026/09/28 09:07:26.412, 1, 80 %, 76264 MiB
2026/09/28 09:07:26.413, 2, 76 %, 76264 MiB
2026/09/28 09:07:26.413, 3, 77 %, 76264 MiB
2026/09/28 09:07:26.413, 4, 77 %, 76264 MiB
2026/09/28 09:07:26.413, 5, 83 %, 76264 MiB
2026/09/28 09:07:26.413, 6, 71 %, 75976 MiB
2026/09/28 09:07:26.413, 7, 79 %, 76264 MiB
2026/09/28 09:07:31.414, 0, 57 %, 76478 MiB
2026/09/28 09:07:31.414, 1, 67 %, 76266 MiB
2026/09/28 09:07:31.414, 2, 68 %, 76266 MiB
2026/09/28 09:07:31.414, 3, 62 %, 76266 MiB
2026/09/28 09:07:31.414, 4, 85 %, 76266 MiB
2026/09/28 09:07:31.414, 5, 72 %, 76266 MiB
2026/09/28 09:07:31.414, 6, 65 %, 75978 MiB
2026/09/28 09:07:31.414, 7, 67 %, 76266 MiB
2026/09/28 09:07:36.414, 0, 100 %, 76478 MiB
2026/09/28 09:07:36.414, 1, 100 %, 76266 MiB
2026/09/28 09:07:36.414, 2, 100 %, 76266 MiB
2026/09/28 09:07:36.414, 3, 100 %, 76266 MiB
2026/09/28 09:07:36.414, 4, 99 %, 76266 MiB
2026/09/28 09:07:36.414, 5, 99 %, 76266 MiB
2026/09/28 09:07:36.414, 6, 99 %, 75978 MiB
2026/09/28 09:07:36.414, 7, 99 %, 76266 MiB
2026/09/28 09:07:41.415, 0, 100 %, 76478 MiB
2026/09/28 09:07:41.415, 1, 100 %, 76266 MiB
2026/09/28 09:07:41.420, 2, 100 %, 76266 MiB
2026/09/28 09:07:41.420, 3, 100 %, 76266 MiB
2026/09/28 09:07:41.420, 4, 100 %, 76266 MiB
2026/09/28 09:07:41.420, 5, 100 %, 76266 MiB
2026/09/28 09:07:41.420, 6, 100 %, 75978 MiB
2026/09/28 09:07:41.420, 7, 100 %, 76266 MiB
2026/09/28 09:07:46.420, 0, 73 %, 76478 MiB
2026/09/28 09:07:46.420, 1, 79 %, 76266 MiB
2026/09/28 09:07:46.423, 2, 76 %, 76266 MiB
2026/09/28 09:07:46.423, 3, 87 %, 76266 MiB
2026/09/28 09:07:46.423, 4, 90 %, 76266 MiB
2026/09/28 09:07:46.423, 5, 73 %, 76266 MiB
2026/09/28 09:07:46.423, 6, 73 %, 75978 MiB
2026/09/28 09:07:46.424, 7, 75 %, 76266 MiB
2026/09/28 09:07:51.424, 0, 100 %, 76478 MiB
2026/09/28 09:07:51.424, 1, 77 %, 76266 MiB
2026/09/28 09:07:51.425, 2, 76 %, 76266 MiB
2026/09/28 09:07:51.425, 3, 76 %, 76266 MiB
2026/09/28 09:07:51.425, 4, 72 %, 76266 MiB
2026/09/28 09:07:51.426, 5, 100 %, 76266 MiB
2026/09/28 09:07:51.426, 6, 80 %, 75978 MiB
2026/09/28 09:07:51.426, 7, 94 %, 76266 MiB
2026/09/28 09:07:56.427, 0, 73 %, 76478 MiB
2026/09/28 09:07:56.427, 1, 74 %, 76266 MiB
2026/09/28 09:07:56.429, 2, 99 %, 76266 MiB
2026/09/28 09:07:56.430, 3, 93 %, 76266 MiB
2026/09/28 09:07:56.430, 4, 83 %, 76266 MiB
2026/09/28 09:07:56.430, 5, 77 %, 76266 MiB
2026/09/28 09:07:56.430, 6, 87 %, 75978 MiB
2026/09/28 09:07:56.430, 7, 72 %, 76266 MiB
2026/09/28 09:08:01.431, 0, 100 %, 76478 MiB
2026/09/28 09:08:01.431, 1, 100 %, 76266 MiB
2026/09/28 09:08:01.431, 2, 100 %, 76266 MiB
2026/09/28 09:08:01.431, 3, 100 %, 76266 MiB
2026/09/28 09:08:01.431, 4, 100 %, 76266 MiB
2026/09/28 09:08:01.431, 5, 100 %, 76266 MiB
2026/09/28 09:08:01.431, 6, 100 %, 75978 MiB
2026/09/28 09:08:01.431, 7, 100 %, 76266 MiB
2026/09/28 09:08:06.431, 0, 100 %, 76478 MiB
2026/09/28 09:08:06.434, 1, 100 %, 76266 MiB
2026/09/28 09:08:06.439, 2, 100 %, 76266 MiB
2026/09/28 09:08:06.439, 3, 100 %, 76266 MiB
2026/09/28 09:08:06.439, 4, 100 %, 76266 MiB
2026/09/28 09:08:06.439, 5, 100 %, 76266 MiB
2026/09/28 09:08:06.439, 6, 100 %, 75978 MiB
2026/09/28 09:08:06.439, 7, 100 %, 76266 MiB
2026/09/28 09:08:11.439, 0, 99 %, 76478 MiB
2026/09/28 09:08:11.440, 1, 99 %, 76266 MiB
2026/09/28 09:08:11.440, 2, 100 %, 76266 MiB
2026/09/28 09:08:11.440, 3, 99 %, 76266 MiB
2026/09/28 09:08:11.440, 4, 97 %, 76266 MiB
2026/09/28 09:08:11.440, 5, 99 %, 76266 MiB
2026/09/28 09:08:11.440, 6, 99 %, 75978 MiB
2026/09/28 09:08:11.440, 7, 99 %, 76266 MiB
2026/09/28 09:08:16.441, 0, 100 %, 76478 MiB
2026/09/28 09:08:16.441, 1, 100 %, 76266 MiB
2026/09/28 09:08:16.447, 2, 100 %, 76266 MiB
2026/09/28 09:08:16.451, 3, 100 %, 76266 MiB
2026/09/28 09:08:16.456, 4, 100 %, 76266 MiB
2026/09/28 09:08:16.456, 5, 100 %, 76266 MiB
2026/09/28 09:08:16.456, 6, 100 %, 75978 MiB
2026/09/28 09:08:16.456, 7, 100 %, 76266 MiB
2026/09/28 09:08:21.456, 0, 80 %, 76478 MiB
2026/09/28 09:08:21.456, 1, 84 %, 76266 MiB
2026/09/28 09:08:21.456, 2, 76 %, 76266 MiB
2026/09/28 09:08:21.456, 3, 69 %, 76266 MiB
2026/09/28 09:08:21.456, 4, 65 %, 76266 MiB
2026/09/28 09:08:21.456, 5, 72 %, 76266 MiB
2026/09/28 09:08:21.456, 6, 67 %, 75978 MiB
2026/09/28 09:08:21.456, 7, 86 %, 76266 MiB
2026/09/28 09:08:26.457, 0, 96 %, 76478 MiB
2026/09/28 09:08:26.457, 1, 96 %, 76266 MiB
2026/09/28 09:08:26.458, 2, 96 %, 76266 MiB
2026/09/28 09:08:26.459, 3, 94 %, 76266 MiB
2026/09/28 09:08:26.459, 4, 94 %, 76266 MiB
2026/09/28 09:08:26.459, 5, 95 %, 76266 MiB
2026/09/28 09:08:26.459, 6, 94 %, 75978 MiB
2026/09/28 09:08:26.459, 7, 97 %, 76266 MiB
2026/09/28 09:08:31.460, 0, 100 %, 76478 MiB
2026/09/28 09:08:31.460, 1, 100 %, 76266 MiB
2026/09/28 09:08:31.462, 2, 100 %, 76266 MiB
2026/09/28 09:08:31.463, 3, 100 %, 76266 MiB
2026/09/28 09:08:31.463, 4, 100 %, 76266 MiB
2026/09/28 09:08:31.463, 5, 100 %, 76266 MiB
2026/09/28 09:08:31.464, 6, 100 %, 75978 MiB
2026/09/28 09:08:31.465, 7, 100 %, 76266 MiB
2026/09/28 09:08:36.467, 0, 86 %, 76478 MiB
2026/09/28 09:08:36.467, 1, 100 %, 76266 MiB
2026/09/28 09:08:36.468, 2, 100 %, 76266 MiB
2026/09/28 09:08:36.469, 3, 100 %, 76266 MiB
2026/09/28 09:08:36.469, 4, 100 %, 76266 MiB
2026/09/28 09:08:36.471, 5, 100 %, 76266 MiB
2026/09/28 09:08:36.471, 6, 96 %, 75978 MiB
2026/09/28 09:08:36.472, 7, 100 %, 76266 MiB
2026/09/28 09:08:41.473, 0, 69 %, 76478 MiB
2026/09/28 09:08:41.473, 1, 75 %, 76266 MiB
2026/09/28 09:08:41.474, 2, 74 %, 76266 MiB
2026/09/28 09:08:41.549, 3, 87 %, 76266 MiB
2026/09/28 09:08:41.550, 4, 89 %, 76266 MiB
2026/09/28 09:08:41.557, 5, 97 %, 76266 MiB
2026/09/28 09:08:41.558, 6, 94 %, 75978 MiB
2026/09/28 09:08:41.559, 7, 100 %, 76266 MiB
2026/09/28 09:08:46.560, 0, 100 %, 76478 MiB
2026/09/28 09:08:47.850, 1, 100 %, 76266 MiB
2026/09/28 09:08:47.855, 2, 100 %, 76266 MiB
2026/09/28 09:08:47.861, 3, 100 %, 76266 MiB
2026/09/28 09:08:47.865, 4, 100 %, 76266 MiB
2026/09/28 09:08:47.948, 5, 100 %, 76266 MiB
2026/09/28 09:08:47.953, 6, 100 %, 75978 MiB
2026/09/28 09:08:47.958, 7, 100 %, 76266 MiB
2026/09/28 09:08:52.962, 0, 100 %, 76478 MiB
2026/09/28 09:08:52.962, 1, 100 %, 76266 MiB
2026/09/28 09:08:52.964, 2, 100 %, 76266 MiB
2026/09/28 09:08:52.964, 3, 100 %, 76266 MiB
2026/09/28 09:08:52.965, 4, 100 %, 76266 MiB
2026/09/28 09:08:52.967, 5, 100 %, 76266 MiB
2026/09/28 09:08:52.968, 6, 100 %, 75978 MiB
2026/09/28 09:08:52.968, 7, 100 %, 76266 MiB
2026/09/28 09:08:57.969, 0, 100 %, 76478 MiB
2026/09/28 09:08:57.969, 1, 100 %, 76266 MiB
2026/09/28 09:08:57.969, 2, 100 %, 76266 MiB
2026/09/28 09:08:57.969, 3, 100 %, 76266 MiB
2026/09/28 09:08:57.969, 4, 100 %, 76266 MiB
2026/09/28 09:08:57.969, 5, 100 %, 76266 MiB
2026/09/28 09:08:57.969, 6, 100 %, 75978 MiB
2026/09/28 09:08:57.969, 7, 100 %, 76266 MiB
2026/09/28 09:09:02.969, 0, 100 %, 76478 MiB
2026/09/28 09:09:02.969, 1, 100 %, 76266 MiB
2026/09/28 09:09:02.969, 2, 100 %, 76266 MiB
2026/09/28 09:09:02.969, 3, 100 %, 76266 MiB
2026/09/28 09:09:02.969, 4, 100 %, 76266 MiB
2026/09/28 09:09:02.969, 5, 100 %, 76266 MiB
2026/09/28 09:09:02.969, 6, 100 %, 75978 MiB
2026/09/28 09:09:02.969, 7, 100 %, 76266 MiB
2026/09/28 09:09:07.970, 0, 100 %, 76478 MiB
2026/09/28 09:09:07.970, 1, 100 %, 76266 MiB
2026/09/28 09:09:07.970, 2, 100 %, 76266 MiB
2026/09/28 09:09:07.970, 3, 100 %, 76266 MiB
2026/09/28 09:09:07.970, 4, 96 %, 76266 MiB
2026/09/28 09:09:07.970, 5, 100 %, 76266 MiB
2026/09/28 09:09:07.970, 6, 100 %, 75978 MiB
2026/09/28 09:09:07.970, 7, 100 %, 76266 MiB
2026/09/28 09:09:12.970, 0, 92 %, 76478 MiB
2026/09/28 09:09:12.970, 1, 97 %, 76266 MiB
2026/09/28 09:09:12.970, 2, 93 %, 76266 MiB
2026/09/28 09:09:12.970, 3, 76 %, 76266 MiB
2026/09/28 09:09:12.970, 4, 100 %, 76266 MiB
2026/09/28 09:09:12.970, 5, 88 %, 76266 MiB
2026/09/28 09:09:12.970, 6, 84 %, 75978 MiB
2026/09/28 09:09:12.970, 7, 70 %, 76266 MiB
2026/09/28 09:09:17.971, 0, 100 %, 76478 MiB
2026/09/28 09:09:17.972, 1, 100 %, 76266 MiB
2026/09/28 09:09:17.972, 2, 100 %, 76266 MiB
2026/09/28 09:09:17.973, 3, 100 %, 76266 MiB
2026/09/28 09:09:17.973, 4, 100 %, 76266 MiB
2026/09/28 09:09:17.974, 5, 100 %, 76266 MiB
2026/09/28 09:09:17.975, 6, 100 %, 75978 MiB
2026/09/28 09:09:17.975, 7, 100 %, 76266 MiB
2026/09/28 09:09:22.975, 0, 99 %, 76478 MiB
2026/09/28 09:09:22.975, 1, 99 %, 76266 MiB
2026/09/28 09:09:22.976, 2, 100 %, 76266 MiB
2026/09/28 09:09:22.976, 3, 100 %, 76266 MiB
2026/09/28 09:09:22.976, 4, 100 %, 76266 MiB
2026/09/28 09:09:22.976, 5, 99 %, 76266 MiB
2026/09/28 09:09:22.977, 6, 100 %, 75978 MiB
2026/09/28 09:09:22.977, 7, 99 %, 76266 MiB
2026/09/28 09:09:27.978, 0, 100 %, 76478 MiB
2026/09/28 09:09:27.978, 1, 100 %, 76266 MiB
2026/09/28 09:09:27.978, 2, 100 %, 76266 MiB
2026/09/28 09:09:27.978, 3, 100 %, 76266 MiB
2026/09/28 09:09:27.978, 4, 100 %, 76266 MiB
2026/09/28 09:09:27.978, 5, 100 %, 76266 MiB
2026/09/28 09:09:27.978, 6, 100 %, 75978 MiB
2026/09/28 09:09:27.978, 7, 100 %, 76266 MiB
2026/09/28 09:09:32.978, 0, 100 %, 76478 MiB
2026/09/28 09:09:32.978, 1, 98 %, 76266 MiB
2026/09/28 09:09:32.978, 2, 98 %, 76266 MiB
2026/09/28 09:09:32.978, 3, 98 %, 76266 MiB
2026/09/28 09:09:32.978, 4, 100 %, 76266 MiB
2026/09/28 09:09:32.978, 5, 98 %, 76266 MiB
2026/09/28 09:09:32.978, 6, 100 %, 75978 MiB
2026/09/28 09:09:32.978, 7, 97 %, 76266 MiB
2026/09/28 09:09:37.979, 0, 100 %, 76478 MiB
2026/09/28 09:09:37.979, 1, 100 %, 76266 MiB
2026/09/28 09:09:37.979, 2, 100 %, 76266 MiB
2026/09/28 09:09:37.979, 3, 100 %, 76266 MiB
2026/09/28 09:09:37.979, 4, 90 %, 76266 MiB
2026/09/28 09:09:37.979, 5, 100 %, 76266 MiB
2026/09/28 09:09:37.979, 6, 96 %, 75978 MiB
2026/09/28 09:09:37.979, 7, 100 %, 76266 MiB
2026/09/28 09:09:42.979, 0, 100 %, 76478 MiB
2026/09/28 09:09:42.979, 1, 100 %, 76266 MiB
2026/09/28 09:09:42.979, 2, 100 %, 76266 MiB
2026/09/28 09:09:42.979, 3, 100 %, 76266 MiB
2026/09/28 09:09:42.979, 4, 100 %, 76266 MiB
2026/09/28 09:09:42.979, 5, 98 %, 76266 MiB
2026/09/28 09:09:42.979, 6, 100 %, 75978 MiB
2026/09/28 09:09:42.979, 7, 100 %, 76266 MiB
2026/09/28 09:09:47.980, 0, 96 %, 76478 MiB
2026/09/28 09:09:47.980, 1, 95 %, 76266 MiB
2026/09/28 09:09:47.980, 2, 96 %, 76266 MiB
2026/09/28 09:09:47.980, 3, 98 %, 76266 MiB
2026/09/28 09:09:47.980, 4, 98 %, 76266 MiB
2026/09/28 09:09:47.980, 5, 98 %, 76266 MiB
2026/09/28 09:09:47.980, 6, 98 %, 75978 MiB
2026/09/28 09:09:47.980, 7, 98 %, 76266 MiB
2026/09/28 09:09:52.980, 0, 97 %, 76480 MiB
2026/09/28 09:09:52.982, 1, 93 %, 76268 MiB
2026/09/28 09:09:52.982, 2, 97 %, 76268 MiB
2026/09/28 09:09:52.983, 3, 100 %, 76268 MiB
2026/09/28 09:09:52.984, 4, 100 %, 76268 MiB
2026/09/28 09:09:52.985, 5, 100 %, 76268 MiB
2026/09/28 09:09:52.986, 6, 94 %, 75980 MiB
2026/09/28 09:09:52.988, 7, 97 %, 76268 MiB
2026/09/28 09:09:57.988, 0, 75 %, 76480 MiB
2026/09/28 09:09:57.989, 1, 72 %, 76268 MiB
2026/09/28 09:09:57.989, 2, 73 %, 76268 MiB
2026/09/28 09:09:57.989, 3, 71 %, 76268 MiB
2026/09/28 09:09:57.989, 4, 71 %, 76268 MiB
2026/09/28 09:09:57.990, 5, 74 %, 76268 MiB
2026/09/28 09:09:57.990, 6, 80 %, 75980 MiB
2026/09/28 09:09:57.990, 7, 69 %, 76268 MiB
2026/09/28 09:10:02.990, 0, 99 %, 76480 MiB
2026/09/28 09:10:02.991, 1, 100 %, 76268 MiB
2026/09/28 09:10:02.991, 2, 100 %, 76268 MiB
2026/09/28 09:10:02.991, 3, 100 %, 76268 MiB
2026/09/28 09:10:02.991, 4, 100 %, 76268 MiB
2026/09/28 09:10:02.992, 5, 100 %, 76268 MiB
2026/09/28 09:10:03.382, 6, 100 %, 75980 MiB
2026/09/28 09:10:03.383, 7, 99 %, 76268 MiB
2026/09/28 09:10:08.386, 0, 93 %, 76480 MiB
2026/09/28 09:10:08.465, 1, 100 %, 76268 MiB
2026/09/28 09:10:08.466, 2, 100 %, 76268 MiB
2026/09/28 09:10:08.467, 3, 100 %, 76268 MiB
2026/09/28 09:10:08.468, 4, 100 %, 76268 MiB
2026/09/28 09:10:08.468, 5, 100 %, 76268 MiB
2026/09/28 09:10:08.470, 6, 100 %, 75980 MiB
2026/09/28 09:10:08.470, 7, 100 %, 76268 MiB
2026/09/28 09:10:13.471, 0, 100 %, 76480 MiB
2026/09/28 09:10:13.471, 1, 100 %, 76268 MiB
2026/09/28 09:10:13.472, 2, 74 %, 76268 MiB
2026/09/28 09:10:13.474, 3, 90 %, 76268 MiB
2026/09/28 09:10:13.476, 4, 94 %, 76268 MiB
2026/09/28 09:10:13.482, 5, 99 %, 76268 MiB
2026/09/28 09:10:13.483, 6, 98 %, 75980 MiB
2026/09/28 09:10:13.483, 7, 99 %, 76268 MiB
2026/09/28 09:10:18.485, 0, 100 %, 76480 MiB
2026/09/28 09:10:18.485, 1, 100 %, 76268 MiB
2026/09/28 09:10:18.485, 2, 100 %, 76268 MiB
2026/09/28 09:10:18.485, 3, 93 %, 76268 MiB
2026/09/28 09:10:18.485, 4, 90 %, 76268 MiB
2026/09/28 09:10:18.485, 5, 87 %, 76268 MiB
2026/09/28 09:10:18.485, 6, 88 %, 75980 MiB
2026/09/28 09:10:18.485, 7, 83 %, 76268 MiB
2026/09/28 09:10:23.486, 0, 84 %, 76480 MiB
2026/09/28 09:10:23.486, 1, 84 %, 76268 MiB
2026/09/28 09:10:23.486, 2, 83 %, 76268 MiB
2026/09/28 09:10:23.486, 3, 72 %, 76268 MiB
2026/09/28 09:10:23.486, 4, 73 %, 76268 MiB
2026/09/28 09:10:23.486, 5, 73 %, 76268 MiB
2026/09/28 09:10:23.486, 6, 87 %, 75980 MiB
2026/09/28 09:10:23.486, 7, 68 %, 76268 MiB
2026/09/28 09:10:28.486, 0, 99 %, 76480 MiB
2026/09/28 09:10:28.486, 1, 99 %, 76268 MiB
2026/09/28 09:10:28.486, 2, 99 %, 76268 MiB
2026/09/28 09:10:28.486, 3, 100 %, 76268 MiB
2026/09/28 09:10:28.486, 4, 99 %, 76268 MiB
2026/09/28 09:10:28.486, 5, 99 %, 76268 MiB
2026/09/28 09:10:28.486, 6, 100 %, 75980 MiB
2026/09/28 09:10:28.486, 7, 99 %, 76268 MiB
2026/09/28 09:10:33.487, 0, 100 %, 76480 MiB
2026/09/28 09:10:33.487, 1, 100 %, 76268 MiB
2026/09/28 09:10:33.487, 2, 100 %, 76268 MiB
2026/09/28 09:10:33.487, 3, 96 %, 76268 MiB
2026/09/28 09:10:33.488, 4, 100 %, 76268 MiB
2026/09/28 09:10:33.488, 5, 100 %, 76268 MiB
2026/09/28 09:10:33.492, 6, 100 %, 75980 MiB
2026/09/28 09:10:33.493, 7, 100 %, 76268 MiB
2026/09/28 09:10:38.495, 0, 77 %, 76480 MiB
2026/09/28 09:10:38.495, 1, 89 %, 76268 MiB
2026/09/28 09:10:38.500, 2, 90 %, 76268 MiB
2026/09/28 09:10:38.502, 3, 98 %, 76268 MiB
2026/09/28 09:10:38.503, 4, 88 %, 76268 MiB
2026/09/28 09:10:38.505, 5, 89 %, 76268 MiB
2026/09/28 09:10:38.506, 6, 89 %, 75980 MiB
2026/09/28 09:10:38.506, 7, 91 %, 76268 MiB
2026/09/28 09:10:43.507, 0, 99 %, 76480 MiB
2026/09/28 09:10:43.507, 1, 98 %, 76268 MiB
2026/09/28 09:10:43.507, 2, 98 %, 76268 MiB
2026/09/28 09:10:43.507, 3, 98 %, 76268 MiB
2026/09/28 09:10:43.507, 4, 98 %, 76268 MiB
2026/09/28 09:10:43.508, 5, 98 %, 76268 MiB
2026/09/28 09:10:43.508, 6, 98 %, 75980 MiB
2026/09/28 09:10:43.508, 7, 98 %, 76268 MiB
2026/09/28 09:10:48.508, 0, 84 %, 76480 MiB
2026/09/28 09:10:48.508, 1, 80 %, 76268 MiB
2026/09/28 09:10:48.511, 2, 83 %, 76268 MiB
2026/09/28 09:10:48.511, 3, 72 %, 76268 MiB
2026/09/28 09:10:48.513, 4, 74 %, 76268 MiB
2026/09/28 09:10:48.513, 5, 81 %, 76268 MiB
2026/09/28 09:10:48.514, 6, 82 %, 75980 MiB
2026/09/28 09:10:48.515, 7, 88 %, 76268 MiB
2026/09/28 09:10:53.520, 0, 79 %, 76480 MiB
2026/09/28 09:10:53.521, 1, 74 %, 76268 MiB
2026/09/28 09:10:53.522, 2, 56 %, 76268 MiB
2026/09/28 09:10:53.522, 3, 74 %, 76268 MiB
2026/09/28 09:10:53.523, 4, 74 %, 76268 MiB
2026/09/28 09:10:53.523, 5, 75 %, 76268 MiB
2026/09/28 09:10:53.524, 6, 63 %, 75980 MiB
2026/09/28 09:10:53.526, 7, 65 %, 76268 MiB
2026/09/28 09:10:58.527, 0, 100 %, 76480 MiB
2026/09/28 09:10:58.549, 1, 66 %, 76268 MiB
2026/09/28 09:10:58.551, 2, 58 %, 76268 MiB
2026/09/28 09:10:58.551, 3, 71 %, 76268 MiB
2026/09/28 09:10:58.552, 4, 72 %, 76268 MiB
2026/09/28 09:10:58.553, 5, 100 %, 76268 MiB
2026/09/28 09:10:58.553, 6, 63 %, 75980 MiB
2026/09/28 09:10:58.554, 7, 65 %, 76268 MiB
2026/09/28 09:11:03.555, 0, 100 %, 76480 MiB
2026/09/28 09:11:03.555, 1, 100 %, 76268 MiB
2026/09/28 09:11:03.555, 2, 100 %, 76268 MiB
2026/09/28 09:11:03.555, 3, 100 %, 76268 MiB
2026/09/28 09:11:03.555, 4, 100 %, 76268 MiB
2026/09/28 09:11:03.556, 5, 100 %, 76268 MiB
2026/09/28 09:11:03.556, 6, 100 %, 75980 MiB
2026/09/28 09:11:03.556, 7, 100 %, 76268 MiB
2026/09/28 09:11:08.558, 0, 69 %, 76480 MiB
2026/09/28 09:11:08.560, 1, 67 %, 76268 MiB
2026/09/28 09:11:08.562, 2, 65 %, 76268 MiB
2026/09/28 09:11:08.564, 3, 63 %, 76268 MiB
2026/09/28 09:11:08.564, 4, 69 %, 76268 MiB
2026/09/28 09:11:08.565, 5, 68 %, 76268 MiB
2026/09/28 09:11:08.565, 6, 54 %, 75980 MiB
2026/09/28 09:11:08.565, 7, 67 %, 76268 MiB
2026/09/28 09:11:13.565, 0, 84 %, 76480 MiB
2026/09/28 09:11:13.565, 1, 82 %, 76268 MiB
2026/09/28 09:11:13.565, 2, 83 %, 76268 MiB
2026/09/28 09:11:13.565, 3, 100 %, 76268 MiB
2026/09/28 09:11:13.566, 4, 78 %, 76268 MiB
2026/09/28 09:11:13.566, 5, 83 %, 76268 MiB
2026/09/28 09:11:13.566, 6, 82 %, 75980 MiB
2026/09/28 09:11:13.566, 7, 100 %, 76268 MiB
2026/09/28 09:11:18.566, 0, 78 %, 76480 MiB
2026/09/28 09:11:18.566, 1, 78 %, 76268 MiB
2026/09/28 09:11:18.566, 2, 74 %, 76268 MiB
2026/09/28 09:11:18.566, 3, 89 %, 76268 MiB
2026/09/28 09:11:18.566, 4, 84 %, 76268 MiB
2026/09/28 09:11:18.566, 5, 77 %, 76268 MiB
2026/09/28 09:11:18.566, 6, 79 %, 75980 MiB
2026/09/28 09:11:18.567, 7, 77 %, 76268 MiB
2026/09/28 09:11:23.567, 0, 100 %, 76480 MiB
2026/09/28 09:11:23.567, 1, 100 %, 76268 MiB
2026/09/28 09:11:23.567, 2, 100 %, 76268 MiB
2026/09/28 09:11:23.567, 3, 100 %, 76268 MiB
2026/09/28 09:11:23.567, 4, 100 %, 76268 MiB
2026/09/28 09:11:23.567, 5, 100 %, 76268 MiB
2026/09/28 09:11:23.567, 6, 100 %, 75980 MiB
2026/09/28 09:11:23.567, 7, 100 %, 76268 MiB
2026/09/28 09:11:28.568, 0, 100 %, 76480 MiB
2026/09/28 09:11:28.568, 1, 100 %, 76268 MiB
2026/09/28 09:11:28.568, 2, 98 %, 76268 MiB
2026/09/28 09:11:28.568, 3, 98 %, 76268 MiB
2026/09/28 09:11:28.568, 4, 100 %, 76268 MiB
2026/09/28 09:11:28.568, 5, 100 %, 76268 MiB
2026/09/28 09:11:28.568, 6, 98 %, 75980 MiB
2026/09/28 09:11:28.568, 7, 99 %, 76268 MiB
2026/09/28 09:11:33.568, 0, 73 %, 76480 MiB
2026/09/28 09:11:33.568, 1, 71 %, 76268 MiB
2026/09/28 09:11:33.568, 2, 100 %, 76268 MiB
2026/09/28 09:11:33.568, 3, 83 %, 76268 MiB
2026/09/28 09:11:33.569, 4, 73 %, 76268 MiB
2026/09/28 09:11:33.569, 5, 75 %, 76268 MiB
2026/09/28 09:11:33.569, 6, 100 %, 75980 MiB
2026/09/28 09:11:33.569, 7, 68 %, 76268 MiB
2026/09/28 09:11:38.569, 0, 100 %, 76480 MiB
2026/09/28 09:11:38.571, 1, 100 %, 76268 MiB
2026/09/28 09:11:38.571, 2, 100 %, 76268 MiB
2026/09/28 09:11:38.575, 3, 100 %, 76268 MiB
2026/09/28 09:11:38.580, 4, 99 %, 76268 MiB
2026/09/28 09:11:38.581, 5, 100 %, 76268 MiB
2026/09/28 09:11:38.586, 6, 99 %, 75980 MiB
2026/09/28 09:11:38.587, 7, 100 %, 76268 MiB
2026/09/28 09:11:43.592, 0, 100 %, 76480 MiB
2026/09/28 09:11:43.593, 1, 100 %, 76268 MiB
2026/09/28 09:11:43.593, 2, 100 %, 76268 MiB
2026/09/28 09:11:43.593, 3, 100 %, 76268 MiB
2026/09/28 09:11:43.593, 4, 100 %, 76268 MiB
2026/09/28 09:11:43.593, 5, 100 %, 76268 MiB
2026/09/28 09:11:43.593, 6, 100 %, 75980 MiB
2026/09/28 09:11:43.593, 7, 100 %, 76268 MiB
2026/09/28 09:11:48.593, 0, 95 %, 76480 MiB
2026/09/28 09:11:48.594, 1, 100 %, 76268 MiB
2026/09/28 09:11:48.594, 2, 94 %, 76268 MiB
2026/09/28 09:11:48.594, 3, 93 %, 76268 MiB
2026/09/28 09:11:48.595, 4, 93 %, 76268 MiB
2026/09/28 09:11:48.595, 5, 95 %, 76268 MiB
2026/09/28 09:11:48.595, 6, 95 %, 75980 MiB
2026/09/28 09:11:48.598, 7, 95 %, 76268 MiB
2026/09/28 09:11:53.599, 0, 100 %, 76482 MiB
2026/09/28 09:11:53.599, 1, 100 %, 76270 MiB
2026/09/28 09:11:53.599, 2, 100 %, 76270 MiB
2026/09/28 09:11:53.602, 3, 100 %, 76270 MiB
2026/09/28 09:11:53.607, 4, 100 %, 76270 MiB
2026/09/28 09:11:53.609, 5, 100 %, 76270 MiB
2026/09/28 09:11:53.609, 6, 100 %, 75982 MiB
2026/09/28 09:11:53.614, 7, 100 %, 76270 MiB
2026/09/28 09:11:58.614, 0, 80 %, 76482 MiB
2026/09/28 09:11:58.615, 1, 85 %, 76270 MiB
2026/09/28 09:11:58.615, 2, 100 %, 76270 MiB
2026/09/28 09:11:58.617, 3, 88 %, 76270 MiB
2026/09/28 09:11:58.617, 4, 88 %, 76270 MiB
2026/09/28 09:11:58.617, 5, 81 %, 76270 MiB
2026/09/28 09:11:58.617, 6, 80 %, 75982 MiB
2026/09/28 09:11:58.617, 7, 77 %, 76270 MiB
2026/09/28 09:12:03.617, 0, 74 %, 76482 MiB
2026/09/28 09:12:03.617, 1, 98 %, 76270 MiB
2026/09/28 09:12:03.618, 2, 98 %, 76270 MiB
2026/09/28 09:12:03.618, 3, 96 %, 76270 MiB
2026/09/28 09:12:03.619, 4, 76 %, 76270 MiB
2026/09/28 09:12:03.619, 5, 98 %, 76270 MiB
2026/09/28 09:12:03.620, 6, 98 %, 75982 MiB
2026/09/28 09:12:03.620, 7, 78 %, 76270 MiB
2026/09/28 09:12:08.621, 0, 100 %, 76482 MiB
2026/09/28 09:12:08.621, 1, 99 %, 76270 MiB
2026/09/28 09:12:08.621, 2, 100 %, 76270 MiB
2026/09/28 09:12:08.622, 3, 100 %, 76270 MiB
2026/09/28 09:12:08.622, 4, 98 %, 76270 MiB
2026/09/28 09:12:08.623, 5, 99 %, 76270 MiB
2026/09/28 09:12:08.623, 6, 100 %, 75982 MiB
2026/09/28 09:12:08.623, 7, 100 %, 76270 MiB
2026/09/28 09:12:13.624, 0, 100 %, 76482 MiB
2026/09/28 09:12:13.626, 1, 100 %, 76270 MiB
2026/09/28 09:12:13.628, 2, 98 %, 76270 MiB
2026/09/28 09:12:13.628, 3, 98 %, 76270 MiB
2026/09/28 09:12:13.628, 4, 98 %, 76270 MiB
2026/09/28 09:12:13.629, 5, 100 %, 76270 MiB
2026/09/28 09:12:13.629, 6, 98 %, 75982 MiB
2026/09/28 09:12:13.630, 7, 100 %, 76270 MiB
2026/09/28 09:12:18.631, 0, 100 %, 76482 MiB
2026/09/28 09:12:18.631, 1, 100 %, 76270 MiB
2026/09/28 09:12:18.631, 2, 100 %, 76270 MiB
2026/09/28 09:12:18.632, 3, 99 %, 76270 MiB
2026/09/28 09:12:18.632, 4, 100 %, 76270 MiB
2026/09/28 09:12:18.633, 5, 99 %, 76270 MiB
2026/09/28 09:12:18.633, 6, 100 %, 75982 MiB
2026/09/28 09:12:18.633, 7, 100 %, 76270 MiB
2026/09/28 09:12:23.634, 0, 100 %, 76482 MiB
2026/09/28 09:12:23.634, 1, 100 %, 76270 MiB
2026/09/28 09:12:23.636, 2, 100 %, 76270 MiB
2026/09/28 09:12:23.636, 3, 100 %, 76270 MiB
2026/09/28 09:12:23.637, 4, 100 %, 76270 MiB
2026/09/28 09:12:23.637, 5, 100 %, 76270 MiB
2026/09/28 09:12:23.638, 6, 100 %, 75982 MiB
2026/09/28 09:12:23.638, 7, 100 %, 76270 MiB
2026/09/28 09:12:28.639, 0, 76 %, 76482 MiB
2026/09/28 09:12:28.639, 1, 75 %, 76270 MiB
2026/09/28 09:12:28.639, 2, 78 %, 76270 MiB
2026/09/28 09:12:28.639, 3, 79 %, 76270 MiB
2026/09/28 09:12:28.639, 4, 77 %, 76270 MiB
2026/09/28 09:12:28.639, 5, 78 %, 76270 MiB
2026/09/28 09:12:28.639, 6, 78 %, 75982 MiB
2026/09/28 09:12:28.640, 7, 79 %, 76270 MiB
2026/09/28 09:12:33.640, 0, 64 %, 76482 MiB
2026/09/28 09:12:33.640, 1, 65 %, 76270 MiB
2026/09/28 09:12:33.640, 2, 68 %, 76270 MiB
2026/09/28 09:12:33.640, 3, 68 %, 76270 MiB
2026/09/28 09:12:33.640, 4, 66 %, 76270 MiB
2026/09/28 09:12:33.640, 5, 67 %, 76270 MiB
2026/09/28 09:12:33.640, 6, 70 %, 75982 MiB
2026/09/28 09:12:33.640, 7, 75 %, 76270 MiB
2026/09/28 09:12:38.640, 0, 100 %, 76482 MiB
2026/09/28 09:12:38.641, 1, 100 %, 76270 MiB
2026/09/28 09:12:38.642, 2, 100 %, 76270 MiB
2026/09/28 09:12:38.643, 3, 100 %, 76270 MiB
2026/09/28 09:12:38.644, 4, 100 %, 76270 MiB
2026/09/28 09:12:38.645, 5, 100 %, 76270 MiB
2026/09/28 09:12:38.646, 6, 100 %, 75982 MiB
2026/09/28 09:12:38.646, 7, 100 %, 76270 MiB
2026/09/28 09:12:43.648, 0, 78 %, 76482 MiB
2026/09/28 09:12:43.648, 1, 100 %, 76270 MiB
2026/09/28 09:12:43.651, 2, 100 %, 76270 MiB
2026/09/28 09:12:43.653, 3, 100 %, 76270 MiB
2026/09/28 09:12:43.655, 4, 80 %, 76270 MiB
2026/09/28 09:12:43.655, 5, 78 %, 76270 MiB
2026/09/28 09:12:43.655, 6, 99 %, 75982 MiB
2026/09/28 09:12:43.656, 7, 83 %, 76270 MiB
2026/09/28 09:12:48.658, 0, 100 %, 76482 MiB
2026/09/28 09:12:48.658, 1, 100 %, 76270 MiB
2026/09/28 09:12:48.659, 2, 100 %, 76270 MiB
2026/09/28 09:12:48.659, 3, 100 %, 76270 MiB
2026/09/28 09:12:48.659, 4, 100 %, 76270 MiB
2026/09/28 09:12:48.659, 5, 100 %, 76270 MiB
2026/09/28 09:12:48.659, 6, 100 %, 75982 MiB
2026/09/28 09:12:48.659, 7, 100 %, 76270 MiB
2026/09/28 09:12:53.659, 0, 100 %, 76484 MiB
2026/09/28 09:12:53.660, 1, 100 %, 76272 MiB
2026/09/28 09:12:53.662, 2, 100 %, 76272 MiB
2026/09/28 09:12:53.663, 3, 100 %, 76272 MiB
2026/09/28 09:12:53.663, 4, 100 %, 76272 MiB
2026/09/28 09:12:53.664, 5, 100 %, 76272 MiB
2026/09/28 09:12:53.664, 6, 100 %, 75984 MiB
2026/09/28 09:12:53.665, 7, 100 %, 76272 MiB
2026/09/28 09:12:58.666, 0, 100 %, 76484 MiB
2026/09/28 09:12:59.051, 1, 91 %, 76272 MiB
2026/09/28 09:12:59.052, 2, 98 %, 76272 MiB
2026/09/28 09:12:59.056, 3, 96 %, 76272 MiB
2026/09/28 09:12:59.059, 4, 100 %, 76272 MiB
2026/09/28 09:12:59.079, 5, 98 %, 76272 MiB
2026/09/28 09:12:59.084, 6, 99 %, 75984 MiB
2026/09/28 09:12:59.084, 7, 98 %, 76272 MiB
2026/09/28 09:13:04.086, 0, 100 %, 76484 MiB
2026/09/28 09:13:04.087, 1, 100 %, 76272 MiB
2026/09/28 09:13:04.088, 2, 100 %, 76272 MiB
2026/09/28 09:13:04.088, 3, 100 %, 76272 MiB
2026/09/28 09:13:04.089, 4, 100 %, 76272 MiB
2026/09/28 09:13:04.089, 5, 100 %, 76272 MiB
2026/09/28 09:13:04.090, 6, 100 %, 75984 MiB
2026/09/28 09:13:04.090, 7, 100 %, 76272 MiB
2026/09/28 09:13:09.091, 0, 100 %, 76484 MiB
2026/09/28 09:13:09.091, 1, 100 %, 76272 MiB
2026/09/28 09:13:09.091, 2, 100 %, 76272 MiB
2026/09/28 09:13:09.091, 3, 100 %, 76272 MiB
2026/09/28 09:13:09.091, 4, 100 %, 76272 MiB
2026/09/28 09:13:09.091, 5, 100 %, 76272 MiB
2026/09/28 09:13:09.091, 6, 100 %, 75984 MiB
2026/09/28 09:13:09.092, 7, 100 %, 76272 MiB
2026/09/28 09:13:14.092, 0, 100 %, 76484 MiB
2026/09/28 09:13:14.092, 1, 100 %, 76272 MiB
2026/09/28 09:13:14.092, 2, 100 %, 76272 MiB
2026/09/28 09:13:14.092, 3, 100 %, 76272 MiB
2026/09/28 09:13:14.092, 4, 100 %, 76272 MiB
2026/09/28 09:13:14.092, 5, 100 %, 76272 MiB
2026/09/28 09:13:14.092, 6, 100 %, 75984 MiB
2026/09/28 09:13:14.092, 7, 100 %, 76272 MiB
2026/09/28 09:13:19.093, 0, 100 %, 76484 MiB
2026/09/28 09:13:19.093, 1, 100 %, 76272 MiB
2026/09/28 09:13:19.093, 2, 100 %, 76272 MiB
2026/09/28 09:13:19.093, 3, 100 %, 76272 MiB
2026/09/28 09:13:19.093, 4, 100 %, 76272 MiB
2026/09/28 09:13:19.093, 5, 100 %, 76272 MiB
2026/09/28 09:13:19.093, 6, 100 %, 75984 MiB
2026/09/28 09:13:19.093, 7, 100 %, 76272 MiB
2026/09/28 09:13:24.093, 0, 100 %, 76484 MiB
2026/09/28 09:13:24.093, 1, 100 %, 76272 MiB
2026/09/28 09:13:24.093, 2, 100 %, 76272 MiB
2026/09/28 09:13:24.093, 3, 94 %, 76272 MiB
2026/09/28 09:13:24.094, 4, 100 %, 76272 MiB
2026/09/28 09:13:24.094, 5, 96 %, 76272 MiB
2026/09/28 09:13:24.094, 6, 98 %, 75984 MiB
2026/09/28 09:13:24.094, 7, 100 %, 76272 MiB
2026/09/28 09:13:29.094, 0, 100 %, 76484 MiB
2026/09/28 09:13:29.094, 1, 100 %, 76272 MiB
2026/09/28 09:13:29.095, 2, 100 %, 76272 MiB
2026/09/28 09:13:29.096, 3, 76 %, 76272 MiB
2026/09/28 09:13:29.097, 4, 100 %, 76272 MiB
2026/09/28 09:13:29.098, 5, 79 %, 76272 MiB
2026/09/28 09:13:29.099, 6, 78 %, 75984 MiB
2026/09/28 09:13:29.100, 7, 83 %, 76272 MiB
2026/09/28 09:13:34.101, 0, 100 %, 76484 MiB
2026/09/28 09:13:34.102, 1, 100 %, 76272 MiB
2026/09/28 09:13:34.102, 2, 99 %, 76272 MiB
2026/09/28 09:13:34.102, 3, 100 %, 76272 MiB
2026/09/28 09:13:34.102, 4, 99 %, 76272 MiB
2026/09/28 09:13:34.102, 5, 99 %, 76272 MiB
2026/09/28 09:13:34.102, 6, 99 %, 75984 MiB
2026/09/28 09:13:34.102, 7, 99 %, 76272 MiB
2026/09/28 09:13:39.102, 0, 99 %, 76484 MiB
2026/09/28 09:13:39.102, 1, 99 %, 76272 MiB
2026/09/28 09:13:39.103, 2, 99 %, 76272 MiB
2026/09/28 09:13:39.104, 3, 99 %, 76272 MiB
2026/09/28 09:13:39.104, 4, 99 %, 76272 MiB
2026/09/28 09:13:39.105, 5, 99 %, 76272 MiB
2026/09/28 09:13:39.105, 6, 99 %, 75984 MiB
2026/09/28 09:13:39.105, 7, 99 %, 76272 MiB
2026/09/28 09:13:44.106, 0, 95 %, 76484 MiB
2026/09/28 09:13:44.106, 1, 63 %, 76272 MiB
2026/09/28 09:13:44.106, 2, 90 %, 76272 MiB
2026/09/28 09:13:44.106, 3, 95 %, 76272 MiB
2026/09/28 09:13:44.106, 4, 91 %, 76272 MiB
2026/09/28 09:13:44.106, 5, 70 %, 76272 MiB
2026/09/28 09:13:44.106, 6, 90 %, 75984 MiB
2026/09/28 09:13:44.106, 7, 100 %, 76272 MiB
2026/09/28 09:13:49.106, 0, 93 %, 76484 MiB
2026/09/28 09:13:49.107, 1, 93 %, 76272 MiB
2026/09/28 09:13:49.107, 2, 92 %, 76272 MiB
2026/09/28 09:13:49.108, 3, 93 %, 76272 MiB
2026/09/28 09:13:49.108, 4, 93 %, 76272 MiB
2026/09/28 09:13:49.108, 5, 93 %, 76272 MiB
2026/09/28 09:13:49.109, 6, 93 %, 75984 MiB
2026/09/28 09:13:49.109, 7, 95 %, 76272 MiB
2026/09/28 09:13:54.110, 0, 69 %, 76484 MiB
2026/09/28 09:13:54.110, 1, 75 %, 76272 MiB
2026/09/28 09:13:54.110, 2, 73 %, 76272 MiB
2026/09/28 09:13:54.110, 3, 69 %, 76272 MiB
2026/09/28 09:13:54.110, 4, 71 %, 76272 MiB
2026/09/28 09:13:54.110, 5, 71 %, 76272 MiB
2026/09/28 09:13:54.110, 6, 71 %, 75984 MiB
2026/09/28 09:13:54.110, 7, 94 %, 76272 MiB
2026/09/28 09:13:59.110, 0, 71 %, 76484 MiB
2026/09/28 09:13:59.112, 1, 71 %, 76272 MiB
2026/09/28 09:13:59.112, 2, 68 %, 76272 MiB
2026/09/28 09:13:59.113, 3, 68 %, 76272 MiB
2026/09/28 09:13:59.113, 4, 66 %, 76272 MiB
2026/09/28 09:13:59.115, 5, 67 %, 76272 MiB
2026/09/28 09:13:59.116, 6, 66 %, 75984 MiB
2026/09/28 09:13:59.119, 7, 100 %, 76272 MiB
2026/09/28 09:14:04.122, 0, 100 %, 76484 MiB
2026/09/28 09:14:04.122, 1, 100 %, 76272 MiB
2026/09/28 09:14:04.122, 2, 100 %, 76272 MiB
2026/09/28 09:14:04.122, 3, 100 %, 76272 MiB
2026/09/28 09:14:04.122, 4, 100 %, 76272 MiB
2026/09/28 09:14:04.122, 5, 100 %, 76272 MiB
2026/09/28 09:14:04.123, 6, 100 %, 75984 MiB
2026/09/28 09:14:04.123, 7, 100 %, 76272 MiB
2026/09/28 09:14:09.123, 0, 100 %, 76484 MiB
2026/09/28 09:14:09.123, 1, 89 %, 76272 MiB
2026/09/28 09:14:09.123, 2, 100 %, 76272 MiB
2026/09/28 09:14:09.123, 3, 89 %, 76272 MiB
2026/09/28 09:14:09.123, 4, 87 %, 76272 MiB
2026/09/28 09:14:09.123, 5, 71 %, 76272 MiB
2026/09/28 09:14:09.123, 6, 100 %, 75984 MiB
2026/09/28 09:14:09.123, 7, 98 %, 76272 MiB
2026/09/28 09:14:14.123, 0, 100 %, 76484 MiB
2026/09/28 09:14:14.124, 1, 100 %, 76272 MiB
2026/09/28 09:14:14.124, 2, 100 %, 76272 MiB
2026/09/28 09:14:14.124, 3, 100 %, 76272 MiB
2026/09/28 09:14:14.124, 4, 100 %, 76272 MiB
2026/09/28 09:14:14.124, 5, 100 %, 76272 MiB
2026/09/28 09:14:14.124, 6, 100 %, 75984 MiB
2026/09/28 09:14:14.125, 7, 100 %, 76272 MiB
2026/09/28 09:14:19.125, 0, 98 %, 76484 MiB
2026/09/28 09:14:19.125, 1, 100 %, 76272 MiB
2026/09/28 09:14:19.125, 2, 98 %, 76272 MiB
2026/09/28 09:14:19.125, 3, 98 %, 76272 MiB
2026/09/28 09:14:19.125, 4, 99 %, 76272 MiB
2026/09/28 09:14:19.125, 5, 97 %, 76272 MiB
2026/09/28 09:14:19.125, 6, 99 %, 75984 MiB
2026/09/28 09:14:19.125, 7, 99 %, 76272 MiB
2026/09/28 09:14:24.126, 0, 100 %, 76484 MiB
2026/09/28 09:14:24.126, 1, 100 %, 76272 MiB
2026/09/28 09:14:24.126, 2, 100 %, 76272 MiB
2026/09/28 09:14:24.126, 3, 100 %, 76272 MiB
2026/09/28 09:14:24.126, 4, 100 %, 76272 MiB
2026/09/28 09:14:24.126, 5, 100 %, 76272 MiB
2026/09/28 09:14:24.126, 6, 100 %, 75984 MiB
2026/09/28 09:14:24.126, 7, 100 %, 76272 MiB
2026/09/28 09:14:29.126, 0, 100 %, 76486 MiB
2026/09/28 09:14:29.126, 1, 100 %, 76274 MiB
2026/09/28 09:14:29.126, 2, 99 %, 76274 MiB
2026/09/28 09:14:29.126, 3, 100 %, 76274 MiB
2026/09/28 09:14:29.126, 4, 100 %, 76274 MiB
2026/09/28 09:14:29.126, 5, 100 %, 76274 MiB
2026/09/28 09:14:29.126, 6, 100 %, 75986 MiB
2026/09/28 09:14:29.126, 7, 99 %, 76274 MiB
2026/09/28 09:14:34.127, 0, 100 %, 76486 MiB
2026/09/28 09:14:34.127, 1, 99 %, 76274 MiB
2026/09/28 09:14:34.127, 2, 99 %, 76274 MiB
2026/09/28 09:14:34.127, 3, 99 %, 76274 MiB
2026/09/28 09:14:34.127, 4, 99 %, 76274 MiB
2026/09/28 09:14:34.127, 5, 99 %, 76274 MiB
2026/09/28 09:14:34.127, 6, 99 %, 75986 MiB
2026/09/28 09:14:34.127, 7, 99 %, 76274 MiB
2026/09/28 09:14:39.127, 0, 100 %, 76486 MiB
2026/09/28 09:14:39.127, 1, 100 %, 76274 MiB
2026/09/28 09:14:39.127, 2, 100 %, 76274 MiB
2026/09/28 09:14:39.128, 3, 100 %, 76274 MiB
2026/09/28 09:14:39.128, 4, 100 %, 76274 MiB
2026/09/28 09:14:39.129, 5, 100 %, 76274 MiB
2026/09/28 09:14:39.129, 6, 100 %, 75986 MiB
2026/09/28 09:14:39.129, 7, 100 %, 76274 MiB
2026/09/28 09:14:44.130, 0, 99 %, 76486 MiB
2026/09/28 09:14:44.130, 1, 100 %, 76274 MiB
2026/09/28 09:14:44.131, 2, 100 %, 76274 MiB
2026/09/28 09:14:44.131, 3, 99 %, 76274 MiB
2026/09/28 09:14:44.131, 4, 99 %, 76274 MiB
2026/09/28 09:14:44.132, 5, 100 %, 76274 MiB
2026/09/28 09:14:44.132, 6, 98 %, 75986 MiB
2026/09/28 09:14:44.132, 7, 99 %, 76274 MiB
2026/09/28 09:14:49.133, 0, 100 %, 76486 MiB
2026/09/28 09:14:49.133, 1, 100 %, 76274 MiB
2026/09/28 09:14:49.133, 2, 100 %, 76274 MiB
2026/09/28 09:14:49.133, 3, 100 %, 76274 MiB
2026/09/28 09:14:49.133, 4, 100 %, 76274 MiB
2026/09/28 09:14:49.133, 5, 100 %, 76274 MiB
2026/09/28 09:14:49.133, 6, 100 %, 75986 MiB
2026/09/28 09:14:49.133, 7, 100 %, 76274 MiB
2026/09/28 09:14:54.134, 0, 94 %, 76486 MiB
2026/09/28 09:14:54.138, 1, 94 %, 76274 MiB
2026/09/28 09:14:54.141, 2, 95 %, 76274 MiB
2026/09/28 09:14:54.146, 3, 93 %, 76274 MiB
2026/09/28 09:14:54.146, 4, 94 %, 76274 MiB
2026/09/28 09:14:54.148, 5, 93 %, 76274 MiB
2026/09/28 09:14:54.149, 6, 94 %, 75986 MiB
2026/09/28 09:14:54.154, 7, 93 %, 76274 MiB
2026/09/28 09:14:59.159, 0, 100 %, 76486 MiB
2026/09/28 09:14:59.159, 1, 100 %, 76274 MiB
2026/09/28 09:14:59.159, 2, 100 %, 76274 MiB
2026/09/28 09:14:59.160, 3, 100 %, 76274 MiB
2026/09/28 09:14:59.160, 4, 100 %, 76274 MiB
2026/09/28 09:14:59.161, 5, 100 %, 76274 MiB
2026/09/28 09:14:59.161, 6, 100 %, 75986 MiB
2026/09/28 09:14:59.161, 7, 100 %, 76274 MiB
2026/09/28 09:15:04.162, 0, 97 %, 76486 MiB
2026/09/28 09:15:04.162, 1, 97 %, 76274 MiB
2026/09/28 09:15:04.162, 2, 100 %, 76274 MiB
2026/09/28 09:15:04.162, 3, 97 %, 76274 MiB
2026/09/28 09:15:04.162, 4, 99 %, 76274 MiB
2026/09/28 09:15:04.162, 5, 97 %, 76274 MiB
2026/09/28 09:15:04.162, 6, 98 %, 75986 MiB
2026/09/28 09:15:04.162, 7, 97 %, 76274 MiB
2026/09/28 09:15:09.163, 0, 100 %, 76486 MiB
2026/09/28 09:15:09.163, 1, 100 %, 76274 MiB
2026/09/28 09:15:09.163, 2, 100 %, 76274 MiB
2026/09/28 09:15:09.163, 3, 100 %, 76274 MiB
2026/09/28 09:15:09.163, 4, 100 %, 76274 MiB
2026/09/28 09:15:09.163, 5, 100 %, 76274 MiB
2026/09/28 09:15:09.163, 6, 100 %, 75986 MiB
2026/09/28 09:15:09.163, 7, 100 %, 76274 MiB
2026/09/28 09:15:14.163, 0, 92 %, 76486 MiB
2026/09/28 09:15:14.163, 1, 89 %, 76274 MiB
2026/09/28 09:15:14.164, 2, 95 %, 76274 MiB
2026/09/28 09:15:14.164, 3, 95 %, 76274 MiB
2026/09/28 09:15:14.164, 4, 80 %, 76274 MiB
2026/09/28 09:15:14.165, 5, 85 %, 76274 MiB
2026/09/28 09:15:14.165, 6, 97 %, 75986 MiB
2026/09/28 09:15:14.165, 7, 83 %, 76274 MiB
2026/09/28 09:15:19.166, 0, 66 %, 76486 MiB
2026/09/28 09:15:19.166, 1, 65 %, 76274 MiB
2026/09/28 09:15:19.166, 2, 100 %, 76274 MiB
2026/09/28 09:15:19.166, 3, 100 %, 76274 MiB
2026/09/28 09:15:19.166, 4, 81 %, 76274 MiB
2026/09/28 09:15:19.166, 5, 70 %, 76274 MiB
2026/09/28 09:15:19.166, 6, 75 %, 75986 MiB
2026/09/28 09:15:19.166, 7, 91 %, 76274 MiB
2026/09/28 09:15:24.166, 0, 99 %, 76486 MiB
2026/09/28 09:15:24.167, 1, 99 %, 76274 MiB
2026/09/28 09:15:24.167, 2, 98 %, 76274 MiB
2026/09/28 09:15:24.167, 3, 100 %, 76274 MiB
2026/09/28 09:15:24.167, 4, 100 %, 76274 MiB
2026/09/28 09:15:24.167, 5, 100 %, 76274 MiB
2026/09/28 09:15:24.167, 6, 100 %, 75986 MiB
2026/09/28 09:15:24.167, 7, 100 %, 76274 MiB
2026/09/28 09:15:29.167, 0, 100 %, 76486 MiB
2026/09/28 09:15:29.167, 1, 100 %, 76274 MiB
2026/09/28 09:15:29.169, 2, 100 %, 76274 MiB
2026/09/28 09:15:29.170, 3, 100 %, 76274 MiB
2026/09/28 09:15:29.170, 4, 100 %, 76274 MiB
2026/09/28 09:15:29.171, 5, 100 %, 76274 MiB
2026/09/28 09:15:29.171, 6, 100 %, 75986 MiB
2026/09/28 09:15:29.172, 7, 100 %, 76274 MiB
2026/09/28 09:15:34.172, 0, 100 %, 76486 MiB
2026/09/28 09:15:34.172, 1, 100 %, 76274 MiB
2026/09/28 09:15:34.172, 2, 100 %, 76274 MiB
2026/09/28 09:15:34.172, 3, 100 %, 76274 MiB
2026/09/28 09:15:34.172, 4, 100 %, 76274 MiB
2026/09/28 09:15:34.172, 5, 100 %, 76274 MiB
2026/09/28 09:15:34.172, 6, 100 %, 75986 MiB
2026/09/28 09:15:34.172, 7, 100 %, 76274 MiB
2026/09/28 09:15:39.173, 0, 100 %, 76486 MiB
2026/09/28 09:15:39.173, 1, 100 %, 76274 MiB
2026/09/28 09:15:39.173, 2, 100 %, 76274 MiB
2026/09/28 09:15:39.173, 3, 100 %, 76274 MiB
2026/09/28 09:15:39.173, 4, 100 %, 76274 MiB
2026/09/28 09:15:39.173, 5, 100 %, 76274 MiB
2026/09/28 09:15:39.173, 6, 100 %, 75986 MiB
2026/09/28 09:15:39.173, 7, 100 %, 76274 MiB
2026/09/28 09:15:44.173, 0, 76 %, 76486 MiB
2026/09/28 09:15:44.174, 1, 78 %, 76274 MiB
2026/09/28 09:15:44.174, 2, 59 %, 76274 MiB
2026/09/28 09:15:44.175, 3, 100 %, 76274 MiB
2026/09/28 09:15:44.175, 4, 71 %, 76274 MiB
2026/09/28 09:15:44.175, 5, 70 %, 76274 MiB
2026/09/28 09:15:44.176, 6, 65 %, 75986 MiB
2026/09/28 09:15:44.176, 7, 85 %, 76274 MiB
2026/09/28 09:15:49.177, 0, 85 %, 76486 MiB
2026/09/28 09:15:49.177, 1, 86 %, 76274 MiB
2026/09/28 09:15:49.177, 2, 96 %, 76274 MiB
2026/09/28 09:15:49.177, 3, 73 %, 76274 MiB
2026/09/28 09:15:49.177, 4, 70 %, 76274 MiB
2026/09/28 09:15:49.177, 5, 92 %, 76274 MiB
2026/09/28 09:15:49.177, 6, 98 %, 75986 MiB
2026/09/28 09:15:49.177, 7, 75 %, 76274 MiB
2026/09/28 09:15:54.177, 0, 100 %, 76486 MiB
2026/09/28 09:15:54.177, 1, 100 %, 76274 MiB
2026/09/28 09:15:54.177, 2, 100 %, 76274 MiB
2026/09/28 09:15:54.177, 3, 100 %, 76274 MiB
2026/09/28 09:15:54.177, 4, 100 %, 76274 MiB
2026/09/28 09:15:54.177, 5, 100 %, 76274 MiB
2026/09/28 09:15:54.177, 6, 100 %, 75986 MiB
2026/09/28 09:15:54.177, 7, 100 %, 76274 MiB
2026/09/28 09:15:59.178, 0, 100 %, 76486 MiB
2026/09/28 09:15:59.178, 1, 100 %, 76274 MiB
2026/09/28 09:15:59.178, 2, 100 %, 76274 MiB
2026/09/28 09:15:59.179, 3, 100 %, 76274 MiB
2026/09/28 09:15:59.179, 4, 100 %, 76274 MiB
2026/09/28 09:15:59.180, 5, 100 %, 76274 MiB
2026/09/28 09:15:59.180, 6, 100 %, 75986 MiB
2026/09/28 09:15:59.180, 7, 100 %, 76274 MiB
2026/09/28 09:16:04.181, 0, 100 %, 76486 MiB
2026/09/28 09:16:04.181, 1, 100 %, 76274 MiB
2026/09/28 09:16:04.186, 2, 100 %, 76274 MiB
2026/09/28 09:16:04.187, 3, 100 %, 76274 MiB
2026/09/28 09:16:04.187, 4, 100 %, 76274 MiB
2026/09/28 09:16:04.188, 5, 100 %, 76274 MiB
2026/09/28 09:16:04.188, 6, 100 %, 75986 MiB
2026/09/28 09:16:04.189, 7, 100 %, 76274 MiB
2026/09/28 09:16:09.190, 0, 100 %, 76486 MiB
2026/09/28 09:16:09.190, 1, 100 %, 76274 MiB
2026/09/28 09:16:09.190, 2, 100 %, 76274 MiB
2026/09/28 09:16:09.190, 3, 100 %, 76274 MiB
2026/09/28 09:16:09.190, 4, 100 %, 76274 MiB
2026/09/28 09:16:09.190, 5, 100 %, 76274 MiB
2026/09/28 09:16:09.190, 6, 100 %, 75986 MiB
2026/09/28 09:16:09.190, 7, 100 %, 76274 MiB
2026/09/28 09:16:14.191, 0, 98 %, 76486 MiB
2026/09/28 09:16:14.191, 1, 98 %, 76274 MiB
2026/09/28 09:16:14.191, 2, 98 %, 76274 MiB
2026/09/28 09:16:14.192, 3, 72 %, 76274 MiB
2026/09/28 09:16:14.192, 4, 99 %, 76274 MiB
2026/09/28 09:16:14.192, 5, 97 %, 76274 MiB
2026/09/28 09:16:14.192, 6, 100 %, 75986 MiB
2026/09/28 09:16:14.192, 7, 92 %, 76274 MiB
2026/09/28 09:16:19.192, 0, 100 %, 76486 MiB
2026/09/28 09:16:19.193, 1, 100 %, 76274 MiB
2026/09/28 09:16:19.193, 2, 100 %, 76274 MiB
2026/09/28 09:16:19.193, 3, 100 %, 76274 MiB
2026/09/28 09:16:19.193, 4, 99 %, 76274 MiB
2026/09/28 09:16:19.193, 5, 100 %, 76274 MiB
2026/09/28 09:16:19.193, 6, 99 %, 75986 MiB
2026/09/28 09:16:19.193, 7, 100 %, 76274 MiB
2026/09/28 09:16:24.193, 0, 100 %, 76486 MiB
2026/09/28 09:16:24.193, 1, 100 %, 76274 MiB
2026/09/28 09:16:24.193, 2, 100 %, 76274 MiB
2026/09/28 09:16:24.193, 3, 100 %, 76274 MiB
2026/09/28 09:16:24.193, 4, 100 %, 76274 MiB
2026/09/28 09:16:24.193, 5, 100 %, 76274 MiB
2026/09/28 09:16:24.193, 6, 100 %, 75986 MiB
2026/09/28 09:16:24.193, 7, 100 %, 76274 MiB
2026/09/28 09:16:29.194, 0, 67 %, 76486 MiB
2026/09/28 09:16:29.196, 1, 100 %, 76274 MiB
2026/09/28 09:16:29.197, 2, 78 %, 76274 MiB
2026/09/28 09:16:29.197, 3, 100 %, 76274 MiB
2026/09/28 09:16:29.198, 4, 93 %, 76274 MiB
2026/09/28 09:16:29.198, 5, 75 %, 76274 MiB
2026/09/28 09:16:29.199, 6, 88 %, 75986 MiB
2026/09/28 09:16:29.201, 7, 69 %, 76274 MiB
2026/09/28 09:16:34.204, 0, 100 %, 76486 MiB
2026/09/28 09:16:34.204, 1, 100 %, 76274 MiB
2026/09/28 09:16:34.204, 2, 100 %, 76274 MiB
2026/09/28 09:16:34.204, 3, 100 %, 76274 MiB
2026/09/28 09:16:34.204, 4, 100 %, 76274 MiB
2026/09/28 09:16:34.204, 5, 100 %, 76274 MiB
2026/09/28 09:16:34.204, 6, 100 %, 75986 MiB
2026/09/28 09:16:34.204, 7, 100 %, 76274 MiB
2026/09/28 09:16:39.204, 0, 100 %, 76486 MiB
2026/09/28 09:16:39.204, 1, 100 %, 76274 MiB
2026/09/28 09:16:39.204, 2, 100 %, 76274 MiB
2026/09/28 09:16:39.204, 3, 100 %, 76274 MiB
2026/09/28 09:16:39.204, 4, 100 %, 76274 MiB
2026/09/28 09:16:39.204, 5, 100 %, 76274 MiB
2026/09/28 09:16:39.204, 6, 100 %, 75986 MiB
2026/09/28 09:16:39.204, 7, 100 %, 76274 MiB
2026/09/28 09:16:44.205, 0, 100 %, 76486 MiB
2026/09/28 09:16:44.205, 1, 100 %, 76274 MiB
2026/09/28 09:16:44.205, 2, 100 %, 76274 MiB
2026/09/28 09:16:44.205, 3, 100 %, 76274 MiB
2026/09/28 09:16:44.205, 4, 100 %, 76274 MiB
2026/09/28 09:16:44.205, 5, 100 %, 76274 MiB
2026/09/28 09:16:44.205, 6, 100 %, 75986 MiB
2026/09/28 09:16:44.205, 7, 100 %, 76274 MiB
2026/09/28 09:16:49.205, 0, 100 %, 76486 MiB
2026/09/28 09:16:49.207, 1, 100 %, 76274 MiB
2026/09/28 09:16:49.207, 2, 100 %, 76274 MiB
2026/09/28 09:16:49.208, 3, 100 %, 76274 MiB
2026/09/28 09:16:49.210, 4, 100 %, 76274 MiB
2026/09/28 09:16:49.210, 5, 100 %, 76274 MiB
2026/09/28 09:16:49.210, 6, 99 %, 75986 MiB
2026/09/28 09:16:49.211, 7, 100 %, 76274 MiB
2026/09/28 09:16:54.212, 0, 100 %, 76486 MiB
2026/09/28 09:16:54.212, 1, 100 %, 76274 MiB
2026/09/28 09:16:54.212, 2, 100 %, 76274 MiB
2026/09/28 09:16:54.212, 3, 100 %, 76274 MiB
2026/09/28 09:16:54.212, 4, 100 %, 76274 MiB
2026/09/28 09:16:54.212, 5, 100 %, 76274 MiB
2026/09/28 09:16:54.212, 6, 100 %, 75986 MiB
2026/09/28 09:16:54.212, 7, 100 %, 76274 MiB
2026/09/28 09:16:59.213, 0, 100 %, 76486 MiB
2026/09/28 09:16:59.213, 1, 100 %, 76274 MiB
2026/09/28 09:16:59.213, 2, 100 %, 76274 MiB
2026/09/28 09:16:59.214, 3, 100 %, 76274 MiB
2026/09/28 09:16:59.214, 4, 100 %, 76274 MiB
2026/09/28 09:16:59.214, 5, 100 %, 76274 MiB
2026/09/28 09:16:59.214, 6, 100 %, 75986 MiB
2026/09/28 09:16:59.215, 7, 100 %, 76274 MiB
2026/09/28 09:17:04.215, 0, 75 %, 76486 MiB
2026/09/28 09:17:04.215, 1, 72 %, 76274 MiB
2026/09/28 09:17:04.215, 2, 73 %, 76274 MiB
2026/09/28 09:17:04.215, 3, 73 %, 76274 MiB
2026/09/28 09:17:04.215, 4, 71 %, 76274 MiB
2026/09/28 09:17:04.215, 5, 73 %, 76274 MiB
2026/09/28 09:17:04.215, 6, 74 %, 75986 MiB
2026/09/28 09:17:04.215, 7, 71 %, 76274 MiB
2026/09/28 09:17:09.216, 0, 69 %, 76486 MiB
2026/09/28 09:17:09.216, 1, 100 %, 76274 MiB
2026/09/28 09:17:09.216, 2, 92 %, 76274 MiB
2026/09/28 09:17:09.216, 3, 89 %, 76274 MiB
2026/09/28 09:17:09.216, 4, 74 %, 76274 MiB
2026/09/28 09:17:09.216, 5, 92 %, 76274 MiB
2026/09/28 09:17:09.216, 6, 82 %, 75986 MiB
2026/09/28 09:17:09.216, 7, 71 %, 76274 MiB
2026/09/28 09:17:14.216, 0, 99 %, 76486 MiB
2026/09/28 09:17:14.216, 1, 99 %, 76274 MiB
2026/09/28 09:17:14.217, 2, 99 %, 76274 MiB
2026/09/28 09:17:14.217, 3, 99 %, 76274 MiB
2026/09/28 09:17:14.217, 4, 100 %, 76274 MiB
2026/09/28 09:17:14.218, 5, 99 %, 76274 MiB
2026/09/28 09:17:14.218, 6, 100 %, 75986 MiB
2026/09/28 09:17:14.218, 7, 99 %, 76274 MiB
2026/09/28 09:17:19.219, 0, 100 %, 76486 MiB
2026/09/28 09:17:19.219, 1, 100 %, 76274 MiB
2026/09/28 09:17:19.219, 2, 100 %, 76274 MiB
2026/09/28 09:17:19.219, 3, 100 %, 76274 MiB
2026/09/28 09:17:19.219, 4, 98 %, 76274 MiB
2026/09/28 09:17:19.219, 5, 100 %, 76274 MiB
2026/09/28 09:17:19.219, 6, 98 %, 75986 MiB
2026/09/28 09:17:19.219, 7, 98 %, 76274 MiB
2026/09/28 09:17:24.220, 0, 100 %, 76486 MiB
2026/09/28 09:17:24.220, 1, 100 %, 76274 MiB
2026/09/28 09:17:24.220, 2, 100 %, 76274 MiB
2026/09/28 09:17:24.221, 3, 100 %, 76274 MiB
2026/09/28 09:17:24.221, 4, 100 %, 76274 MiB
2026/09/28 09:17:24.222, 5, 100 %, 76274 MiB
2026/09/28 09:17:24.222, 6, 100 %, 75986 MiB
2026/09/28 09:17:24.222, 7, 100 %, 76274 MiB
2026/09/28 09:17:29.223, 0, 100 %, 76486 MiB
2026/09/28 09:17:29.223, 1, 100 %, 76274 MiB
2026/09/28 09:17:29.224, 2, 100 %, 76274 MiB
2026/09/28 09:17:29.225, 3, 100 %, 76274 MiB
2026/09/28 09:17:29.228, 4, 100 %, 76274 MiB
2026/09/28 09:17:29.228, 5, 100 %, 76274 MiB
2026/09/28 09:17:29.229, 6, 100 %, 75986 MiB
2026/09/28 09:17:29.229, 7, 100 %, 76274 MiB
2026/09/28 09:17:34.231, 0, 100 %, 76486 MiB
2026/09/28 09:17:34.231, 1, 100 %, 76274 MiB
2026/09/28 09:17:34.231, 2, 99 %, 76274 MiB
2026/09/28 09:17:34.231, 3, 100 %, 76274 MiB
2026/09/28 09:17:34.231, 4, 99 %, 76274 MiB
2026/09/28 09:17:34.231, 5, 99 %, 76274 MiB
2026/09/28 09:17:34.231, 6, 100 %, 75986 MiB
2026/09/28 09:17:34.231, 7, 99 %, 76274 MiB
2026/09/28 09:17:39.232, 0, 100 %, 76486 MiB
2026/09/28 09:17:39.232, 1, 100 %, 76274 MiB
2026/09/28 09:17:39.232, 2, 99 %, 76274 MiB
2026/09/28 09:17:39.232, 3, 100 %, 76274 MiB
2026/09/28 09:17:39.232, 4, 100 %, 76274 MiB
2026/09/28 09:17:39.232, 5, 99 %, 76274 MiB
2026/09/28 09:17:39.232, 6, 100 %, 75986 MiB
2026/09/28 09:17:39.232, 7, 99 %, 76274 MiB
2026/09/28 09:17:44.232, 0, 100 %, 76486 MiB
2026/09/28 09:17:44.232, 1, 100 %, 76274 MiB
2026/09/28 09:17:44.236, 2, 99 %, 76274 MiB
2026/09/28 09:17:44.241, 3, 100 %, 76274 MiB
2026/09/28 09:17:44.241, 4, 100 %, 76274 MiB
2026/09/28 09:17:44.241, 5, 100 %, 76274 MiB
2026/09/28 09:17:44.241, 6, 100 %, 75986 MiB
2026/09/28 09:17:44.241, 7, 100 %, 76274 MiB
2026/09/28 09:17:49.241, 0, 93 %, 76486 MiB
2026/09/28 09:17:49.387, 1, 79 %, 76274 MiB
2026/09/28 09:17:49.393, 2, 87 %, 76274 MiB
2026/09/28 09:17:49.398, 3, 83 %, 76274 MiB
2026/09/28 09:17:49.402, 4, 78 %, 76274 MiB
2026/09/28 09:17:49.404, 5, 80 %, 76274 MiB
2026/09/28 09:17:49.411, 6, 87 %, 75986 MiB
2026/09/28 09:17:49.418, 7, 76 %, 76274 MiB
2026/09/28 09:17:54.422, 0, 100 %, 76486 MiB
2026/09/28 09:17:54.422, 1, 100 %, 76274 MiB
2026/09/28 09:17:54.422, 2, 100 %, 76274 MiB
2026/09/28 09:17:54.422, 3, 100 %, 76274 MiB
2026/09/28 09:17:54.422, 4, 100 %, 76274 MiB
2026/09/28 09:17:54.423, 5, 100 %, 76274 MiB
2026/09/28 09:17:54.423, 6, 100 %, 75986 MiB
2026/09/28 09:17:54.423, 7, 100 %, 76274 MiB
2026/09/28 09:17:59.423, 0, 72 %, 76486 MiB
2026/09/28 09:17:59.423, 1, 70 %, 76274 MiB
2026/09/28 09:17:59.423, 2, 83 %, 76274 MiB
2026/09/28 09:17:59.423, 3, 75 %, 76274 MiB
2026/09/28 09:17:59.423, 4, 70 %, 76274 MiB
2026/09/28 09:17:59.424, 5, 82 %, 76274 MiB
2026/09/28 09:17:59.424, 6, 74 %, 75986 MiB
2026/09/28 09:17:59.424, 7, 71 %, 76274 MiB
2026/09/28 09:18:04.424, 0, 100 %, 76486 MiB
2026/09/28 09:18:04.429, 1, 92 %, 76274 MiB
2026/09/28 09:18:04.431, 2, 100 %, 76274 MiB
2026/09/28 09:18:04.432, 3, 100 %, 76274 MiB
2026/09/28 09:18:04.433, 4, 95 %, 76274 MiB
2026/09/28 09:18:04.433, 5, 100 %, 76274 MiB
2026/09/28 09:18:04.434, 6, 100 %, 75986 MiB
2026/09/28 09:18:04.436, 7, 100 %, 76274 MiB
2026/09/28 09:18:09.437, 0, 79 %, 76486 MiB
2026/09/28 09:18:09.441, 1, 84 %, 76274 MiB
2026/09/28 09:18:09.445, 2, 63 %, 76274 MiB
2026/09/28 09:18:09.445, 3, 67 %, 76274 MiB
2026/09/28 09:18:09.447, 4, 78 %, 76274 MiB
2026/09/28 09:18:09.449, 5, 54 %, 76274 MiB
2026/09/28 09:18:09.449, 6, 67 %, 75986 MiB
2026/09/28 09:18:09.451, 7, 77 %, 76274 MiB
2026/09/28 09:18:14.451, 0, 99 %, 76486 MiB
2026/09/28 09:18:14.451, 1, 100 %, 76274 MiB
2026/09/28 09:18:14.451, 2, 100 %, 76274 MiB
2026/09/28 09:18:14.451, 3, 98 %, 76274 MiB
2026/09/28 09:18:14.451, 4, 99 %, 76274 MiB
2026/09/28 09:18:14.451, 5, 100 %, 76274 MiB
2026/09/28 09:18:14.451, 6, 98 %, 75986 MiB
2026/09/28 09:18:14.451, 7, 100 %, 76274 MiB
2026/09/28 09:18:19.452, 0, 100 %, 76486 MiB
2026/09/28 09:18:19.452, 1, 100 %, 76274 MiB
2026/09/28 09:18:19.452, 2, 100 %, 76274 MiB
2026/09/28 09:18:19.452, 3, 100 %, 76274 MiB
2026/09/28 09:18:19.452, 4, 99 %, 76274 MiB
2026/09/28 09:18:19.452, 5, 100 %, 76274 MiB
2026/09/28 09:18:19.452, 6, 100 %, 75986 MiB
2026/09/28 09:18:19.452, 7, 100 %, 76274 MiB
2026/09/28 09:18:24.452, 0, 100 %, 76486 MiB
2026/09/28 09:18:24.453, 1, 100 %, 76274 MiB
2026/09/28 09:18:24.453, 2, 100 %, 76274 MiB
2026/09/28 09:18:24.454, 3, 98 %, 76274 MiB
2026/09/28 09:18:24.454, 4, 100 %, 76274 MiB
2026/09/28 09:18:24.455, 5, 100 %, 76274 MiB
2026/09/28 09:18:24.455, 6, 100 %, 75986 MiB
2026/09/28 09:18:24.456, 7, 99 %, 76274 MiB
2026/09/28 09:18:29.456, 0, 98 %, 76486 MiB
2026/09/28 09:18:29.457, 1, 100 %, 76274 MiB
2026/09/28 09:18:29.458, 2, 96 %, 76274 MiB
2026/09/28 09:18:29.458, 3, 100 %, 76274 MiB
2026/09/28 09:18:29.460, 4, 100 %, 76274 MiB
2026/09/28 09:18:29.460, 5, 100 %, 76274 MiB
2026/09/28 09:18:29.460, 6, 100 %, 75986 MiB
2026/09/28 09:18:29.460, 7, 98 %, 76274 MiB
2026/09/28 09:18:34.461, 0, 100 %, 76486 MiB
2026/09/28 09:18:34.461, 1, 94 %, 76274 MiB
2026/09/28 09:18:34.461, 2, 75 %, 76274 MiB
2026/09/28 09:18:34.461, 3, 89 %, 76274 MiB
2026/09/28 09:18:34.462, 4, 70 %, 76274 MiB
2026/09/28 09:18:34.462, 5, 79 %, 76274 MiB
2026/09/28 09:18:34.462, 6, 88 %, 75986 MiB
2026/09/28 09:18:34.463, 7, 100 %, 76274 MiB
2026/09/28 09:18:39.463, 0, 100 %, 76486 MiB
2026/09/28 09:18:39.463, 1, 100 %, 76274 MiB
2026/09/28 09:18:39.464, 2, 100 %, 76274 MiB
2026/09/28 09:18:39.464, 3, 100 %, 76274 MiB
2026/09/28 09:18:39.464, 4, 100 %, 76274 MiB
2026/09/28 09:18:39.464, 5, 100 %, 76274 MiB
2026/09/28 09:18:39.464, 6, 100 %, 75986 MiB
2026/09/28 09:18:39.464, 7, 100 %, 76274 MiB
2026/09/28 09:18:44.464, 0, 100 %, 76486 MiB
2026/09/28 09:18:44.464, 1, 100 %, 76274 MiB
2026/09/28 09:18:44.464, 2, 100 %, 76274 MiB
2026/09/28 09:18:44.464, 3, 100 %, 76274 MiB
2026/09/28 09:18:44.464, 4, 100 %, 76274 MiB
2026/09/28 09:18:44.464, 5, 100 %, 76274 MiB
2026/09/28 09:18:44.464, 6, 100 %, 75986 MiB
2026/09/28 09:18:44.464, 7, 100 %, 76274 MiB
2026/09/28 09:18:49.464, 0, 100 %, 76486 MiB
2026/09/28 09:18:49.465, 1, 100 %, 76274 MiB
2026/09/28 09:18:49.465, 2, 100 %, 76274 MiB
2026/09/28 09:18:49.466, 3, 100 %, 76274 MiB
2026/09/28 09:18:49.469, 4, 100 %, 76274 MiB
2026/09/28 09:18:49.470, 5, 100 %, 76274 MiB
2026/09/28 09:18:49.470, 6, 100 %, 75986 MiB
2026/09/28 09:18:49.475, 7, 100 %, 76274 MiB
2026/09/28 09:18:54.475, 0, 100 %, 76486 MiB
2026/09/28 09:18:54.475, 1, 100 %, 76274 MiB
2026/09/28 09:18:54.476, 2, 100 %, 76274 MiB
2026/09/28 09:18:54.476, 3, 95 %, 76274 MiB
2026/09/28 09:18:54.477, 4, 81 %, 76274 MiB
2026/09/28 09:18:54.477, 5, 100 %, 76274 MiB
2026/09/28 09:18:54.478, 6, 100 %, 75986 MiB
2026/09/28 09:18:54.478, 7, 100 %, 76274 MiB
2026/09/28 09:18:59.479, 0, 100 %, 76486 MiB
2026/09/28 09:18:59.482, 1, 100 %, 76274 MiB
2026/09/28 09:18:59.483, 2, 100 %, 76274 MiB
2026/09/28 09:18:59.483, 3, 100 %, 76274 MiB
2026/09/28 09:18:59.484, 4, 100 %, 76274 MiB
2026/09/28 09:18:59.485, 5, 100 %, 76274 MiB
2026/09/28 09:18:59.488, 6, 100 %, 75986 MiB
2026/09/28 09:18:59.488, 7, 100 %, 76274 MiB
2026/09/28 09:19:04.489, 0, 100 %, 76486 MiB
2026/09/28 09:19:04.489, 1, 100 %, 76274 MiB
2026/09/28 09:19:04.489, 2, 100 %, 76274 MiB
2026/09/28 09:19:04.490, 3, 100 %, 76274 MiB
2026/09/28 09:19:04.490, 4, 100 %, 76274 MiB
2026/09/28 09:19:04.490, 5, 100 %, 76274 MiB
2026/09/28 09:19:04.490, 6, 100 %, 75986 MiB
2026/09/28 09:19:04.490, 7, 100 %, 76274 MiB
2026/09/28 09:19:09.491, 0, 100 %, 76486 MiB
2026/09/28 09:19:09.491, 1, 100 %, 76274 MiB
2026/09/28 09:19:09.496, 2, 100 %, 76274 MiB
2026/09/28 09:19:09.497, 3, 100 %, 76274 MiB
2026/09/28 09:19:09.497, 4, 100 %, 76274 MiB
2026/09/28 09:19:09.497, 5, 100 %, 76274 MiB
2026/09/28 09:19:09.498, 6, 100 %, 75986 MiB
2026/09/28 09:19:09.498, 7, 100 %, 76274 MiB
2026/09/28 09:19:14.500, 0, 69 %, 76486 MiB
2026/09/28 09:19:14.502, 1, 69 %, 76274 MiB
2026/09/28 09:19:14.503, 2, 70 %, 76274 MiB
2026/09/28 09:19:14.504, 3, 69 %, 76274 MiB
2026/09/28 09:19:14.504, 4, 68 %, 76274 MiB
2026/09/28 09:19:14.505, 5, 71 %, 76274 MiB
2026/09/28 09:19:14.506, 6, 71 %, 75986 MiB
2026/09/28 09:19:14.507, 7, 64 %, 76274 MiB
2026/09/28 09:19:19.508, 0, 100 %, 76486 MiB
2026/09/28 09:19:19.508, 1, 100 %, 76274 MiB
2026/09/28 09:19:19.508, 2, 100 %, 76274 MiB
2026/09/28 09:19:19.508, 3, 100 %, 76274 MiB
2026/09/28 09:19:19.508, 4, 100 %, 76274 MiB
2026/09/28 09:19:19.508, 5, 100 %, 76274 MiB
2026/09/28 09:19:19.508, 6, 100 %, 75986 MiB
2026/09/28 09:19:19.508, 7, 100 %, 76274 MiB
2026/09/28 09:19:24.509, 0, 100 %, 76486 MiB
2026/09/28 09:19:24.510, 1, 100 %, 76274 MiB
2026/09/28 09:19:24.510, 2, 100 %, 76274 MiB
2026/09/28 09:19:24.510, 3, 100 %, 76274 MiB
2026/09/28 09:19:24.510, 4, 100 %, 76274 MiB
2026/09/28 09:19:24.510, 5, 100 %, 76274 MiB
2026/09/28 09:19:24.510, 6, 100 %, 75986 MiB
2026/09/28 09:19:24.510, 7, 100 %, 76274 MiB
2026/09/28 09:19:29.511, 0, 100 %, 76486 MiB
2026/09/28 09:19:29.511, 1, 100 %, 76274 MiB
2026/09/28 09:19:29.511, 2, 84 %, 76274 MiB
2026/09/28 09:19:29.511, 3, 100 %, 76274 MiB
2026/09/28 09:19:29.511, 4, 100 %, 76274 MiB
2026/09/28 09:19:29.511, 5, 91 %, 76274 MiB
2026/09/28 09:19:29.511, 6, 100 %, 75986 MiB
2026/09/28 09:19:29.511, 7, 74 %, 76274 MiB
2026/09/28 09:19:34.511, 0, 67 %, 76486 MiB
2026/09/28 09:19:34.512, 1, 67 %, 76274 MiB
2026/09/28 09:19:34.512, 2, 67 %, 76274 MiB
2026/09/28 09:19:34.512, 3, 65 %, 76274 MiB
2026/09/28 09:19:34.512, 4, 66 %, 76274 MiB
2026/09/28 09:19:34.512, 5, 64 %, 76274 MiB
2026/09/28 09:19:34.512, 6, 64 %, 75986 MiB
2026/09/28 09:19:34.512, 7, 65 %, 76274 MiB
2026/09/28 09:19:39.512, 0, 73 %, 76486 MiB
2026/09/28 09:19:39.512, 1, 97 %, 76274 MiB
2026/09/28 09:19:39.512, 2, 78 %, 76274 MiB
2026/09/28 09:19:39.512, 3, 100 %, 76274 MiB
2026/09/28 09:19:39.512, 4, 90 %, 76274 MiB
2026/09/28 09:19:39.512, 5, 67 %, 76274 MiB
2026/09/28 09:19:39.512, 6, 68 %, 75986 MiB
2026/09/28 09:19:39.512, 7, 89 %, 76274 MiB
2026/09/28 09:19:44.513, 0, 100 %, 76486 MiB
2026/09/28 09:19:44.513, 1, 100 %, 76274 MiB
2026/09/28 09:19:44.514, 2, 100 %, 76274 MiB
2026/09/28 09:19:44.520, 3, 100 %, 76274 MiB
2026/09/28 09:19:44.522, 4, 100 %, 76274 MiB
2026/09/28 09:19:44.524, 5, 100 %, 76274 MiB
2026/09/28 09:19:44.524, 6, 100 %, 75986 MiB
2026/09/28 09:19:44.525, 7, 100 %, 76274 MiB
2026/09/28 09:19:49.527, 0, 95 %, 76486 MiB
2026/09/28 09:19:49.528, 1, 90 %, 76274 MiB
2026/09/28 09:19:49.529, 2, 97 %, 76274 MiB
2026/09/28 09:19:49.529, 3, 88 %, 76274 MiB
2026/09/28 09:19:49.530, 4, 96 %, 76274 MiB
2026/09/28 09:19:49.530, 5, 99 %, 76274 MiB
2026/09/28 09:19:49.530, 6, 83 %, 75986 MiB
2026/09/28 09:19:49.531, 7, 98 %, 76274 MiB
2026/09/28 09:19:54.532, 0, 100 %, 76486 MiB
2026/09/28 09:19:54.532, 1, 100 %, 76274 MiB
2026/09/28 09:19:54.532, 2, 100 %, 76274 MiB
2026/09/28 09:19:54.533, 3, 100 %, 76274 MiB
2026/09/28 09:19:54.533, 4, 100 %, 76274 MiB
2026/09/28 09:19:54.534, 5, 100 %, 76274 MiB
2026/09/28 09:19:54.534, 6, 100 %, 75986 MiB
2026/09/28 09:19:54.534, 7, 100 %, 76274 MiB
2026/09/28 09:19:59.535, 0, 99 %, 76486 MiB
2026/09/28 09:20:00.453, 1, 75 %, 76274 MiB
2026/09/28 09:20:00.491, 2, 94 %, 76274 MiB
2026/09/28 09:20:00.498, 3, 81 %, 76274 MiB
2026/09/28 09:20:00.552, 4, 66 %, 76274 MiB
2026/09/28 09:20:00.559, 5, 93 %, 76274 MiB
2026/09/28 09:20:00.562, 6, 83 %, 75986 MiB
2026/09/28 09:20:00.570, 7, 69 %, 76274 MiB
2026/09/28 09:20:05.653, 0, 99 %, 76486 MiB
2026/09/28 09:20:05.743, 1, 98 %, 76274 MiB
2026/09/28 09:20:05.797, 2, 98 %, 76274 MiB
2026/09/28 09:20:05.802, 3, 98 %, 76274 MiB
2026/09/28 09:20:05.803, 4, 100 %, 76274 MiB
2026/09/28 09:20:05.809, 5, 98 %, 76274 MiB
2026/09/28 09:20:05.812, 6, 98 %, 75986 MiB
2026/09/28 09:20:05.814, 7, 100 %, 76274 MiB
2026/09/28 09:20:10.815, 0, 99 %, 76486 MiB
2026/09/28 09:20:10.816, 1, 99 %, 76274 MiB
2026/09/28 09:20:10.816, 2, 99 %, 76274 MiB
2026/09/28 09:20:10.817, 3, 98 %, 76274 MiB
2026/09/28 09:20:10.819, 4, 99 %, 76274 MiB
2026/09/28 09:20:10.822, 5, 99 %, 76274 MiB
2026/09/28 09:20:10.822, 6, 99 %, 75986 MiB
2026/09/28 09:20:10.823, 7, 99 %, 76274 MiB
2026/09/28 09:20:15.823, 0, 99 %, 76486 MiB
2026/09/28 09:20:15.823, 1, 100 %, 76274 MiB
2026/09/28 09:20:15.823, 2, 100 %, 76274 MiB
2026/09/28 09:20:15.823, 3, 100 %, 76274 MiB
2026/09/28 09:20:15.824, 4, 99 %, 76274 MiB
2026/09/28 09:20:15.824, 5, 100 %, 76274 MiB
2026/09/28 09:20:15.824, 6, 100 %, 75986 MiB
2026/09/28 09:20:15.824, 7, 100 %, 76274 MiB
2026/09/28 09:20:20.824, 0, 98 %, 76486 MiB
2026/09/28 09:20:20.824, 1, 99 %, 76274 MiB
2026/09/28 09:20:20.824, 2, 98 %, 76274 MiB
2026/09/28 09:20:20.824, 3, 100 %, 76274 MiB
2026/09/28 09:20:20.824, 4, 98 %, 76274 MiB
2026/09/28 09:20:20.824, 5, 98 %, 76274 MiB
2026/09/28 09:20:20.824, 6, 98 %, 75986 MiB
2026/09/28 09:20:20.824, 7, 98 %, 76274 MiB
2026/09/28 09:20:25.825, 0, 100 %, 76486 MiB
2026/09/28 09:20:26.142, 1, 100 %, 76274 MiB
2026/09/28 09:20:26.147, 2, 100 %, 76274 MiB
2026/09/28 09:20:26.148, 3, 100 %, 76274 MiB
2026/09/28 09:20:26.149, 4, 100 %, 76274 MiB
2026/09/28 09:20:26.149, 5, 100 %, 76274 MiB
2026/09/28 09:20:26.150, 6, 100 %, 75986 MiB
2026/09/28 09:20:26.151, 7, 100 %, 76274 MiB
2026/09/28 09:20:31.152, 0, 100 %, 76486 MiB
2026/09/28 09:20:31.153, 1, 68 %, 76274 MiB
2026/09/28 09:20:31.157, 2, 83 %, 76274 MiB
2026/09/28 09:20:31.157, 3, 97 %, 76274 MiB
2026/09/28 09:20:31.160, 4, 100 %, 76274 MiB
2026/09/28 09:20:31.165, 5, 87 %, 76274 MiB
2026/09/28 09:20:31.167, 6, 93 %, 75986 MiB
2026/09/28 09:20:31.167, 7, 100 %, 76274 MiB
2026/09/28 09:20:36.172, 0, 100 %, 76486 MiB
2026/09/28 09:20:36.368, 1, 100 %, 76274 MiB
2026/09/28 09:20:36.369, 2, 100 %, 76274 MiB
2026/09/28 09:20:36.369, 3, 100 %, 76274 MiB
2026/09/28 09:20:36.369, 4, 100 %, 76274 MiB
2026/09/28 09:20:36.370, 5, 100 %, 76274 MiB
2026/09/28 09:20:36.370, 6, 100 %, 75986 MiB
2026/09/28 09:20:36.371, 7, 100 %, 76274 MiB
2026/09/28 09:20:41.372, 0, 100 %, 76486 MiB
2026/09/28 09:20:41.372, 1, 100 %, 76274 MiB
2026/09/28 09:20:41.373, 2, 100 %, 76274 MiB
2026/09/28 09:20:41.373, 3, 100 %, 76274 MiB
2026/09/28 09:20:41.373, 4, 100 %, 76274 MiB
2026/09/28 09:20:41.373, 5, 100 %, 76274 MiB
2026/09/28 09:20:41.373, 6, 100 %, 75986 MiB
2026/09/28 09:20:41.373, 7, 100 %, 76274 MiB
2026/09/28 09:20:46.373, 0, 100 %, 76486 MiB
2026/09/28 09:20:46.374, 1, 100 %, 76274 MiB
2026/09/28 09:20:46.375, 2, 100 %, 76274 MiB
2026/09/28 09:20:46.375, 3, 100 %, 76274 MiB
2026/09/28 09:20:46.376, 4, 100 %, 76274 MiB
2026/09/28 09:20:46.376, 5, 100 %, 76274 MiB
2026/09/28 09:20:46.376, 6, 100 %, 75986 MiB
2026/09/28 09:20:46.376, 7, 100 %, 76274 MiB
2026/09/28 09:20:51.376, 0, 100 %, 76486 MiB
2026/09/28 09:20:51.376, 1, 100 %, 76274 MiB
2026/09/28 09:20:51.378, 2, 100 %, 76274 MiB
2026/09/28 09:20:51.383, 3, 100 %, 76274 MiB
2026/09/28 09:20:51.384, 4, 98 %, 76274 MiB
2026/09/28 09:20:51.385, 5, 97 %, 76274 MiB
2026/09/28 09:20:51.386, 6, 95 %, 75986 MiB
2026/09/28 09:20:51.387, 7, 98 %, 76274 MiB
2026/09/28 09:20:56.389, 0, 100 %, 76486 MiB
2026/09/28 09:20:56.389, 1, 100 %, 76274 MiB
2026/09/28 09:20:56.389, 2, 100 %, 76274 MiB
2026/09/28 09:20:56.390, 3, 100 %, 76274 MiB
2026/09/28 09:20:56.390, 4, 100 %, 76274 MiB
2026/09/28 09:20:56.391, 5, 100 %, 76274 MiB
2026/09/28 09:20:56.391, 6, 100 %, 75986 MiB
2026/09/28 09:20:56.392, 7, 100 %, 76274 MiB
2026/09/28 09:21:01.393, 0, 100 %, 76486 MiB
2026/09/28 09:21:01.393, 1, 100 %, 76274 MiB
2026/09/28 09:21:01.393, 2, 98 %, 76274 MiB
2026/09/28 09:21:01.394, 3, 100 %, 76274 MiB
2026/09/28 09:21:01.394, 4, 98 %, 76274 MiB
2026/09/28 09:21:01.395, 5, 100 %, 76274 MiB
2026/09/28 09:21:01.395, 6, 97 %, 75986 MiB
2026/09/28 09:21:01.396, 7, 100 %, 76274 MiB
2026/09/28 09:21:06.396, 0, 100 %, 76486 MiB
2026/09/28 09:21:06.397, 1, 100 %, 76274 MiB
2026/09/28 09:21:06.402, 2, 100 %, 76274 MiB
2026/09/28 09:21:06.404, 3, 100 %, 76274 MiB
2026/09/28 09:21:06.405, 4, 100 %, 76274 MiB
2026/09/28 09:21:06.405, 5, 100 %, 76274 MiB
2026/09/28 09:21:06.405, 6, 100 %, 75986 MiB
2026/09/28 09:21:06.405, 7, 100 %, 76274 MiB
2026/09/28 09:21:11.406, 0, 100 %, 76486 MiB
2026/09/28 09:21:11.406, 1, 100 %, 76274 MiB
2026/09/28 09:21:11.406, 2, 100 %, 76274 MiB
2026/09/28 09:21:11.406, 3, 100 %, 76274 MiB
2026/09/28 09:21:11.406, 4, 100 %, 76274 MiB
2026/09/28 09:21:11.406, 5, 100 %, 76274 MiB
2026/09/28 09:21:11.406, 6, 100 %, 75986 MiB
2026/09/28 09:21:11.406, 7, 100 %, 76274 MiB
2026/09/28 09:21:16.406, 0, 100 %, 76486 MiB
2026/09/28 09:21:16.407, 1, 100 %, 76274 MiB
2026/09/28 09:21:16.407, 2, 100 %, 76274 MiB
2026/09/28 09:21:16.407, 3, 100 %, 76274 MiB
2026/09/28 09:21:16.408, 4, 100 %, 76274 MiB
2026/09/28 09:21:16.408, 5, 100 %, 76274 MiB
2026/09/28 09:21:16.408, 6, 100 %, 75986 MiB
2026/09/28 09:21:16.409, 7, 100 %, 76274 MiB
2026/09/28 09:21:21.409, 0, 100 %, 76486 MiB
2026/09/28 09:21:21.409, 1, 100 %, 76274 MiB
2026/09/28 09:21:21.409, 2, 100 %, 76274 MiB
2026/09/28 09:21:21.409, 3, 100 %, 76274 MiB
2026/09/28 09:21:21.409, 4, 100 %, 76274 MiB
2026/09/28 09:21:21.409, 5, 100 %, 76274 MiB
2026/09/28 09:21:21.409, 6, 100 %, 75986 MiB
2026/09/28 09:21:21.409, 7, 100 %, 76274 MiB
2026/09/28 09:21:26.409, 0, 76 %, 76486 MiB
2026/09/28 09:21:26.410, 1, 66 %, 76274 MiB
2026/09/28 09:21:26.410, 2, 66 %, 76274 MiB
2026/09/28 09:21:26.410, 3, 67 %, 76274 MiB
2026/09/28 09:21:26.410, 4, 66 %, 76274 MiB
2026/09/28 09:21:26.411, 5, 66 %, 76274 MiB
2026/09/28 09:21:26.411, 6, 82 %, 75986 MiB
2026/09/28 09:21:26.411, 7, 72 %, 76274 MiB
2026/09/28 09:21:31.412, 0, 100 %, 76486 MiB
2026/09/28 09:21:31.412, 1, 100 %, 76274 MiB
2026/09/28 09:21:31.412, 2, 100 %, 76274 MiB
2026/09/28 09:21:31.412, 3, 100 %, 76274 MiB
2026/09/28 09:21:31.412, 4, 100 %, 76274 MiB
2026/09/28 09:21:31.412, 5, 100 %, 76274 MiB
2026/09/28 09:21:31.412, 6, 100 %, 75986 MiB
2026/09/28 09:21:31.412, 7, 100 %, 76274 MiB
2026/09/28 09:21:36.412, 0, 100 %, 76486 MiB
2026/09/28 09:21:36.412, 1, 100 %, 76274 MiB
2026/09/28 09:21:36.413, 2, 100 %, 76274 MiB
2026/09/28 09:21:36.413, 3, 100 %, 76274 MiB
2026/09/28 09:21:36.414, 4, 100 %, 76274 MiB
2026/09/28 09:21:36.414, 5, 100 %, 76274 MiB
2026/09/28 09:21:36.414, 6, 100 %, 75986 MiB
2026/09/28 09:21:36.415, 7, 100 %, 76274 MiB
2026/09/28 09:21:41.416, 0, 99 %, 76486 MiB
2026/09/28 09:21:41.416, 1, 100 %, 76274 MiB
2026/09/28 09:21:41.416, 2, 99 %, 76274 MiB
2026/09/28 09:21:41.416, 3, 99 %, 76274 MiB
2026/09/28 09:21:41.416, 4, 99 %, 76274 MiB
2026/09/28 09:21:41.416, 5, 99 %, 76274 MiB
2026/09/28 09:21:41.416, 6, 100 %, 75986 MiB
2026/09/28 09:21:41.416, 7, 100 %, 76274 MiB
2026/09/28 09:21:46.416, 0, 100 %, 76486 MiB
2026/09/28 09:21:46.416, 1, 100 %, 76274 MiB
2026/09/28 09:21:46.416, 2, 97 %, 76274 MiB
2026/09/28 09:21:46.416, 3, 100 %, 76274 MiB
2026/09/28 09:21:46.416, 4, 100 %, 76274 MiB
2026/09/28 09:21:46.416, 5, 100 %, 76274 MiB
2026/09/28 09:21:46.416, 6, 100 %, 75986 MiB
2026/09/28 09:21:46.416, 7, 100 %, 76274 MiB
2026/09/28 09:21:51.417, 0, 98 %, 76486 MiB
2026/09/28 09:21:51.417, 1, 100 %, 76274 MiB
2026/09/28 09:21:51.418, 2, 93 %, 76274 MiB
2026/09/28 09:21:51.419, 3, 98 %, 76274 MiB
2026/09/28 09:21:51.423, 4, 95 %, 76274 MiB
2026/09/28 09:21:51.424, 5, 100 %, 76274 MiB
2026/09/28 09:21:51.424, 6, 100 %, 75986 MiB
2026/09/28 09:21:51.424, 7, 86 %, 76274 MiB
2026/09/28 09:21:56.425, 0, 100 %, 76486 MiB
2026/09/28 09:21:56.425, 1, 100 %, 76274 MiB
2026/09/28 09:21:56.425, 2, 100 %, 76274 MiB
2026/09/28 09:21:56.425, 3, 100 %, 76274 MiB
2026/09/28 09:21:56.425, 4, 100 %, 76274 MiB
2026/09/28 09:21:56.425, 5, 100 %, 76274 MiB
2026/09/28 09:21:56.425, 6, 100 %, 75986 MiB
2026/09/28 09:21:56.425, 7, 100 %, 76274 MiB
2026/09/28 09:22:01.426, 0, 100 %, 76486 MiB
2026/09/28 09:22:01.426, 1, 100 %, 76274 MiB
2026/09/28 09:22:01.426, 2, 100 %, 76274 MiB
2026/09/28 09:22:01.426, 3, 100 %, 76274 MiB
2026/09/28 09:22:01.426, 4, 100 %, 76274 MiB
2026/09/28 09:22:01.426, 5, 100 %, 76274 MiB
2026/09/28 09:22:01.426, 6, 100 %, 75986 MiB
2026/09/28 09:22:01.426, 7, 100 %, 76274 MiB
2026/09/28 09:22:06.426, 0, 100 %, 76486 MiB
2026/09/28 09:22:06.426, 1, 100 %, 76274 MiB
2026/09/28 09:22:06.426, 2, 100 %, 76274 MiB
2026/09/28 09:22:06.427, 3, 100 %, 76274 MiB
2026/09/28 09:22:06.427, 4, 100 %, 76274 MiB
2026/09/28 09:22:06.428, 5, 100 %, 76274 MiB
2026/09/28 09:22:06.433, 6, 100 %, 75986 MiB
2026/09/28 09:22:06.436, 7, 100 %, 76274 MiB
2026/09/28 09:22:11.436, 0, 99 %, 76486 MiB
2026/09/28 09:22:11.437, 1, 99 %, 76274 MiB
2026/09/28 09:22:11.437, 2, 99 %, 76274 MiB
2026/09/28 09:22:11.437, 3, 99 %, 76274 MiB
2026/09/28 09:22:11.437, 4, 97 %, 76274 MiB
2026/09/28 09:22:11.437, 5, 99 %, 76274 MiB
2026/09/28 09:22:11.437, 6, 99 %, 75986 MiB
2026/09/28 09:22:11.437, 7, 99 %, 76274 MiB
2026/09/28 09:22:16.437, 0, 97 %, 76486 MiB
2026/09/28 09:22:16.437, 1, 95 %, 76274 MiB
2026/09/28 09:22:16.437, 2, 97 %, 76274 MiB
2026/09/28 09:22:16.438, 3, 94 %, 76274 MiB
2026/09/28 09:22:16.438, 4, 97 %, 76274 MiB
2026/09/28 09:22:16.438, 5, 97 %, 76274 MiB
2026/09/28 09:22:16.439, 6, 96 %, 75986 MiB
2026/09/28 09:22:16.439, 7, 96 %, 76274 MiB
2026/09/28 09:22:21.440, 0, 99 %, 76486 MiB
2026/09/28 09:22:21.738, 1, 100 %, 76274 MiB
2026/09/28 09:22:21.742, 2, 100 %, 76274 MiB
2026/09/28 09:22:21.747, 3, 98 %, 76274 MiB
2026/09/28 09:22:21.749, 4, 100 %, 76274 MiB
2026/09/28 09:22:21.750, 5, 100 %, 76274 MiB
2026/09/28 09:22:21.750, 6, 100 %, 75986 MiB
2026/09/28 09:22:21.753, 7, 99 %, 76274 MiB
2026/09/28 09:22:26.754, 0, 84 %, 76486 MiB
2026/09/28 09:22:26.755, 1, 88 %, 76274 MiB
2026/09/28 09:22:26.755, 2, 93 %, 76274 MiB
2026/09/28 09:22:26.755, 3, 83 %, 76274 MiB
2026/09/28 09:22:26.755, 4, 94 %, 76274 MiB
2026/09/28 09:22:26.755, 5, 89 %, 76274 MiB
2026/09/28 09:22:26.755, 6, 84 %, 75986 MiB
2026/09/28 09:22:26.755, 7, 93 %, 76274 MiB
2026/09/28 09:22:31.756, 0, 99 %, 76486 MiB
2026/09/28 09:22:31.756, 1, 98 %, 76274 MiB
2026/09/28 09:22:31.758, 2, 99 %, 76274 MiB
2026/09/28 09:22:31.758, 3, 99 %, 76274 MiB
2026/09/28 09:22:31.759, 4, 99 %, 76274 MiB
2026/09/28 09:22:31.759, 5, 99 %, 76274 MiB
2026/09/28 09:22:31.763, 6, 99 %, 75986 MiB
2026/09/28 09:22:31.763, 7, 99 %, 76274 MiB
2026/09/28 09:22:36.763, 0, 76 %, 76486 MiB
2026/09/28 09:22:36.764, 1, 100 %, 76274 MiB
2026/09/28 09:22:36.764, 2, 100 %, 76274 MiB
2026/09/28 09:22:36.765, 3, 100 %, 76274 MiB
2026/09/28 09:22:36.765, 4, 100 %, 76274 MiB
2026/09/28 09:22:36.766, 5, 100 %, 76274 MiB
2026/09/28 09:22:36.766, 6, 100 %, 75986 MiB
2026/09/28 09:22:36.766, 7, 100 %, 76274 MiB
2026/09/28 09:22:41.767, 0, 97 %, 76486 MiB
2026/09/28 09:22:41.767, 1, 95 %, 76274 MiB
2026/09/28 09:22:41.767, 2, 78 %, 76274 MiB
2026/09/28 09:22:41.767, 3, 91 %, 76274 MiB
2026/09/28 09:22:41.767, 4, 81 %, 76274 MiB
2026/09/28 09:22:41.767, 5, 84 %, 76274 MiB
2026/09/28 09:22:41.767, 6, 96 %, 75986 MiB
2026/09/28 09:22:41.767, 7, 90 %, 76274 MiB
2026/09/28 09:22:46.767, 0, 100 %, 76486 MiB
2026/09/28 09:22:46.768, 1, 100 %, 76274 MiB
2026/09/28 09:22:46.770, 2, 100 %, 76274 MiB
2026/09/28 09:22:46.770, 3, 100 %, 76274 MiB
2026/09/28 09:22:46.770, 4, 100 %, 76274 MiB
2026/09/28 09:22:46.770, 5, 100 %, 76274 MiB
2026/09/28 09:22:46.771, 6, 100 %, 75986 MiB
2026/09/28 09:22:46.771, 7, 100 %, 76274 MiB
2026/09/28 09:22:51.772, 0, 100 %, 76486 MiB
2026/09/28 09:22:51.773, 1, 100 %, 76274 MiB
2026/09/28 09:22:51.773, 2, 100 %, 76274 MiB
2026/09/28 09:22:51.773, 3, 100 %, 76274 MiB
2026/09/28 09:22:51.774, 4, 100 %, 76274 MiB
2026/09/28 09:22:51.774, 5, 100 %, 76274 MiB
2026/09/28 09:22:51.774, 6, 100 %, 75986 MiB
2026/09/28 09:22:51.775, 7, 100 %, 76274 MiB
2026/09/28 09:22:56.775, 0, 100 %, 76486 MiB
2026/09/28 09:22:56.775, 1, 100 %, 76274 MiB
2026/09/28 09:22:56.775, 2, 94 %, 76274 MiB
2026/09/28 09:22:56.775, 3, 82 %, 76274 MiB
2026/09/28 09:22:56.775, 4, 92 %, 76274 MiB
2026/09/28 09:22:56.775, 5, 100 %, 76274 MiB
2026/09/28 09:22:56.775, 6, 100 %, 75986 MiB
2026/09/28 09:22:56.775, 7, 100 %, 76274 MiB
2026/09/28 09:23:01.776, 0, 99 %, 76486 MiB
2026/09/28 09:23:01.778, 1, 99 %, 76274 MiB
2026/09/28 09:23:01.780, 2, 99 %, 76274 MiB
2026/09/28 09:23:01.780, 3, 99 %, 76274 MiB
2026/09/28 09:23:01.782, 4, 99 %, 76274 MiB
2026/09/28 09:23:01.783, 5, 99 %, 76274 MiB
2026/09/28 09:23:01.785, 6, 99 %, 75986 MiB
2026/09/28 09:23:01.785, 7, 99 %, 76274 MiB
2026/09/28 09:23:06.786, 0, 100 %, 76486 MiB
2026/09/28 09:23:06.786, 1, 100 %, 76274 MiB
2026/09/28 09:23:06.786, 2, 100 %, 76274 MiB
2026/09/28 09:23:06.786, 3, 100 %, 76274 MiB
2026/09/28 09:23:06.786, 4, 100 %, 76274 MiB
2026/09/28 09:23:06.786, 5, 100 %, 76274 MiB
2026/09/28 09:23:06.786, 6, 100 %, 75986 MiB
2026/09/28 09:23:06.786, 7, 100 %, 76274 MiB
2026/09/28 09:23:11.786, 0, 56 %, 76486 MiB
2026/09/28 09:23:11.787, 1, 67 %, 76274 MiB
2026/09/28 09:23:11.789, 2, 66 %, 76274 MiB
2026/09/28 09:23:11.789, 3, 67 %, 76274 MiB
2026/09/28 09:23:11.790, 4, 61 %, 76274 MiB
2026/09/28 09:23:11.790, 5, 83 %, 76274 MiB
2026/09/28 09:23:11.790, 6, 66 %, 75986 MiB
2026/09/28 09:23:11.791, 7, 62 %, 76274 MiB
2026/09/28 09:23:16.792, 0, 100 %, 76486 MiB
2026/09/28 09:23:16.792, 1, 100 %, 76274 MiB
2026/09/28 09:23:16.792, 2, 100 %, 76274 MiB
2026/09/28 09:23:16.792, 3, 100 %, 76274 MiB
2026/09/28 09:23:16.792, 4, 100 %, 76274 MiB
2026/09/28 09:23:16.792, 5, 100 %, 76274 MiB
2026/09/28 09:23:16.792, 6, 100 %, 75986 MiB
2026/09/28 09:23:16.792, 7, 100 %, 76274 MiB
2026/09/28 09:23:21.792, 0, 100 %, 76486 MiB
2026/09/28 09:23:21.793, 1, 100 %, 76274 MiB
2026/09/28 09:23:21.798, 2, 100 %, 76274 MiB
2026/09/28 09:23:21.799, 3, 100 %, 76274 MiB
2026/09/28 09:23:21.802, 4, 100 %, 76274 MiB
2026/09/28 09:23:21.807, 5, 100 %, 76274 MiB
2026/09/28 09:23:21.807, 6, 100 %, 75986 MiB
2026/09/28 09:23:21.808, 7, 100 %, 76274 MiB
2026/09/28 09:23:26.809, 0, 100 %, 76486 MiB
2026/09/28 09:23:26.810, 1, 100 %, 76274 MiB
2026/09/28 09:23:26.811, 2, 100 %, 76274 MiB
2026/09/28 09:23:26.811, 3, 100 %, 76274 MiB
2026/09/28 09:23:26.811, 4, 100 %, 76274 MiB
2026/09/28 09:23:26.811, 5, 100 %, 76274 MiB
2026/09/28 09:23:26.811, 6, 100 %, 75986 MiB
2026/09/28 09:23:26.812, 7, 100 %, 76274 MiB
2026/09/28 09:23:31.812, 0, 94 %, 76486 MiB
2026/09/28 09:23:31.813, 1, 92 %, 76274 MiB
2026/09/28 09:23:31.814, 2, 100 %, 76274 MiB
2026/09/28 09:23:31.814, 3, 100 %, 76274 MiB
2026/09/28 09:23:31.815, 4, 79 %, 76274 MiB
2026/09/28 09:23:31.815, 5, 85 %, 76274 MiB
2026/09/28 09:23:31.816, 6, 97 %, 75986 MiB
2026/09/28 09:23:31.816, 7, 100 %, 76274 MiB
2026/09/28 09:23:36.821, 0, 100 %, 76486 MiB
2026/09/28 09:23:36.821, 1, 100 %, 76274 MiB
2026/09/28 09:23:36.821, 2, 94 %, 76274 MiB
2026/09/28 09:23:36.821, 3, 99 %, 76274 MiB
2026/09/28 09:23:36.821, 4, 100 %, 76274 MiB
2026/09/28 09:23:36.822, 5, 99 %, 76274 MiB
2026/09/28 09:23:36.822, 6, 99 %, 75986 MiB
2026/09/28 09:23:36.822, 7, 99 %, 76274 MiB
2026/09/28 09:23:41.822, 0, 100 %, 76486 MiB
2026/09/28 09:23:41.822, 1, 98 %, 76274 MiB
2026/09/28 09:23:41.823, 2, 99 %, 76274 MiB
2026/09/28 09:23:41.824, 3, 100 %, 76274 MiB
2026/09/28 09:23:41.825, 4, 100 %, 76274 MiB
2026/09/28 09:23:41.825, 5, 100 %, 76274 MiB
2026/09/28 09:23:41.825, 6, 99 %, 75986 MiB
2026/09/28 09:23:41.825, 7, 100 %, 76274 MiB
2026/09/28 09:23:46.827, 0, 100 %, 76486 MiB
2026/09/28 09:23:46.827, 1, 100 %, 76274 MiB
2026/09/28 09:23:46.827, 2, 100 %, 76274 MiB
2026/09/28 09:23:46.827, 3, 100 %, 76274 MiB
2026/09/28 09:23:46.827, 4, 99 %, 76274 MiB
2026/09/28 09:23:46.827, 5, 100 %, 76274 MiB
2026/09/28 09:23:46.827, 6, 99 %, 75986 MiB
2026/09/28 09:23:46.827, 7, 99 %, 76274 MiB
2026/09/28 09:23:51.828, 0, 100 %, 76486 MiB
2026/09/28 09:23:51.828, 1, 100 %, 76274 MiB
2026/09/28 09:23:51.828, 2, 100 %, 76274 MiB
2026/09/28 09:23:51.828, 3, 100 %, 76274 MiB
2026/09/28 09:23:51.828, 4, 100 %, 76274 MiB
2026/09/28 09:23:51.828, 5, 100 %, 76274 MiB
2026/09/28 09:23:51.828, 6, 100 %, 75986 MiB
2026/09/28 09:23:51.828, 7, 100 %, 76274 MiB
2026/09/28 09:23:56.828, 0, 88 %, 76486 MiB
2026/09/28 09:23:56.828, 1, 86 %, 76274 MiB
2026/09/28 09:23:56.828, 2, 99 %, 76274 MiB
2026/09/28 09:23:56.828, 3, 94 %, 76274 MiB
2026/09/28 09:23:56.828, 4, 100 %, 76274 MiB
2026/09/28 09:23:56.828, 5, 100 %, 76274 MiB
2026/09/28 09:23:56.828, 6, 90 %, 75986 MiB
2026/09/28 09:23:56.828, 7, 94 %, 76274 MiB
2026/09/28 09:24:01.828, 0, 67 %, 76486 MiB
2026/09/28 09:24:01.828, 1, 67 %, 76274 MiB
2026/09/28 09:24:01.828, 2, 73 %, 76274 MiB
2026/09/28 09:24:01.828, 3, 65 %, 76274 MiB
2026/09/28 09:24:01.828, 4, 86 %, 76274 MiB
2026/09/28 09:24:01.828, 5, 83 %, 76274 MiB
2026/09/28 09:24:01.828, 6, 64 %, 75986 MiB
2026/09/28 09:24:01.829, 7, 64 %, 76274 MiB
2026/09/28 09:24:06.829, 0, 100 %, 76486 MiB
2026/09/28 09:24:06.829, 1, 100 %, 76274 MiB
2026/09/28 09:24:06.829, 2, 100 %, 76274 MiB
2026/09/28 09:24:06.829, 3, 100 %, 76274 MiB
2026/09/28 09:24:06.829, 4, 100 %, 76274 MiB
2026/09/28 09:24:06.829, 5, 100 %, 76274 MiB
2026/09/28 09:24:06.829, 6, 100 %, 75986 MiB
2026/09/28 09:24:06.829, 7, 100 %, 76274 MiB
2026/09/28 09:24:11.829, 0, 97 %, 76486 MiB
2026/09/28 09:24:11.831, 1, 97 %, 76274 MiB
2026/09/28 09:24:11.832, 2, 96 %, 76274 MiB
2026/09/28 09:24:11.833, 3, 96 %, 76274 MiB
2026/09/28 09:24:11.834, 4, 96 %, 76274 MiB
2026/09/28 09:24:11.834, 5, 96 %, 76274 MiB
2026/09/28 09:24:11.835, 6, 97 %, 75986 MiB
2026/09/28 09:24:11.836, 7, 97 %, 76274 MiB
2026/09/28 09:24:16.837, 0, 79 %, 76486 MiB
2026/09/28 09:24:16.837, 1, 79 %, 76274 MiB
2026/09/28 09:24:16.838, 2, 86 %, 76274 MiB
2026/09/28 09:24:16.838, 3, 87 %, 76274 MiB
2026/09/28 09:24:16.839, 4, 84 %, 76274 MiB
2026/09/28 09:24:16.839, 5, 83 %, 76274 MiB
2026/09/28 09:24:16.840, 6, 92 %, 75986 MiB
2026/09/28 09:24:16.840, 7, 84 %, 76274 MiB
2026/09/28 09:24:21.841, 0, 98 %, 76486 MiB
2026/09/28 09:24:21.842, 1, 97 %, 76274 MiB
2026/09/28 09:24:21.843, 2, 100 %, 76274 MiB
2026/09/28 09:24:21.843, 3, 100 %, 76274 MiB
2026/09/28 09:24:21.844, 4, 100 %, 76274 MiB
2026/09/28 09:24:21.845, 5, 100 %, 76274 MiB
2026/09/28 09:24:21.846, 6, 99 %, 75986 MiB
2026/09/28 09:24:21.846, 7, 100 %, 76274 MiB
2026/09/28 09:24:26.849, 0, 98 %, 76486 MiB
2026/09/28 09:24:26.961, 1, 98 %, 76274 MiB
2026/09/28 09:24:26.964, 2, 98 %, 76274 MiB
2026/09/28 09:24:26.966, 3, 71 %, 76274 MiB
2026/09/28 09:24:26.968, 4, 99 %, 76274 MiB
2026/09/28 09:24:26.971, 5, 99 %, 76274 MiB
2026/09/28 09:24:26.971, 6, 98 %, 75986 MiB
2026/09/28 09:24:26.974, 7, 98 %, 76274 MiB
2026/09/28 09:24:31.974, 0, 84 %, 76486 MiB
2026/09/28 09:24:32.240, 1, 87 %, 76274 MiB
2026/09/28 09:24:32.241, 2, 100 %, 76274 MiB
2026/09/28 09:24:32.248, 3, 100 %, 76274 MiB
2026/09/28 09:24:32.248, 4, 67 %, 76274 MiB
2026/09/28 09:24:32.250, 5, 100 %, 76274 MiB
2026/09/28 09:24:32.252, 6, 91 %, 75986 MiB
2026/09/28 09:24:32.253, 7, 99 %, 76274 MiB
2026/09/28 09:24:37.254, 0, 100 %, 76486 MiB
2026/09/28 09:24:37.310, 1, 100 %, 76274 MiB
2026/09/28 09:24:37.314, 2, 100 %, 76274 MiB
2026/09/28 09:24:37.315, 3, 100 %, 76274 MiB
2026/09/28 09:24:37.315, 4, 100 %, 76274 MiB
2026/09/28 09:24:37.322, 5, 100 %, 76274 MiB
2026/09/28 09:24:37.322, 6, 100 %, 75986 MiB
2026/09/28 09:24:37.326, 7, 100 %, 76274 MiB
2026/09/28 09:24:42.327, 0, 100 %, 76486 MiB
2026/09/28 09:24:42.327, 1, 100 %, 76274 MiB
2026/09/28 09:24:42.328, 2, 100 %, 76274 MiB
2026/09/28 09:24:42.328, 3, 100 %, 76274 MiB
2026/09/28 09:24:42.328, 4, 100 %, 76274 MiB
2026/09/28 09:24:42.328, 5, 100 %, 76274 MiB
2026/09/28 09:24:42.328, 6, 100 %, 75986 MiB
2026/09/28 09:24:42.328, 7, 100 %, 76274 MiB
2026/09/28 09:24:47.328, 0, 100 %, 76486 MiB
2026/09/28 09:24:47.328, 1, 100 %, 76274 MiB
2026/09/28 09:24:47.329, 2, 100 %, 76274 MiB
2026/09/28 09:24:47.329, 3, 100 %, 76274 MiB
2026/09/28 09:24:47.330, 4, 100 %, 76274 MiB
2026/09/28 09:24:47.330, 5, 100 %, 76274 MiB
2026/09/28 09:24:47.331, 6, 100 %, 75986 MiB
2026/09/28 09:24:47.331, 7, 100 %, 76274 MiB
2026/09/28 09:24:52.332, 0, 98 %, 76486 MiB
2026/09/28 09:24:52.332, 1, 98 %, 76274 MiB
2026/09/28 09:24:52.332, 2, 97 %, 76274 MiB
2026/09/28 09:24:52.332, 3, 97 %, 76274 MiB
2026/09/28 09:24:52.332, 4, 100 %, 76274 MiB
2026/09/28 09:24:52.332, 5, 98 %, 76274 MiB
2026/09/28 09:24:52.332, 6, 98 %, 75986 MiB
2026/09/28 09:24:52.332, 7, 98 %, 76274 MiB
2026/09/28 09:24:57.333, 0, 100 %, 76486 MiB
2026/09/28 09:24:57.333, 1, 100 %, 76274 MiB
2026/09/28 09:24:57.333, 2, 99 %, 76274 MiB
2026/09/28 09:24:57.333, 3, 100 %, 76274 MiB
2026/09/28 09:24:57.334, 4, 100 %, 76274 MiB
2026/09/28 09:24:57.334, 5, 100 %, 76274 MiB
2026/09/28 09:24:57.335, 6, 100 %, 75986 MiB
2026/09/28 09:24:57.335, 7, 100 %, 76274 MiB
2026/09/28 09:25:02.335, 0, 100 %, 76486 MiB
2026/09/28 09:25:02.336, 1, 100 %, 76274 MiB
2026/09/28 09:25:02.337, 2, 100 %, 76274 MiB
2026/09/28 09:25:02.337, 3, 100 %, 76274 MiB
2026/09/28 09:25:02.337, 4, 100 %, 76274 MiB
2026/09/28 09:25:02.337, 5, 100 %, 76274 MiB
2026/09/28 09:25:02.337, 6, 100 %, 75986 MiB
2026/09/28 09:25:02.337, 7, 100 %, 76274 MiB
2026/09/28 09:25:07.337, 0, 94 %, 76486 MiB
2026/09/28 09:25:07.337, 1, 100 %, 76274 MiB
2026/09/28 09:25:07.338, 2, 100 %, 76274 MiB
2026/09/28 09:25:07.340, 3, 100 %, 76274 MiB
2026/09/28 09:25:07.342, 4, 100 %, 76274 MiB
2026/09/28 09:25:07.342, 5, 100 %, 76274 MiB
2026/09/28 09:25:07.343, 6, 100 %, 75986 MiB
2026/09/28 09:25:07.343, 7, 100 %, 76274 MiB
2026/09/28 09:25:12.344, 0, 100 %, 76486 MiB
2026/09/28 09:25:12.344, 1, 100 %, 76274 MiB
2026/09/28 09:25:12.344, 2, 100 %, 76274 MiB
2026/09/28 09:25:12.344, 3, 100 %, 76274 MiB
2026/09/28 09:25:12.344, 4, 98 %, 76274 MiB
2026/09/28 09:25:12.344, 5, 98 %, 76274 MiB
2026/09/28 09:25:12.344, 6, 99 %, 75986 MiB
2026/09/28 09:25:12.344, 7, 100 %, 76274 MiB
2026/09/28 09:25:17.345, 0, 100 %, 76486 MiB
2026/09/28 09:25:17.345, 1, 100 %, 76274 MiB
2026/09/28 09:25:17.346, 2, 100 %, 76274 MiB
2026/09/28 09:25:17.346, 3, 100 %, 76274 MiB
2026/09/28 09:25:17.348, 4, 100 %, 76274 MiB
2026/09/28 09:25:17.349, 5, 100 %, 76274 MiB
2026/09/28 09:25:17.349, 6, 100 %, 75986 MiB
2026/09/28 09:25:17.349, 7, 100 %, 76274 MiB
2026/09/28 09:25:22.350, 0, 97 %, 76486 MiB
2026/09/28 09:25:22.350, 1, 89 %, 76274 MiB
2026/09/28 09:25:22.351, 2, 76 %, 76274 MiB
2026/09/28 09:25:22.351, 3, 100 %, 76274 MiB
2026/09/28 09:25:22.352, 4, 100 %, 76274 MiB
2026/09/28 09:25:22.352, 5, 100 %, 76274 MiB
2026/09/28 09:25:22.353, 6, 84 %, 75986 MiB
2026/09/28 09:25:22.353, 7, 73 %, 76274 MiB
2026/09/28 09:25:27.354, 0, 100 %, 76486 MiB
2026/09/28 09:25:27.354, 1, 100 %, 76274 MiB
2026/09/28 09:25:27.354, 2, 100 %, 76274 MiB
2026/09/28 09:25:27.354, 3, 100 %, 76274 MiB
2026/09/28 09:25:27.354, 4, 100 %, 76274 MiB
2026/09/28 09:25:27.354, 5, 100 %, 76274 MiB
2026/09/28 09:25:27.354, 6, 100 %, 75986 MiB
2026/09/28 09:25:27.354, 7, 100 %, 76274 MiB
2026/09/28 09:25:32.354, 0, 67 %, 76486 MiB
2026/09/28 09:25:32.355, 1, 73 %, 76274 MiB
2026/09/28 09:25:32.355, 2, 79 %, 76274 MiB
2026/09/28 09:25:32.357, 3, 82 %, 76274 MiB
2026/09/28 09:25:32.359, 4, 68 %, 76274 MiB
2026/09/28 09:25:32.359, 5, 66 %, 76274 MiB
2026/09/28 09:25:32.359, 6, 73 %, 75986 MiB
2026/09/28 09:25:32.361, 7, 77 %, 76274 MiB
2026/09/28 09:25:37.361, 0, 87 %, 76486 MiB
2026/09/28 09:25:37.361, 1, 84 %, 76274 MiB
2026/09/28 09:25:37.363, 2, 80 %, 76274 MiB
2026/09/28 09:25:37.364, 3, 82 %, 76274 MiB
2026/09/28 09:25:37.365, 4, 89 %, 76274 MiB
2026/09/28 09:25:37.367, 5, 90 %, 76274 MiB
2026/09/28 09:25:37.368, 6, 95 %, 75986 MiB
2026/09/28 09:25:37.372, 7, 94 %, 76274 MiB
2026/09/28 09:25:42.373, 0, 100 %, 76486 MiB
2026/09/28 09:25:42.373, 1, 100 %, 76274 MiB
2026/09/28 09:25:42.373, 2, 100 %, 76274 MiB
2026/09/28 09:25:42.373, 3, 100 %, 76274 MiB
2026/09/28 09:25:42.373, 4, 100 %, 76274 MiB
2026/09/28 09:25:42.373, 5, 100 %, 76274 MiB
2026/09/28 09:25:42.373, 6, 100 %, 75986 MiB
2026/09/28 09:25:42.373, 7, 100 %, 76274 MiB
2026/09/28 09:25:47.373, 0, 83 %, 76486 MiB
2026/09/28 09:25:47.373, 1, 74 %, 76274 MiB
2026/09/28 09:25:47.373, 2, 70 %, 76274 MiB
2026/09/28 09:25:47.373, 3, 73 %, 76274 MiB
2026/09/28 09:25:47.373, 4, 81 %, 76274 MiB
2026/09/28 09:25:47.373, 5, 77 %, 76274 MiB
2026/09/28 09:25:47.373, 6, 72 %, 75986 MiB
2026/09/28 09:25:47.373, 7, 72 %, 76274 MiB
2026/09/28 09:25:52.374, 0, 100 %, 76486 MiB
2026/09/28 09:25:52.374, 1, 100 %, 76274 MiB
2026/09/28 09:25:52.374, 2, 100 %, 76274 MiB
2026/09/28 09:25:52.375, 3, 100 %, 76274 MiB
2026/09/28 09:25:52.375, 4, 100 %, 76274 MiB
2026/09/28 09:25:52.375, 5, 100 %, 76274 MiB
2026/09/28 09:25:52.376, 6, 100 %, 75986 MiB
2026/09/28 09:25:52.376, 7, 100 %, 76274 MiB
2026/09/28 09:25:57.377, 0, 100 %, 76486 MiB
2026/09/28 09:25:57.377, 1, 100 %, 76274 MiB
2026/09/28 09:25:57.378, 2, 100 %, 76274 MiB
2026/09/28 09:25:57.378, 3, 100 %, 76274 MiB
2026/09/28 09:25:57.378, 4, 100 %, 76274 MiB
2026/09/28 09:25:57.378, 5, 100 %, 76274 MiB
2026/09/28 09:25:57.378, 6, 100 %, 75986 MiB
2026/09/28 09:25:57.378, 7, 100 %, 76274 MiB
2026/09/28 09:26:02.379, 0, 100 %, 76486 MiB
2026/09/28 09:26:02.379, 1, 100 %, 76274 MiB
2026/09/28 09:26:02.379, 2, 100 %, 76274 MiB
2026/09/28 09:26:02.379, 3, 100 %, 76274 MiB
2026/09/28 09:26:02.379, 4, 100 %, 76274 MiB
2026/09/28 09:26:02.379, 5, 100 %, 76274 MiB
2026/09/28 09:26:02.379, 6, 100 %, 75986 MiB
2026/09/28 09:26:02.379, 7, 100 %, 76274 MiB
2026/09/28 09:26:07.379, 0, 100 %, 76486 MiB
2026/09/28 09:26:07.379, 1, 99 %, 76274 MiB
2026/09/28 09:26:07.380, 2, 99 %, 76274 MiB
2026/09/28 09:26:07.380, 3, 99 %, 76274 MiB
2026/09/28 09:26:07.380, 4, 100 %, 76274 MiB
2026/09/28 09:26:07.381, 5, 99 %, 76274 MiB
2026/09/28 09:26:07.381, 6, 100 %, 75986 MiB
2026/09/28 09:26:07.381, 7, 99 %, 76274 MiB
2026/09/28 09:26:12.382, 0, 100 %, 76486 MiB
2026/09/28 09:26:12.382, 1, 100 %, 76274 MiB
2026/09/28 09:26:12.382, 2, 100 %, 76274 MiB
2026/09/28 09:26:12.382, 3, 100 %, 76274 MiB
2026/09/28 09:26:12.382, 4, 100 %, 76274 MiB
2026/09/28 09:26:12.382, 5, 100 %, 76274 MiB
2026/09/28 09:26:12.382, 6, 100 %, 75986 MiB
2026/09/28 09:26:12.382, 7, 100 %, 76274 MiB
2026/09/28 09:26:17.382, 0, 99 %, 76486 MiB
2026/09/28 09:26:17.382, 1, 97 %, 76274 MiB
2026/09/28 09:26:17.383, 2, 97 %, 76274 MiB
2026/09/28 09:26:17.383, 3, 97 %, 76274 MiB
2026/09/28 09:26:17.384, 4, 98 %, 76274 MiB
2026/09/28 09:26:17.384, 5, 98 %, 76274 MiB
2026/09/28 09:26:17.384, 6, 100 %, 75986 MiB
2026/09/28 09:26:17.385, 7, 97 %, 76274 MiB
2026/09/28 09:26:22.387, 0, 100 %, 76486 MiB
2026/09/28 09:26:22.387, 1, 100 %, 76274 MiB
2026/09/28 09:26:22.387, 2, 100 %, 76274 MiB
2026/09/28 09:26:22.387, 3, 100 %, 76274 MiB
2026/09/28 09:26:22.387, 4, 100 %, 76274 MiB
2026/09/28 09:26:22.387, 5, 100 %, 76274 MiB
2026/09/28 09:26:22.387, 6, 100 %, 75986 MiB
2026/09/28 09:26:22.387, 7, 100 %, 76274 MiB
2026/09/28 09:26:27.387, 0, 100 %, 76486 MiB
2026/09/28 09:26:27.387, 1, 95 %, 76274 MiB
2026/09/28 09:26:27.387, 2, 100 %, 76274 MiB
2026/09/28 09:26:27.387, 3, 100 %, 76274 MiB
2026/09/28 09:26:27.388, 4, 100 %, 76274 MiB
2026/09/28 09:26:27.388, 5, 75 %, 76274 MiB
2026/09/28 09:26:27.388, 6, 98 %, 75986 MiB
2026/09/28 09:26:27.388, 7, 100 %, 76274 MiB
2026/09/28 09:26:32.389, 0, 100 %, 76486 MiB
2026/09/28 09:26:32.389, 1, 100 %, 76274 MiB
2026/09/28 09:26:32.389, 2, 100 %, 76274 MiB
2026/09/28 09:26:32.390, 3, 100 %, 76274 MiB
2026/09/28 09:26:32.390, 4, 100 %, 76274 MiB
2026/09/28 09:26:32.390, 5, 100 %, 76274 MiB
2026/09/28 09:26:32.390, 6, 100 %, 75986 MiB
2026/09/28 09:26:32.391, 7, 100 %, 76274 MiB
2026/09/28 09:26:37.391, 0, 100 %, 76486 MiB
2026/09/28 09:26:37.392, 1, 92 %, 76274 MiB
2026/09/28 09:26:37.393, 2, 86 %, 76274 MiB
2026/09/28 09:26:37.393, 3, 100 %, 76274 MiB
2026/09/28 09:26:37.393, 4, 100 %, 76274 MiB
2026/09/28 09:26:37.394, 5, 100 %, 76274 MiB
2026/09/28 09:26:37.394, 6, 90 %, 75986 MiB
2026/09/28 09:26:37.394, 7, 98 %, 76274 MiB
2026/09/28 09:26:42.394, 0, 65 %, 76486 MiB
2026/09/28 09:26:42.394, 1, 66 %, 76274 MiB
2026/09/28 09:26:42.395, 2, 78 %, 76274 MiB
2026/09/28 09:26:42.395, 3, 70 %, 76274 MiB
2026/09/28 09:26:42.395, 4, 67 %, 76274 MiB
2026/09/28 09:26:42.395, 5, 67 %, 76274 MiB
2026/09/28 09:26:42.395, 6, 86 %, 75986 MiB
2026/09/28 09:26:42.395, 7, 80 %, 76274 MiB
2026/09/28 09:26:47.395, 0, 95 %, 76486 MiB
2026/09/28 09:26:47.451, 1, 85 %, 76274 MiB
2026/09/28 09:26:47.452, 2, 79 %, 76274 MiB
2026/09/28 09:26:47.453, 3, 97 %, 76274 MiB
2026/09/28 09:26:47.453, 4, 95 %, 76274 MiB
2026/09/28 09:26:47.454, 5, 74 %, 76274 MiB
2026/09/28 09:26:47.455, 6, 82 %, 75986 MiB
2026/09/28 09:26:47.456, 7, 78 %, 76274 MiB
2026/09/28 09:26:52.457, 0, 95 %, 76486 MiB
2026/09/28 09:26:52.457, 1, 83 %, 76274 MiB
2026/09/28 09:26:52.457, 2, 76 %, 76274 MiB
2026/09/28 09:26:52.458, 3, 92 %, 76274 MiB
2026/09/28 09:26:52.458, 4, 94 %, 76274 MiB
2026/09/28 09:26:52.459, 5, 68 %, 76274 MiB
2026/09/28 09:26:52.459, 6, 80 %, 75986 MiB
2026/09/28 09:26:52.459, 7, 73 %, 76274 MiB
2026/09/28 09:26:57.460, 0, 100 %, 76486 MiB
2026/09/28 09:26:57.460, 1, 100 %, 76274 MiB
2026/09/28 09:26:57.460, 2, 100 %, 76274 MiB
2026/09/28 09:26:57.460, 3, 100 %, 76274 MiB
2026/09/28 09:26:57.460, 4, 100 %, 76274 MiB
2026/09/28 09:26:57.460, 5, 100 %, 76274 MiB
2026/09/28 09:26:57.460, 6, 100 %, 75986 MiB
2026/09/28 09:26:57.461, 7, 100 %, 76274 MiB
2026/09/28 09:27:02.461, 0, 72 %, 76486 MiB
2026/09/28 09:27:02.461, 1, 92 %, 76274 MiB
2026/09/28 09:27:02.461, 2, 100 %, 76274 MiB
2026/09/28 09:27:02.461, 3, 65 %, 76274 MiB
2026/09/28 09:27:02.461, 4, 78 %, 76274 MiB
2026/09/28 09:27:02.461, 5, 69 %, 76274 MiB
2026/09/28 09:27:02.461, 6, 66 %, 75986 MiB
2026/09/28 09:27:02.461, 7, 62 %, 76274 MiB
2026/09/28 09:27:07.462, 0, 98 %, 76486 MiB
2026/09/28 09:27:07.462, 1, 99 %, 76274 MiB
2026/09/28 09:27:07.462, 2, 99 %, 76274 MiB
2026/09/28 09:27:07.462, 3, 99 %, 76274 MiB
2026/09/28 09:27:07.462, 4, 99 %, 76274 MiB
2026/09/28 09:27:07.462, 5, 99 %, 76274 MiB
2026/09/28 09:27:07.462, 6, 99 %, 75986 MiB
2026/09/28 09:27:07.462, 7, 99 %, 76274 MiB
2026/09/28 09:27:12.462, 0, 98 %, 76486 MiB
2026/09/28 09:27:12.462, 1, 98 %, 76274 MiB
2026/09/28 09:27:12.462, 2, 98 %, 76274 MiB
2026/09/28 09:27:12.462, 3, 98 %, 76274 MiB
2026/09/28 09:27:12.462, 4, 98 %, 76274 MiB
2026/09/28 09:27:12.462, 5, 100 %, 76274 MiB
2026/09/28 09:27:12.462, 6, 98 %, 75986 MiB
2026/09/28 09:27:12.462, 7, 98 %, 76274 MiB
2026/09/28 09:27:17.463, 0, 100 %, 76486 MiB
2026/09/28 09:27:17.463, 1, 81 %, 76274 MiB
2026/09/28 09:27:17.465, 2, 87 %, 76274 MiB
2026/09/28 09:27:17.466, 3, 97 %, 76274 MiB
2026/09/28 09:27:17.466, 4, 68 %, 76274 MiB
2026/09/28 09:27:17.467, 5, 69 %, 76274 MiB
2026/09/28 09:27:17.467, 6, 67 %, 75986 MiB
2026/09/28 09:27:17.467, 7, 67 %, 76274 MiB
2026/09/28 09:27:22.468, 0, 100 %, 76486 MiB
2026/09/28 09:27:22.468, 1, 100 %, 76274 MiB
2026/09/28 09:27:22.469, 2, 100 %, 76274 MiB
2026/09/28 09:27:22.469, 3, 100 %, 76274 MiB
2026/09/28 09:27:22.469, 4, 100 %, 76274 MiB
2026/09/28 09:27:22.470, 5, 100 %, 76274 MiB
2026/09/28 09:27:22.470, 6, 100 %, 75986 MiB
2026/09/28 09:27:22.471, 7, 100 %, 76274 MiB
2026/09/28 09:27:27.471, 0, 100 %, 76486 MiB
2026/09/28 09:27:27.471, 1, 100 %, 76274 MiB
2026/09/28 09:27:27.471, 2, 100 %, 76274 MiB
2026/09/28 09:27:27.471, 3, 100 %, 76274 MiB
2026/09/28 09:27:27.471, 4, 100 %, 76274 MiB
2026/09/28 09:27:27.471, 5, 100 %, 76274 MiB
2026/09/28 09:27:27.472, 6, 100 %, 75986 MiB
2026/09/28 09:27:27.472, 7, 100 %, 76274 MiB
2026/09/28 09:27:32.472, 0, 100 %, 76486 MiB
2026/09/28 09:27:32.475, 1, 100 %, 76274 MiB
2026/09/28 09:27:32.480, 2, 100 %, 76274 MiB
2026/09/28 09:27:32.480, 3, 100 %, 76274 MiB
2026/09/28 09:27:32.482, 4, 100 %, 76274 MiB
2026/09/28 09:27:32.482, 5, 100 %, 76274 MiB
2026/09/28 09:27:32.482, 6, 100 %, 75986 MiB
2026/09/28 09:27:32.485, 7, 100 %, 76274 MiB
2026/09/28 09:27:37.486, 0, 60 %, 76486 MiB
2026/09/28 09:27:37.487, 1, 70 %, 76274 MiB
2026/09/28 09:27:37.494, 2, 70 %, 76274 MiB
2026/09/28 09:27:37.496, 3, 65 %, 76274 MiB
2026/09/28 09:27:37.501, 4, 72 %, 76274 MiB
2026/09/28 09:27:37.505, 5, 73 %, 76274 MiB
2026/09/28 09:27:37.505, 6, 83 %, 75986 MiB
2026/09/28 09:27:37.506, 7, 67 %, 76274 MiB
2026/09/28 09:27:42.506, 0, 100 %, 76486 MiB
2026/09/28 09:27:42.506, 1, 100 %, 76274 MiB
2026/09/28 09:27:42.507, 2, 100 %, 76274 MiB
2026/09/28 09:27:42.507, 3, 100 %, 76274 MiB
2026/09/28 09:27:42.507, 4, 100 %, 76274 MiB
2026/09/28 09:27:42.507, 5, 100 %, 76274 MiB
2026/09/28 09:27:42.507, 6, 100 %, 75986 MiB
2026/09/28 09:27:42.508, 7, 100 %, 76274 MiB
2026/09/28 09:27:47.508, 0, 81 %, 76486 MiB
2026/09/28 09:27:47.509, 1, 100 %, 76274 MiB
2026/09/28 09:27:47.515, 2, 100 %, 76274 MiB
2026/09/28 09:27:47.518, 3, 100 %, 76274 MiB
2026/09/28 09:27:47.520, 4, 87 %, 76274 MiB
2026/09/28 09:27:47.520, 5, 100 %, 76274 MiB
2026/09/28 09:27:47.521, 6, 100 %, 75986 MiB
2026/09/28 09:27:47.521, 7, 100 %, 76274 MiB
2026/09/28 09:27:52.522, 0, 100 %, 76486 MiB
2026/09/28 09:27:52.522, 1, 100 %, 76274 MiB
2026/09/28 09:27:52.522, 2, 100 %, 76274 MiB
2026/09/28 09:27:52.523, 3, 100 %, 76274 MiB
2026/09/28 09:27:52.523, 4, 100 %, 76274 MiB
2026/09/28 09:27:52.523, 5, 100 %, 76274 MiB
2026/09/28 09:27:52.524, 6, 100 %, 75986 MiB
2026/09/28 09:27:52.524, 7, 100 %, 76274 MiB
2026/09/28 09:27:57.525, 0, 100 %, 76486 MiB
2026/09/28 09:27:57.525, 1, 100 %, 76274 MiB
2026/09/28 09:27:57.525, 2, 100 %, 76274 MiB
2026/09/28 09:27:57.525, 3, 100 %, 76274 MiB
2026/09/28 09:27:57.525, 4, 100 %, 76274 MiB
2026/09/28 09:27:57.525, 5, 100 %, 76274 MiB
2026/09/28 09:27:57.525, 6, 100 %, 75986 MiB
2026/09/28 09:27:57.525, 7, 100 %, 76274 MiB
2026/09/28 09:28:02.525, 0, 93 %, 76486 MiB
2026/09/28 09:28:02.526, 1, 71 %, 76274 MiB
2026/09/28 09:28:02.526, 2, 78 %, 76274 MiB
2026/09/28 09:28:02.526, 3, 80 %, 76274 MiB
2026/09/28 09:28:02.526, 4, 67 %, 76274 MiB
2026/09/28 09:28:02.526, 5, 76 %, 76274 MiB
2026/09/28 09:28:02.533, 6, 73 %, 75986 MiB
2026/09/28 09:28:02.534, 7, 81 %, 76274 MiB
2026/09/28 09:28:07.534, 0, 100 %, 76486 MiB
2026/09/28 09:28:07.535, 1, 100 %, 76274 MiB
2026/09/28 09:28:07.535, 2, 100 %, 76274 MiB
2026/09/28 09:28:07.535, 3, 100 %, 76274 MiB
2026/09/28 09:28:07.535, 4, 100 %, 76274 MiB
2026/09/28 09:28:07.535, 5, 100 %, 76274 MiB
2026/09/28 09:28:07.535, 6, 100 %, 75986 MiB
2026/09/28 09:28:07.535, 7, 100 %, 76274 MiB
2026/09/28 09:28:12.535, 0, 93 %, 76486 MiB
2026/09/28 09:28:12.535, 1, 86 %, 76274 MiB
2026/09/28 09:28:12.535, 2, 83 %, 76274 MiB
2026/09/28 09:28:12.535, 3, 94 %, 76274 MiB
2026/09/28 09:28:12.535, 4, 88 %, 76274 MiB
2026/09/28 09:28:12.535, 5, 91 %, 76274 MiB
2026/09/28 09:28:12.535, 6, 83 %, 75986 MiB
2026/09/28 09:28:12.535, 7, 96 %, 76274 MiB
2026/09/28 09:28:17.535, 0, 98 %, 76486 MiB
2026/09/28 09:28:17.536, 1, 98 %, 76274 MiB
2026/09/28 09:28:17.537, 2, 98 %, 76274 MiB
2026/09/28 09:28:17.537, 3, 98 %, 76274 MiB
2026/09/28 09:28:17.537, 4, 98 %, 76274 MiB
2026/09/28 09:28:17.539, 5, 98 %, 76274 MiB
2026/09/28 09:28:17.539, 6, 98 %, 75986 MiB
2026/09/28 09:28:17.540, 7, 100 %, 76274 MiB
2026/09/28 09:28:22.541, 0, 100 %, 76486 MiB
2026/09/28 09:28:22.541, 1, 100 %, 76274 MiB
2026/09/28 09:28:22.541, 2, 100 %, 76274 MiB
2026/09/28 09:28:22.541, 3, 100 %, 76274 MiB
2026/09/28 09:28:22.541, 4, 100 %, 76274 MiB
2026/09/28 09:28:22.541, 5, 100 %, 76274 MiB
2026/09/28 09:28:22.541, 6, 100 %, 75986 MiB
2026/09/28 09:28:22.541, 7, 100 %, 76274 MiB
2026/09/28 09:28:27.541, 0, 100 %, 76486 MiB
2026/09/28 09:28:27.541, 1, 100 %, 76274 MiB
2026/09/28 09:28:27.543, 2, 100 %, 76274 MiB
2026/09/28 09:28:27.543, 3, 100 %, 76274 MiB
2026/09/28 09:28:27.543, 4, 97 %, 76274 MiB
2026/09/28 09:28:27.544, 5, 98 %, 76274 MiB
2026/09/28 09:28:27.544, 6, 96 %, 75986 MiB
2026/09/28 09:28:27.545, 7, 100 %, 76274 MiB
2026/09/28 09:28:32.546, 0, 100 %, 76486 MiB
2026/09/28 09:28:32.546, 1, 100 %, 76274 MiB
2026/09/28 09:28:32.546, 2, 100 %, 76274 MiB
2026/09/28 09:28:32.546, 3, 100 %, 76274 MiB
2026/09/28 09:28:32.546, 4, 100 %, 76274 MiB
2026/09/28 09:28:32.546, 5, 100 %, 76274 MiB
2026/09/28 09:28:32.546, 6, 100 %, 75986 MiB
2026/09/28 09:28:32.546, 7, 100 %, 76274 MiB
2026/09/28 09:28:37.546, 0, 100 %, 76486 MiB
2026/09/28 09:28:37.548, 1, 100 %, 76274 MiB
2026/09/28 09:28:37.548, 2, 100 %, 76274 MiB
2026/09/28 09:28:37.548, 3, 100 %, 76274 MiB
2026/09/28 09:28:37.549, 4, 100 %, 76274 MiB
2026/09/28 09:28:37.549, 5, 100 %, 76274 MiB
2026/09/28 09:28:37.549, 6, 100 %, 75986 MiB
2026/09/28 09:28:37.551, 7, 100 %, 76274 MiB
2026/09/28 09:28:42.551, 0, 100 %, 76486 MiB
2026/09/28 09:28:42.552, 1, 96 %, 76274 MiB
2026/09/28 09:28:42.553, 2, 100 %, 76274 MiB
2026/09/28 09:28:42.554, 3, 100 %, 76274 MiB
2026/09/28 09:28:42.554, 4, 100 %, 76274 MiB
2026/09/28 09:28:42.555, 5, 100 %, 76274 MiB
2026/09/28 09:28:42.558, 6, 100 %, 75986 MiB
2026/09/28 09:28:42.558, 7, 100 %, 76274 MiB
2026/09/28 09:28:47.559, 0, 100 %, 76486 MiB
2026/09/28 09:28:47.559, 1, 100 %, 76274 MiB
2026/09/28 09:28:47.559, 2, 100 %, 76274 MiB
2026/09/28 09:28:47.560, 3, 100 %, 76274 MiB
2026/09/28 09:28:47.561, 4, 99 %, 76274 MiB
2026/09/28 09:28:47.563, 5, 99 %, 76274 MiB
2026/09/28 09:28:47.564, 6, 99 %, 75986 MiB
2026/09/28 09:28:47.564, 7, 99 %, 76274 MiB
2026/09/28 09:28:52.566, 0, 100 %, 76486 MiB
2026/09/28 09:28:52.843, 1, 100 %, 76274 MiB
2026/09/28 09:28:54.349, 2, 99 %, 76274 MiB
2026/09/28 09:28:54.357, 3, 97 %, 76274 MiB
2026/09/28 09:28:54.362, 4, 100 %, 76274 MiB
2026/09/28 09:28:54.367, 5, 96 %, 76274 MiB
2026/09/28 09:28:54.374, 6, 98 %, 75986 MiB
2026/09/28 09:28:54.375, 7, 97 %, 76274 MiB
2026/09/28 09:28:59.378, 0, 71 %, 76486 MiB
2026/09/28 09:28:59.379, 1, 95 %, 76274 MiB
2026/09/28 09:28:59.380, 2, 68 %, 76274 MiB
2026/09/28 09:28:59.381, 3, 75 %, 76274 MiB
2026/09/28 09:28:59.382, 4, 92 %, 76274 MiB
2026/09/28 09:28:59.382, 5, 81 %, 76274 MiB
2026/09/28 09:28:59.383, 6, 69 %, 75986 MiB
2026/09/28 09:28:59.383, 7, 66 %, 76274 MiB
2026/09/28 09:29:04.384, 0, 100 %, 76486 MiB
2026/09/28 09:29:04.756, 1, 100 %, 76274 MiB
2026/09/28 09:29:04.757, 2, 100 %, 76274 MiB
2026/09/28 09:29:04.758, 3, 100 %, 76274 MiB
2026/09/28 09:29:04.758, 4, 100 %, 76274 MiB
2026/09/28 09:29:04.758, 5, 100 %, 76274 MiB
2026/09/28 09:29:04.759, 6, 100 %, 75986 MiB
2026/09/28 09:29:04.759, 7, 100 %, 76274 MiB
2026/09/28 09:29:09.759, 0, 100 %, 76486 MiB
2026/09/28 09:29:09.759, 1, 97 %, 76274 MiB
2026/09/28 09:29:09.759, 2, 100 %, 76274 MiB
2026/09/28 09:29:09.759, 3, 78 %, 76274 MiB
2026/09/28 09:29:09.759, 4, 100 %, 76274 MiB
2026/09/28 09:29:09.759, 5, 100 %, 76274 MiB
2026/09/28 09:29:09.759, 6, 100 %, 75986 MiB
2026/09/28 09:29:09.759, 7, 100 %, 76274 MiB
2026/09/28 09:29:14.760, 0, 100 %, 76486 MiB
2026/09/28 09:29:14.760, 1, 100 %, 76274 MiB
2026/09/28 09:29:14.760, 2, 100 %, 76274 MiB
2026/09/28 09:29:14.760, 3, 100 %, 76274 MiB
2026/09/28 09:29:14.760, 4, 100 %, 76274 MiB
2026/09/28 09:29:14.760, 5, 100 %, 76274 MiB
2026/09/28 09:29:14.760, 6, 100 %, 75986 MiB
2026/09/28 09:29:14.760, 7, 100 %, 76274 MiB
2026/09/28 09:29:19.760, 0, 98 %, 76486 MiB
2026/09/28 09:29:19.761, 1, 84 %, 76274 MiB
2026/09/28 09:29:19.761, 2, 90 %, 76274 MiB
2026/09/28 09:29:19.761, 3, 75 %, 76274 MiB
2026/09/28 09:29:19.761, 4, 84 %, 76274 MiB
2026/09/28 09:29:19.762, 5, 74 %, 76274 MiB
2026/09/28 09:29:19.764, 6, 86 %, 75986 MiB
2026/09/28 09:29:19.764, 7, 94 %, 76274 MiB
2026/09/28 09:29:24.764, 0, 80 %, 76486 MiB
2026/09/28 09:29:24.765, 1, 100 %, 76274 MiB
2026/09/28 09:29:24.765, 2, 91 %, 76274 MiB
2026/09/28 09:29:24.765, 3, 100 %, 76274 MiB
2026/09/28 09:29:24.766, 4, 100 %, 76274 MiB
2026/09/28 09:29:24.766, 5, 100 %, 76274 MiB
2026/09/28 09:29:24.766, 6, 100 %, 75986 MiB
2026/09/28 09:29:24.767, 7, 100 %, 76274 MiB
2026/09/28 09:29:29.768, 0, 99 %, 76486 MiB
2026/09/28 09:29:29.768, 1, 100 %, 76274 MiB
2026/09/28 09:29:29.768, 2, 100 %, 76274 MiB
2026/09/28 09:29:29.768, 3, 99 %, 76274 MiB
2026/09/28 09:29:29.768, 4, 100 %, 76274 MiB
2026/09/28 09:29:29.768, 5, 100 %, 76274 MiB
2026/09/28 09:29:29.768, 6, 100 %, 75986 MiB
2026/09/28 09:29:29.768, 7, 100 %, 76274 MiB
2026/09/28 09:29:34.768, 0, 100 %, 76486 MiB
2026/09/28 09:29:34.768, 1, 100 %, 76274 MiB
2026/09/28 09:29:34.768, 2, 98 %, 76274 MiB
2026/09/28 09:29:34.768, 3, 100 %, 76274 MiB
2026/09/28 09:29:34.768, 4, 100 %, 76274 MiB
2026/09/28 09:29:34.768, 5, 99 %, 76274 MiB
2026/09/28 09:29:34.768, 6, 98 %, 75986 MiB
2026/09/28 09:29:34.768, 7, 99 %, 76274 MiB
2026/09/28 09:29:39.769, 0, 100 %, 76486 MiB
2026/09/28 09:29:39.769, 1, 100 %, 76274 MiB
2026/09/28 09:29:39.773, 2, 100 %, 76274 MiB
2026/09/28 09:29:39.779, 3, 100 %, 76274 MiB
2026/09/28 09:29:39.780, 4, 100 %, 76274 MiB
2026/09/28 09:29:39.781, 5, 100 %, 76274 MiB
2026/09/28 09:29:39.785, 6, 100 %, 75986 MiB
2026/09/28 09:29:39.787, 7, 100 %, 76274 MiB
2026/09/28 09:29:44.792, 0, 95 %, 76486 MiB
2026/09/28 09:29:44.793, 1, 97 %, 76274 MiB
2026/09/28 09:29:44.793, 2, 94 %, 76274 MiB
2026/09/28 09:29:44.794, 3, 95 %, 76274 MiB
2026/09/28 09:29:44.798, 4, 94 %, 76274 MiB
2026/09/28 09:29:44.799, 5, 95 %, 76274 MiB
2026/09/28 09:29:44.800, 6, 98 %, 75986 MiB
2026/09/28 09:29:44.800, 7, 94 %, 76274 MiB
2026/09/28 09:29:49.802, 0, 100 %, 76486 MiB
2026/09/28 09:29:49.804, 1, 100 %, 76274 MiB
2026/09/28 09:29:49.804, 2, 100 %, 76274 MiB
2026/09/28 09:29:49.805, 3, 100 %, 76274 MiB
2026/09/28 09:29:49.805, 4, 100 %, 76274 MiB
2026/09/28 09:29:49.806, 5, 100 %, 76274 MiB
2026/09/28 09:29:49.806, 6, 100 %, 75986 MiB
2026/09/28 09:29:49.806, 7, 100 %, 76274 MiB
2026/09/28 09:29:54.806, 0, 95 %, 76486 MiB
2026/09/28 09:29:54.806, 1, 100 %, 76274 MiB
2026/09/28 09:29:54.806, 2, 100 %, 76274 MiB
2026/09/28 09:29:54.806, 3, 100 %, 76274 MiB
2026/09/28 09:29:54.808, 4, 100 %, 76274 MiB
2026/09/28 09:29:54.808, 5, 87 %, 76274 MiB
2026/09/28 09:29:54.808, 6, 100 %, 75986 MiB
2026/09/28 09:29:54.808, 7, 83 %, 76274 MiB
2026/09/28 09:29:59.808, 0, 100 %, 76486 MiB
2026/09/28 09:29:59.810, 1, 100 %, 76274 MiB
2026/09/28 09:29:59.813, 2, 100 %, 76274 MiB
2026/09/28 09:29:59.813, 3, 100 %, 76274 MiB
2026/09/28 09:29:59.814, 4, 100 %, 76274 MiB
2026/09/28 09:29:59.816, 5, 100 %, 76274 MiB
2026/09/28 09:29:59.817, 6, 100 %, 75986 MiB
2026/09/28 09:29:59.817, 7, 100 %, 76274 MiB
2026/09/28 09:30:04.818, 0, 100 %, 76486 MiB
2026/09/28 09:30:04.818, 1, 100 %, 76274 MiB
2026/09/28 09:30:04.818, 2, 100 %, 76274 MiB
2026/09/28 09:30:04.818, 3, 100 %, 76274 MiB
2026/09/28 09:30:04.818, 4, 100 %, 76274 MiB
2026/09/28 09:30:04.818, 5, 100 %, 76274 MiB
2026/09/28 09:30:04.818, 6, 100 %, 75986 MiB
2026/09/28 09:30:04.818, 7, 100 %, 76274 MiB
2026/09/28 09:30:09.818, 0, 99 %, 76486 MiB
2026/09/28 09:30:09.818, 1, 91 %, 76274 MiB
2026/09/28 09:30:09.818, 2, 92 %, 76274 MiB
2026/09/28 09:30:09.818, 3, 76 %, 76274 MiB
2026/09/28 09:30:09.818, 4, 88 %, 76274 MiB
2026/09/28 09:30:09.818, 5, 79 %, 76274 MiB
2026/09/28 09:30:09.818, 6, 90 %, 75986 MiB
2026/09/28 09:30:09.818, 7, 96 %, 76274 MiB
2026/09/28 09:30:14.819, 0, 99 %, 76486 MiB
2026/09/28 09:30:14.819, 1, 100 %, 76274 MiB
2026/09/28 09:30:14.819, 2, 100 %, 76274 MiB
2026/09/28 09:30:14.821, 3, 100 %, 76274 MiB
2026/09/28 09:30:14.821, 4, 100 %, 76274 MiB
2026/09/28 09:30:14.821, 5, 100 %, 76274 MiB
2026/09/28 09:30:14.821, 6, 100 %, 75986 MiB
2026/09/28 09:30:14.821, 7, 100 %, 76274 MiB
2026/09/28 09:30:19.822, 0, 100 %, 76486 MiB
2026/09/28 09:30:19.822, 1, 100 %, 76274 MiB
2026/09/28 09:30:19.822, 2, 100 %, 76274 MiB
2026/09/28 09:30:19.822, 3, 100 %, 76274 MiB
2026/09/28 09:30:19.823, 4, 75 %, 76274 MiB
2026/09/28 09:30:19.823, 5, 90 %, 76274 MiB
2026/09/28 09:30:19.823, 6, 74 %, 75986 MiB
2026/09/28 09:30:19.823, 7, 69 %, 76274 MiB
2026/09/28 09:30:24.823, 0, 98 %, 76486 MiB
2026/09/28 09:30:24.825, 1, 97 %, 76274 MiB
2026/09/28 09:30:24.825, 2, 97 %, 76274 MiB
2026/09/28 09:30:24.826, 3, 97 %, 76274 MiB
2026/09/28 09:30:24.826, 4, 97 %, 76274 MiB
2026/09/28 09:30:24.826, 5, 100 %, 76274 MiB
2026/09/28 09:30:24.828, 6, 97 %, 75986 MiB
2026/09/28 09:30:24.828, 7, 98 %, 76274 MiB
2026/09/28 09:30:29.829, 0, 100 %, 76486 MiB
2026/09/28 09:30:29.829, 1, 100 %, 76274 MiB
2026/09/28 09:30:29.829, 2, 100 %, 76274 MiB
2026/09/28 09:30:29.829, 3, 99 %, 76274 MiB
2026/09/28 09:30:29.829, 4, 99 %, 76274 MiB
2026/09/28 09:30:29.829, 5, 100 %, 76274 MiB
2026/09/28 09:30:29.829, 6, 100 %, 75986 MiB
2026/09/28 09:30:29.829, 7, 100 %, 76274 MiB
2026/09/28 09:30:34.829, 0, 100 %, 76486 MiB
2026/09/28 09:30:34.832, 1, 99 %, 76274 MiB
2026/09/28 09:30:34.833, 2, 99 %, 76274 MiB
2026/09/28 09:30:34.834, 3, 100 %, 76274 MiB
2026/09/28 09:30:34.834, 4, 100 %, 76274 MiB
2026/09/28 09:30:34.835, 5, 99 %, 76274 MiB
2026/09/28 09:30:34.836, 6, 100 %, 75986 MiB
2026/09/28 09:30:34.837, 7, 99 %, 76274 MiB
2026/09/28 09:30:39.838, 0, 100 %, 76486 MiB
2026/09/28 09:30:39.838, 1, 96 %, 76274 MiB
2026/09/28 09:30:39.838, 2, 100 %, 76274 MiB
2026/09/28 09:30:39.838, 3, 100 %, 76274 MiB
2026/09/28 09:30:39.838, 4, 92 %, 76274 MiB
2026/09/28 09:30:39.838, 5, 100 %, 76274 MiB
2026/09/28 09:30:39.838, 6, 90 %, 75986 MiB
2026/09/28 09:30:39.838, 7, 87 %, 76274 MiB
2026/09/28 09:30:44.838, 0, 100 %, 76486 MiB
2026/09/28 09:30:44.838, 1, 100 %, 76274 MiB
2026/09/28 09:30:44.839, 2, 100 %, 76274 MiB
2026/09/28 09:30:44.839, 3, 100 %, 76274 MiB
2026/09/28 09:30:44.839, 4, 100 %, 76274 MiB
2026/09/28 09:30:44.839, 5, 100 %, 76274 MiB
2026/09/28 09:30:44.840, 6, 100 %, 75986 MiB
2026/09/28 09:30:44.840, 7, 100 %, 76274 MiB
2026/09/28 09:30:49.841, 0, 100 %, 76486 MiB
2026/09/28 09:30:49.841, 1, 100 %, 76274 MiB
2026/09/28 09:30:49.841, 2, 100 %, 76274 MiB
2026/09/28 09:30:49.841, 3, 100 %, 76274 MiB
2026/09/28 09:30:49.841, 4, 100 %, 76274 MiB
2026/09/28 09:30:49.841, 5, 100 %, 76274 MiB
2026/09/28 09:30:49.841, 6, 100 %, 75986 MiB
2026/09/28 09:30:49.841, 7, 100 %, 76274 MiB
2026/09/28 09:30:54.841, 0, 75 %, 76486 MiB
2026/09/28 09:30:54.841, 1, 93 %, 76274 MiB
2026/09/28 09:30:54.841, 2, 66 %, 76274 MiB
2026/09/28 09:30:54.841, 3, 89 %, 76274 MiB
2026/09/28 09:30:54.841, 4, 67 %, 76274 MiB
2026/09/28 09:30:54.841, 5, 84 %, 76274 MiB
2026/09/28 09:30:54.841, 6, 62 %, 75986 MiB
2026/09/28 09:30:54.841, 7, 73 %, 76274 MiB
2026/09/28 09:30:59.842, 0, 100 %, 76486 MiB
2026/09/28 09:30:59.842, 1, 100 %, 76274 MiB
2026/09/28 09:30:59.844, 2, 100 %, 76274 MiB
2026/09/28 09:30:59.849, 3, 100 %, 76274 MiB
2026/09/28 09:30:59.854, 4, 100 %, 76274 MiB
2026/09/28 09:30:59.859, 5, 100 %, 76274 MiB
2026/09/28 09:30:59.860, 6, 100 %, 75986 MiB
2026/09/28 09:30:59.860, 7, 100 %, 76274 MiB
2026/09/28 09:31:04.861, 0, 100 %, 76486 MiB
2026/09/28 09:31:05.106, 1, 100 %, 76274 MiB
2026/09/28 09:31:05.112, 2, 100 %, 76274 MiB
2026/09/28 09:31:05.113, 3, 100 %, 76274 MiB
2026/09/28 09:31:05.113, 4, 100 %, 76274 MiB
2026/09/28 09:31:05.115, 5, 100 %, 76274 MiB
2026/09/28 09:31:05.119, 6, 100 %, 75986 MiB
2026/09/28 09:31:05.124, 7, 100 %, 76274 MiB
2026/09/28 09:31:10.130, 0, 79 %, 76486 MiB
2026/09/28 09:31:10.150, 1, 84 %, 76274 MiB
2026/09/28 09:31:10.151, 2, 69 %, 76274 MiB
2026/09/28 09:31:10.153, 3, 68 %, 76274 MiB
2026/09/28 09:31:10.154, 4, 91 %, 76274 MiB
2026/09/28 09:31:10.159, 5, 85 %, 76274 MiB
2026/09/28 09:31:10.160, 6, 72 %, 75986 MiB
2026/09/28 09:31:10.161, 7, 76 %, 76274 MiB
2026/09/28 09:31:15.162, 0, 67 %, 76486 MiB
2026/09/28 09:31:15.162, 1, 72 %, 76274 MiB
2026/09/28 09:31:15.163, 2, 67 %, 76274 MiB
2026/09/28 09:31:15.163, 3, 61 %, 76274 MiB
2026/09/28 09:31:15.163, 4, 81 %, 76274 MiB
2026/09/28 09:31:15.163, 5, 70 %, 76274 MiB
2026/09/28 09:31:15.163, 6, 66 %, 75986 MiB
2026/09/28 09:31:15.163, 7, 65 %, 76274 MiB
2026/09/28 09:31:20.163, 0, 100 %, 76486 MiB
2026/09/28 09:31:20.164, 1, 100 %, 76274 MiB
2026/09/28 09:31:20.165, 2, 100 %, 76274 MiB
2026/09/28 09:31:20.166, 3, 100 %, 76274 MiB
2026/09/28 09:31:20.167, 4, 100 %, 76274 MiB
2026/09/28 09:31:20.168, 5, 100 %, 76274 MiB
2026/09/28 09:31:20.169, 6, 100 %, 75986 MiB
2026/09/28 09:31:20.170, 7, 100 %, 76274 MiB
2026/09/28 09:31:25.171, 0, 100 %, 76486 MiB
2026/09/28 09:31:25.171, 1, 100 %, 76274 MiB
2026/09/28 09:31:25.171, 2, 100 %, 76274 MiB
2026/09/28 09:31:25.171, 3, 100 %, 76274 MiB
2026/09/28 09:31:25.171, 4, 100 %, 76274 MiB
2026/09/28 09:31:25.171, 5, 100 %, 76274 MiB
2026/09/28 09:31:25.171, 6, 100 %, 75986 MiB
2026/09/28 09:31:25.171, 7, 100 %, 76274 MiB
2026/09/28 09:31:30.171, 0, 99 %, 76486 MiB
2026/09/28 09:31:30.172, 1, 100 %, 76274 MiB
2026/09/28 09:31:30.172, 2, 100 %, 76274 MiB
2026/09/28 09:31:30.172, 3, 100 %, 76274 MiB
2026/09/28 09:31:30.172, 4, 100 %, 76274 MiB
2026/09/28 09:31:30.172, 5, 100 %, 76274 MiB
2026/09/28 09:31:30.172, 6, 100 %, 75986 MiB
2026/09/28 09:31:30.172, 7, 99 %, 76274 MiB
2026/09/28 09:31:35.172, 0, 100 %, 76486 MiB
2026/09/28 09:31:35.172, 1, 100 %, 76274 MiB
2026/09/28 09:31:35.172, 2, 100 %, 76274 MiB
2026/09/28 09:31:35.172, 3, 100 %, 76274 MiB
2026/09/28 09:31:35.172, 4, 100 %, 76274 MiB
2026/09/28 09:31:35.172, 5, 100 %, 76274 MiB
2026/09/28 09:31:35.172, 6, 100 %, 75986 MiB
2026/09/28 09:31:35.172, 7, 100 %, 76274 MiB
2026/09/28 09:31:40.172, 0, 100 %, 76486 MiB
2026/09/28 09:31:40.172, 1, 100 %, 76274 MiB
2026/09/28 09:31:40.172, 2, 100 %, 76274 MiB
2026/09/28 09:31:40.172, 3, 100 %, 76274 MiB
2026/09/28 09:31:40.172, 4, 100 %, 76274 MiB
2026/09/28 09:31:40.172, 5, 100 %, 76274 MiB
2026/09/28 09:31:40.172, 6, 100 %, 75986 MiB
2026/09/28 09:31:40.172, 7, 100 %, 76274 MiB
2026/09/28 09:31:45.173, 0, 100 %, 76486 MiB
2026/09/28 09:31:45.173, 1, 100 %, 76274 MiB
2026/09/28 09:31:45.173, 2, 100 %, 76274 MiB
2026/09/28 09:31:45.173, 3, 100 %, 76274 MiB
2026/09/28 09:31:45.173, 4, 100 %, 76274 MiB
2026/09/28 09:31:45.173, 5, 100 %, 76274 MiB
2026/09/28 09:31:45.173, 6, 100 %, 75986 MiB
2026/09/28 09:31:45.173, 7, 100 %, 76274 MiB
2026/09/28 09:31:50.173, 0, 100 %, 76486 MiB
2026/09/28 09:31:50.173, 1, 100 %, 76274 MiB
2026/09/28 09:31:50.173, 2, 100 %, 76274 MiB
2026/09/28 09:31:50.173, 3, 100 %, 76274 MiB
2026/09/28 09:31:50.173, 4, 100 %, 76274 MiB
2026/09/28 09:31:50.173, 5, 100 %, 76274 MiB
2026/09/28 09:31:50.173, 6, 100 %, 75986 MiB
2026/09/28 09:31:50.173, 7, 100 %, 76274 MiB
2026/09/28 09:31:55.174, 0, 71 %, 76486 MiB
2026/09/28 09:31:55.174, 1, 87 %, 76274 MiB
2026/09/28 09:31:55.174, 2, 47 %, 76274 MiB
2026/09/28 09:31:55.174, 3, 86 %, 76274 MiB
2026/09/28 09:31:55.174, 4, 70 %, 76274 MiB
2026/09/28 09:31:55.174, 5, 80 %, 76274 MiB
2026/09/28 09:31:55.174, 6, 100 %, 75986 MiB
2026/09/28 09:31:55.174, 7, 59 %, 76274 MiB
2026/09/28 09:32:00.174, 0, 100 %, 76486 MiB
2026/09/28 09:32:00.174, 1, 100 %, 76274 MiB
2026/09/28 09:32:00.174, 2, 100 %, 76274 MiB
2026/09/28 09:32:00.174, 3, 100 %, 76274 MiB
2026/09/28 09:32:00.174, 4, 100 %, 76274 MiB
2026/09/28 09:32:00.174, 5, 100 %, 76274 MiB
2026/09/28 09:32:00.174, 6, 100 %, 75986 MiB
2026/09/28 09:32:00.174, 7, 100 %, 76274 MiB
2026/09/28 09:32:05.175, 0, 93 %, 76486 MiB
2026/09/28 09:32:05.175, 1, 92 %, 76274 MiB
2026/09/28 09:32:05.175, 2, 92 %, 76274 MiB
2026/09/28 09:32:05.175, 3, 90 %, 76274 MiB
2026/09/28 09:32:05.176, 4, 92 %, 76274 MiB
2026/09/28 09:32:05.176, 5, 92 %, 76274 MiB
2026/09/28 09:32:05.176, 6, 92 %, 75986 MiB
2026/09/28 09:32:05.176, 7, 95 %, 76274 MiB
2026/09/28 09:32:10.177, 0, 100 %, 76486 MiB
2026/09/28 09:32:10.177, 1, 100 %, 76274 MiB
2026/09/28 09:32:10.177, 2, 100 %, 76274 MiB
2026/09/28 09:32:10.177, 3, 100 %, 76274 MiB
2026/09/28 09:32:10.177, 4, 100 %, 76274 MiB
2026/09/28 09:32:10.177, 5, 100 %, 76274 MiB
2026/09/28 09:32:10.177, 6, 100 %, 75986 MiB
2026/09/28 09:32:10.177, 7, 100 %, 76274 MiB
2026/09/28 09:32:15.178, 0, 100 %, 76486 MiB
2026/09/28 09:32:15.178, 1, 100 %, 76274 MiB
2026/09/28 09:32:15.178, 2, 100 %, 76274 MiB
2026/09/28 09:32:15.178, 3, 100 %, 76274 MiB
2026/09/28 09:32:15.178, 4, 100 %, 76274 MiB
2026/09/28 09:32:15.178, 5, 100 %, 76274 MiB
2026/09/28 09:32:15.178, 6, 100 %, 75986 MiB
2026/09/28 09:32:15.178, 7, 100 %, 76274 MiB
2026/09/28 09:32:20.178, 0, 90 %, 76486 MiB
2026/09/28 09:32:20.178, 1, 100 %, 76274 MiB
2026/09/28 09:32:20.178, 2, 100 %, 76274 MiB
2026/09/28 09:32:20.178, 3, 100 %, 76274 MiB
2026/09/28 09:32:20.178, 4, 100 %, 76274 MiB
2026/09/28 09:32:20.178, 5, 100 %, 76274 MiB
2026/09/28 09:32:20.178, 6, 85 %, 75986 MiB
2026/09/28 09:32:20.178, 7, 100 %, 76274 MiB
2026/09/28 09:32:25.179, 0, 100 %, 76486 MiB
2026/09/28 09:32:25.179, 1, 100 %, 76274 MiB
2026/09/28 09:32:25.179, 2, 97 %, 76274 MiB
2026/09/28 09:32:25.179, 3, 100 %, 76274 MiB
2026/09/28 09:32:25.179, 4, 96 %, 76274 MiB
2026/09/28 09:32:25.179, 5, 77 %, 76274 MiB
2026/09/28 09:32:25.179, 6, 98 %, 75986 MiB
2026/09/28 09:32:25.179, 7, 100 %, 76274 MiB
2026/09/28 09:32:30.179, 0, 87 %, 76486 MiB
2026/09/28 09:32:30.179, 1, 100 %, 76274 MiB
2026/09/28 09:32:30.179, 2, 82 %, 76274 MiB
2026/09/28 09:32:30.180, 3, 100 %, 76274 MiB
2026/09/28 09:32:30.180, 4, 79 %, 76274 MiB
2026/09/28 09:32:30.180, 5, 69 %, 76274 MiB
2026/09/28 09:32:30.180, 6, 82 %, 75986 MiB
2026/09/28 09:32:30.181, 7, 88 %, 76274 MiB
2026/09/28 09:32:35.181, 0, 100 %, 76486 MiB
2026/09/28 09:32:35.182, 1, 100 %, 76274 MiB
2026/09/28 09:32:35.182, 2, 100 %, 76274 MiB
2026/09/28 09:32:35.182, 3, 100 %, 76274 MiB
2026/09/28 09:32:35.182, 4, 100 %, 76274 MiB
2026/09/28 09:32:35.182, 5, 100 %, 76274 MiB
2026/09/28 09:32:35.182, 6, 100 %, 75986 MiB
2026/09/28 09:32:35.182, 7, 100 %, 76274 MiB
2026/09/28 09:32:40.182, 0, 89 %, 76486 MiB
2026/09/28 09:32:40.182, 1, 95 %, 76274 MiB
2026/09/28 09:32:40.182, 2, 97 %, 76274 MiB
2026/09/28 09:32:40.182, 3, 95 %, 76274 MiB
2026/09/28 09:32:40.182, 4, 88 %, 76274 MiB
2026/09/28 09:32:40.182, 5, 94 %, 76274 MiB
2026/09/28 09:32:40.182, 6, 97 %, 75986 MiB
2026/09/28 09:32:40.182, 7, 96 %, 76274 MiB
2026/09/28 09:32:45.182, 0, 92 %, 76486 MiB
2026/09/28 09:32:45.183, 1, 83 %, 76274 MiB
2026/09/28 09:32:45.183, 2, 82 %, 76274 MiB
2026/09/28 09:32:45.183, 3, 82 %, 76274 MiB
2026/09/28 09:32:45.183, 4, 94 %, 76274 MiB
2026/09/28 09:32:45.184, 5, 86 %, 76274 MiB
2026/09/28 09:32:45.184, 6, 82 %, 75986 MiB
2026/09/28 09:32:45.185, 7, 80 %, 76274 MiB
2026/09/28 09:32:50.185, 0, 68 %, 76486 MiB
2026/09/28 09:32:50.185, 1, 75 %, 76274 MiB
2026/09/28 09:32:50.185, 2, 80 %, 76274 MiB
2026/09/28 09:32:50.185, 3, 76 %, 76274 MiB
2026/09/28 09:32:50.185, 4, 70 %, 76274 MiB
2026/09/28 09:32:50.185, 5, 76 %, 76274 MiB
2026/09/28 09:32:50.185, 6, 81 %, 75986 MiB
2026/09/28 09:32:50.185, 7, 83 %, 76274 MiB
2026/09/28 09:32:55.186, 0, 100 %, 76486 MiB
2026/09/28 09:32:55.186, 1, 100 %, 76274 MiB
2026/09/28 09:32:55.186, 2, 100 %, 76274 MiB
2026/09/28 09:32:55.186, 3, 100 %, 76274 MiB
2026/09/28 09:32:55.186, 4, 100 %, 76274 MiB
2026/09/28 09:32:55.186, 5, 100 %, 76274 MiB
2026/09/28 09:32:55.186, 6, 100 %, 75986 MiB
2026/09/28 09:32:55.186, 7, 100 %, 76274 MiB
2026/09/28 09:33:00.186, 0, 98 %, 76486 MiB
2026/09/28 09:33:00.186, 1, 98 %, 76274 MiB
2026/09/28 09:33:00.186, 2, 99 %, 76274 MiB
2026/09/28 09:33:00.187, 3, 99 %, 76274 MiB
2026/09/28 09:33:00.187, 4, 99 %, 76274 MiB
2026/09/28 09:33:00.187, 5, 98 %, 76274 MiB
2026/09/28 09:33:00.188, 6, 98 %, 75986 MiB
2026/09/28 09:33:00.188, 7, 100 %, 76274 MiB
2026/09/28 09:33:05.189, 0, 86 %, 76486 MiB
2026/09/28 09:33:05.189, 1, 100 %, 76274 MiB
2026/09/28 09:33:05.189, 2, 80 %, 76274 MiB
2026/09/28 09:33:05.189, 3, 65 %, 76274 MiB
2026/09/28 09:33:05.189, 4, 84 %, 76274 MiB
2026/09/28 09:33:05.189, 5, 100 %, 76274 MiB
2026/09/28 09:33:05.189, 6, 80 %, 75986 MiB
2026/09/28 09:33:05.189, 7, 87 %, 76274 MiB
2026/09/28 09:33:10.189, 0, 83 %, 76486 MiB
2026/09/28 09:33:10.189, 1, 83 %, 76274 MiB
2026/09/28 09:33:10.189, 2, 81 %, 76274 MiB
2026/09/28 09:33:10.189, 3, 78 %, 76274 MiB
2026/09/28 09:33:10.189, 4, 82 %, 76274 MiB
2026/09/28 09:33:10.189, 5, 76 %, 76274 MiB
2026/09/28 09:33:10.189, 6, 81 %, 75986 MiB
2026/09/28 09:33:10.190, 7, 81 %, 76274 MiB
2026/09/28 09:33:15.190, 0, 100 %, 76486 MiB
2026/09/28 09:33:15.190, 1, 88 %, 76274 MiB
2026/09/28 09:33:15.190, 2, 100 %, 76274 MiB
2026/09/28 09:33:15.190, 3, 100 %, 76274 MiB
2026/09/28 09:33:15.191, 4, 100 %, 76274 MiB
2026/09/28 09:33:15.191, 5, 100 %, 76274 MiB
2026/09/28 09:33:15.191, 6, 100 %, 75986 MiB
2026/09/28 09:33:15.191, 7, 100 %, 76274 MiB
2026/09/28 09:33:20.192, 0, 100 %, 76486 MiB
2026/09/28 09:33:20.192, 1, 99 %, 76274 MiB
2026/09/28 09:33:20.192, 2, 100 %, 76274 MiB
2026/09/28 09:33:20.192, 3, 99 %, 76274 MiB
2026/09/28 09:33:20.192, 4, 100 %, 76274 MiB
2026/09/28 09:33:20.192, 5, 99 %, 76274 MiB
2026/09/28 09:33:20.192, 6, 100 %, 75986 MiB
2026/09/28 09:33:20.192, 7, 99 %, 76274 MiB
2026/09/28 09:33:25.193, 0, 100 %, 76486 MiB
2026/09/28 09:33:25.193, 1, 100 %, 76274 MiB
2026/09/28 09:33:25.194, 2, 100 %, 76274 MiB
2026/09/28 09:33:25.194, 3, 100 %, 76274 MiB
2026/09/28 09:33:25.194, 4, 100 %, 76274 MiB
2026/09/28 09:33:25.194, 5, 100 %, 76274 MiB
2026/09/28 09:33:25.194, 6, 100 %, 75986 MiB
2026/09/28 09:33:25.194, 7, 100 %, 76274 MiB
2026/09/28 09:33:30.194, 0, 100 %, 76486 MiB
2026/09/28 09:33:30.194, 1, 99 %, 76274 MiB
2026/09/28 09:33:30.194, 2, 99 %, 76274 MiB
2026/09/28 09:33:30.194, 3, 100 %, 76274 MiB
2026/09/28 09:33:30.194, 4, 100 %, 76274 MiB
2026/09/28 09:33:30.195, 5, 100 %, 76274 MiB
2026/09/28 09:33:30.195, 6, 99 %, 75986 MiB
2026/09/28 09:33:30.195, 7, 100 %, 76274 MiB
2026/09/28 09:33:35.195, 0, 92 %, 76486 MiB
2026/09/28 09:33:35.451, 1, 100 %, 76274 MiB
2026/09/28 09:33:35.841, 2, 100 %, 76274 MiB
2026/09/28 09:33:35.846, 3, 100 %, 76274 MiB
2026/09/28 09:33:35.851, 4, 100 %, 76274 MiB
2026/09/28 09:33:35.952, 5, 100 %, 76274 MiB
2026/09/28 09:33:35.958, 6, 100 %, 75986 MiB
2026/09/28 09:33:35.963, 7, 100 %, 76274 MiB
2026/09/28 09:33:41.050, 0, 100 %, 76486 MiB
2026/09/28 09:33:41.051, 1, 100 %, 76274 MiB
2026/09/28 09:33:41.052, 2, 100 %, 76274 MiB
2026/09/28 09:33:41.056, 3, 100 %, 76274 MiB
2026/09/28 09:33:41.058, 4, 100 %, 76274 MiB
2026/09/28 09:33:41.058, 5, 100 %, 76274 MiB
2026/09/28 09:33:41.058, 6, 100 %, 75986 MiB
2026/09/28 09:33:41.058, 7, 100 %, 76274 MiB
2026/09/28 09:33:46.059, 0, 97 %, 76486 MiB
2026/09/28 09:33:46.059, 1, 91 %, 76274 MiB
2026/09/28 09:33:46.059, 2, 99 %, 76274 MiB
2026/09/28 09:33:46.059, 3, 91 %, 76274 MiB
2026/09/28 09:33:46.059, 4, 92 %, 76274 MiB
2026/09/28 09:33:46.059, 5, 91 %, 76274 MiB
2026/09/28 09:33:46.059, 6, 90 %, 75986 MiB
2026/09/28 09:33:46.059, 7, 93 %, 76274 MiB
2026/09/28 09:33:51.059, 0, 90 %, 76486 MiB
2026/09/28 09:33:51.059, 1, 100 %, 76274 MiB
2026/09/28 09:33:51.059, 2, 84 %, 76274 MiB
2026/09/28 09:33:51.059, 3, 100 %, 76274 MiB
2026/09/28 09:33:51.059, 4, 100 %, 76274 MiB
2026/09/28 09:33:51.059, 5, 100 %, 76274 MiB
2026/09/28 09:33:51.059, 6, 87 %, 75986 MiB
2026/09/28 09:33:51.059, 7, 90 %, 76274 MiB
2026/09/28 09:33:56.060, 0, 70 %, 76486 MiB
2026/09/28 09:33:56.060, 1, 56 %, 76274 MiB
2026/09/28 09:33:56.060, 2, 68 %, 76274 MiB
2026/09/28 09:33:56.060, 3, 83 %, 76274 MiB
2026/09/28 09:33:56.060, 4, 71 %, 76274 MiB
2026/09/28 09:33:56.060, 5, 74 %, 76274 MiB
2026/09/28 09:33:56.060, 6, 70 %, 75986 MiB
2026/09/28 09:33:56.060, 7, 73 %, 76274 MiB
2026/09/28 09:34:01.060, 0, 94 %, 76486 MiB
2026/09/28 09:34:01.060, 1, 94 %, 76274 MiB
2026/09/28 09:34:01.374, 2, 100 %, 76274 MiB
2026/09/28 09:34:01.375, 3, 100 %, 76274 MiB
2026/09/28 09:34:01.375, 4, 100 %, 76274 MiB
2026/09/28 09:34:01.376, 5, 100 %, 76274 MiB
2026/09/28 09:34:01.382, 6, 100 %, 75986 MiB
2026/09/28 09:34:01.385, 7, 100 %, 76274 MiB
2026/09/28 09:34:06.388, 0, 100 %, 76486 MiB
2026/09/28 09:34:06.503, 1, 100 %, 76274 MiB
2026/09/28 09:34:06.504, 2, 100 %, 76274 MiB
2026/09/28 09:34:06.504, 3, 98 %, 76274 MiB
2026/09/28 09:34:06.506, 4, 98 %, 76274 MiB
2026/09/28 09:34:06.506, 5, 98 %, 76274 MiB
2026/09/28 09:34:06.506, 6, 100 %, 75986 MiB
2026/09/28 09:34:06.506, 7, 98 %, 76274 MiB
2026/09/28 09:34:11.508, 0, 100 %, 76486 MiB
2026/09/28 09:34:11.509, 1, 100 %, 76274 MiB
2026/09/28 09:34:11.509, 2, 100 %, 76274 MiB
2026/09/28 09:34:11.510, 3, 100 %, 76274 MiB
2026/09/28 09:34:11.510, 4, 100 %, 76274 MiB
2026/09/28 09:34:11.511, 5, 100 %, 76274 MiB
2026/09/28 09:34:11.511, 6, 100 %, 75986 MiB
2026/09/28 09:34:11.512, 7, 100 %, 76274 MiB
2026/09/28 09:34:16.512, 0, 100 %, 76486 MiB
2026/09/28 09:34:16.512, 1, 91 %, 76274 MiB
2026/09/28 09:34:16.512, 2, 100 %, 76274 MiB
2026/09/28 09:34:16.512, 3, 100 %, 76274 MiB
2026/09/28 09:34:16.512, 4, 100 %, 76274 MiB
2026/09/28 09:34:16.512, 5, 100 %, 76274 MiB
2026/09/28 09:34:16.512, 6, 100 %, 75986 MiB
2026/09/28 09:34:16.512, 7, 100 %, 76274 MiB
2026/09/28 09:34:21.512, 0, 100 %, 76486 MiB
2026/09/28 09:34:21.513, 1, 100 %, 76274 MiB
2026/09/28 09:34:21.513, 2, 100 %, 76274 MiB
2026/09/28 09:34:21.513, 3, 100 %, 76274 MiB
2026/09/28 09:34:21.513, 4, 100 %, 76274 MiB
2026/09/28 09:34:21.513, 5, 100 %, 76274 MiB
2026/09/28 09:34:21.513, 6, 100 %, 75986 MiB
2026/09/28 09:34:21.513, 7, 100 %, 76274 MiB
2026/09/28 09:34:26.513, 0, 100 %, 76486 MiB
2026/09/28 09:34:26.513, 1, 100 %, 76274 MiB
2026/09/28 09:34:26.513, 2, 100 %, 76274 MiB
2026/09/28 09:34:26.513, 3, 100 %, 76274 MiB
2026/09/28 09:34:26.513, 4, 100 %, 76274 MiB
2026/09/28 09:34:26.513, 5, 100 %, 76274 MiB
2026/09/28 09:34:26.513, 6, 100 %, 75986 MiB
2026/09/28 09:34:26.513, 7, 100 %, 76274 MiB
2026/09/28 09:34:31.513, 0, 86 %, 76486 MiB
2026/09/28 09:34:31.514, 1, 100 %, 76274 MiB
2026/09/28 09:34:31.514, 2, 100 %, 76274 MiB
2026/09/28 09:34:31.514, 3, 100 %, 76274 MiB
2026/09/28 09:34:31.514, 4, 100 %, 76274 MiB
2026/09/28 09:34:31.514, 5, 100 %, 76274 MiB
2026/09/28 09:34:31.514, 6, 100 %, 75986 MiB
2026/09/28 09:34:31.514, 7, 88 %, 76274 MiB
2026/09/28 09:34:36.514, 0, 100 %, 76486 MiB
2026/09/28 09:34:36.520, 1, 100 %, 76274 MiB
2026/09/28 09:34:36.521, 2, 100 %, 76274 MiB
2026/09/28 09:34:36.521, 3, 100 %, 76274 MiB
2026/09/28 09:34:36.521, 4, 100 %, 76274 MiB
2026/09/28 09:34:36.522, 5, 100 %, 76274 MiB
2026/09/28 09:34:36.522, 6, 100 %, 75986 MiB
2026/09/28 09:34:36.523, 7, 100 %, 76274 MiB
2026/09/28 09:34:41.524, 0, 84 %, 76486 MiB
2026/09/28 09:34:41.525, 1, 77 %, 76274 MiB
2026/09/28 09:34:41.525, 2, 93 %, 76274 MiB
2026/09/28 09:34:41.525, 3, 94 %, 76274 MiB
2026/09/28 09:34:41.526, 4, 88 %, 76274 MiB
2026/09/28 09:34:41.526, 5, 100 %, 76274 MiB
2026/09/28 09:34:41.526, 6, 90 %, 75986 MiB
2026/09/28 09:34:41.527, 7, 86 %, 76274 MiB
2026/09/28 09:34:46.527, 0, 61 %, 76486 MiB
2026/09/28 09:34:46.527, 1, 82 %, 76274 MiB
2026/09/28 09:34:46.528, 2, 68 %, 76274 MiB
2026/09/28 09:34:46.528, 3, 67 %, 76274 MiB
2026/09/28 09:34:46.528, 4, 73 %, 76274 MiB
2026/09/28 09:34:46.528, 5, 74 %, 76274 MiB
2026/09/28 09:34:46.528, 6, 68 %, 75986 MiB
2026/09/28 09:34:46.528, 7, 89 %, 76274 MiB
2026/09/28 09:34:51.528, 0, 100 %, 76486 MiB
2026/09/28 09:34:51.528, 1, 100 %, 76274 MiB
2026/09/28 09:34:51.528, 2, 100 %, 76274 MiB
2026/09/28 09:34:51.528, 3, 100 %, 76274 MiB
2026/09/28 09:34:51.528, 4, 100 %, 76274 MiB
2026/09/28 09:34:51.528, 5, 100 %, 76274 MiB
2026/09/28 09:34:51.528, 6, 100 %, 75986 MiB
2026/09/28 09:34:51.529, 7, 100 %, 76274 MiB
2026/09/28 09:34:56.530, 0, 99 %, 76486 MiB
2026/09/28 09:34:56.530, 1, 99 %, 76274 MiB
2026/09/28 09:34:56.530, 2, 99 %, 76274 MiB
2026/09/28 09:34:56.530, 3, 99 %, 76274 MiB
2026/09/28 09:34:56.530, 4, 99 %, 76274 MiB
2026/09/28 09:34:56.530, 5, 99 %, 76274 MiB
2026/09/28 09:34:56.530, 6, 99 %, 75986 MiB
2026/09/28 09:34:56.530, 7, 99 %, 76274 MiB
2026/09/28 09:35:01.530, 0, 100 %, 76486 MiB
2026/09/28 09:35:01.530, 1, 100 %, 76274 MiB
2026/09/28 09:35:01.530, 2, 100 %, 76274 MiB
2026/09/28 09:35:01.530, 3, 100 %, 76274 MiB
2026/09/28 09:35:01.530, 4, 100 %, 76274 MiB
2026/09/28 09:35:01.530, 5, 100 %, 76274 MiB
2026/09/28 09:35:01.530, 6, 100 %, 75986 MiB
2026/09/28 09:35:01.530, 7, 100 %, 76274 MiB
2026/09/28 09:35:06.530, 0, 100 %, 76486 MiB
2026/09/28 09:35:06.532, 1, 100 %, 76274 MiB
2026/09/28 09:35:06.532, 2, 100 %, 76274 MiB
2026/09/28 09:35:06.532, 3, 100 %, 76274 MiB
2026/09/28 09:35:06.533, 4, 100 %, 76274 MiB
2026/09/28 09:35:06.534, 5, 100 %, 76274 MiB
2026/09/28 09:35:06.535, 6, 100 %, 75986 MiB
2026/09/28 09:35:06.536, 7, 100 %, 76274 MiB
2026/09/28 09:35:11.536, 0, 100 %, 76486 MiB
2026/09/28 09:35:11.537, 1, 100 %, 76274 MiB
2026/09/28 09:35:11.537, 2, 100 %, 76274 MiB
2026/09/28 09:35:11.537, 3, 100 %, 76274 MiB
2026/09/28 09:35:11.537, 4, 100 %, 76274 MiB
2026/09/28 09:35:11.537, 5, 100 %, 76274 MiB
2026/09/28 09:35:11.537, 6, 100 %, 75986 MiB
2026/09/28 09:35:11.537, 7, 100 %, 76274 MiB
2026/09/28 09:35:16.537, 0, 78 %, 76486 MiB
2026/09/28 09:35:16.537, 1, 84 %, 76274 MiB
2026/09/28 09:35:16.537, 2, 70 %, 76274 MiB
2026/09/28 09:35:16.537, 3, 84 %, 76274 MiB
2026/09/28 09:35:16.537, 4, 78 %, 76274 MiB
2026/09/28 09:35:16.537, 5, 70 %, 76274 MiB
2026/09/28 09:35:16.537, 6, 69 %, 75986 MiB
2026/09/28 09:35:16.537, 7, 78 %, 76274 MiB
2026/09/28 09:35:21.537, 0, 100 %, 76486 MiB
2026/09/28 09:35:21.538, 1, 100 %, 76274 MiB
2026/09/28 09:35:21.538, 2, 100 %, 76274 MiB
2026/09/28 09:35:21.538, 3, 100 %, 76274 MiB
2026/09/28 09:35:21.538, 4, 100 %, 76274 MiB
2026/09/28 09:35:21.538, 5, 100 %, 76274 MiB
2026/09/28 09:35:21.538, 6, 100 %, 75986 MiB
2026/09/28 09:35:21.538, 7, 100 %, 76274 MiB
2026/09/28 09:35:26.538, 0, 100 %, 76486 MiB
2026/09/28 09:35:26.538, 1, 100 %, 76274 MiB
2026/09/28 09:35:26.538, 2, 100 %, 76274 MiB
2026/09/28 09:35:26.538, 3, 100 %, 76274 MiB
2026/09/28 09:35:26.538, 4, 100 %, 76274 MiB
2026/09/28 09:35:26.538, 5, 100 %, 76274 MiB
2026/09/28 09:35:26.538, 6, 100 %, 75986 MiB
2026/09/28 09:35:26.538, 7, 100 %, 76274 MiB
2026/09/28 09:35:31.538, 0, 64 %, 76486 MiB
2026/09/28 09:35:31.538, 1, 67 %, 76274 MiB
2026/09/28 09:35:31.538, 2, 68 %, 76274 MiB
2026/09/28 09:35:31.538, 3, 67 %, 76274 MiB
2026/09/28 09:35:31.539, 4, 72 %, 76274 MiB
2026/09/28 09:35:31.539, 5, 67 %, 76274 MiB
2026/09/28 09:35:31.539, 6, 75 %, 75986 MiB
2026/09/28 09:35:31.539, 7, 66 %, 76274 MiB
2026/09/28 09:35:36.539, 0, 70 %, 76486 MiB
2026/09/28 09:35:36.539, 1, 100 %, 76274 MiB
2026/09/28 09:35:36.544, 2, 79 %, 76274 MiB
2026/09/28 09:35:36.549, 3, 100 %, 76274 MiB
2026/09/28 09:35:36.550, 4, 66 %, 76274 MiB
2026/09/28 09:35:36.550, 5, 93 %, 76274 MiB
2026/09/28 09:35:36.551, 6, 67 %, 75986 MiB
2026/09/28 09:35:36.552, 7, 66 %, 76274 MiB
2026/09/28 09:35:41.552, 0, 100 %, 76486 MiB
2026/09/28 09:35:41.552, 1, 89 %, 76274 MiB
2026/09/28 09:35:41.554, 2, 94 %, 76274 MiB
2026/09/28 09:35:41.554, 3, 100 %, 76274 MiB
2026/09/28 09:35:41.556, 4, 100 %, 76274 MiB
2026/09/28 09:35:41.556, 5, 98 %, 76274 MiB
2026/09/28 09:35:41.556, 6, 100 %, 75986 MiB
2026/09/28 09:35:41.556, 7, 100 %, 76274 MiB
2026/09/28 09:35:46.557, 0, 100 %, 76486 MiB
2026/09/28 09:35:46.557, 1, 100 %, 76274 MiB
2026/09/28 09:35:46.557, 2, 100 %, 76274 MiB
2026/09/28 09:35:46.557, 3, 100 %, 76274 MiB
2026/09/28 09:35:46.557, 4, 100 %, 76274 MiB
2026/09/28 09:35:46.557, 5, 100 %, 76274 MiB
2026/09/28 09:35:46.557, 6, 100 %, 75986 MiB
2026/09/28 09:35:46.557, 7, 100 %, 76274 MiB
2026/09/28 09:35:51.557, 0, 69 %, 76486 MiB
2026/09/28 09:35:51.558, 1, 86 %, 76274 MiB
2026/09/28 09:35:51.558, 2, 85 %, 76274 MiB
2026/09/28 09:35:51.558, 3, 85 %, 76274 MiB
2026/09/28 09:35:51.558, 4, 87 %, 76274 MiB
2026/09/28 09:35:51.558, 5, 80 %, 76274 MiB
2026/09/28 09:35:51.558, 6, 86 %, 75986 MiB
2026/09/28 09:35:51.558, 7, 86 %, 76274 MiB
2026/09/28 09:35:56.558, 0, 100 %, 76486 MiB
2026/09/28 09:35:56.559, 1, 100 %, 76274 MiB
2026/09/28 09:35:56.560, 2, 100 %, 76274 MiB
2026/09/28 09:35:56.560, 3, 100 %, 76274 MiB
2026/09/28 09:35:56.560, 4, 100 %, 76274 MiB
2026/09/28 09:35:56.560, 5, 100 %, 76274 MiB
2026/09/28 09:35:56.560, 6, 100 %, 75986 MiB
2026/09/28 09:35:56.560, 7, 100 %, 76274 MiB
2026/09/28 09:36:01.561, 0, 74 %, 76486 MiB
2026/09/28 09:36:01.561, 1, 85 %, 76274 MiB
2026/09/28 09:36:01.561, 2, 100 %, 76274 MiB
2026/09/28 09:36:01.561, 3, 100 %, 76274 MiB
2026/09/28 09:36:01.561, 4, 100 %, 76274 MiB
2026/09/28 09:36:01.561, 5, 94 %, 76274 MiB
2026/09/28 09:36:01.561, 6, 100 %, 75986 MiB
2026/09/28 09:36:01.561, 7, 100 %, 76274 MiB
2026/09/28 09:36:06.561, 0, 100 %, 76486 MiB
2026/09/28 09:36:06.562, 1, 100 %, 76274 MiB
2026/09/28 09:36:06.562, 2, 100 %, 76274 MiB
2026/09/28 09:36:06.562, 3, 99 %, 76274 MiB
2026/09/28 09:36:06.562, 4, 99 %, 76274 MiB
2026/09/28 09:36:06.565, 5, 100 %, 76274 MiB
2026/09/28 09:36:06.565, 6, 100 %, 75986 MiB
2026/09/28 09:36:06.565, 7, 99 %, 76274 MiB
2026/09/28 09:36:11.565, 0, 88 %, 76486 MiB
2026/09/28 09:36:11.565, 1, 100 %, 76274 MiB
2026/09/28 09:36:11.565, 2, 100 %, 76274 MiB
2026/09/28 09:36:11.565, 3, 89 %, 76274 MiB
2026/09/28 09:36:11.565, 4, 85 %, 76274 MiB
2026/09/28 09:36:11.565, 5, 100 %, 76274 MiB
2026/09/28 09:36:11.565, 6, 100 %, 75986 MiB
2026/09/28 09:36:11.565, 7, 100 %, 76274 MiB
2026/09/28 09:36:16.566, 0, 100 %, 76486 MiB
2026/09/28 09:36:16.566, 1, 78 %, 76274 MiB
2026/09/28 09:36:16.566, 2, 76 %, 76274 MiB
2026/09/28 09:36:16.566, 3, 100 %, 76274 MiB
2026/09/28 09:36:16.566, 4, 72 %, 76274 MiB
2026/09/28 09:36:16.566, 5, 87 %, 76274 MiB
2026/09/28 09:36:16.566, 6, 73 %, 75986 MiB
2026/09/28 09:36:16.566, 7, 71 %, 76274 MiB
2026/09/28 09:36:21.566, 0, 100 %, 76486 MiB
2026/09/28 09:36:21.566, 1, 100 %, 76274 MiB
2026/09/28 09:36:21.567, 2, 100 %, 76274 MiB
2026/09/28 09:36:21.567, 3, 100 %, 76274 MiB
2026/09/28 09:36:21.568, 4, 100 %, 76274 MiB
2026/09/28 09:36:21.568, 5, 100 %, 76274 MiB
2026/09/28 09:36:21.568, 6, 100 %, 75986 MiB
2026/09/28 09:36:21.568, 7, 100 %, 76274 MiB
2026/09/28 09:36:26.569, 0, 89 %, 76486 MiB
2026/09/28 09:36:26.569, 1, 100 %, 76274 MiB
2026/09/28 09:36:26.569, 2, 100 %, 76274 MiB
2026/09/28 09:36:26.569, 3, 100 %, 76274 MiB
2026/09/28 09:36:26.569, 4, 100 %, 76274 MiB
2026/09/28 09:36:26.569, 5, 100 %, 76274 MiB
2026/09/28 09:36:26.569, 6, 100 %, 75986 MiB
2026/09/28 09:36:26.569, 7, 100 %, 76274 MiB
2026/09/28 09:36:31.569, 0, 83 %, 76486 MiB
2026/09/28 09:36:31.569, 1, 68 %, 76274 MiB
2026/09/28 09:36:31.570, 2, 80 %, 76274 MiB
2026/09/28 09:36:31.570, 3, 77 %, 76274 MiB
2026/09/28 09:36:31.573, 4, 72 %, 76274 MiB
2026/09/28 09:36:31.574, 5, 87 %, 76274 MiB
2026/09/28 09:36:31.575, 6, 75 %, 75986 MiB
2026/09/28 09:36:31.575, 7, 73 %, 76274 MiB
2026/09/28 09:36:36.580, 0, 92 %, 76486 MiB
2026/09/28 09:36:36.580, 1, 78 %, 76274 MiB
2026/09/28 09:36:36.581, 2, 100 %, 76274 MiB
2026/09/28 09:36:36.581, 3, 91 %, 76274 MiB
2026/09/28 09:36:36.581, 4, 100 %, 76274 MiB
2026/09/28 09:36:36.582, 5, 100 %, 76274 MiB
2026/09/28 09:36:36.582, 6, 100 %, 75986 MiB
2026/09/28 09:36:36.583, 7, 86 %, 76274 MiB
2026/09/28 09:36:41.583, 0, 100 %, 76486 MiB
2026/09/28 09:36:41.583, 1, 100 %, 76274 MiB
2026/09/28 09:36:41.584, 2, 100 %, 76274 MiB
2026/09/28 09:36:41.584, 3, 100 %, 76274 MiB
2026/09/28 09:36:41.585, 4, 100 %, 76274 MiB
2026/09/28 09:36:41.585, 5, 100 %, 76274 MiB
2026/09/28 09:36:41.586, 6, 100 %, 75986 MiB
2026/09/28 09:36:41.586, 7, 100 %, 76274 MiB
2026/09/28 09:36:46.587, 0, 100 %, 76486 MiB
2026/09/28 09:36:46.587, 1, 100 %, 76274 MiB
2026/09/28 09:36:46.587, 2, 100 %, 76274 MiB
2026/09/28 09:36:46.587, 3, 100 %, 76274 MiB
2026/09/28 09:36:46.587, 4, 100 %, 76274 MiB
2026/09/28 09:36:46.587, 5, 100 %, 76274 MiB
2026/09/28 09:36:46.587, 6, 100 %, 75986 MiB
2026/09/28 09:36:46.587, 7, 100 %, 76274 MiB
2026/09/28 09:36:51.587, 0, 86 %, 76486 MiB
2026/09/28 09:36:51.588, 1, 88 %, 76274 MiB
2026/09/28 09:36:51.588, 2, 94 %, 76274 MiB
2026/09/28 09:36:51.588, 3, 83 %, 76274 MiB
2026/09/28 09:36:51.589, 4, 90 %, 76274 MiB
2026/09/28 09:36:51.589, 5, 84 %, 76274 MiB
2026/09/28 09:36:51.590, 6, 93 %, 75986 MiB
2026/09/28 09:36:51.590, 7, 90 %, 76274 MiB
2026/09/28 09:36:56.591, 0, 71 %, 76486 MiB
2026/09/28 09:36:56.591, 1, 72 %, 76274 MiB
2026/09/28 09:36:56.591, 2, 90 %, 76274 MiB
2026/09/28 09:36:56.591, 3, 76 %, 76274 MiB
2026/09/28 09:36:56.591, 4, 81 %, 76274 MiB
2026/09/28 09:36:56.591, 5, 91 %, 76274 MiB
2026/09/28 09:36:56.591, 6, 87 %, 75986 MiB
2026/09/28 09:36:56.591, 7, 80 %, 76274 MiB
2026/09/28 09:37:01.591, 0, 84 %, 76486 MiB
2026/09/28 09:37:01.593, 1, 75 %, 76274 MiB
2026/09/28 09:37:01.596, 2, 83 %, 76274 MiB
2026/09/28 09:37:01.597, 3, 100 %, 76274 MiB
2026/09/28 09:37:01.598, 4, 91 %, 76274 MiB
2026/09/28 09:37:01.598, 5, 76 %, 76274 MiB
2026/09/28 09:37:01.599, 6, 84 %, 75986 MiB
2026/09/28 09:37:01.599, 7, 90 %, 76274 MiB
2026/09/28 09:37:06.600, 0, 88 %, 76486 MiB
2026/09/28 09:37:06.602, 1, 100 %, 76274 MiB
2026/09/28 09:37:06.603, 2, 66 %, 76274 MiB
2026/09/28 09:37:06.603, 3, 84 %, 76274 MiB
2026/09/28 09:37:06.604, 4, 76 %, 76274 MiB
2026/09/28 09:37:06.604, 5, 69 %, 76274 MiB
2026/09/28 09:37:06.605, 6, 88 %, 75986 MiB
2026/09/28 09:37:06.607, 7, 80 %, 76274 MiB
2026/09/28 09:37:11.607, 0, 100 %, 76486 MiB
2026/09/28 09:37:11.609, 1, 100 %, 76274 MiB
2026/09/28 09:37:11.610, 2, 100 %, 76274 MiB
2026/09/28 09:37:11.611, 3, 100 %, 76274 MiB
2026/09/28 09:37:11.611, 4, 100 %, 76274 MiB
2026/09/28 09:37:11.614, 5, 100 %, 76274 MiB
2026/09/28 09:37:11.614, 6, 100 %, 75986 MiB
2026/09/28 09:37:11.615, 7, 100 %, 76274 MiB
2026/09/28 09:37:16.616, 0, 100 %, 76486 MiB
2026/09/28 09:37:16.616, 1, 100 %, 76274 MiB
2026/09/28 09:37:16.616, 2, 100 %, 76274 MiB
2026/09/28 09:37:16.616, 3, 100 %, 76274 MiB
2026/09/28 09:37:16.616, 4, 100 %, 76274 MiB
2026/09/28 09:37:16.616, 5, 100 %, 76274 MiB
2026/09/28 09:37:16.616, 6, 100 %, 75986 MiB
2026/09/28 09:37:16.616, 7, 100 %, 76274 MiB
2026/09/28 09:37:21.617, 0, 99 %, 76486 MiB
2026/09/28 09:37:21.617, 1, 100 %, 76274 MiB
2026/09/28 09:37:21.619, 2, 100 %, 76274 MiB
2026/09/28 09:37:21.621, 3, 100 %, 76274 MiB
2026/09/28 09:37:21.621, 4, 99 %, 76274 MiB
2026/09/28 09:37:21.622, 5, 100 %, 76274 MiB
2026/09/28 09:37:21.622, 6, 100 %, 75986 MiB
2026/09/28 09:37:21.623, 7, 99 %, 76274 MiB
2026/09/28 09:37:26.624, 0, 91 %, 76486 MiB
2026/09/28 09:37:26.624, 1, 100 %, 76274 MiB
2026/09/28 09:37:26.624, 2, 100 %, 76274 MiB
2026/09/28 09:37:26.624, 3, 94 %, 76274 MiB
2026/09/28 09:37:26.624, 4, 100 %, 76274 MiB
2026/09/28 09:37:26.624, 5, 100 %, 76274 MiB
2026/09/28 09:37:26.624, 6, 100 %, 75986 MiB
2026/09/28 09:37:26.624, 7, 100 %, 76274 MiB
2026/09/28 09:37:31.624, 0, 100 %, 76486 MiB
2026/09/28 09:37:31.626, 1, 100 %, 76274 MiB
2026/09/28 09:37:31.627, 2, 100 %, 76274 MiB
2026/09/28 09:37:31.627, 3, 100 %, 76274 MiB
2026/09/28 09:37:31.628, 4, 100 %, 76274 MiB
2026/09/28 09:37:31.628, 5, 100 %, 76274 MiB
2026/09/28 09:37:31.629, 6, 100 %, 75986 MiB
2026/09/28 09:37:31.630, 7, 100 %, 76274 MiB
2026/09/28 09:37:36.633, 0, 99 %, 76486 MiB
2026/09/28 09:37:36.633, 1, 96 %, 76274 MiB
2026/09/28 09:37:36.637, 2, 100 %, 76274 MiB
2026/09/28 09:37:36.641, 3, 100 %, 76274 MiB
2026/09/28 09:37:36.643, 4, 96 %, 76274 MiB
2026/09/28 09:37:36.645, 5, 89 %, 76274 MiB
2026/09/28 09:37:36.646, 6, 77 %, 75986 MiB
2026/09/28 09:37:36.647, 7, 79 %, 76274 MiB
2026/09/28 09:37:41.653, 0, 99 %, 76486 MiB
2026/09/28 09:37:41.657, 1, 100 %, 76274 MiB
2026/09/28 09:37:41.658, 2, 100 %, 76274 MiB
2026/09/28 09:37:41.661, 3, 99 %, 76274 MiB
2026/09/28 09:37:41.661, 4, 100 %, 76274 MiB
2026/09/28 09:37:41.662, 5, 100 %, 76274 MiB
2026/09/28 09:37:41.666, 6, 100 %, 75986 MiB
2026/09/28 09:37:41.666, 7, 100 %, 76274 MiB
2026/09/28 09:37:46.667, 0, 100 %, 76486 MiB
2026/09/28 09:37:46.667, 1, 99 %, 76274 MiB
2026/09/28 09:37:46.667, 2, 100 %, 76274 MiB
2026/09/28 09:37:46.667, 3, 100 %, 76274 MiB
2026/09/28 09:37:46.667, 4, 100 %, 76274 MiB
2026/09/28 09:37:46.667, 5, 100 %, 76274 MiB
2026/09/28 09:37:46.668, 6, 100 %, 75986 MiB
2026/09/28 09:37:46.668, 7, 100 %, 76274 MiB
2026/09/28 09:37:51.668, 0, 100 %, 76486 MiB
2026/09/28 09:37:51.668, 1, 100 %, 76274 MiB
2026/09/28 09:37:51.668, 2, 100 %, 76274 MiB
2026/09/28 09:37:51.668, 3, 100 %, 76274 MiB
2026/09/28 09:37:51.668, 4, 97 %, 76274 MiB
2026/09/28 09:37:51.668, 5, 93 %, 76274 MiB
2026/09/28 09:37:51.668, 6, 100 %, 75986 MiB
2026/09/28 09:37:51.668, 7, 100 %, 76274 MiB
2026/09/28 09:37:56.669, 0, 100 %, 76486 MiB
2026/09/28 09:37:56.669, 1, 100 %, 76274 MiB
2026/09/28 09:37:56.669, 2, 100 %, 76274 MiB
2026/09/28 09:37:56.669, 3, 100 %, 76274 MiB
2026/09/28 09:37:56.669, 4, 100 %, 76274 MiB
2026/09/28 09:37:56.669, 5, 100 %, 76274 MiB
2026/09/28 09:37:56.669, 6, 100 %, 75986 MiB
2026/09/28 09:37:56.669, 7, 100 %, 76274 MiB
2026/09/28 09:38:01.669, 0, 100 %, 76486 MiB
2026/09/28 09:38:01.669, 1, 100 %, 76274 MiB
2026/09/28 09:38:01.669, 2, 100 %, 76274 MiB
2026/09/28 09:38:01.669, 3, 100 %, 76274 MiB
2026/09/28 09:38:01.669, 4, 100 %, 76274 MiB
2026/09/28 09:38:01.669, 5, 96 %, 76274 MiB
2026/09/28 09:38:01.669, 6, 100 %, 75986 MiB
2026/09/28 09:38:01.669, 7, 100 %, 76274 MiB
2026/09/28 09:38:06.670, 0, 69 %, 76486 MiB
2026/09/28 09:38:06.670, 1, 80 %, 76274 MiB
2026/09/28 09:38:06.671, 2, 71 %, 76274 MiB
2026/09/28 09:38:06.672, 3, 77 %, 76274 MiB
2026/09/28 09:38:06.672, 4, 85 %, 76274 MiB
2026/09/28 09:38:06.673, 5, 76 %, 76274 MiB
2026/09/28 09:38:06.674, 6, 77 %, 75986 MiB
2026/09/28 09:38:06.675, 7, 84 %, 76274 MiB
2026/09/28 09:38:11.676, 0, 100 %, 76486 MiB
2026/09/28 09:38:11.676, 1, 100 %, 76274 MiB
2026/09/28 09:38:11.676, 2, 100 %, 76274 MiB
2026/09/28 09:38:11.676, 3, 100 %, 76274 MiB
2026/09/28 09:38:11.680, 4, 100 %, 76274 MiB
2026/09/28 09:38:11.680, 5, 100 %, 76274 MiB
2026/09/28 09:38:11.680, 6, 100 %, 75986 MiB
2026/09/28 09:38:11.680, 7, 100 %, 76274 MiB
2026/09/28 09:38:16.682, 0, 98 %, 76486 MiB
2026/09/28 09:38:16.682, 1, 81 %, 76274 MiB
2026/09/28 09:38:16.682, 2, 90 %, 76274 MiB
2026/09/28 09:38:16.682, 3, 62 %, 76274 MiB
2026/09/28 09:38:16.682, 4, 80 %, 76274 MiB
2026/09/28 09:38:16.682, 5, 100 %, 76274 MiB
2026/09/28 09:38:16.682, 6, 64 %, 75986 MiB
2026/09/28 09:38:16.682, 7, 74 %, 76274 MiB
2026/09/28 09:38:21.682, 0, 69 %, 76486 MiB
2026/09/28 09:38:21.683, 1, 65 %, 76274 MiB
2026/09/28 09:38:21.683, 2, 58 %, 76274 MiB
2026/09/28 09:38:21.683, 3, 65 %, 76274 MiB
2026/09/28 09:38:21.684, 4, 68 %, 76274 MiB
2026/09/28 09:38:21.684, 5, 84 %, 76274 MiB
2026/09/28 09:38:21.684, 6, 66 %, 75986 MiB
2026/09/28 09:38:21.685, 7, 70 %, 76274 MiB
2026/09/28 09:38:26.686, 0, 86 %, 76486 MiB
2026/09/28 09:38:26.686, 1, 72 %, 76274 MiB
2026/09/28 09:38:26.686, 2, 78 %, 76274 MiB
2026/09/28 09:38:26.686, 3, 74 %, 76274 MiB
2026/09/28 09:38:26.686, 4, 70 %, 76274 MiB
2026/09/28 09:38:26.686, 5, 98 %, 76274 MiB
2026/09/28 09:38:26.686, 6, 76 %, 75986 MiB
2026/09/28 09:38:26.686, 7, 100 %, 76274 MiB
2026/09/28 09:38:31.686, 0, 89 %, 76486 MiB
2026/09/28 09:38:31.686, 1, 72 %, 76274 MiB
2026/09/28 09:38:31.686, 2, 78 %, 76274 MiB
2026/09/28 09:38:31.686, 3, 76 %, 76274 MiB
2026/09/28 09:38:31.686, 4, 70 %, 76274 MiB
2026/09/28 09:38:31.686, 5, 99 %, 76274 MiB
2026/09/28 09:38:31.686, 6, 80 %, 75986 MiB
2026/09/28 09:38:31.686, 7, 100 %, 76274 MiB
2026/09/28 09:38:36.687, 0, 99 %, 76486 MiB
2026/09/28 09:38:36.687, 1, 99 %, 76274 MiB
2026/09/28 09:38:36.689, 2, 98 %, 76274 MiB
2026/09/28 09:38:36.689, 3, 99 %, 76274 MiB
2026/09/28 09:38:36.692, 4, 96 %, 76274 MiB
2026/09/28 09:38:36.692, 5, 99 %, 76274 MiB
2026/09/28 09:38:36.693, 6, 99 %, 75986 MiB
2026/09/28 09:38:36.694, 7, 93 %, 76274 MiB
2026/09/28 09:38:41.694, 0, 100 %, 76486 MiB
2026/09/28 09:38:41.750, 1, 100 %, 76274 MiB
2026/09/28 09:38:41.751, 2, 100 %, 76274 MiB
2026/09/28 09:38:41.755, 3, 100 %, 76274 MiB
2026/09/28 09:38:41.759, 4, 100 %, 76274 MiB
2026/09/28 09:38:41.761, 5, 100 %, 76274 MiB
2026/09/28 09:38:41.762, 6, 100 %, 75986 MiB
2026/09/28 09:38:41.766, 7, 100 %, 76274 MiB
2026/09/28 09:38:46.767, 0, 83 %, 76486 MiB
2026/09/28 09:38:46.767, 1, 71 %, 76274 MiB
2026/09/28 09:38:46.767, 2, 92 %, 76274 MiB
2026/09/28 09:38:46.768, 3, 97 %, 76274 MiB
2026/09/28 09:38:46.768, 4, 100 %, 76274 MiB
2026/09/28 09:38:46.769, 5, 73 %, 76274 MiB
2026/09/28 09:38:46.769, 6, 94 %, 75986 MiB
2026/09/28 09:38:46.770, 7, 70 %, 76274 MiB
2026/09/28 09:38:51.770, 0, 93 %, 76486 MiB
2026/09/28 09:38:51.777, 1, 100 %, 76274 MiB
2026/09/28 09:38:51.778, 2, 83 %, 76274 MiB
2026/09/28 09:38:51.780, 3, 76 %, 76274 MiB
2026/09/28 09:38:51.783, 4, 100 %, 76274 MiB
2026/09/28 09:38:51.783, 5, 100 %, 76274 MiB
2026/09/28 09:38:51.785, 6, 82 %, 75986 MiB
2026/09/28 09:38:51.789, 7, 100 %, 76274 MiB
2026/09/28 09:38:56.789, 0, 100 %, 76486 MiB
2026/09/28 09:38:56.790, 1, 100 %, 76274 MiB
2026/09/28 09:38:56.790, 2, 100 %, 76274 MiB
2026/09/28 09:38:56.790, 3, 100 %, 76274 MiB
2026/09/28 09:38:56.790, 4, 100 %, 76274 MiB
2026/09/28 09:38:56.790, 5, 100 %, 76274 MiB
2026/09/28 09:38:56.790, 6, 100 %, 75986 MiB
2026/09/28 09:38:56.790, 7, 100 %, 76274 MiB
2026/09/28 09:39:01.790, 0, 99 %, 76486 MiB
2026/09/28 09:39:01.790, 1, 100 %, 76274 MiB
2026/09/28 09:39:01.790, 2, 99 %, 76274 MiB
2026/09/28 09:39:01.791, 3, 99 %, 76274 MiB
2026/09/28 09:39:01.791, 4, 99 %, 76274 MiB
2026/09/28 09:39:01.791, 5, 100 %, 76274 MiB
2026/09/28 09:39:01.791, 6, 100 %, 75986 MiB
2026/09/28 09:39:01.791, 7, 100 %, 76274 MiB
2026/09/28 09:39:06.791, 0, 97 %, 76486 MiB
2026/09/28 09:39:06.793, 1, 97 %, 76274 MiB
2026/09/28 09:39:06.794, 2, 96 %, 76274 MiB
2026/09/28 09:39:06.794, 3, 97 %, 76274 MiB
2026/09/28 09:39:06.798, 4, 98 %, 76274 MiB
2026/09/28 09:39:06.798, 5, 97 %, 76274 MiB
2026/09/28 09:39:06.798, 6, 96 %, 75986 MiB
2026/09/28 09:39:06.799, 7, 96 %, 76274 MiB
2026/09/28 09:39:11.802, 0, 99 %, 76486 MiB
2026/09/28 09:39:11.803, 1, 99 %, 76274 MiB
2026/09/28 09:39:11.803, 2, 100 %, 76274 MiB
2026/09/28 09:39:11.805, 3, 100 %, 76274 MiB
2026/09/28 09:39:11.805, 4, 99 %, 76274 MiB
2026/09/28 09:39:11.808, 5, 100 %, 76274 MiB
2026/09/28 09:39:11.809, 6, 100 %, 75986 MiB
2026/09/28 09:39:11.810, 7, 100 %, 76274 MiB
2026/09/28 09:39:16.817, 0, 98 %, 76486 MiB
2026/09/28 09:39:16.817, 1, 99 %, 76274 MiB
2026/09/28 09:39:16.817, 2, 100 %, 76274 MiB
2026/09/28 09:39:16.817, 3, 100 %, 76274 MiB
2026/09/28 09:39:16.817, 4, 100 %, 76274 MiB
2026/09/28 09:39:16.817, 5, 100 %, 76274 MiB
2026/09/28 09:39:16.817, 6, 100 %, 75986 MiB
2026/09/28 09:39:16.817, 7, 100 %, 76274 MiB
2026/09/28 09:39:21.818, 0, 99 %, 76486 MiB
2026/09/28 09:39:21.818, 1, 100 %, 76274 MiB
2026/09/28 09:39:21.819, 2, 100 %, 76274 MiB
2026/09/28 09:39:21.819, 3, 100 %, 76274 MiB
2026/09/28 09:39:21.819, 4, 98 %, 76274 MiB
2026/09/28 09:39:21.820, 5, 98 %, 76274 MiB
2026/09/28 09:39:21.820, 6, 99 %, 75986 MiB
2026/09/28 09:39:21.821, 7, 98 %, 76274 MiB
2026/09/28 09:39:26.821, 0, 100 %, 76486 MiB
2026/09/28 09:39:26.821, 1, 100 %, 76274 MiB
2026/09/28 09:39:26.821, 2, 100 %, 76274 MiB
2026/09/28 09:39:26.821, 3, 100 %, 76274 MiB
2026/09/28 09:39:26.822, 4, 100 %, 76274 MiB
2026/09/28 09:39:26.822, 5, 100 %, 76274 MiB
2026/09/28 09:39:26.822, 6, 100 %, 75986 MiB
2026/09/28 09:39:26.822, 7, 100 %, 76274 MiB
2026/09/28 09:39:31.822, 0, 99 %, 76486 MiB
2026/09/28 09:39:31.822, 1, 100 %, 76274 MiB
2026/09/28 09:39:31.822, 2, 100 %, 76274 MiB
2026/09/28 09:39:31.822, 3, 100 %, 76274 MiB
2026/09/28 09:39:31.822, 4, 100 %, 76274 MiB
2026/09/28 09:39:31.822, 5, 100 %, 76274 MiB
2026/09/28 09:39:31.822, 6, 100 %, 75986 MiB
2026/09/28 09:39:31.822, 7, 100 %, 76274 MiB
2026/09/28 09:39:36.823, 0, 71 %, 76486 MiB
2026/09/28 09:39:36.823, 1, 54 %, 76274 MiB
2026/09/28 09:39:36.823, 2, 66 %, 76274 MiB
2026/09/28 09:39:36.823, 3, 94 %, 76274 MiB
2026/09/28 09:39:36.823, 4, 84 %, 76274 MiB
2026/09/28 09:39:36.823, 5, 80 %, 76274 MiB
2026/09/28 09:39:36.823, 6, 100 %, 75986 MiB
2026/09/28 09:39:36.823, 7, 69 %, 76274 MiB
2026/09/28 09:39:41.823, 0, 97 %, 76486 MiB
2026/09/28 09:39:41.823, 1, 97 %, 76274 MiB
2026/09/28 09:39:41.824, 2, 97 %, 76274 MiB
2026/09/28 09:39:41.828, 3, 100 %, 76274 MiB
2026/09/28 09:39:41.828, 4, 100 %, 76274 MiB
2026/09/28 09:39:41.829, 5, 100 %, 76274 MiB
2026/09/28 09:39:41.829, 6, 100 %, 75986 MiB
2026/09/28 09:39:41.829, 7, 100 %, 76274 MiB
2026/09/28 09:39:46.831, 0, 99 %, 76486 MiB
2026/09/28 09:39:46.832, 1, 99 %, 76274 MiB
2026/09/28 09:39:46.832, 2, 100 %, 76274 MiB
2026/09/28 09:39:46.832, 3, 99 %, 76274 MiB
2026/09/28 09:39:46.833, 4, 100 %, 76274 MiB
2026/09/28 09:39:46.833, 5, 100 %, 76274 MiB
2026/09/28 09:39:46.834, 6, 100 %, 75986 MiB
2026/09/28 09:39:46.834, 7, 100 %, 76274 MiB
2026/09/28 09:39:51.835, 0, 76 %, 76486 MiB
2026/09/28 09:39:51.837, 1, 85 %, 76274 MiB
2026/09/28 09:39:51.837, 2, 86 %, 76274 MiB
2026/09/28 09:39:51.837, 3, 93 %, 76274 MiB
2026/09/28 09:39:51.837, 4, 100 %, 76274 MiB
2026/09/28 09:39:51.837, 5, 73 %, 76274 MiB
2026/09/28 09:39:51.837, 6, 89 %, 75986 MiB
2026/09/28 09:39:51.837, 7, 75 %, 76274 MiB
2026/09/28 09:39:56.837, 0, 99 %, 76486 MiB
2026/09/28 09:39:56.837, 1, 99 %, 76274 MiB
2026/09/28 09:39:56.838, 2, 99 %, 76274 MiB
2026/09/28 09:39:56.838, 3, 99 %, 76274 MiB
2026/09/28 09:39:56.839, 4, 99 %, 76274 MiB
2026/09/28 09:39:56.839, 5, 99 %, 76274 MiB
2026/09/28 09:39:56.839, 6, 99 %, 75986 MiB
2026/09/28 09:39:56.839, 7, 99 %, 76274 MiB
2026/09/28 09:40:01.840, 0, 83 %, 76486 MiB
2026/09/28 09:40:01.840, 1, 69 %, 76274 MiB
2026/09/28 09:40:01.842, 2, 100 %, 76274 MiB
2026/09/28 09:40:01.842, 3, 100 %, 76274 MiB
2026/09/28 09:40:01.842, 4, 73 %, 76274 MiB
2026/09/28 09:40:01.842, 5, 74 %, 76274 MiB
2026/09/28 09:40:01.842, 6, 100 %, 75986 MiB
2026/09/28 09:40:01.842, 7, 70 %, 76274 MiB
2026/09/28 09:40:06.843, 0, 97 %, 76486 MiB
2026/09/28 09:40:06.843, 1, 100 %, 76274 MiB
2026/09/28 09:40:06.843, 2, 96 %, 76274 MiB
2026/09/28 09:40:06.843, 3, 100 %, 76274 MiB
2026/09/28 09:40:06.843, 4, 96 %, 76274 MiB
2026/09/28 09:40:06.843, 5, 95 %, 76274 MiB
2026/09/28 09:40:06.843, 6, 100 %, 75986 MiB
2026/09/28 09:40:06.843, 7, 98 %, 76274 MiB
2026/09/28 09:40:11.843, 0, 99 %, 76486 MiB
2026/09/28 09:40:11.953, 1, 99 %, 76274 MiB
2026/09/28 09:40:11.958, 2, 99 %, 76274 MiB
2026/09/28 09:40:11.962, 3, 99 %, 76274 MiB
2026/09/28 09:40:11.962, 4, 99 %, 76274 MiB
2026/09/28 09:40:11.967, 5, 99 %, 76274 MiB
2026/09/28 09:40:11.967, 6, 99 %, 75986 MiB
2026/09/28 09:40:11.968, 7, 99 %, 76274 MiB
2026/09/28 09:40:16.968, 0, 100 %, 76486 MiB
2026/09/28 09:40:16.969, 1, 100 %, 76274 MiB
2026/09/28 09:40:16.974, 2, 100 %, 76274 MiB
2026/09/28 09:40:16.975, 3, 100 %, 76274 MiB
2026/09/28 09:40:16.975, 4, 100 %, 76274 MiB
2026/09/28 09:40:16.977, 5, 100 %, 76274 MiB
2026/09/28 09:40:16.977, 6, 100 %, 75986 MiB
2026/09/28 09:40:16.977, 7, 100 %, 76274 MiB
2026/09/28 09:40:21.979, 0, 100 %, 76486 MiB
2026/09/28 09:40:22.244, 1, 100 %, 76274 MiB
2026/09/28 09:40:22.246, 2, 100 %, 76274 MiB
2026/09/28 09:40:22.248, 3, 100 %, 76274 MiB
2026/09/28 09:40:22.248, 4, 100 %, 76274 MiB
2026/09/28 09:40:22.251, 5, 100 %, 76274 MiB
2026/09/28 09:40:22.251, 6, 100 %, 75986 MiB
2026/09/28 09:40:22.252, 7, 100 %, 76274 MiB
2026/09/28 09:40:27.253, 0, 67 %, 76486 MiB
2026/09/28 09:40:27.253, 1, 54 %, 76274 MiB
2026/09/28 09:40:27.253, 2, 65 %, 76274 MiB
2026/09/28 09:40:27.253, 3, 71 %, 76274 MiB
2026/09/28 09:40:27.253, 4, 73 %, 76274 MiB
2026/09/28 09:40:27.254, 5, 75 %, 76274 MiB
2026/09/28 09:40:27.254, 6, 65 %, 75986 MiB
2026/09/28 09:40:27.254, 7, 74 %, 76274 MiB
2026/09/28 09:40:32.254, 0, 100 %, 76486 MiB
2026/09/28 09:40:32.603, 1, 100 %, 76274 MiB
2026/09/28 09:40:32.604, 2, 100 %, 76274 MiB
2026/09/28 09:40:32.607, 3, 100 %, 76274 MiB
2026/09/28 09:40:32.607, 4, 100 %, 76274 MiB
2026/09/28 09:40:32.608, 5, 100 %, 76274 MiB
2026/09/28 09:40:32.609, 6, 100 %, 75986 MiB
2026/09/28 09:40:32.610, 7, 100 %, 76274 MiB
2026/09/28 09:40:37.611, 0, 93 %, 76486 MiB
2026/09/28 09:40:37.611, 1, 69 %, 76274 MiB
2026/09/28 09:40:37.611, 2, 61 %, 76274 MiB
2026/09/28 09:40:37.611, 3, 79 %, 76274 MiB
2026/09/28 09:40:37.611, 4, 87 %, 76274 MiB
2026/09/28 09:40:37.611, 5, 89 %, 76274 MiB
2026/09/28 09:40:37.611, 6, 70 %, 75986 MiB
2026/09/28 09:40:37.611, 7, 85 %, 76274 MiB
2026/09/28 09:40:42.611, 0, 93 %, 76486 MiB
2026/09/28 09:40:42.612, 1, 83 %, 76274 MiB
2026/09/28 09:40:42.612, 2, 83 %, 76274 MiB
2026/09/28 09:40:42.612, 3, 88 %, 76274 MiB
2026/09/28 09:40:42.613, 4, 90 %, 76274 MiB
2026/09/28 09:40:42.613, 5, 91 %, 76274 MiB
2026/09/28 09:40:42.614, 6, 85 %, 75986 MiB
2026/09/28 09:40:42.614, 7, 90 %, 76274 MiB
2026/09/28 09:40:47.615, 0, 84 %, 76486 MiB
2026/09/28 09:40:47.615, 1, 100 %, 76274 MiB
2026/09/28 09:40:47.615, 2, 100 %, 76274 MiB
2026/09/28 09:40:47.615, 3, 99 %, 76274 MiB
2026/09/28 09:40:47.615, 4, 89 %, 76274 MiB
2026/09/28 09:40:47.615, 5, 85 %, 76274 MiB
2026/09/28 09:40:47.615, 6, 100 %, 75986 MiB
2026/09/28 09:40:47.615, 7, 92 %, 76274 MiB
2026/09/28 09:40:52.616, 0, 85 %, 76486 MiB
2026/09/28 09:40:52.617, 1, 93 %, 76274 MiB
2026/09/28 09:40:52.619, 2, 92 %, 76274 MiB
2026/09/28 09:40:52.620, 3, 91 %, 76274 MiB
2026/09/28 09:40:52.621, 4, 86 %, 76274 MiB
2026/09/28 09:40:52.621, 5, 83 %, 76274 MiB
2026/09/28 09:40:52.622, 6, 92 %, 75986 MiB
2026/09/28 09:40:52.622, 7, 87 %, 76274 MiB
2026/09/28 09:40:57.623, 0, 87 %, 76486 MiB
2026/09/28 09:40:57.623, 1, 99 %, 76274 MiB
2026/09/28 09:40:57.623, 2, 100 %, 76274 MiB
2026/09/28 09:40:57.623, 3, 100 %, 76274 MiB
2026/09/28 09:40:57.623, 4, 83 %, 76274 MiB
2026/09/28 09:40:57.623, 5, 100 %, 76274 MiB
2026/09/28 09:40:57.623, 6, 100 %, 75986 MiB
2026/09/28 09:40:57.623, 7, 83 %, 76274 MiB
2026/09/28 09:41:02.624, 0, 99 %, 76486 MiB
2026/09/28 09:41:02.624, 1, 99 %, 76274 MiB
2026/09/28 09:41:02.625, 2, 99 %, 76274 MiB
2026/09/28 09:41:02.625, 3, 99 %, 76274 MiB
2026/09/28 09:41:02.630, 4, 100 %, 76274 MiB
2026/09/28 09:41:02.630, 5, 100 %, 76274 MiB
2026/09/28 09:41:02.631, 6, 100 %, 75986 MiB
2026/09/28 09:41:02.631, 7, 99 %, 76274 MiB
2026/09/28 09:41:07.632, 0, 94 %, 76486 MiB
2026/09/28 09:41:07.632, 1, 94 %, 76274 MiB
2026/09/28 09:41:07.636, 2, 94 %, 76274 MiB
2026/09/28 09:41:07.639, 3, 95 %, 76274 MiB
2026/09/28 09:41:07.643, 4, 95 %, 76274 MiB
2026/09/28 09:41:07.648, 5, 94 %, 76274 MiB
2026/09/28 09:41:07.654, 6, 94 %, 75986 MiB
2026/09/28 09:41:07.655, 7, 94 %, 76274 MiB
2026/09/28 09:41:12.656, 0, 84 %, 76486 MiB
2026/09/28 09:41:12.656, 1, 92 %, 76274 MiB
2026/09/28 09:41:12.656, 2, 80 %, 76274 MiB
2026/09/28 09:41:12.656, 3, 78 %, 76274 MiB
2026/09/28 09:41:12.656, 4, 82 %, 76274 MiB
2026/09/28 09:41:12.656, 5, 84 %, 76274 MiB
2026/09/28 09:41:12.656, 6, 100 %, 75986 MiB
2026/09/28 09:41:12.656, 7, 80 %, 76274 MiB
2026/09/28 09:41:17.657, 0, 100 %, 76486 MiB
2026/09/28 09:41:17.657, 1, 100 %, 76274 MiB
2026/09/28 09:41:17.657, 2, 99 %, 76274 MiB
2026/09/28 09:41:17.657, 3, 100 %, 76274 MiB
2026/09/28 09:41:17.657, 4, 100 %, 76274 MiB
2026/09/28 09:41:17.657, 5, 100 %, 76274 MiB
2026/09/28 09:41:17.657, 6, 100 %, 75986 MiB
2026/09/28 09:41:17.657, 7, 100 %, 76274 MiB
2026/09/28 09:41:22.657, 0, 100 %, 76486 MiB
2026/09/28 09:41:22.657, 1, 100 %, 76274 MiB
2026/09/28 09:41:22.657, 2, 100 %, 76274 MiB
2026/09/28 09:41:22.657, 3, 100 %, 76274 MiB
2026/09/28 09:41:22.657, 4, 100 %, 76274 MiB
2026/09/28 09:41:22.657, 5, 100 %, 76274 MiB
2026/09/28 09:41:22.657, 6, 100 %, 75986 MiB
2026/09/28 09:41:22.657, 7, 100 %, 76274 MiB
2026/09/28 09:41:27.657, 0, 89 %, 76486 MiB
2026/09/28 09:41:27.659, 1, 76 %, 76274 MiB
2026/09/28 09:41:27.664, 2, 100 %, 76274 MiB
2026/09/28 09:41:27.665, 3, 98 %, 76274 MiB
2026/09/28 09:41:27.668, 4, 100 %, 76274 MiB
2026/09/28 09:41:27.672, 5, 88 %, 76274 MiB
2026/09/28 09:41:27.673, 6, 69 %, 75986 MiB
2026/09/28 09:41:27.674, 7, 95 %, 76274 MiB
2026/09/28 09:41:32.679, 0, 100 %, 76486 MiB
2026/09/28 09:41:32.679, 1, 99 %, 76274 MiB
2026/09/28 09:41:32.681, 2, 99 %, 76274 MiB
2026/09/28 09:41:32.682, 3, 99 %, 76274 MiB
2026/09/28 09:41:32.683, 4, 99 %, 76274 MiB
2026/09/28 09:41:32.683, 5, 100 %, 76274 MiB
2026/09/28 09:41:32.684, 6, 100 %, 75986 MiB
2026/09/28 09:41:32.684, 7, 100 %, 76274 MiB
2026/09/28 09:41:37.685, 0, 99 %, 76486 MiB
2026/09/28 09:41:37.685, 1, 100 %, 76274 MiB
2026/09/28 09:41:37.685, 2, 100 %, 76274 MiB
2026/09/28 09:41:37.685, 3, 100 %, 76274 MiB
2026/09/28 09:41:37.685, 4, 99 %, 76274 MiB
2026/09/28 09:41:37.685, 5, 99 %, 76274 MiB
2026/09/28 09:41:37.685, 6, 100 %, 75986 MiB
2026/09/28 09:41:37.685, 7, 99 %, 76274 MiB
2026/09/28 09:41:42.685, 0, 100 %, 76486 MiB
2026/09/28 09:41:42.685, 1, 100 %, 76274 MiB
2026/09/28 09:41:42.686, 2, 100 %, 76274 MiB
2026/09/28 09:41:42.686, 3, 100 %, 76274 MiB
2026/09/28 09:41:42.687, 4, 100 %, 76274 MiB
2026/09/28 09:41:42.687, 5, 100 %, 76274 MiB
2026/09/28 09:41:42.687, 6, 100 %, 75986 MiB
2026/09/28 09:41:42.688, 7, 100 %, 76274 MiB
2026/09/28 09:41:47.688, 0, 100 %, 76486 MiB
2026/09/28 09:41:47.688, 1, 75 %, 76274 MiB
2026/09/28 09:41:47.688, 2, 91 %, 76274 MiB
2026/09/28 09:41:47.688, 3, 100 %, 76274 MiB
2026/09/28 09:41:47.688, 4, 100 %, 76274 MiB
2026/09/28 09:41:47.688, 5, 100 %, 76274 MiB
2026/09/28 09:41:47.688, 6, 92 %, 75986 MiB
2026/09/28 09:41:47.688, 7, 100 %, 76274 MiB
2026/09/28 09:41:52.689, 0, 100 %, 76486 MiB
2026/09/28 09:41:52.689, 1, 100 %, 76274 MiB
2026/09/28 09:41:52.689, 2, 100 %, 76274 MiB
2026/09/28 09:41:52.689, 3, 100 %, 76274 MiB
2026/09/28 09:41:52.689, 4, 100 %, 76274 MiB
2026/09/28 09:41:52.689, 5, 100 %, 76274 MiB
2026/09/28 09:41:52.689, 6, 100 %, 75986 MiB
2026/09/28 09:41:52.689, 7, 100 %, 76274 MiB
2026/09/28 09:41:57.689, 0, 100 %, 76486 MiB
2026/09/28 09:41:57.689, 1, 100 %, 76274 MiB
2026/09/28 09:41:57.693, 2, 100 %, 76274 MiB
2026/09/28 09:41:57.695, 3, 100 %, 76274 MiB
2026/09/28 09:41:57.699, 4, 100 %, 76274 MiB
2026/09/28 09:41:57.706, 5, 100 %, 76274 MiB
2026/09/28 09:41:57.748, 6, 100 %, 75986 MiB
2026/09/28 09:41:57.749, 7, 100 %, 76274 MiB
2026/09/28 09:42:02.750, 0, 99 %, 76486 MiB
2026/09/28 09:42:02.753, 1, 99 %, 76274 MiB
2026/09/28 09:42:02.755, 2, 100 %, 76274 MiB
2026/09/28 09:42:02.755, 3, 99 %, 76274 MiB
2026/09/28 09:42:02.755, 4, 100 %, 76274 MiB
2026/09/28 09:42:02.756, 5, 100 %, 76274 MiB
2026/09/28 09:42:02.761, 6, 100 %, 75986 MiB
2026/09/28 09:42:02.762, 7, 99 %, 76274 MiB
2026/09/28 09:42:07.763, 0, 97 %, 76486 MiB
2026/09/28 09:42:07.766, 1, 97 %, 76274 MiB
2026/09/28 09:42:07.766, 2, 97 %, 76274 MiB
2026/09/28 09:42:07.767, 3, 97 %, 76274 MiB
2026/09/28 09:42:07.767, 4, 97 %, 76274 MiB
2026/09/28 09:42:07.768, 5, 98 %, 76274 MiB
2026/09/28 09:42:07.768, 6, 97 %, 75986 MiB
2026/09/28 09:42:07.769, 7, 97 %, 76274 MiB
2026/09/28 09:42:12.770, 0, 100 %, 76486 MiB
2026/09/28 09:42:12.770, 1, 100 %, 76274 MiB
2026/09/28 09:42:12.770, 2, 100 %, 76274 MiB
2026/09/28 09:42:12.770, 3, 100 %, 76274 MiB
2026/09/28 09:42:12.770, 4, 99 %, 76274 MiB
2026/09/28 09:42:12.770, 5, 100 %, 76274 MiB
2026/09/28 09:42:12.770, 6, 100 %, 75986 MiB
2026/09/28 09:42:12.770, 7, 100 %, 76274 MiB
2026/09/28 09:42:17.770, 0, 99 %, 76486 MiB
2026/09/28 09:42:17.770, 1, 99 %, 76274 MiB
2026/09/28 09:42:17.770, 2, 100 %, 76274 MiB
2026/09/28 09:42:17.771, 3, 99 %, 76274 MiB
2026/09/28 09:42:17.771, 4, 99 %, 76274 MiB
2026/09/28 09:42:17.771, 5, 99 %, 76274 MiB
2026/09/28 09:42:17.771, 6, 99 %, 75986 MiB
2026/09/28 09:42:17.771, 7, 99 %, 76274 MiB
2026/09/28 09:42:22.772, 0, 100 %, 76486 MiB
2026/09/28 09:42:22.842, 1, 100 %, 76274 MiB
2026/09/28 09:42:22.844, 2, 100 %, 76274 MiB
2026/09/28 09:42:22.844, 3, 100 %, 76274 MiB
2026/09/28 09:42:22.845, 4, 100 %, 76274 MiB
2026/09/28 09:42:22.847, 5, 100 %, 76274 MiB
2026/09/28 09:42:22.850, 6, 100 %, 75986 MiB
2026/09/28 09:42:22.851, 7, 100 %, 76274 MiB
2026/09/28 09:42:27.853, 0, 93 %, 76486 MiB
2026/09/28 09:42:27.856, 1, 100 %, 76274 MiB
2026/09/28 09:42:27.857, 2, 100 %, 76274 MiB
2026/09/28 09:42:27.859, 3, 93 %, 76274 MiB
2026/09/28 09:42:27.859, 4, 81 %, 76274 MiB
2026/09/28 09:42:27.859, 5, 88 %, 76274 MiB
2026/09/28 09:42:27.860, 6, 100 %, 75986 MiB
2026/09/28 09:42:27.860, 7, 86 %, 76274 MiB
2026/09/28 09:42:32.861, 0, 100 %, 76486 MiB
2026/09/28 09:42:32.862, 1, 100 %, 76274 MiB
2026/09/28 09:42:32.862, 2, 100 %, 76274 MiB
2026/09/28 09:42:32.862, 3, 100 %, 76274 MiB
2026/09/28 09:42:32.863, 4, 100 %, 76274 MiB
2026/09/28 09:42:32.864, 5, 100 %, 76274 MiB
2026/09/28 09:42:32.865, 6, 100 %, 75986 MiB
2026/09/28 09:42:32.867, 7, 100 %, 76274 MiB
2026/09/28 09:42:37.868, 0, 100 %, 76486 MiB
2026/09/28 09:42:39.152, 1, 100 %, 76274 MiB
2026/09/28 09:42:39.158, 2, 100 %, 76274 MiB
2026/09/28 09:42:39.165, 3, 100 %, 76274 MiB
2026/09/28 09:42:39.172, 4, 100 %, 76274 MiB
2026/09/28 09:42:39.177, 5, 100 %, 76274 MiB
2026/09/28 09:42:39.179, 6, 100 %, 75986 MiB
2026/09/28 09:42:39.180, 7, 100 %, 76274 MiB
2026/09/28 09:42:44.183, 0, 100 %, 76486 MiB
2026/09/28 09:42:44.183, 1, 100 %, 76274 MiB
2026/09/28 09:42:44.184, 2, 100 %, 76274 MiB
2026/09/28 09:42:44.184, 3, 100 %, 76274 MiB
2026/09/28 09:42:44.185, 4, 100 %, 76274 MiB
2026/09/28 09:42:44.185, 5, 100 %, 76274 MiB
2026/09/28 09:42:44.186, 6, 100 %, 75986 MiB
2026/09/28 09:42:44.186, 7, 100 %, 76274 MiB
2026/09/28 09:42:49.187, 0, 94 %, 76486 MiB
2026/09/28 09:42:49.187, 1, 100 %, 76274 MiB
2026/09/28 09:42:49.188, 2, 88 %, 76274 MiB
2026/09/28 09:42:49.188, 3, 95 %, 76274 MiB
2026/09/28 09:42:49.189, 4, 72 %, 76274 MiB
2026/09/28 09:42:49.190, 5, 98 %, 76274 MiB
2026/09/28 09:42:49.190, 6, 92 %, 75986 MiB
2026/09/28 09:42:49.192, 7, 80 %, 76274 MiB
2026/09/28 09:42:54.192, 0, 68 %, 76486 MiB
2026/09/28 09:42:54.193, 1, 60 %, 76274 MiB
2026/09/28 09:42:54.193, 2, 90 %, 76274 MiB
2026/09/28 09:42:54.194, 3, 100 %, 76274 MiB
2026/09/28 09:42:54.194, 4, 74 %, 76274 MiB
2026/09/28 09:42:54.194, 5, 100 %, 76274 MiB
2026/09/28 09:42:54.195, 6, 98 %, 75986 MiB
2026/09/28 09:42:54.195, 7, 67 %, 76274 MiB
2026/09/28 09:42:59.196, 0, 97 %, 76486 MiB
2026/09/28 09:42:59.196, 1, 97 %, 76274 MiB
2026/09/28 09:42:59.196, 2, 100 %, 76274 MiB
2026/09/28 09:42:59.196, 3, 100 %, 76274 MiB
2026/09/28 09:42:59.196, 4, 97 %, 76274 MiB
2026/09/28 09:42:59.555, 5, 100 %, 76274 MiB
2026/09/28 09:42:59.555, 6, 100 %, 75986 MiB
2026/09/28 09:42:59.556, 7, 100 %, 76274 MiB
2026/09/28 09:43:04.561, 0, 100 %, 76486 MiB
2026/09/28 09:43:04.561, 1, 100 %, 76274 MiB
2026/09/28 09:43:04.563, 2, 100 %, 76274 MiB
2026/09/28 09:43:04.565, 3, 100 %, 76274 MiB
2026/09/28 09:43:04.565, 4, 100 %, 76274 MiB
2026/09/28 09:43:04.566, 5, 100 %, 76274 MiB
2026/09/28 09:43:04.566, 6, 100 %, 75986 MiB
2026/09/28 09:43:04.566, 7, 100 %, 76274 MiB
2026/09/28 09:43:09.567, 0, 100 %, 76486 MiB
2026/09/28 09:43:09.866, 1, 100 %, 76274 MiB
2026/09/28 09:43:09.872, 2, 100 %, 76274 MiB
2026/09/28 09:43:09.873, 3, 100 %, 76274 MiB
2026/09/28 09:43:09.874, 4, 100 %, 76274 MiB
2026/09/28 09:43:09.877, 5, 100 %, 76274 MiB
2026/09/28 09:43:09.880, 6, 100 %, 75986 MiB
2026/09/28 09:43:09.885, 7, 100 %, 76274 MiB
2026/09/28 09:43:14.886, 0, 100 %, 76486 MiB
2026/09/28 09:43:14.887, 1, 100 %, 76274 MiB
2026/09/28 09:43:14.887, 2, 99 %, 76274 MiB
2026/09/28 09:43:14.888, 3, 100 %, 76274 MiB
2026/09/28 09:43:14.888, 4, 100 %, 76274 MiB
2026/09/28 09:43:14.890, 5, 100 %, 76274 MiB
2026/09/28 09:43:14.893, 6, 100 %, 75986 MiB
2026/09/28 09:43:14.893, 7, 98 %, 76274 MiB
2026/09/28 09:43:19.894, 0, 100 %, 76486 MiB
2026/09/28 09:43:19.894, 1, 100 %, 76274 MiB
2026/09/28 09:43:19.894, 2, 100 %, 76274 MiB
2026/09/28 09:43:19.894, 3, 100 %, 76274 MiB
2026/09/28 09:43:19.894, 4, 100 %, 76274 MiB
2026/09/28 09:43:19.894, 5, 100 %, 76274 MiB
2026/09/28 09:43:19.894, 6, 100 %, 75986 MiB
2026/09/28 09:43:19.894, 7, 100 %, 76274 MiB
2026/09/28 09:43:24.894, 0, 100 %, 76486 MiB
2026/09/28 09:43:24.894, 1, 100 %, 76274 MiB
2026/09/28 09:43:24.894, 2, 99 %, 76274 MiB
2026/09/28 09:43:24.894, 3, 100 %, 76274 MiB
2026/09/28 09:43:24.894, 4, 100 %, 76274 MiB
2026/09/28 09:43:24.894, 5, 99 %, 76274 MiB
2026/09/28 09:43:24.894, 6, 100 %, 75986 MiB
2026/09/28 09:43:24.894, 7, 99 %, 76274 MiB
2026/09/28 09:43:29.895, 0, 100 %, 76486 MiB
2026/09/28 09:43:29.896, 1, 100 %, 76274 MiB
2026/09/28 09:43:29.901, 2, 100 %, 76274 MiB
2026/09/28 09:43:29.906, 3, 100 %, 76274 MiB
2026/09/28 09:43:29.907, 4, 100 %, 76274 MiB
2026/09/28 09:43:29.912, 5, 100 %, 76274 MiB
2026/09/28 09:43:29.913, 6, 100 %, 75986 MiB
2026/09/28 09:43:29.913, 7, 100 %, 76274 MiB
2026/09/28 09:43:34.914, 0, 67 %, 76486 MiB
2026/09/28 09:43:34.914, 1, 64 %, 76274 MiB
2026/09/28 09:43:34.914, 2, 68 %, 76274 MiB
2026/09/28 09:43:34.915, 3, 65 %, 76274 MiB
2026/09/28 09:43:34.915, 4, 67 %, 76274 MiB
2026/09/28 09:43:34.915, 5, 96 %, 76274 MiB
2026/09/28 09:43:34.915, 6, 65 %, 75986 MiB
2026/09/28 09:43:34.915, 7, 61 %, 76274 MiB
2026/09/28 09:43:39.915, 0, 100 %, 76486 MiB
2026/09/28 09:43:39.915, 1, 100 %, 76274 MiB
2026/09/28 09:43:39.915, 2, 100 %, 76274 MiB
2026/09/28 09:43:39.915, 3, 100 %, 76274 MiB
2026/09/28 09:43:39.915, 4, 100 %, 76274 MiB
2026/09/28 09:43:39.915, 5, 100 %, 76274 MiB
2026/09/28 09:43:39.915, 6, 100 %, 75986 MiB
2026/09/28 09:43:39.916, 7, 100 %, 76274 MiB
2026/09/28 09:43:44.916, 0, 100 %, 76486 MiB
2026/09/28 09:43:44.916, 1, 100 %, 76274 MiB
2026/09/28 09:43:44.916, 2, 100 %, 76274 MiB
2026/09/28 09:43:44.916, 3, 100 %, 76274 MiB
2026/09/28 09:43:44.916, 4, 99 %, 76274 MiB
2026/09/28 09:43:44.916, 5, 100 %, 76274 MiB
2026/09/28 09:43:44.916, 6, 99 %, 75986 MiB
2026/09/28 09:43:44.916, 7, 100 %, 76274 MiB
2026/09/28 09:43:49.916, 0, 73 %, 76486 MiB
2026/09/28 09:43:49.916, 1, 75 %, 76274 MiB
2026/09/28 09:43:49.916, 2, 59 %, 76274 MiB
2026/09/28 09:43:49.916, 3, 64 %, 76274 MiB
2026/09/28 09:43:49.916, 4, 64 %, 76274 MiB
2026/09/28 09:43:49.916, 5, 72 %, 76274 MiB
2026/09/28 09:43:49.916, 6, 80 %, 75986 MiB
2026/09/28 09:43:49.916, 7, 75 %, 76274 MiB
2026/09/28 09:43:54.917, 0, 99 %, 76486 MiB
2026/09/28 09:43:54.918, 1, 97 %, 76274 MiB
2026/09/28 09:43:54.919, 2, 98 %, 76274 MiB
2026/09/28 09:43:54.921, 3, 97 %, 76274 MiB
2026/09/28 09:43:54.921, 4, 98 %, 76274 MiB
2026/09/28 09:43:54.921, 5, 98 %, 76274 MiB
2026/09/28 09:43:54.922, 6, 98 %, 75986 MiB
2026/09/28 09:43:54.922, 7, 98 %, 76274 MiB
2026/09/28 09:43:59.922, 0, 100 %, 76486 MiB
2026/09/28 09:43:59.922, 1, 100 %, 76274 MiB
2026/09/28 09:43:59.922, 2, 100 %, 76274 MiB
2026/09/28 09:43:59.922, 3, 100 %, 76274 MiB
2026/09/28 09:43:59.922, 4, 100 %, 76274 MiB
2026/09/28 09:43:59.922, 5, 100 %, 76274 MiB
2026/09/28 09:43:59.922, 6, 100 %, 75986 MiB
2026/09/28 09:43:59.922, 7, 100 %, 76274 MiB
2026/09/28 09:44:04.923, 0, 100 %, 76486 MiB
2026/09/28 09:44:04.923, 1, 100 %, 76274 MiB
2026/09/28 09:44:04.923, 2, 100 %, 76274 MiB
2026/09/28 09:44:04.923, 3, 100 %, 76274 MiB
2026/09/28 09:44:04.923, 4, 100 %, 76274 MiB
2026/09/28 09:44:04.923, 5, 100 %, 76274 MiB
2026/09/28 09:44:04.923, 6, 100 %, 75986 MiB
2026/09/28 09:44:04.923, 7, 100 %, 76274 MiB
2026/09/28 09:44:09.923, 0, 100 %, 76486 MiB
2026/09/28 09:44:09.924, 1, 100 %, 76274 MiB
2026/09/28 09:44:09.925, 2, 100 %, 76274 MiB
2026/09/28 09:44:09.948, 3, 100 %, 76274 MiB
2026/09/28 09:44:09.949, 4, 100 %, 76274 MiB
2026/09/28 09:44:09.952, 5, 100 %, 76274 MiB
2026/09/28 09:44:09.953, 6, 100 %, 75986 MiB
2026/09/28 09:44:09.954, 7, 100 %, 76274 MiB
2026/09/28 09:44:14.955, 0, 100 %, 76486 MiB
2026/09/28 09:44:14.955, 1, 100 %, 76274 MiB
2026/09/28 09:44:14.955, 2, 100 %, 76274 MiB
2026/09/28 09:44:14.955, 3, 100 %, 76274 MiB
2026/09/28 09:44:14.955, 4, 100 %, 76274 MiB
2026/09/28 09:44:14.955, 5, 100 %, 76274 MiB
2026/09/28 09:44:14.955, 6, 100 %, 75986 MiB
2026/09/28 09:44:14.955, 7, 100 %, 76274 MiB
2026/09/28 09:44:19.956, 0, 100 %, 76486 MiB
2026/09/28 09:44:19.956, 1, 100 %, 76274 MiB
2026/09/28 09:44:19.956, 2, 100 %, 76274 MiB
2026/09/28 09:44:19.956, 3, 100 %, 76274 MiB
2026/09/28 09:44:19.956, 4, 100 %, 76274 MiB
2026/09/28 09:44:19.956, 5, 100 %, 76274 MiB
2026/09/28 09:44:19.956, 6, 100 %, 75986 MiB
2026/09/28 09:44:19.956, 7, 100 %, 76274 MiB
2026/09/28 09:44:24.957, 0, 100 %, 76486 MiB
2026/09/28 09:44:24.957, 1, 100 %, 76274 MiB
2026/09/28 09:44:24.958, 2, 100 %, 76274 MiB
2026/09/28 09:44:24.958, 3, 100 %, 76274 MiB
2026/09/28 09:44:24.958, 4, 100 %, 76274 MiB
2026/09/28 09:44:24.959, 5, 100 %, 76274 MiB
2026/09/28 09:44:24.959, 6, 100 %, 75986 MiB
2026/09/28 09:44:24.959, 7, 100 %, 76274 MiB
2026/09/28 09:44:29.960, 0, 100 %, 76486 MiB
2026/09/28 09:44:29.960, 1, 100 %, 76274 MiB
2026/09/28 09:44:29.960, 2, 100 %, 76274 MiB
2026/09/28 09:44:29.960, 3, 100 %, 76274 MiB
2026/09/28 09:44:29.960, 4, 100 %, 76274 MiB
2026/09/28 09:44:29.960, 5, 100 %, 76274 MiB
2026/09/28 09:44:29.960, 6, 100 %, 75986 MiB
2026/09/28 09:44:29.960, 7, 100 %, 76274 MiB
2026/09/28 09:44:34.960, 0, 100 %, 76486 MiB
2026/09/28 09:44:34.960, 1, 100 %, 76274 MiB
2026/09/28 09:44:34.960, 2, 100 %, 76274 MiB
2026/09/28 09:44:34.960, 3, 100 %, 76274 MiB
2026/09/28 09:44:34.960, 4, 100 %, 76274 MiB
2026/09/28 09:44:34.960, 5, 100 %, 76274 MiB
2026/09/28 09:44:34.960, 6, 100 %, 75986 MiB
2026/09/28 09:44:34.960, 7, 100 %, 76274 MiB
2026/09/28 09:44:39.961, 0, 100 %, 76486 MiB
2026/09/28 09:44:40.085, 1, 100 %, 76274 MiB
2026/09/28 09:44:40.091, 2, 100 %, 76274 MiB
2026/09/28 09:44:40.095, 3, 100 %, 76274 MiB
2026/09/28 09:44:40.102, 4, 100 %, 76274 MiB
2026/09/28 09:44:40.104, 5, 100 %, 76274 MiB
2026/09/28 09:44:40.107, 6, 100 %, 75986 MiB
2026/09/28 09:44:40.109, 7, 100 %, 76274 MiB
2026/09/28 09:44:45.114, 0, 100 %, 76486 MiB
2026/09/28 09:44:45.114, 1, 100 %, 76274 MiB
2026/09/28 09:44:45.114, 2, 100 %, 76274 MiB
2026/09/28 09:44:45.114, 3, 100 %, 76274 MiB
2026/09/28 09:44:45.114, 4, 100 %, 76274 MiB
2026/09/28 09:44:45.114, 5, 100 %, 76274 MiB
2026/09/28 09:44:45.114, 6, 100 %, 75986 MiB
2026/09/28 09:44:45.115, 7, 100 %, 76274 MiB
2026/09/28 09:44:50.115, 0, 100 %, 76486 MiB
2026/09/28 09:44:50.115, 1, 100 %, 76274 MiB
2026/09/28 09:44:50.115, 2, 100 %, 76274 MiB
2026/09/28 09:44:50.115, 3, 100 %, 76274 MiB
2026/09/28 09:44:50.115, 4, 100 %, 76274 MiB
2026/09/28 09:44:50.115, 5, 100 %, 76274 MiB
2026/09/28 09:44:50.115, 6, 100 %, 75986 MiB
2026/09/28 09:44:50.115, 7, 100 %, 76274 MiB
2026/09/28 09:44:55.115, 0, 100 %, 76486 MiB
2026/09/28 09:44:55.115, 1, 100 %, 76274 MiB
2026/09/28 09:44:55.115, 2, 100 %, 76274 MiB
2026/09/28 09:44:55.115, 3, 100 %, 76274 MiB
2026/09/28 09:44:55.115, 4, 100 %, 76274 MiB
2026/09/28 09:44:55.115, 5, 100 %, 76274 MiB
2026/09/28 09:44:55.116, 6, 100 %, 75986 MiB
2026/09/28 09:44:55.116, 7, 100 %, 76274 MiB
2026/09/28 09:45:00.116, 0, 100 %, 76486 MiB
2026/09/28 09:45:00.116, 1, 100 %, 76274 MiB
2026/09/28 09:45:00.116, 2, 100 %, 76274 MiB
2026/09/28 09:45:00.116, 3, 100 %, 76274 MiB
2026/09/28 09:45:00.116, 4, 100 %, 76274 MiB
2026/09/28 09:45:00.116, 5, 100 %, 76274 MiB
2026/09/28 09:45:00.116, 6, 100 %, 75986 MiB
2026/09/28 09:45:00.116, 7, 100 %, 76274 MiB
2026/09/28 09:45:05.116, 0, 100 %, 76486 MiB
2026/09/28 09:45:05.116, 1, 100 %, 76274 MiB
2026/09/28 09:45:05.116, 2, 100 %, 76274 MiB
2026/09/28 09:45:05.116, 3, 100 %, 76274 MiB
2026/09/28 09:45:05.116, 4, 100 %, 76274 MiB
2026/09/28 09:45:05.117, 5, 100 %, 76274 MiB
2026/09/28 09:45:05.117, 6, 100 %, 75986 MiB
2026/09/28 09:45:05.117, 7, 100 %, 76274 MiB
2026/09/28 09:45:10.117, 0, 100 %, 76486 MiB
2026/09/28 09:45:10.117, 1, 100 %, 76274 MiB
2026/09/28 09:45:10.117, 2, 100 %, 76274 MiB
2026/09/28 09:45:10.117, 3, 100 %, 76274 MiB
2026/09/28 09:45:10.117, 4, 100 %, 76274 MiB
2026/09/28 09:45:10.117, 5, 100 %, 76274 MiB
2026/09/28 09:45:10.117, 6, 100 %, 75986 MiB
2026/09/28 09:45:10.117, 7, 100 %, 76274 MiB
2026/09/28 09:45:15.117, 0, 100 %, 76486 MiB
2026/09/28 09:45:15.117, 1, 100 %, 76274 MiB
2026/09/28 09:45:15.118, 2, 100 %, 76274 MiB
2026/09/28 09:45:15.118, 3, 100 %, 76274 MiB
2026/09/28 09:45:15.119, 4, 100 %, 76274 MiB
2026/09/28 09:45:15.119, 5, 100 %, 76274 MiB
2026/09/28 09:45:15.120, 6, 100 %, 75986 MiB
2026/09/28 09:45:15.120, 7, 100 %, 76274 MiB
2026/09/28 09:45:20.122, 0, 100 %, 76486 MiB
2026/09/28 09:45:20.122, 1, 100 %, 76274 MiB
2026/09/28 09:45:20.122, 2, 100 %, 76274 MiB
2026/09/28 09:45:20.122, 3, 100 %, 76274 MiB
2026/09/28 09:45:20.122, 4, 100 %, 76274 MiB
2026/09/28 09:45:20.122, 5, 100 %, 76274 MiB
2026/09/28 09:45:20.122, 6, 100 %, 75986 MiB
2026/09/28 09:45:20.122, 7, 100 %, 76274 MiB
2026/09/28 09:45:25.123, 0, 100 %, 76486 MiB
2026/09/28 09:45:25.123, 1, 100 %, 76274 MiB
2026/09/28 09:45:25.123, 2, 100 %, 76274 MiB
2026/09/28 09:45:25.123, 3, 100 %, 76274 MiB
2026/09/28 09:45:25.123, 4, 100 %, 76274 MiB
2026/09/28 09:45:25.123, 5, 100 %, 76274 MiB
2026/09/28 09:45:25.123, 6, 100 %, 75986 MiB
2026/09/28 09:45:25.123, 7, 100 %, 76274 MiB
2026/09/28 09:45:30.123, 0, 100 %, 76486 MiB
2026/09/28 09:45:30.123, 1, 100 %, 76274 MiB
2026/09/28 09:45:30.123, 2, 100 %, 76274 MiB
2026/09/28 09:45:30.123, 3, 100 %, 76274 MiB
2026/09/28 09:45:30.123, 4, 100 %, 76274 MiB
2026/09/28 09:45:30.123, 5, 100 %, 76274 MiB
2026/09/28 09:45:30.123, 6, 100 %, 75986 MiB
2026/09/28 09:45:30.123, 7, 100 %, 76274 MiB
2026/09/28 09:45:35.124, 0, 100 %, 76486 MiB
2026/09/28 09:45:35.124, 1, 100 %, 76274 MiB
2026/09/28 09:45:35.124, 2, 100 %, 76274 MiB
2026/09/28 09:45:35.125, 3, 100 %, 76274 MiB
2026/09/28 09:45:35.125, 4, 100 %, 76274 MiB
2026/09/28 09:45:35.125, 5, 100 %, 76274 MiB
2026/09/28 09:45:35.126, 6, 100 %, 75986 MiB
2026/09/28 09:45:35.126, 7, 100 %, 76274 MiB
2026/09/28 09:45:40.126, 0, 100 %, 76486 MiB
2026/09/28 09:45:40.128, 1, 100 %, 76274 MiB
2026/09/28 09:45:40.128, 2, 100 %, 76274 MiB
2026/09/28 09:45:40.129, 3, 100 %, 76274 MiB
2026/09/28 09:45:40.129, 4, 100 %, 76274 MiB
2026/09/28 09:45:40.130, 5, 100 %, 76274 MiB
2026/09/28 09:45:40.130, 6, 100 %, 75986 MiB
2026/09/28 09:45:40.130, 7, 100 %, 76274 MiB
2026/09/28 09:45:45.130, 0, 100 %, 76486 MiB
2026/09/28 09:45:45.130, 1, 100 %, 76274 MiB
2026/09/28 09:45:45.130, 2, 100 %, 76274 MiB
2026/09/28 09:45:45.130, 3, 100 %, 76274 MiB
2026/09/28 09:45:45.130, 4, 100 %, 76274 MiB
2026/09/28 09:45:45.130, 5, 100 %, 76274 MiB
2026/09/28 09:45:45.130, 6, 100 %, 75986 MiB
2026/09/28 09:45:45.130, 7, 100 %, 76274 MiB
2026/09/28 09:45:50.131, 0, 100 %, 76486 MiB
2026/09/28 09:45:50.131, 1, 100 %, 76274 MiB
2026/09/28 09:45:50.131, 2, 100 %, 76274 MiB
2026/09/28 09:45:50.131, 3, 100 %, 76274 MiB
2026/09/28 09:45:50.131, 4, 100 %, 76274 MiB
2026/09/28 09:45:50.131, 5, 100 %, 76274 MiB
2026/09/28 09:45:50.131, 6, 100 %, 75986 MiB
2026/09/28 09:45:50.131, 7, 100 %, 76274 MiB
2026/09/28 09:45:55.131, 0, 100 %, 76486 MiB
2026/09/28 09:45:55.131, 1, 100 %, 76274 MiB
2026/09/28 09:45:55.132, 2, 100 %, 76274 MiB
2026/09/28 09:45:55.132, 3, 100 %, 76274 MiB
2026/09/28 09:45:55.133, 4, 100 %, 76274 MiB
2026/09/28 09:45:55.133, 5, 100 %, 76274 MiB
2026/09/28 09:45:55.133, 6, 100 %, 75986 MiB
2026/09/28 09:45:55.134, 7, 100 %, 76274 MiB
2026/09/28 09:46:00.135, 0, 100 %, 76486 MiB
2026/09/28 09:46:00.135, 1, 100 %, 76274 MiB
2026/09/28 09:46:00.135, 2, 100 %, 76274 MiB
2026/09/28 09:46:00.135, 3, 100 %, 76274 MiB
2026/09/28 09:46:00.136, 4, 100 %, 76274 MiB
2026/09/28 09:46:00.136, 5, 100 %, 76274 MiB
2026/09/28 09:46:00.136, 6, 100 %, 75986 MiB
2026/09/28 09:46:00.136, 7, 100 %, 76274 MiB
