2026/09/28 12:19:45.702, 0, 98 %, 72970 MiB
2026/09/28 12:19:45.705, 1, 100 %, 72758 MiB
2026/09/28 12:19:45.707, 2, 71 %, 72758 MiB
2026/09/28 12:19:45.709, 3, 100 %, 72758 MiB
2026/09/28 12:19:45.710, 4, 38 %, 72758 MiB
2026/09/28 12:19:45.712, 5, 100 %, 72758 MiB
2026/09/28 12:19:45.713, 6, 100 %, 72470 MiB
2026/09/28 12:19:45.714, 7, 100 %, 72758 MiB
2026/09/28 12:19:50.717, 0, 0 %, 72970 MiB
2026/09/28 12:19:50.717, 1, 0 %, 72758 MiB
2026/09/28 12:19:50.717, 2, 0 %, 72758 MiB
2026/09/28 12:19:50.717, 3, 0 %, 72758 MiB
2026/09/28 12:19:50.717, 4, 0 %, 72758 MiB
2026/09/28 12:19:50.717, 5, 0 %, 72758 MiB
2026/09/28 12:19:50.717, 6, 0 %, 72470 MiB
2026/09/28 12:19:50.717, 7, 0 %, 72758 MiB
2026/09/28 12:19:55.718, 0, 0 %, 72970 MiB
2026/09/28 12:19:55.718, 1, 0 %, 72758 MiB
2026/09/28 12:19:55.718, 2, 0 %, 72758 MiB
2026/09/28 12:19:55.718, 3, 0 %, 72758 MiB
2026/09/28 12:19:55.718, 4, 0 %, 72758 MiB
2026/09/28 12:19:55.718, 5, 0 %, 72758 MiB
2026/09/28 12:19:55.718, 6, 0 %, 72470 MiB
2026/09/28 12:19:55.718, 7, 0 %, 72758 MiB
2026/09/28 12:20:00.718, 0, 0 %, 72970 MiB
2026/09/28 12:20:00.718, 1, 0 %, 72758 MiB
2026/09/28 12:20:00.718, 2, 0 %, 72758 MiB
2026/09/28 12:20:00.718, 3, 0 %, 72758 MiB
2026/09/28 12:20:00.718, 4, 0 %, 72758 MiB
2026/09/28 12:20:00.718, 5, 0 %, 72758 MiB
2026/09/28 12:20:00.718, 6, 0 %, 72470 MiB
2026/09/28 12:20:00.718, 7, 0 %, 72758 MiB
2026/09/28 12:20:05.719, 0, 0 %, 72970 MiB
2026/09/28 12:20:05.719, 1, 0 %, 72758 MiB
2026/09/28 12:20:05.719, 2, 0 %, 72758 MiB
2026/09/28 12:20:05.719, 3, 0 %, 72758 MiB
2026/09/28 12:20:05.719, 4, 0 %, 72758 MiB
2026/09/28 12:20:05.719, 5, 0 %, 72758 MiB
2026/09/28 12:20:05.719, 6, 0 %, 72470 MiB
2026/09/28 12:20:05.719, 7, 0 %, 72758 MiB
2026/09/28 12:20:10.719, 0, 0 %, 72970 MiB
2026/09/28 12:20:10.719, 1, 0 %, 72758 MiB
2026/09/28 12:20:10.719, 2, 0 %, 72758 MiB
2026/09/28 12:20:10.719, 3, 0 %, 72758 MiB
2026/09/28 12:20:10.719, 4, 0 %, 72758 MiB
2026/09/28 12:20:10.719, 5, 0 %, 72758 MiB
2026/09/28 12:20:10.719, 6, 0 %, 72470 MiB
2026/09/28 12:20:10.719, 7, 0 %, 72758 MiB
2026/09/28 12:20:15.720, 0, 0 %, 72970 MiB
2026/09/28 12:20:15.720, 1, 0 %, 72758 MiB
2026/09/28 12:20:15.720, 2, 0 %, 72758 MiB
2026/09/28 12:20:15.720, 3, 0 %, 72758 MiB
2026/09/28 12:20:15.720, 4, 0 %, 72758 MiB
2026/09/28 12:20:15.720, 5, 0 %, 72758 MiB
2026/09/28 12:20:15.720, 6, 0 %, 72470 MiB
2026/09/28 12:20:15.720, 7, 0 %, 72758 MiB
2026/09/28 12:20:20.720, 0, 0 %, 72970 MiB
2026/09/28 12:20:20.720, 1, 0 %, 72758 MiB
2026/09/28 12:20:20.720, 2, 0 %, 72758 MiB
2026/09/28 12:20:20.721, 3, 0 %, 72758 MiB
2026/09/28 12:20:20.721, 4, 0 %, 72758 MiB
2026/09/28 12:20:20.722, 5, 0 %, 72758 MiB
2026/09/28 12:20:20.722, 6, 0 %, 72470 MiB
2026/09/28 12:20:20.722, 7, 0 %, 72758 MiB
2026/09/28 12:20:25.723, 0, 0 %, 72970 MiB
2026/09/28 12:20:25.723, 1, 0 %, 72758 MiB
2026/09/28 12:20:25.723, 2, 0 %, 72758 MiB
2026/09/28 12:20:25.723, 3, 0 %, 72758 MiB
2026/09/28 12:20:25.723, 4, 0 %, 72758 MiB
2026/09/28 12:20:25.723, 5, 0 %, 72758 MiB
2026/09/28 12:20:25.723, 6, 0 %, 72470 MiB
2026/09/28 12:20:25.723, 7, 0 %, 72758 MiB
2026/09/28 12:20:30.724, 0, 100 %, 75312 MiB
2026/09/28 12:20:30.724, 1, 100 %, 75100 MiB
2026/09/28 12:20:30.724, 2, 100 %, 75100 MiB
2026/09/28 12:20:30.724, 3, 100 %, 75100 MiB
2026/09/28 12:20:30.725, 4, 100 %, 75100 MiB
2026/09/28 12:20:30.725, 5, 100 %, 75100 MiB
2026/09/28 12:20:30.725, 6, 100 %, 74812 MiB
2026/09/28 12:20:30.725, 7, 100 %, 75100 MiB
2026/09/28 12:20:35.726, 0, 100 %, 75312 MiB
2026/09/28 12:20:35.726, 1, 100 %, 75100 MiB
2026/09/28 12:20:35.726, 2, 100 %, 75100 MiB
2026/09/28 12:20:35.726, 3, 100 %, 75100 MiB
2026/09/28 12:20:35.726, 4, 100 %, 75100 MiB
2026/09/28 12:20:35.726, 5, 100 %, 75100 MiB
2026/09/28 12:20:35.726, 6, 100 %, 74812 MiB
2026/09/28 12:20:35.726, 7, 100 %, 75100 MiB
2026/09/28 12:20:40.726, 0, 100 %, 75314 MiB
2026/09/28 12:20:40.726, 1, 100 %, 75102 MiB
2026/09/28 12:20:40.726, 2, 100 %, 75102 MiB
2026/09/28 12:20:40.726, 3, 100 %, 75102 MiB
2026/09/28 12:20:40.727, 4, 100 %, 75102 MiB
2026/09/28 12:20:40.727, 5, 100 %, 75102 MiB
2026/09/28 12:20:40.727, 6, 100 %, 74814 MiB
2026/09/28 12:20:40.727, 7, 100 %, 75102 MiB
2026/09/28 12:20:45.727, 0, 100 %, 75314 MiB
2026/09/28 12:20:45.728, 1, 100 %, 75102 MiB
2026/09/28 12:20:45.731, 2, 100 %, 75102 MiB
2026/09/28 12:20:45.734, 3, 100 %, 75102 MiB
2026/09/28 12:20:45.735, 4, 100 %, 75102 MiB
2026/09/28 12:20:45.735, 5, 100 %, 75102 MiB
2026/09/28 12:20:45.736, 6, 100 %, 74814 MiB
2026/09/28 12:20:45.736, 7, 100 %, 75102 MiB
2026/09/28 12:20:50.737, 0, 100 %, 75316 MiB
2026/09/28 12:20:50.737, 1, 100 %, 75104 MiB
2026/09/28 12:20:50.737, 2, 100 %, 75104 MiB
2026/09/28 12:20:50.738, 3, 100 %, 75104 MiB
2026/09/28 12:20:50.738, 4, 100 %, 75104 MiB
2026/09/28 12:20:50.738, 5, 100 %, 75104 MiB
2026/09/28 12:20:50.738, 6, 100 %, 74816 MiB
2026/09/28 12:20:50.738, 7, 100 %, 75104 MiB
2026/09/28 12:20:55.738, 0, 100 %, 75316 MiB
2026/09/28 12:20:55.748, 1, 100 %, 75104 MiB
2026/09/28 12:20:55.748, 2, 100 %, 75104 MiB
2026/09/28 12:20:55.748, 3, 100 %, 75104 MiB
2026/09/28 12:20:55.748, 4, 100 %, 75104 MiB
2026/09/28 12:20:55.748, 5, 100 %, 75104 MiB
2026/09/28 12:20:55.748, 6, 100 %, 74816 MiB
2026/09/28 12:20:55.748, 7, 100 %, 75104 MiB
2026/09/28 12:21:00.748, 0, 100 %, 75316 MiB
2026/09/28 12:21:00.955, 1, 100 %, 75104 MiB
2026/09/28 12:21:00.961, 2, 100 %, 75104 MiB
2026/09/28 12:21:00.964, 3, 100 %, 75104 MiB
2026/09/28 12:21:00.968, 4, 100 %, 75104 MiB
2026/09/28 12:21:00.968, 5, 100 %, 75104 MiB
2026/09/28 12:21:00.973, 6, 100 %, 74816 MiB
2026/09/28 12:21:00.973, 7, 100 %, 75104 MiB
2026/09/28 12:21:05.973, 0, 100 %, 75316 MiB
2026/09/28 12:21:05.974, 1, 100 %, 75104 MiB
2026/09/28 12:21:05.976, 2, 100 %, 75104 MiB
2026/09/28 12:21:05.976, 3, 100 %, 75104 MiB
2026/09/28 12:21:05.976, 4, 100 %, 75104 MiB
2026/09/28 12:21:05.976, 5, 100 %, 75104 MiB
2026/09/28 12:21:05.977, 6, 100 %, 74816 MiB
2026/09/28 12:21:05.977, 7, 100 %, 75104 MiB
2026/09/28 12:21:10.978, 0, 100 %, 75316 MiB
2026/09/28 12:21:10.978, 1, 100 %, 75104 MiB
2026/09/28 12:21:10.978, 2, 100 %, 75104 MiB
2026/09/28 12:21:10.978, 3, 100 %, 75104 MiB
2026/09/28 12:21:10.978, 4, 100 %, 75104 MiB
2026/09/28 12:21:10.978, 5, 100 %, 75104 MiB
2026/09/28 12:21:10.978, 6, 100 %, 74816 MiB
2026/09/28 12:21:10.978, 7, 100 %, 75104 MiB
2026/09/28 12:21:15.978, 0, 100 %, 75316 MiB
2026/09/28 12:21:15.978, 1, 100 %, 75104 MiB
2026/09/28 12:21:15.978, 2, 100 %, 75104 MiB
2026/09/28 12:21:15.978, 3, 100 %, 75104 MiB
2026/09/28 12:21:15.978, 4, 100 %, 75104 MiB
2026/09/28 12:21:15.978, 5, 100 %, 75104 MiB
2026/09/28 12:21:15.978, 6, 100 %, 74816 MiB
2026/09/28 12:21:15.978, 7, 100 %, 75104 MiB
2026/09/28 12:21:20.979, 0, 100 %, 75316 MiB
2026/09/28 12:21:20.979, 1, 100 %, 75104 MiB
2026/09/28 12:21:20.979, 2, 100 %, 75104 MiB
2026/09/28 12:21:20.979, 3, 100 %, 75104 MiB
2026/09/28 12:21:20.980, 4, 100 %, 75104 MiB
2026/09/28 12:21:20.980, 5, 100 %, 75104 MiB
2026/09/28 12:21:20.980, 6, 100 %, 74816 MiB
2026/09/28 12:21:20.980, 7, 100 %, 75104 MiB
2026/09/28 12:21:25.981, 0, 100 %, 75316 MiB
2026/09/28 12:21:25.981, 1, 100 %, 75104 MiB
2026/09/28 12:21:25.981, 2, 100 %, 75104 MiB
2026/09/28 12:21:25.982, 3, 100 %, 75104 MiB
2026/09/28 12:21:25.982, 4, 100 %, 75104 MiB
2026/09/28 12:21:25.982, 5, 100 %, 75104 MiB
2026/09/28 12:21:25.984, 6, 100 %, 74816 MiB
2026/09/28 12:21:25.986, 7, 100 %, 75104 MiB
2026/09/28 12:21:30.987, 0, 100 %, 75316 MiB
2026/09/28 12:21:30.987, 1, 100 %, 75104 MiB
2026/09/28 12:21:30.987, 2, 100 %, 75104 MiB
2026/09/28 12:21:30.987, 3, 100 %, 75104 MiB
2026/09/28 12:21:30.987, 4, 100 %, 75104 MiB
2026/09/28 12:21:30.987, 5, 100 %, 75104 MiB
2026/09/28 12:21:30.987, 6, 100 %, 74816 MiB
2026/09/28 12:21:30.987, 7, 100 %, 75104 MiB
2026/09/28 12:21:35.987, 0, 100 %, 75316 MiB
2026/09/28 12:21:35.987, 1, 100 %, 75104 MiB
2026/09/28 12:21:35.987, 2, 100 %, 75104 MiB
2026/09/28 12:21:35.987, 3, 100 %, 75104 MiB
2026/09/28 12:21:35.987, 4, 100 %, 75104 MiB
2026/09/28 12:21:35.987, 5, 100 %, 75104 MiB
2026/09/28 12:21:35.987, 6, 100 %, 74816 MiB
2026/09/28 12:21:35.987, 7, 100 %, 75104 MiB
2026/09/28 12:21:40.988, 0, 100 %, 75316 MiB
2026/09/28 12:21:40.988, 1, 100 %, 75104 MiB
2026/09/28 12:21:40.988, 2, 100 %, 75104 MiB
2026/09/28 12:21:40.988, 3, 100 %, 75104 MiB
2026/09/28 12:21:40.988, 4, 100 %, 75104 MiB
2026/09/28 12:21:40.988, 5, 100 %, 75104 MiB
2026/09/28 12:21:40.988, 6, 100 %, 74816 MiB
2026/09/28 12:21:40.988, 7, 100 %, 75104 MiB
2026/09/28 12:21:45.988, 0, 100 %, 75316 MiB
2026/09/28 12:21:46.169, 1, 100 %, 75104 MiB
2026/09/28 12:21:46.172, 2, 100 %, 75104 MiB
2026/09/28 12:21:46.173, 3, 100 %, 75104 MiB
2026/09/28 12:21:46.174, 4, 100 %, 75104 MiB
2026/09/28 12:21:46.178, 5, 100 %, 75104 MiB
2026/09/28 12:21:46.179, 6, 100 %, 74816 MiB
2026/09/28 12:21:46.180, 7, 100 %, 75104 MiB
2026/09/28 12:21:51.181, 0, 100 %, 75316 MiB
2026/09/28 12:21:51.396, 1, 100 %, 75104 MiB
2026/09/28 12:21:51.400, 2, 100 %, 75104 MiB
2026/09/28 12:21:51.400, 3, 100 %, 75104 MiB
2026/09/28 12:21:51.401, 4, 100 %, 75104 MiB
2026/09/28 12:21:51.403, 5, 100 %, 75104 MiB
2026/09/28 12:21:51.406, 6, 100 %, 74816 MiB
2026/09/28 12:21:51.406, 7, 100 %, 75104 MiB
2026/09/28 12:21:56.408, 0, 100 %, 75316 MiB
2026/09/28 12:21:56.409, 1, 100 %, 75104 MiB
2026/09/28 12:21:56.409, 2, 100 %, 75104 MiB
2026/09/28 12:21:56.409, 3, 100 %, 75104 MiB
2026/09/28 12:21:56.410, 4, 100 %, 75104 MiB
2026/09/28 12:21:56.410, 5, 100 %, 75104 MiB
2026/09/28 12:21:56.410, 6, 100 %, 74816 MiB
2026/09/28 12:21:56.410, 7, 100 %, 75104 MiB
2026/09/28 12:22:01.411, 0, 100 %, 75316 MiB
2026/09/28 12:22:01.413, 1, 100 %, 75104 MiB
2026/09/28 12:22:01.414, 2, 100 %, 75104 MiB
2026/09/28 12:22:01.414, 3, 100 %, 75104 MiB
2026/09/28 12:22:01.414, 4, 100 %, 75104 MiB
2026/09/28 12:22:01.415, 5, 100 %, 75104 MiB
2026/09/28 12:22:01.415, 6, 100 %, 74816 MiB
2026/09/28 12:22:01.416, 7, 100 %, 75104 MiB
2026/09/28 12:22:06.416, 0, 100 %, 75316 MiB
2026/09/28 12:22:06.416, 1, 100 %, 75104 MiB
2026/09/28 12:22:06.481, 2, 100 %, 75104 MiB
2026/09/28 12:22:06.483, 3, 100 %, 75104 MiB
2026/09/28 12:22:06.483, 4, 100 %, 75104 MiB
2026/09/28 12:22:06.483, 5, 100 %, 75104 MiB
2026/09/28 12:22:06.483, 6, 100 %, 74816 MiB
2026/09/28 12:22:06.483, 7, 100 %, 75104 MiB
2026/09/28 12:22:11.484, 0, 100 %, 75316 MiB
2026/09/28 12:22:11.484, 1, 100 %, 75104 MiB
2026/09/28 12:22:11.484, 2, 100 %, 75104 MiB
2026/09/28 12:22:11.484, 3, 100 %, 75104 MiB
2026/09/28 12:22:11.485, 4, 100 %, 75104 MiB
2026/09/28 12:22:11.485, 5, 100 %, 75104 MiB
2026/09/28 12:22:11.485, 6, 100 %, 74816 MiB
2026/09/28 12:22:11.486, 7, 100 %, 75104 MiB
2026/09/28 12:22:16.486, 0, 100 %, 75316 MiB
2026/09/28 12:22:16.486, 1, 100 %, 75104 MiB
2026/09/28 12:22:16.486, 2, 100 %, 75104 MiB
2026/09/28 12:22:16.486, 3, 100 %, 75104 MiB
2026/09/28 12:22:16.486, 4, 100 %, 75104 MiB
2026/09/28 12:22:16.486, 5, 100 %, 75104 MiB
2026/09/28 12:22:16.486, 6, 100 %, 74816 MiB
2026/09/28 12:22:16.486, 7, 100 %, 75104 MiB
2026/09/28 12:22:21.487, 0, 100 %, 75316 MiB
2026/09/28 12:22:21.487, 1, 100 %, 75104 MiB
2026/09/28 12:22:21.487, 2, 100 %, 75104 MiB
2026/09/28 12:22:21.487, 3, 100 %, 75104 MiB
2026/09/28 12:22:21.487, 4, 100 %, 75104 MiB
2026/09/28 12:22:21.487, 5, 100 %, 75104 MiB
2026/09/28 12:22:21.487, 6, 100 %, 74816 MiB
2026/09/28 12:22:21.487, 7, 100 %, 75104 MiB
2026/09/28 12:22:26.487, 0, 100 %, 75316 MiB
2026/09/28 12:22:26.487, 1, 100 %, 75104 MiB
2026/09/28 12:22:26.487, 2, 100 %, 75104 MiB
2026/09/28 12:22:26.487, 3, 100 %, 75104 MiB
2026/09/28 12:22:26.487, 4, 100 %, 75104 MiB
2026/09/28 12:22:26.487, 5, 100 %, 75104 MiB
2026/09/28 12:22:26.487, 6, 100 %, 74816 MiB
2026/09/28 12:22:26.487, 7, 100 %, 75104 MiB
2026/09/28 12:22:31.488, 0, 0 %, 75316 MiB
2026/09/28 12:22:31.488, 1, 0 %, 75104 MiB
2026/09/28 12:22:31.488, 2, 0 %, 75104 MiB
2026/09/28 12:22:31.488, 3, 0 %, 75104 MiB
2026/09/28 12:22:31.488, 4, 0 %, 75104 MiB
2026/09/28 12:22:31.488, 5, 0 %, 75104 MiB
2026/09/28 12:22:31.488, 6, 0 %, 74816 MiB
2026/09/28 12:22:31.488, 7, 0 %, 75104 MiB
2026/09/28 12:22:36.488, 0, 0 %, 75316 MiB
2026/09/28 12:22:36.488, 1, 0 %, 75104 MiB
2026/09/28 12:22:36.489, 2, 0 %, 75104 MiB
2026/09/28 12:22:36.489, 3, 0 %, 75104 MiB
2026/09/28 12:22:36.490, 4, 0 %, 75104 MiB
2026/09/28 12:22:36.490, 5, 0 %, 75104 MiB
2026/09/28 12:22:36.490, 6, 0 %, 74816 MiB
2026/09/28 12:22:36.490, 7, 0 %, 75104 MiB
2026/09/28 12:22:41.491, 0, 0 %, 75316 MiB
2026/09/28 12:22:41.491, 1, 0 %, 75104 MiB
2026/09/28 12:22:41.491, 2, 0 %, 75104 MiB
2026/09/28 12:22:41.491, 3, 0 %, 75104 MiB
2026/09/28 12:22:41.491, 4, 0 %, 75104 MiB
2026/09/28 12:22:41.491, 5, 0 %, 75104 MiB
2026/09/28 12:22:41.491, 6, 0 %, 74816 MiB
2026/09/28 12:22:41.491, 7, 0 %, 75104 MiB
2026/09/28 12:22:46.491, 0, 0 %, 75316 MiB
2026/09/28 12:22:46.492, 1, 0 %, 75104 MiB
2026/09/28 12:22:46.492, 2, 0 %, 75104 MiB
2026/09/28 12:22:46.492, 3, 0 %, 75104 MiB
2026/09/28 12:22:46.492, 4, 0 %, 75104 MiB
2026/09/28 12:22:46.492, 5, 0 %, 75104 MiB
2026/09/28 12:22:46.492, 6, 0 %, 74816 MiB
2026/09/28 12:22:46.492, 7, 0 %, 75104 MiB
2026/09/28 12:22:51.492, 0, 100 %, 75316 MiB
2026/09/28 12:22:51.492, 1, 100 %, 75104 MiB
2026/09/28 12:22:51.492, 2, 100 %, 75104 MiB
2026/09/28 12:22:51.492, 3, 100 %, 75104 MiB
2026/09/28 12:22:51.492, 4, 100 %, 75104 MiB
2026/09/28 12:22:51.492, 5, 100 %, 75104 MiB
2026/09/28 12:22:51.492, 6, 64 %, 74816 MiB
2026/09/28 12:22:51.492, 7, 100 %, 75104 MiB
2026/09/28 12:22:56.493, 0, 100 %, 75318 MiB
2026/09/28 12:22:56.493, 1, 100 %, 75106 MiB
2026/09/28 12:22:56.493, 2, 100 %, 75106 MiB
2026/09/28 12:22:56.494, 3, 100 %, 75106 MiB
2026/09/28 12:22:56.494, 4, 100 %, 75106 MiB
2026/09/28 12:22:56.494, 5, 100 %, 75106 MiB
2026/09/28 12:22:56.495, 6, 100 %, 74818 MiB
2026/09/28 12:22:56.495, 7, 100 %, 75106 MiB
2026/09/28 12:23:01.496, 0, 99 %, 75318 MiB
2026/09/28 12:23:01.496, 1, 97 %, 75106 MiB
2026/09/28 12:23:01.496, 2, 98 %, 75106 MiB
2026/09/28 12:23:01.496, 3, 97 %, 75106 MiB
2026/09/28 12:23:01.496, 4, 97 %, 75106 MiB
2026/09/28 12:23:01.496, 5, 100 %, 75106 MiB
2026/09/28 12:23:01.496, 6, 100 %, 74818 MiB
2026/09/28 12:23:01.496, 7, 97 %, 75106 MiB
2026/09/28 12:23:06.496, 0, 97 %, 75322 MiB
2026/09/28 12:23:06.516, 1, 100 %, 75110 MiB
2026/09/28 12:23:06.516, 2, 97 %, 75110 MiB
2026/09/28 12:23:06.516, 3, 97 %, 75110 MiB
2026/09/28 12:23:06.516, 4, 97 %, 75110 MiB
2026/09/28 12:23:06.516, 5, 97 %, 75110 MiB
2026/09/28 12:23:06.516, 6, 97 %, 74822 MiB
2026/09/28 12:23:06.516, 7, 97 %, 75110 MiB
2026/09/28 12:23:11.516, 0, 100 %, 75328 MiB
2026/09/28 12:23:11.516, 1, 100 %, 75116 MiB
2026/09/28 12:23:11.516, 2, 100 %, 75116 MiB
2026/09/28 12:23:11.517, 3, 100 %, 75116 MiB
2026/09/28 12:23:11.517, 4, 100 %, 75116 MiB
2026/09/28 12:23:11.517, 5, 100 %, 75116 MiB
2026/09/28 12:23:11.517, 6, 100 %, 74828 MiB
2026/09/28 12:23:11.517, 7, 100 %, 75116 MiB
2026/09/28 12:23:16.517, 0, 100 %, 75350 MiB
2026/09/28 12:23:16.517, 1, 100 %, 75138 MiB
2026/09/28 12:23:16.517, 2, 100 %, 75138 MiB
2026/09/28 12:23:16.517, 3, 100 %, 75138 MiB
2026/09/28 12:23:16.517, 4, 100 %, 75138 MiB
2026/09/28 12:23:16.517, 5, 100 %, 75138 MiB
2026/09/28 12:23:16.517, 6, 100 %, 74850 MiB
2026/09/28 12:23:16.517, 7, 100 %, 75138 MiB
2026/09/28 12:23:21.517, 0, 100 %, 75350 MiB
2026/09/28 12:23:21.517, 1, 100 %, 75138 MiB
2026/09/28 12:23:21.517, 2, 99 %, 75138 MiB
2026/09/28 12:23:21.517, 3, 97 %, 75138 MiB
2026/09/28 12:23:21.517, 4, 97 %, 75138 MiB
2026/09/28 12:23:21.518, 5, 100 %, 75138 MiB
2026/09/28 12:23:21.518, 6, 100 %, 74850 MiB
2026/09/28 12:23:21.518, 7, 100 %, 75138 MiB
2026/09/28 12:23:26.518, 0, 100 %, 75350 MiB
2026/09/28 12:23:26.518, 1, 100 %, 75138 MiB
2026/09/28 12:23:26.518, 2, 100 %, 75138 MiB
2026/09/28 12:23:26.518, 3, 97 %, 75138 MiB
2026/09/28 12:23:26.518, 4, 100 %, 75138 MiB
2026/09/28 12:23:26.518, 5, 100 %, 75138 MiB
2026/09/28 12:23:26.518, 6, 100 %, 74850 MiB
2026/09/28 12:23:26.518, 7, 100 %, 75138 MiB
2026/09/28 12:23:31.518, 0, 99 %, 75350 MiB
2026/09/28 12:23:31.518, 1, 99 %, 75138 MiB
2026/09/28 12:23:31.518, 2, 100 %, 75138 MiB
2026/09/28 12:23:31.518, 3, 100 %, 75138 MiB
2026/09/28 12:23:31.518, 4, 100 %, 75138 MiB
2026/09/28 12:23:31.518, 5, 98 %, 75138 MiB
2026/09/28 12:23:31.518, 6, 100 %, 74850 MiB
2026/09/28 12:23:31.518, 7, 100 %, 75138 MiB
2026/09/28 12:23:36.519, 0, 98 %, 75350 MiB
2026/09/28 12:23:36.519, 1, 100 %, 75138 MiB
2026/09/28 12:23:36.520, 2, 98 %, 75138 MiB
2026/09/28 12:23:36.520, 3, 98 %, 75138 MiB
2026/09/28 12:23:36.520, 4, 98 %, 75138 MiB
2026/09/28 12:23:36.521, 5, 98 %, 75138 MiB
2026/09/28 12:23:36.521, 6, 98 %, 74850 MiB
2026/09/28 12:23:36.521, 7, 98 %, 75138 MiB
2026/09/28 12:23:41.522, 0, 100 %, 75352 MiB
2026/09/28 12:23:41.522, 1, 100 %, 75140 MiB
2026/09/28 12:23:41.522, 2, 100 %, 75140 MiB
2026/09/28 12:23:41.522, 3, 100 %, 75140 MiB
2026/09/28 12:23:41.522, 4, 100 %, 75140 MiB
2026/09/28 12:23:41.522, 5, 100 %, 75140 MiB
2026/09/28 12:23:41.522, 6, 100 %, 74852 MiB
2026/09/28 12:23:41.522, 7, 100 %, 75140 MiB
2026/09/28 12:23:46.522, 0, 100 %, 75352 MiB
2026/09/28 12:23:46.522, 1, 100 %, 75140 MiB
2026/09/28 12:23:46.522, 2, 100 %, 75140 MiB
2026/09/28 12:23:46.522, 3, 100 %, 75140 MiB
2026/09/28 12:23:46.522, 4, 100 %, 75140 MiB
2026/09/28 12:23:46.522, 5, 100 %, 75140 MiB
2026/09/28 12:23:46.522, 6, 100 %, 74852 MiB
2026/09/28 12:23:46.522, 7, 100 %, 75140 MiB
2026/09/28 12:23:51.523, 0, 0 %, 75352 MiB
2026/09/28 12:23:51.523, 1, 0 %, 75140 MiB
2026/09/28 12:23:51.523, 2, 0 %, 75140 MiB
2026/09/28 12:23:51.523, 3, 0 %, 75140 MiB
2026/09/28 12:23:51.524, 4, 0 %, 75140 MiB
2026/09/28 12:23:51.524, 5, 0 %, 75140 MiB
2026/09/28 12:23:51.524, 6, 0 %, 74852 MiB
2026/09/28 12:23:51.524, 7, 0 %, 75140 MiB
2026/09/28 12:23:56.525, 0, 0 %, 72706 MiB
2026/09/28 12:23:56.525, 1, 0 %, 72494 MiB
2026/09/28 12:23:56.525, 2, 0 %, 72494 MiB
2026/09/28 12:23:56.525, 3, 0 %, 72494 MiB
2026/09/28 12:23:56.525, 4, 0 %, 72494 MiB
2026/09/28 12:23:56.525, 5, 0 %, 72494 MiB
2026/09/28 12:23:56.525, 6, 0 %, 72206 MiB
2026/09/28 12:23:56.525, 7, 0 %, 72494 MiB
2026/09/28 12:24:01.525, 0, 0 %, 72706 MiB
2026/09/28 12:24:01.525, 1, 0 %, 72494 MiB
2026/09/28 12:24:01.525, 2, 0 %, 72494 MiB
2026/09/28 12:24:01.525, 3, 0 %, 72494 MiB
2026/09/28 12:24:01.525, 4, 0 %, 72494 MiB
2026/09/28 12:24:01.525, 5, 0 %, 72494 MiB
2026/09/28 12:24:01.525, 6, 0 %, 72206 MiB
2026/09/28 12:24:01.525, 7, 0 %, 72494 MiB
2026/09/28 12:24:06.526, 0, 0 %, 72706 MiB
2026/09/28 12:24:06.526, 1, 0 %, 72494 MiB
2026/09/28 12:24:06.526, 2, 0 %, 72494 MiB
2026/09/28 12:24:06.526, 3, 0 %, 72494 MiB
2026/09/28 12:24:06.526, 4, 0 %, 72494 MiB
2026/09/28 12:24:06.527, 5, 0 %, 72494 MiB
2026/09/28 12:24:06.527, 6, 0 %, 72206 MiB
2026/09/28 12:24:06.527, 7, 0 %, 72494 MiB
2026/09/28 12:24:11.528, 0, 0 %, 72706 MiB
2026/09/28 12:24:11.528, 1, 0 %, 72494 MiB
2026/09/28 12:24:11.528, 2, 0 %, 72494 MiB
2026/09/28 12:24:11.528, 3, 0 %, 72494 MiB
2026/09/28 12:24:11.528, 4, 0 %, 72494 MiB
2026/09/28 12:24:11.528, 5, 0 %, 72494 MiB
2026/09/28 12:24:11.528, 6, 0 %, 72206 MiB
2026/09/28 12:24:11.528, 7, 0 %, 72494 MiB
2026/09/28 12:24:16.528, 0, 98 %, 76170 MiB
2026/09/28 12:24:16.528, 1, 92 %, 75958 MiB
2026/09/28 12:24:16.528, 2, 92 %, 75958 MiB
2026/09/28 12:24:16.528, 3, 100 %, 75958 MiB
2026/09/28 12:24:16.528, 4, 95 %, 75958 MiB
2026/09/28 12:24:16.528, 5, 94 %, 75958 MiB
2026/09/28 12:24:16.528, 6, 95 %, 75670 MiB
2026/09/28 12:24:16.528, 7, 42 %, 75958 MiB
2026/09/28 12:24:21.529, 0, 96 %, 76170 MiB
2026/09/28 12:24:21.529, 1, 95 %, 75958 MiB
2026/09/28 12:24:21.529, 2, 96 %, 75958 MiB
2026/09/28 12:24:21.529, 3, 100 %, 75958 MiB
2026/09/28 12:24:21.529, 4, 94 %, 75958 MiB
2026/09/28 12:24:21.529, 5, 92 %, 75958 MiB
2026/09/28 12:24:21.529, 6, 94 %, 75670 MiB
2026/09/28 12:24:21.529, 7, 73 %, 75958 MiB
2026/09/28 12:24:26.529, 0, 91 %, 76170 MiB
2026/09/28 12:24:26.529, 1, 100 %, 75958 MiB
2026/09/28 12:24:26.529, 2, 96 %, 75958 MiB
2026/09/28 12:24:26.529, 3, 93 %, 75958 MiB
2026/09/28 12:24:26.529, 4, 87 %, 75958 MiB
2026/09/28 12:24:26.529, 5, 82 %, 75958 MiB
2026/09/28 12:24:26.529, 6, 71 %, 75670 MiB
2026/09/28 12:24:26.529, 7, 66 %, 75958 MiB
2026/09/28 12:24:31.530, 0, 100 %, 76170 MiB
2026/09/28 12:24:31.530, 1, 100 %, 75958 MiB
2026/09/28 12:24:31.530, 2, 100 %, 75958 MiB
2026/09/28 12:24:31.530, 3, 100 %, 75958 MiB
2026/09/28 12:24:31.530, 4, 100 %, 75958 MiB
2026/09/28 12:24:31.530, 5, 100 %, 75958 MiB
2026/09/28 12:24:31.530, 6, 100 %, 75670 MiB
2026/09/28 12:24:31.530, 7, 100 %, 75958 MiB
2026/09/28 12:24:36.530, 0, 100 %, 76174 MiB
2026/09/28 12:24:36.531, 1, 100 %, 75962 MiB
2026/09/28 12:24:36.534, 2, 100 %, 75962 MiB
2026/09/28 12:24:36.540, 3, 100 %, 75962 MiB
2026/09/28 12:24:36.540, 4, 100 %, 75962 MiB
2026/09/28 12:24:36.546, 5, 100 %, 75962 MiB
2026/09/28 12:24:36.547, 6, 100 %, 75674 MiB
2026/09/28 12:24:36.551, 7, 100 %, 75962 MiB
2026/09/28 12:24:41.553, 0, 90 %, 76174 MiB
2026/09/28 12:24:41.554, 1, 93 %, 75962 MiB
2026/09/28 12:24:41.554, 2, 85 %, 75962 MiB
2026/09/28 12:24:41.554, 3, 81 %, 75962 MiB
2026/09/28 12:24:41.554, 4, 90 %, 75962 MiB
2026/09/28 12:24:41.554, 5, 93 %, 75962 MiB
2026/09/28 12:24:41.554, 6, 85 %, 75674 MiB
2026/09/28 12:24:41.554, 7, 93 %, 75962 MiB
2026/09/28 12:24:46.554, 0, 100 %, 76178 MiB
2026/09/28 12:24:46.555, 1, 100 %, 75966 MiB
2026/09/28 12:24:46.557, 2, 100 %, 75966 MiB
2026/09/28 12:24:46.557, 3, 100 %, 75966 MiB
2026/09/28 12:24:46.558, 4, 100 %, 75966 MiB
2026/09/28 12:24:46.558, 5, 100 %, 75966 MiB
2026/09/28 12:24:46.558, 6, 100 %, 75678 MiB
2026/09/28 12:24:46.558, 7, 100 %, 75966 MiB
2026/09/28 12:24:51.559, 0, 100 %, 76180 MiB
2026/09/28 12:24:51.559, 1, 100 %, 75968 MiB
2026/09/28 12:24:51.559, 2, 100 %, 75968 MiB
2026/09/28 12:24:51.559, 3, 100 %, 75968 MiB
2026/09/28 12:24:51.559, 4, 100 %, 75968 MiB
2026/09/28 12:24:51.559, 5, 100 %, 75968 MiB
2026/09/28 12:24:51.559, 6, 100 %, 75680 MiB
2026/09/28 12:24:51.559, 7, 100 %, 75968 MiB
2026/09/28 12:24:56.559, 0, 100 %, 76180 MiB
2026/09/28 12:24:56.559, 1, 100 %, 75968 MiB
2026/09/28 12:24:56.559, 2, 100 %, 75968 MiB
2026/09/28 12:24:56.559, 3, 100 %, 75968 MiB
2026/09/28 12:24:56.559, 4, 100 %, 75968 MiB
2026/09/28 12:24:56.559, 5, 100 %, 75968 MiB
2026/09/28 12:24:56.559, 6, 100 %, 75680 MiB
2026/09/28 12:24:56.559, 7, 100 %, 75968 MiB
2026/09/28 12:25:01.560, 0, 94 %, 76182 MiB
2026/09/28 12:25:01.560, 1, 94 %, 75970 MiB
2026/09/28 12:25:01.560, 2, 93 %, 75970 MiB
2026/09/28 12:25:01.560, 3, 59 %, 75970 MiB
2026/09/28 12:25:01.560, 4, 93 %, 75970 MiB
2026/09/28 12:25:01.560, 5, 94 %, 75970 MiB
2026/09/28 12:25:01.560, 6, 91 %, 75682 MiB
2026/09/28 12:25:01.560, 7, 85 %, 75970 MiB
2026/09/28 12:25:06.560, 0, 97 %, 76184 MiB
2026/09/28 12:25:06.562, 1, 100 %, 75972 MiB
2026/09/28 12:25:06.562, 2, 100 %, 75972 MiB
2026/09/28 12:25:06.563, 3, 97 %, 75972 MiB
2026/09/28 12:25:06.564, 4, 97 %, 75972 MiB
2026/09/28 12:25:06.565, 5, 97 %, 75972 MiB
2026/09/28 12:25:06.565, 6, 100 %, 75684 MiB
2026/09/28 12:25:06.568, 7, 100 %, 75972 MiB
2026/09/28 12:25:11.569, 0, 100 %, 76188 MiB
2026/09/28 12:25:11.569, 1, 100 %, 75976 MiB
2026/09/28 12:25:11.569, 2, 100 %, 75976 MiB
2026/09/28 12:25:11.569, 3, 100 %, 75976 MiB
2026/09/28 12:25:11.569, 4, 100 %, 75976 MiB
2026/09/28 12:25:11.569, 5, 100 %, 75976 MiB
2026/09/28 12:25:11.569, 6, 100 %, 75688 MiB
2026/09/28 12:25:11.569, 7, 100 %, 75976 MiB
2026/09/28 12:25:16.569, 0, 98 %, 76208 MiB
2026/09/28 12:25:16.569, 1, 98 %, 75996 MiB
2026/09/28 12:25:16.570, 2, 98 %, 75996 MiB
2026/09/28 12:25:16.570, 3, 100 %, 75996 MiB
2026/09/28 12:25:16.570, 4, 100 %, 75996 MiB
2026/09/28 12:25:16.571, 5, 98 %, 75996 MiB
2026/09/28 12:25:16.571, 6, 98 %, 75708 MiB
2026/09/28 12:25:16.571, 7, 98 %, 75996 MiB
2026/09/28 12:25:21.572, 0, 100 %, 76208 MiB
2026/09/28 12:25:21.572, 1, 100 %, 75996 MiB
2026/09/28 12:25:21.572, 2, 98 %, 75996 MiB
2026/09/28 12:25:21.572, 3, 98 %, 75996 MiB
2026/09/28 12:25:21.572, 4, 98 %, 75996 MiB
2026/09/28 12:25:21.572, 5, 100 %, 75996 MiB
2026/09/28 12:25:21.572, 6, 100 %, 75708 MiB
2026/09/28 12:25:21.572, 7, 98 %, 75996 MiB
2026/09/28 12:25:26.572, 0, 100 %, 76208 MiB
2026/09/28 12:25:26.572, 1, 100 %, 75996 MiB
2026/09/28 12:25:26.572, 2, 100 %, 75996 MiB
2026/09/28 12:25:26.572, 3, 100 %, 75996 MiB
2026/09/28 12:25:26.572, 4, 100 %, 75996 MiB
2026/09/28 12:25:26.572, 5, 100 %, 75996 MiB
2026/09/28 12:25:26.572, 6, 100 %, 75708 MiB
2026/09/28 12:25:26.572, 7, 100 %, 75996 MiB
2026/09/28 12:25:31.573, 0, 81 %, 76208 MiB
2026/09/28 12:25:31.573, 1, 89 %, 75996 MiB
2026/09/28 12:25:31.573, 2, 96 %, 75996 MiB
2026/09/28 12:25:31.573, 3, 90 %, 75996 MiB
2026/09/28 12:25:31.573, 4, 100 %, 75996 MiB
2026/09/28 12:25:31.573, 5, 90 %, 75996 MiB
2026/09/28 12:25:31.573, 6, 100 %, 75708 MiB
2026/09/28 12:25:31.573, 7, 100 %, 75996 MiB
2026/09/28 12:25:36.573, 0, 97 %, 76208 MiB
2026/09/28 12:25:36.574, 1, 97 %, 75996 MiB
2026/09/28 12:25:36.574, 2, 100 %, 75996 MiB
2026/09/28 12:25:36.574, 3, 97 %, 75996 MiB
2026/09/28 12:25:36.574, 4, 100 %, 75996 MiB
2026/09/28 12:25:36.574, 5, 97 %, 75996 MiB
2026/09/28 12:25:36.574, 6, 100 %, 75708 MiB
2026/09/28 12:25:36.574, 7, 97 %, 75996 MiB
2026/09/28 12:25:41.574, 0, 100 %, 76208 MiB
2026/09/28 12:25:41.576, 1, 100 %, 75996 MiB
2026/09/28 12:25:41.577, 2, 100 %, 75996 MiB
2026/09/28 12:25:41.577, 3, 100 %, 75996 MiB
2026/09/28 12:25:41.577, 4, 100 %, 75996 MiB
2026/09/28 12:25:41.578, 5, 100 %, 75996 MiB
2026/09/28 12:25:41.578, 6, 100 %, 75708 MiB
2026/09/28 12:25:41.578, 7, 100 %, 75996 MiB
2026/09/28 12:25:46.578, 0, 100 %, 76210 MiB
2026/09/28 12:25:46.578, 1, 100 %, 75998 MiB
2026/09/28 12:25:46.578, 2, 100 %, 75998 MiB
2026/09/28 12:25:46.578, 3, 100 %, 75998 MiB
2026/09/28 12:25:46.578, 4, 100 %, 75998 MiB
2026/09/28 12:25:46.578, 5, 100 %, 75998 MiB
2026/09/28 12:25:46.578, 6, 100 %, 75710 MiB
2026/09/28 12:25:46.578, 7, 100 %, 75998 MiB
2026/09/28 12:25:51.579, 0, 98 %, 76214 MiB
2026/09/28 12:25:51.579, 1, 98 %, 76002 MiB
2026/09/28 12:25:51.579, 2, 100 %, 76002 MiB
2026/09/28 12:25:51.579, 3, 98 %, 76002 MiB
2026/09/28 12:25:51.579, 4, 98 %, 76002 MiB
2026/09/28 12:25:51.579, 5, 100 %, 76002 MiB
2026/09/28 12:25:51.579, 6, 100 %, 75714 MiB
2026/09/28 12:25:51.579, 7, 100 %, 76002 MiB
2026/09/28 12:25:56.579, 0, 100 %, 76214 MiB
2026/09/28 12:25:56.579, 1, 100 %, 76002 MiB
2026/09/28 12:25:56.583, 2, 100 %, 76002 MiB
2026/09/28 12:25:56.583, 3, 100 %, 76002 MiB
2026/09/28 12:25:56.583, 4, 100 %, 76002 MiB
2026/09/28 12:25:56.584, 5, 100 %, 76002 MiB
2026/09/28 12:25:56.584, 6, 100 %, 75714 MiB
2026/09/28 12:25:56.584, 7, 100 %, 76002 MiB
2026/09/28 12:26:01.584, 0, 100 %, 76214 MiB
2026/09/28 12:26:01.837, 1, 100 %, 76002 MiB
2026/09/28 12:26:01.843, 2, 100 %, 76002 MiB
2026/09/28 12:26:01.844, 3, 100 %, 76002 MiB
2026/09/28 12:26:01.847, 4, 100 %, 76002 MiB
2026/09/28 12:26:01.857, 5, 98 %, 76002 MiB
2026/09/28 12:26:01.858, 6, 100 %, 75714 MiB
2026/09/28 12:26:01.863, 7, 98 %, 76002 MiB
2026/09/28 12:26:06.866, 0, 89 %, 76214 MiB
2026/09/28 12:26:06.866, 1, 66 %, 76002 MiB
2026/09/28 12:26:06.866, 2, 92 %, 76002 MiB
2026/09/28 12:26:06.866, 3, 91 %, 76002 MiB
2026/09/28 12:26:06.866, 4, 95 %, 76002 MiB
2026/09/28 12:26:06.866, 5, 98 %, 76002 MiB
2026/09/28 12:26:06.866, 6, 95 %, 75714 MiB
2026/09/28 12:26:06.866, 7, 98 %, 76002 MiB
2026/09/28 12:26:11.867, 0, 96 %, 76214 MiB
2026/09/28 12:26:11.867, 1, 96 %, 76002 MiB
2026/09/28 12:26:11.868, 2, 97 %, 76002 MiB
2026/09/28 12:26:11.869, 3, 97 %, 76002 MiB
2026/09/28 12:26:11.871, 4, 93 %, 76002 MiB
2026/09/28 12:26:11.874, 5, 87 %, 76002 MiB
2026/09/28 12:26:11.884, 6, 95 %, 75714 MiB
2026/09/28 12:26:11.886, 7, 89 %, 76002 MiB
2026/09/28 12:26:16.890, 0, 100 %, 76214 MiB
2026/09/28 12:26:16.891, 1, 100 %, 76002 MiB
2026/09/28 12:26:16.891, 2, 100 %, 76002 MiB
2026/09/28 12:26:16.891, 3, 100 %, 76002 MiB
2026/09/28 12:26:16.891, 4, 100 %, 76002 MiB
2026/09/28 12:26:16.891, 5, 100 %, 76002 MiB
2026/09/28 12:26:16.891, 6, 100 %, 75714 MiB
2026/09/28 12:26:16.891, 7, 100 %, 76002 MiB
2026/09/28 12:26:21.891, 0, 100 %, 76214 MiB
2026/09/28 12:26:21.891, 1, 100 %, 76002 MiB
2026/09/28 12:26:21.891, 2, 100 %, 76002 MiB
2026/09/28 12:26:21.891, 3, 100 %, 76002 MiB
2026/09/28 12:26:21.891, 4, 100 %, 76002 MiB
2026/09/28 12:26:21.891, 5, 100 %, 76002 MiB
2026/09/28 12:26:21.891, 6, 100 %, 75714 MiB
2026/09/28 12:26:21.891, 7, 100 %, 76002 MiB
2026/09/28 12:26:26.892, 0, 97 %, 76214 MiB
2026/09/28 12:26:26.892, 1, 100 %, 76002 MiB
2026/09/28 12:26:26.892, 2, 98 %, 76002 MiB
2026/09/28 12:26:26.892, 3, 100 %, 76002 MiB
2026/09/28 12:26:26.892, 4, 97 %, 76002 MiB
2026/09/28 12:26:26.892, 5, 96 %, 76002 MiB
2026/09/28 12:26:26.892, 6, 98 %, 75714 MiB
2026/09/28 12:26:26.892, 7, 97 %, 76002 MiB
2026/09/28 12:26:31.892, 0, 100 %, 76214 MiB
2026/09/28 12:26:31.893, 1, 100 %, 76002 MiB
2026/09/28 12:26:31.895, 2, 100 %, 76002 MiB
2026/09/28 12:26:31.896, 3, 100 %, 76002 MiB
2026/09/28 12:26:31.896, 4, 100 %, 76002 MiB
2026/09/28 12:26:31.897, 5, 100 %, 76002 MiB
2026/09/28 12:26:31.897, 6, 100 %, 75714 MiB
2026/09/28 12:26:31.898, 7, 100 %, 76002 MiB
2026/09/28 12:26:36.898, 0, 98 %, 76214 MiB
2026/09/28 12:26:36.898, 1, 100 %, 76002 MiB
2026/09/28 12:26:36.898, 2, 100 %, 76002 MiB
2026/09/28 12:26:36.899, 3, 98 %, 76002 MiB
2026/09/28 12:26:36.899, 4, 98 %, 76002 MiB
2026/09/28 12:26:36.899, 5, 98 %, 76002 MiB
2026/09/28 12:26:36.899, 6, 100 %, 75714 MiB
2026/09/28 12:26:36.899, 7, 100 %, 76002 MiB
2026/09/28 12:26:41.899, 0, 98 %, 76214 MiB
2026/09/28 12:26:41.900, 1, 100 %, 76002 MiB
2026/09/28 12:26:41.901, 2, 100 %, 76002 MiB
2026/09/28 12:26:41.905, 3, 98 %, 76002 MiB
2026/09/28 12:26:41.910, 4, 98 %, 76002 MiB
2026/09/28 12:26:41.910, 5, 100 %, 76002 MiB
2026/09/28 12:26:41.910, 6, 100 %, 75714 MiB
2026/09/28 12:26:41.911, 7, 100 %, 76002 MiB
2026/09/28 12:26:46.913, 0, 100 %, 76214 MiB
2026/09/28 12:26:46.913, 1, 100 %, 76002 MiB
2026/09/28 12:26:46.913, 2, 100 %, 76002 MiB
2026/09/28 12:26:46.913, 3, 100 %, 76002 MiB
2026/09/28 12:26:46.913, 4, 100 %, 76002 MiB
2026/09/28 12:26:46.913, 5, 100 %, 76002 MiB
2026/09/28 12:26:46.914, 6, 100 %, 75714 MiB
2026/09/28 12:26:46.914, 7, 100 %, 76002 MiB
2026/09/28 12:26:51.914, 0, 100 %, 76214 MiB
2026/09/28 12:26:51.914, 1, 100 %, 76002 MiB
2026/09/28 12:26:51.914, 2, 100 %, 76002 MiB
2026/09/28 12:26:51.914, 3, 100 %, 76002 MiB
2026/09/28 12:26:51.914, 4, 100 %, 76002 MiB
2026/09/28 12:26:51.914, 5, 100 %, 76002 MiB
2026/09/28 12:26:51.914, 6, 100 %, 75714 MiB
2026/09/28 12:26:51.914, 7, 100 %, 76002 MiB
2026/09/28 12:26:56.915, 0, 96 %, 76214 MiB
2026/09/28 12:26:56.915, 1, 97 %, 76002 MiB
2026/09/28 12:26:56.915, 2, 98 %, 76002 MiB
2026/09/28 12:26:56.915, 3, 97 %, 76002 MiB
2026/09/28 12:26:56.915, 4, 85 %, 76002 MiB
2026/09/28 12:26:56.915, 5, 93 %, 76002 MiB
2026/09/28 12:26:56.915, 6, 93 %, 75714 MiB
2026/09/28 12:26:56.915, 7, 100 %, 76002 MiB
2026/09/28 12:27:01.915, 0, 100 %, 76214 MiB
2026/09/28 12:27:01.915, 1, 100 %, 76002 MiB
2026/09/28 12:27:01.915, 2, 100 %, 76002 MiB
2026/09/28 12:27:01.915, 3, 100 %, 76002 MiB
2026/09/28 12:27:01.916, 4, 100 %, 76002 MiB
2026/09/28 12:27:01.916, 5, 100 %, 76002 MiB
2026/09/28 12:27:01.916, 6, 100 %, 75714 MiB
2026/09/28 12:27:01.916, 7, 100 %, 76002 MiB
2026/09/28 12:27:06.916, 0, 91 %, 76214 MiB
2026/09/28 12:27:06.916, 1, 99 %, 76002 MiB
2026/09/28 12:27:06.916, 2, 100 %, 76002 MiB
2026/09/28 12:27:06.916, 3, 92 %, 76002 MiB
2026/09/28 12:27:06.916, 4, 99 %, 76002 MiB
2026/09/28 12:27:06.916, 5, 98 %, 76002 MiB
2026/09/28 12:27:06.916, 6, 100 %, 75714 MiB
2026/09/28 12:27:06.916, 7, 100 %, 76002 MiB
2026/09/28 12:27:11.917, 0, 100 %, 76214 MiB
2026/09/28 12:27:11.917, 1, 100 %, 76002 MiB
2026/09/28 12:27:11.917, 2, 100 %, 76002 MiB
2026/09/28 12:27:11.917, 3, 94 %, 76002 MiB
2026/09/28 12:27:11.917, 4, 100 %, 76002 MiB
2026/09/28 12:27:11.917, 5, 100 %, 76002 MiB
2026/09/28 12:27:11.917, 6, 100 %, 75714 MiB
2026/09/28 12:27:11.917, 7, 100 %, 76002 MiB
2026/09/28 12:27:16.917, 0, 100 %, 76214 MiB
2026/09/28 12:27:16.917, 1, 100 %, 76002 MiB
2026/09/28 12:27:16.917, 2, 100 %, 76002 MiB
2026/09/28 12:27:16.917, 3, 100 %, 76002 MiB
2026/09/28 12:27:16.917, 4, 100 %, 76002 MiB
2026/09/28 12:27:16.917, 5, 100 %, 76002 MiB
2026/09/28 12:27:16.917, 6, 100 %, 75714 MiB
2026/09/28 12:27:16.917, 7, 100 %, 76002 MiB
2026/09/28 12:27:21.918, 0, 100 %, 76214 MiB
2026/09/28 12:27:21.923, 1, 100 %, 76002 MiB
2026/09/28 12:27:21.927, 2, 100 %, 76002 MiB
2026/09/28 12:27:21.927, 3, 100 %, 76002 MiB
2026/09/28 12:27:21.928, 4, 100 %, 76002 MiB
2026/09/28 12:27:21.928, 5, 100 %, 76002 MiB
2026/09/28 12:27:21.928, 6, 100 %, 75714 MiB
2026/09/28 12:27:21.931, 7, 100 %, 76002 MiB
2026/09/28 12:27:26.932, 0, 100 %, 76216 MiB
2026/09/28 12:27:26.932, 1, 100 %, 76004 MiB
2026/09/28 12:27:26.932, 2, 100 %, 76004 MiB
2026/09/28 12:27:26.932, 3, 100 %, 76004 MiB
2026/09/28 12:27:26.932, 4, 100 %, 76004 MiB
2026/09/28 12:27:26.933, 5, 100 %, 76004 MiB
2026/09/28 12:27:26.933, 6, 100 %, 75716 MiB
2026/09/28 12:27:26.933, 7, 100 %, 76004 MiB
2026/09/28 12:27:31.933, 0, 99 %, 76216 MiB
2026/09/28 12:27:31.933, 1, 96 %, 76004 MiB
2026/09/28 12:27:31.933, 2, 100 %, 76004 MiB
2026/09/28 12:27:31.933, 3, 93 %, 76004 MiB
2026/09/28 12:27:31.933, 4, 100 %, 76004 MiB
2026/09/28 12:27:31.933, 5, 99 %, 76004 MiB
2026/09/28 12:27:31.933, 6, 100 %, 75716 MiB
2026/09/28 12:27:31.933, 7, 100 %, 76004 MiB
2026/09/28 12:27:36.934, 0, 100 %, 76218 MiB
2026/09/28 12:27:36.934, 1, 100 %, 76006 MiB
2026/09/28 12:27:36.934, 2, 100 %, 76006 MiB
2026/09/28 12:27:36.934, 3, 100 %, 76006 MiB
2026/09/28 12:27:36.934, 4, 100 %, 76006 MiB
2026/09/28 12:27:36.934, 5, 100 %, 76006 MiB
2026/09/28 12:27:36.934, 6, 100 %, 75718 MiB
2026/09/28 12:27:36.934, 7, 100 %, 76006 MiB
2026/09/28 12:27:41.934, 0, 100 %, 76218 MiB
2026/09/28 12:27:41.935, 1, 100 %, 76006 MiB
2026/09/28 12:27:41.935, 2, 100 %, 76006 MiB
2026/09/28 12:27:41.935, 3, 100 %, 76006 MiB
2026/09/28 12:27:41.936, 4, 100 %, 76006 MiB
2026/09/28 12:27:41.936, 5, 100 %, 76006 MiB
2026/09/28 12:27:41.937, 6, 100 %, 75718 MiB
2026/09/28 12:27:41.937, 7, 100 %, 76006 MiB
2026/09/28 12:27:46.938, 0, 88 %, 76218 MiB
2026/09/28 12:27:46.938, 1, 89 %, 76006 MiB
2026/09/28 12:27:46.938, 2, 97 %, 76006 MiB
2026/09/28 12:27:46.938, 3, 92 %, 76006 MiB
2026/09/28 12:27:46.938, 4, 97 %, 76006 MiB
2026/09/28 12:27:46.938, 5, 90 %, 76006 MiB
2026/09/28 12:27:46.938, 6, 96 %, 75718 MiB
2026/09/28 12:27:46.938, 7, 95 %, 76006 MiB
2026/09/28 12:27:51.938, 0, 98 %, 76218 MiB
2026/09/28 12:27:51.938, 1, 98 %, 76006 MiB
2026/09/28 12:27:51.938, 2, 100 %, 76006 MiB
2026/09/28 12:27:51.938, 3, 98 %, 76006 MiB
2026/09/28 12:27:51.938, 4, 98 %, 76006 MiB
2026/09/28 12:27:51.938, 5, 98 %, 76006 MiB
2026/09/28 12:27:51.938, 6, 100 %, 75718 MiB
2026/09/28 12:27:51.938, 7, 100 %, 76006 MiB
2026/09/28 12:27:56.939, 0, 97 %, 76218 MiB
2026/09/28 12:27:56.939, 1, 97 %, 76006 MiB
2026/09/28 12:27:56.939, 2, 96 %, 76006 MiB
2026/09/28 12:27:56.939, 3, 96 %, 76006 MiB
2026/09/28 12:27:56.939, 4, 96 %, 76006 MiB
2026/09/28 12:27:56.939, 5, 96 %, 76006 MiB
2026/09/28 12:27:56.939, 6, 100 %, 75718 MiB
2026/09/28 12:27:56.939, 7, 96 %, 76006 MiB
2026/09/28 12:28:01.939, 0, 100 %, 76218 MiB
2026/09/28 12:28:01.939, 1, 100 %, 76006 MiB
2026/09/28 12:28:01.939, 2, 100 %, 76006 MiB
2026/09/28 12:28:01.939, 3, 100 %, 76006 MiB
2026/09/28 12:28:01.939, 4, 100 %, 76006 MiB
2026/09/28 12:28:01.939, 5, 100 %, 76006 MiB
2026/09/28 12:28:01.939, 6, 100 %, 75718 MiB
2026/09/28 12:28:01.939, 7, 100 %, 76006 MiB
2026/09/28 12:28:06.940, 0, 100 %, 76218 MiB
2026/09/28 12:28:06.940, 1, 100 %, 76006 MiB
2026/09/28 12:28:06.940, 2, 100 %, 76006 MiB
2026/09/28 12:28:06.940, 3, 100 %, 76006 MiB
2026/09/28 12:28:06.940, 4, 100 %, 76006 MiB
2026/09/28 12:28:06.940, 5, 100 %, 76006 MiB
2026/09/28 12:28:06.940, 6, 100 %, 75718 MiB
2026/09/28 12:28:06.940, 7, 100 %, 76006 MiB
2026/09/28 12:28:11.940, 0, 100 %, 76218 MiB
2026/09/28 12:28:12.148, 1, 100 %, 76006 MiB
2026/09/28 12:28:12.149, 2, 100 %, 76006 MiB
2026/09/28 12:28:12.151, 3, 100 %, 76006 MiB
2026/09/28 12:28:12.152, 4, 100 %, 76006 MiB
2026/09/28 12:28:12.153, 5, 100 %, 76006 MiB
2026/09/28 12:28:12.154, 6, 100 %, 75718 MiB
2026/09/28 12:28:12.155, 7, 100 %, 76006 MiB
2026/09/28 12:28:17.160, 0, 96 %, 76218 MiB
2026/09/28 12:28:17.161, 1, 100 %, 76006 MiB
2026/09/28 12:28:17.161, 2, 100 %, 76006 MiB
2026/09/28 12:28:17.161, 3, 90 %, 76006 MiB
2026/09/28 12:28:17.161, 4, 97 %, 76006 MiB
2026/09/28 12:28:17.161, 5, 96 %, 76006 MiB
2026/09/28 12:28:17.161, 6, 96 %, 75718 MiB
2026/09/28 12:28:17.161, 7, 95 %, 76006 MiB
2026/09/28 12:28:22.161, 0, 100 %, 76218 MiB
2026/09/28 12:28:22.164, 1, 100 %, 76006 MiB
2026/09/28 12:28:22.168, 2, 100 %, 76006 MiB
2026/09/28 12:28:22.175, 3, 100 %, 76006 MiB
2026/09/28 12:28:22.182, 4, 100 %, 76006 MiB
2026/09/28 12:28:22.187, 5, 100 %, 76006 MiB
2026/09/28 12:28:22.193, 6, 100 %, 75718 MiB
2026/09/28 12:28:22.198, 7, 100 %, 76006 MiB
2026/09/28 12:28:27.202, 0, 99 %, 76218 MiB
2026/09/28 12:28:27.202, 1, 98 %, 76006 MiB
2026/09/28 12:28:27.202, 2, 95 %, 76006 MiB
2026/09/28 12:28:27.202, 3, 95 %, 76006 MiB
2026/09/28 12:28:27.202, 4, 93 %, 76006 MiB
2026/09/28 12:28:27.202, 5, 100 %, 76006 MiB
2026/09/28 12:28:27.202, 6, 86 %, 75718 MiB
2026/09/28 12:28:27.202, 7, 100 %, 76006 MiB
2026/09/28 12:28:32.203, 0, 95 %, 76218 MiB
2026/09/28 12:28:32.203, 1, 94 %, 76006 MiB
2026/09/28 12:28:32.203, 2, 100 %, 76006 MiB
2026/09/28 12:28:32.204, 3, 95 %, 76006 MiB
2026/09/28 12:28:32.204, 4, 94 %, 76006 MiB
2026/09/28 12:28:32.204, 5, 94 %, 76006 MiB
2026/09/28 12:28:32.205, 6, 94 %, 75718 MiB
2026/09/28 12:28:32.205, 7, 57 %, 76006 MiB
2026/09/28 12:28:37.206, 0, 100 %, 76218 MiB
2026/09/28 12:28:37.208, 1, 100 %, 76006 MiB
2026/09/28 12:28:37.212, 2, 100 %, 76006 MiB
2026/09/28 12:28:37.212, 3, 100 %, 76006 MiB
2026/09/28 12:28:37.212, 4, 100 %, 76006 MiB
2026/09/28 12:28:37.212, 5, 100 %, 76006 MiB
2026/09/28 12:28:37.212, 6, 100 %, 75718 MiB
2026/09/28 12:28:37.213, 7, 100 %, 76006 MiB
2026/09/28 12:28:42.213, 0, 100 %, 76218 MiB
2026/09/28 12:28:42.568, 1, 100 %, 76006 MiB
2026/09/28 12:28:42.569, 2, 97 %, 76006 MiB
2026/09/28 12:28:42.570, 3, 100 %, 76006 MiB
2026/09/28 12:28:42.571, 4, 100 %, 76006 MiB
2026/09/28 12:28:42.575, 5, 100 %, 76006 MiB
2026/09/28 12:28:42.578, 6, 100 %, 75718 MiB
2026/09/28 12:28:42.580, 7, 100 %, 76006 MiB
2026/09/28 12:28:47.583, 0, 98 %, 76218 MiB
2026/09/28 12:28:47.583, 1, 98 %, 76006 MiB
2026/09/28 12:28:47.583, 2, 98 %, 76006 MiB
2026/09/28 12:28:47.583, 3, 98 %, 76006 MiB
2026/09/28 12:28:47.583, 4, 98 %, 76006 MiB
2026/09/28 12:28:47.583, 5, 98 %, 76006 MiB
2026/09/28 12:28:47.584, 6, 99 %, 75718 MiB
2026/09/28 12:28:47.584, 7, 98 %, 76006 MiB
2026/09/28 12:28:52.584, 0, 100 %, 76218 MiB
2026/09/28 12:28:52.584, 1, 100 %, 76006 MiB
2026/09/28 12:28:52.584, 2, 100 %, 76006 MiB
2026/09/28 12:28:52.584, 3, 100 %, 76006 MiB
2026/09/28 12:28:52.584, 4, 100 %, 76006 MiB
2026/09/28 12:28:52.584, 5, 100 %, 76006 MiB
2026/09/28 12:28:52.584, 6, 100 %, 75718 MiB
2026/09/28 12:28:52.584, 7, 100 %, 76006 MiB
2026/09/28 12:28:57.585, 0, 65 %, 76218 MiB
2026/09/28 12:28:57.585, 1, 97 %, 76006 MiB
2026/09/28 12:28:57.588, 2, 93 %, 76006 MiB
2026/09/28 12:28:57.589, 3, 99 %, 76006 MiB
2026/09/28 12:28:57.589, 4, 99 %, 76006 MiB
2026/09/28 12:28:57.590, 5, 99 %, 76006 MiB
2026/09/28 12:28:57.591, 6, 93 %, 75718 MiB
2026/09/28 12:28:57.592, 7, 99 %, 76006 MiB
2026/09/28 12:29:02.592, 0, 100 %, 76218 MiB
2026/09/28 12:29:02.837, 1, 100 %, 76006 MiB
2026/09/28 12:29:02.838, 2, 100 %, 76006 MiB
2026/09/28 12:29:02.839, 3, 100 %, 76006 MiB
2026/09/28 12:29:02.840, 4, 100 %, 76006 MiB
2026/09/28 12:29:02.842, 5, 100 %, 76006 MiB
2026/09/28 12:29:02.848, 6, 100 %, 75718 MiB
2026/09/28 12:29:02.849, 7, 100 %, 76006 MiB
2026/09/28 12:29:07.855, 0, 97 %, 76218 MiB
2026/09/28 12:29:07.855, 1, 100 %, 76006 MiB
2026/09/28 12:29:07.855, 2, 100 %, 76006 MiB
2026/09/28 12:29:07.856, 3, 97 %, 76006 MiB
2026/09/28 12:29:07.856, 4, 97 %, 76006 MiB
2026/09/28 12:29:07.856, 5, 100 %, 76006 MiB
2026/09/28 12:29:07.856, 6, 97 %, 75718 MiB
2026/09/28 12:29:07.856, 7, 100 %, 76006 MiB
2026/09/28 12:29:12.856, 0, 100 %, 76218 MiB
2026/09/28 12:29:12.856, 1, 97 %, 76006 MiB
2026/09/28 12:29:12.856, 2, 97 %, 76006 MiB
2026/09/28 12:29:12.856, 3, 100 %, 76006 MiB
2026/09/28 12:29:12.857, 4, 99 %, 76006 MiB
2026/09/28 12:29:12.857, 5, 99 %, 76006 MiB
2026/09/28 12:29:12.857, 6, 99 %, 75718 MiB
2026/09/28 12:29:12.857, 7, 99 %, 76006 MiB
2026/09/28 12:29:17.857, 0, 99 %, 76218 MiB
2026/09/28 12:29:17.857, 1, 100 %, 76006 MiB
2026/09/28 12:29:17.857, 2, 100 %, 76006 MiB
2026/09/28 12:29:17.859, 3, 100 %, 76006 MiB
2026/09/28 12:29:17.862, 4, 100 %, 76006 MiB
2026/09/28 12:29:17.863, 5, 100 %, 76006 MiB
2026/09/28 12:29:17.865, 6, 100 %, 75718 MiB
2026/09/28 12:29:17.865, 7, 100 %, 76006 MiB
2026/09/28 12:29:22.866, 0, 100 %, 76218 MiB
2026/09/28 12:29:22.866, 1, 97 %, 76006 MiB
2026/09/28 12:29:22.866, 2, 98 %, 76006 MiB
2026/09/28 12:29:22.866, 3, 100 %, 76006 MiB
2026/09/28 12:29:22.866, 4, 100 %, 76006 MiB
2026/09/28 12:29:22.866, 5, 100 %, 76006 MiB
2026/09/28 12:29:22.866, 6, 100 %, 75718 MiB
2026/09/28 12:29:22.866, 7, 100 %, 76006 MiB
2026/09/28 12:29:27.866, 0, 100 %, 76218 MiB
2026/09/28 12:29:27.866, 1, 99 %, 76006 MiB
2026/09/28 12:29:27.867, 2, 100 %, 76006 MiB
2026/09/28 12:29:27.867, 3, 100 %, 76006 MiB
2026/09/28 12:29:27.867, 4, 100 %, 76006 MiB
2026/09/28 12:29:27.867, 5, 95 %, 76006 MiB
2026/09/28 12:29:27.867, 6, 100 %, 75718 MiB
2026/09/28 12:29:27.867, 7, 100 %, 76006 MiB
2026/09/28 12:29:32.867, 0, 75 %, 76218 MiB
2026/09/28 12:29:32.867, 1, 94 %, 76006 MiB
2026/09/28 12:29:32.868, 2, 96 %, 76006 MiB
2026/09/28 12:29:32.869, 3, 95 %, 76006 MiB
2026/09/28 12:29:32.869, 4, 100 %, 76006 MiB
2026/09/28 12:29:32.870, 5, 99 %, 76006 MiB
2026/09/28 12:29:32.870, 6, 96 %, 75718 MiB
2026/09/28 12:29:32.870, 7, 90 %, 76006 MiB
2026/09/28 12:29:37.871, 0, 98 %, 76218 MiB
2026/09/28 12:29:37.871, 1, 100 %, 76006 MiB
2026/09/28 12:29:37.871, 2, 68 %, 76006 MiB
2026/09/28 12:29:37.871, 3, 100 %, 76006 MiB
2026/09/28 12:29:37.871, 4, 100 %, 76006 MiB
2026/09/28 12:29:37.871, 5, 97 %, 76006 MiB
2026/09/28 12:29:37.871, 6, 98 %, 75718 MiB
2026/09/28 12:29:37.871, 7, 100 %, 76006 MiB
2026/09/28 12:29:42.871, 0, 98 %, 76218 MiB
2026/09/28 12:29:42.871, 1, 100 %, 76006 MiB
2026/09/28 12:29:42.871, 2, 98 %, 76006 MiB
2026/09/28 12:29:42.871, 3, 100 %, 76006 MiB
2026/09/28 12:29:42.872, 4, 98 %, 76006 MiB
2026/09/28 12:29:42.872, 5, 98 %, 76006 MiB
2026/09/28 12:29:42.872, 6, 98 %, 75718 MiB
2026/09/28 12:29:42.872, 7, 100 %, 76006 MiB
2026/09/28 12:29:47.872, 0, 100 %, 76220 MiB
2026/09/28 12:29:47.872, 1, 100 %, 76008 MiB
2026/09/28 12:29:47.872, 2, 100 %, 76008 MiB
2026/09/28 12:29:47.872, 3, 100 %, 76008 MiB
2026/09/28 12:29:47.872, 4, 100 %, 76008 MiB
2026/09/28 12:29:47.872, 5, 100 %, 76008 MiB
2026/09/28 12:29:47.872, 6, 100 %, 75720 MiB
2026/09/28 12:29:47.872, 7, 100 %, 76008 MiB
2026/09/28 12:29:52.873, 0, 100 %, 76220 MiB
2026/09/28 12:29:52.873, 1, 100 %, 76008 MiB
2026/09/28 12:29:52.873, 2, 100 %, 76008 MiB
2026/09/28 12:29:52.873, 3, 100 %, 76008 MiB
2026/09/28 12:29:52.873, 4, 100 %, 76008 MiB
2026/09/28 12:29:52.873, 5, 100 %, 76008 MiB
2026/09/28 12:29:52.873, 6, 100 %, 75720 MiB
2026/09/28 12:29:52.873, 7, 100 %, 76008 MiB
2026/09/28 12:29:57.874, 0, 100 %, 76220 MiB
2026/09/28 12:29:57.874, 1, 100 %, 76008 MiB
2026/09/28 12:29:57.874, 2, 92 %, 76008 MiB
2026/09/28 12:29:57.874, 3, 93 %, 76008 MiB
2026/09/28 12:29:57.874, 4, 100 %, 76008 MiB
2026/09/28 12:29:57.874, 5, 95 %, 76008 MiB
2026/09/28 12:29:57.874, 6, 90 %, 75720 MiB
2026/09/28 12:29:57.874, 7, 91 %, 76008 MiB
2026/09/28 12:30:02.874, 0, 100 %, 76220 MiB
2026/09/28 12:30:02.874, 1, 100 %, 76008 MiB
2026/09/28 12:30:02.874, 2, 100 %, 76008 MiB
2026/09/28 12:30:02.876, 3, 100 %, 76008 MiB
2026/09/28 12:30:02.876, 4, 100 %, 76008 MiB
2026/09/28 12:30:02.876, 5, 100 %, 76008 MiB
2026/09/28 12:30:02.876, 6, 100 %, 75720 MiB
2026/09/28 12:30:02.876, 7, 100 %, 76008 MiB
2026/09/28 12:30:07.877, 0, 96 %, 76220 MiB
2026/09/28 12:30:07.877, 1, 98 %, 76008 MiB
2026/09/28 12:30:07.877, 2, 100 %, 76008 MiB
2026/09/28 12:30:07.877, 3, 98 %, 76008 MiB
2026/09/28 12:30:07.877, 4, 98 %, 76008 MiB
2026/09/28 12:30:07.877, 5, 98 %, 76008 MiB
2026/09/28 12:30:07.877, 6, 99 %, 75720 MiB
2026/09/28 12:30:07.877, 7, 98 %, 76008 MiB
2026/09/28 12:30:12.877, 0, 99 %, 76220 MiB
2026/09/28 12:30:12.878, 1, 98 %, 76008 MiB
2026/09/28 12:30:12.878, 2, 100 %, 76008 MiB
2026/09/28 12:30:12.878, 3, 98 %, 76008 MiB
2026/09/28 12:30:12.878, 4, 98 %, 76008 MiB
2026/09/28 12:30:12.878, 5, 100 %, 76008 MiB
2026/09/28 12:30:12.878, 6, 98 %, 75720 MiB
2026/09/28 12:30:12.878, 7, 98 %, 76008 MiB
2026/09/28 12:30:17.878, 0, 100 %, 76220 MiB
2026/09/28 12:30:17.879, 1, 94 %, 76008 MiB
2026/09/28 12:30:17.879, 2, 100 %, 76008 MiB
2026/09/28 12:30:17.879, 3, 97 %, 76008 MiB
2026/09/28 12:30:17.879, 4, 98 %, 76008 MiB
2026/09/28 12:30:17.879, 5, 72 %, 76008 MiB
2026/09/28 12:30:17.879, 6, 97 %, 75720 MiB
2026/09/28 12:30:17.879, 7, 97 %, 76008 MiB
2026/09/28 12:30:22.879, 0, 100 %, 76220 MiB
2026/09/28 12:30:22.879, 1, 100 %, 76008 MiB
2026/09/28 12:30:22.879, 2, 100 %, 76008 MiB
2026/09/28 12:30:22.879, 3, 100 %, 76008 MiB
2026/09/28 12:30:22.879, 4, 100 %, 76008 MiB
2026/09/28 12:30:22.879, 5, 100 %, 76008 MiB
2026/09/28 12:30:22.879, 6, 100 %, 75720 MiB
2026/09/28 12:30:22.879, 7, 100 %, 76008 MiB
2026/09/28 12:30:27.879, 0, 100 %, 76220 MiB
2026/09/28 12:30:27.880, 1, 100 %, 76008 MiB
2026/09/28 12:30:27.881, 2, 99 %, 76008 MiB
2026/09/28 12:30:27.882, 3, 100 %, 76008 MiB
2026/09/28 12:30:27.884, 4, 100 %, 76008 MiB
2026/09/28 12:30:27.887, 5, 100 %, 76008 MiB
2026/09/28 12:30:27.891, 6, 100 %, 75720 MiB
2026/09/28 12:30:27.893, 7, 100 %, 76008 MiB
2026/09/28 12:30:32.897, 0, 85 %, 76220 MiB
2026/09/28 12:30:32.898, 1, 59 %, 76008 MiB
2026/09/28 12:30:32.900, 2, 98 %, 76008 MiB
2026/09/28 12:30:32.900, 3, 66 %, 76008 MiB
2026/09/28 12:30:32.905, 4, 93 %, 76008 MiB
2026/09/28 12:30:32.906, 5, 91 %, 76008 MiB
2026/09/28 12:30:32.907, 6, 97 %, 75720 MiB
2026/09/28 12:30:32.909, 7, 95 %, 76008 MiB
2026/09/28 12:30:37.911, 0, 100 %, 76220 MiB
2026/09/28 12:30:38.140, 1, 100 %, 76008 MiB
2026/09/28 12:30:38.494, 2, 100 %, 76008 MiB
2026/09/28 12:30:38.499, 3, 88 %, 76008 MiB
2026/09/28 12:30:38.500, 4, 88 %, 76008 MiB
2026/09/28 12:30:38.501, 5, 96 %, 76008 MiB
2026/09/28 12:30:38.502, 6, 94 %, 75720 MiB
2026/09/28 12:30:38.504, 7, 96 %, 76008 MiB
2026/09/28 12:30:43.507, 0, 100 %, 76222 MiB
2026/09/28 12:30:43.507, 1, 100 %, 76010 MiB
2026/09/28 12:30:43.507, 2, 100 %, 76010 MiB
2026/09/28 12:30:43.508, 3, 100 %, 76010 MiB
2026/09/28 12:30:43.508, 4, 100 %, 76010 MiB
2026/09/28 12:30:43.508, 5, 100 %, 76010 MiB
2026/09/28 12:30:43.508, 6, 100 %, 75722 MiB
2026/09/28 12:30:43.508, 7, 100 %, 76010 MiB
2026/09/28 12:30:48.508, 0, 100 %, 76222 MiB
2026/09/28 12:30:48.508, 1, 100 %, 76010 MiB
2026/09/28 12:30:48.508, 2, 100 %, 76010 MiB
2026/09/28 12:30:48.508, 3, 100 %, 76010 MiB
2026/09/28 12:30:48.509, 4, 100 %, 76010 MiB
2026/09/28 12:30:48.509, 5, 100 %, 76010 MiB
2026/09/28 12:30:48.509, 6, 100 %, 75722 MiB
2026/09/28 12:30:48.509, 7, 100 %, 76010 MiB
2026/09/28 12:30:53.509, 0, 98 %, 76222 MiB
2026/09/28 12:30:53.509, 1, 100 %, 76010 MiB
2026/09/28 12:30:53.509, 2, 100 %, 76010 MiB
2026/09/28 12:30:53.509, 3, 100 %, 76010 MiB
2026/09/28 12:30:53.509, 4, 94 %, 76010 MiB
2026/09/28 12:30:53.509, 5, 100 %, 76010 MiB
2026/09/28 12:30:53.509, 6, 100 %, 75722 MiB
2026/09/28 12:30:53.509, 7, 100 %, 76010 MiB
2026/09/28 12:30:58.510, 0, 100 %, 76222 MiB
2026/09/28 12:30:58.510, 1, 95 %, 76010 MiB
2026/09/28 12:30:58.510, 2, 95 %, 76010 MiB
2026/09/28 12:30:58.510, 3, 99 %, 76010 MiB
2026/09/28 12:30:58.510, 4, 94 %, 76010 MiB
2026/09/28 12:30:58.510, 5, 99 %, 76010 MiB
2026/09/28 12:30:58.510, 6, 99 %, 75722 MiB
2026/09/28 12:30:58.510, 7, 99 %, 76010 MiB
2026/09/28 12:31:03.510, 0, 98 %, 76222 MiB
2026/09/28 12:31:03.510, 1, 100 %, 76010 MiB
2026/09/28 12:31:03.511, 2, 100 %, 76010 MiB
2026/09/28 12:31:03.511, 3, 100 %, 76010 MiB
2026/09/28 12:31:03.512, 4, 98 %, 76010 MiB
2026/09/28 12:31:03.512, 5, 100 %, 76010 MiB
2026/09/28 12:31:03.512, 6, 98 %, 75722 MiB
2026/09/28 12:31:03.513, 7, 100 %, 76010 MiB
2026/09/28 12:31:08.514, 0, 100 %, 76222 MiB
2026/09/28 12:31:08.514, 1, 100 %, 76010 MiB
2026/09/28 12:31:08.514, 2, 100 %, 76010 MiB
2026/09/28 12:31:08.515, 3, 100 %, 76010 MiB
2026/09/28 12:31:08.515, 4, 100 %, 76010 MiB
2026/09/28 12:31:08.515, 5, 100 %, 76010 MiB
2026/09/28 12:31:08.516, 6, 100 %, 75722 MiB
2026/09/28 12:31:08.516, 7, 100 %, 76010 MiB
2026/09/28 12:31:13.517, 0, 96 %, 76222 MiB
2026/09/28 12:31:13.517, 1, 39 %, 76010 MiB
2026/09/28 12:31:13.518, 2, 95 %, 76010 MiB
2026/09/28 12:31:13.518, 3, 98 %, 76010 MiB
2026/09/28 12:31:13.519, 4, 99 %, 76010 MiB
2026/09/28 12:31:13.519, 5, 68 %, 76010 MiB
2026/09/28 12:31:13.520, 6, 95 %, 75722 MiB
2026/09/28 12:31:13.520, 7, 98 %, 76010 MiB
2026/09/28 12:31:18.524, 0, 100 %, 76222 MiB
2026/09/28 12:31:18.524, 1, 100 %, 76010 MiB
2026/09/28 12:31:18.524, 2, 100 %, 76010 MiB
2026/09/28 12:31:18.524, 3, 100 %, 76010 MiB
2026/09/28 12:31:18.525, 4, 100 %, 76010 MiB
2026/09/28 12:31:18.525, 5, 100 %, 76010 MiB
2026/09/28 12:31:18.526, 6, 100 %, 75722 MiB
2026/09/28 12:31:18.526, 7, 100 %, 76010 MiB
2026/09/28 12:31:23.527, 0, 94 %, 76222 MiB
2026/09/28 12:31:23.527, 1, 82 %, 76010 MiB
2026/09/28 12:31:23.527, 2, 96 %, 76010 MiB
2026/09/28 12:31:23.527, 3, 71 %, 76010 MiB
2026/09/28 12:31:23.527, 4, 96 %, 76010 MiB
2026/09/28 12:31:23.527, 5, 91 %, 76010 MiB
2026/09/28 12:31:23.527, 6, 93 %, 75722 MiB
2026/09/28 12:31:23.527, 7, 92 %, 76010 MiB
2026/09/28 12:31:28.527, 0, 100 %, 76222 MiB
2026/09/28 12:31:28.527, 1, 100 %, 76010 MiB
2026/09/28 12:31:28.527, 2, 100 %, 76010 MiB
2026/09/28 12:31:28.527, 3, 100 %, 76010 MiB
2026/09/28 12:31:28.527, 4, 100 %, 76010 MiB
2026/09/28 12:31:28.527, 5, 100 %, 76010 MiB
2026/09/28 12:31:28.527, 6, 100 %, 75722 MiB
2026/09/28 12:31:28.527, 7, 100 %, 76010 MiB
2026/09/28 12:31:33.528, 0, 100 %, 76222 MiB
2026/09/28 12:31:33.528, 1, 100 %, 76010 MiB
2026/09/28 12:31:33.528, 2, 100 %, 76010 MiB
2026/09/28 12:31:33.528, 3, 100 %, 76010 MiB
2026/09/28 12:31:33.529, 4, 100 %, 76010 MiB
2026/09/28 12:31:33.535, 5, 100 %, 76010 MiB
2026/09/28 12:31:33.540, 6, 100 %, 75722 MiB
2026/09/28 12:31:33.542, 7, 100 %, 76010 MiB
2026/09/28 12:31:38.542, 0, 100 %, 76222 MiB
2026/09/28 12:31:38.544, 1, 100 %, 76010 MiB
2026/09/28 12:31:38.545, 2, 100 %, 76010 MiB
2026/09/28 12:31:38.545, 3, 100 %, 76010 MiB
2026/09/28 12:31:38.547, 4, 98 %, 76010 MiB
2026/09/28 12:31:38.547, 5, 100 %, 76010 MiB
2026/09/28 12:31:38.548, 6, 100 %, 75722 MiB
2026/09/28 12:31:38.551, 7, 100 %, 76010 MiB
2026/09/28 12:31:43.552, 0, 100 %, 76222 MiB
2026/09/28 12:31:43.552, 1, 100 %, 76010 MiB
2026/09/28 12:31:43.552, 2, 100 %, 76010 MiB
2026/09/28 12:31:43.552, 3, 100 %, 76010 MiB
2026/09/28 12:31:43.552, 4, 100 %, 76010 MiB
2026/09/28 12:31:43.552, 5, 100 %, 76010 MiB
2026/09/28 12:31:43.552, 6, 100 %, 75722 MiB
2026/09/28 12:31:43.552, 7, 100 %, 76010 MiB
2026/09/28 12:31:48.553, 0, 97 %, 76222 MiB
2026/09/28 12:31:48.553, 1, 95 %, 76010 MiB
2026/09/28 12:31:48.553, 2, 84 %, 76010 MiB
2026/09/28 12:31:48.553, 3, 98 %, 76010 MiB
2026/09/28 12:31:48.553, 4, 95 %, 76010 MiB
2026/09/28 12:31:48.553, 5, 96 %, 76010 MiB
2026/09/28 12:31:48.553, 6, 93 %, 75722 MiB
2026/09/28 12:31:48.553, 7, 95 %, 76010 MiB
2026/09/28 12:31:53.553, 0, 100 %, 76222 MiB
2026/09/28 12:31:53.553, 1, 100 %, 76010 MiB
2026/09/28 12:31:53.554, 2, 100 %, 76010 MiB
2026/09/28 12:31:53.554, 3, 100 %, 76010 MiB
2026/09/28 12:31:53.555, 4, 100 %, 76010 MiB
2026/09/28 12:31:53.555, 5, 100 %, 76010 MiB
2026/09/28 12:31:53.555, 6, 100 %, 75722 MiB
2026/09/28 12:31:53.555, 7, 100 %, 76010 MiB
2026/09/28 12:31:58.556, 0, 100 %, 76222 MiB
2026/09/28 12:31:58.556, 1, 98 %, 76010 MiB
2026/09/28 12:31:58.557, 2, 100 %, 76010 MiB
2026/09/28 12:31:58.557, 3, 98 %, 76010 MiB
2026/09/28 12:31:58.557, 4, 98 %, 76010 MiB
2026/09/28 12:31:58.557, 5, 100 %, 76010 MiB
2026/09/28 12:31:58.558, 6, 98 %, 75722 MiB
2026/09/28 12:31:58.558, 7, 98 %, 76010 MiB
2026/09/28 12:32:03.559, 0, 100 %, 76222 MiB
2026/09/28 12:32:03.560, 1, 100 %, 76010 MiB
2026/09/28 12:32:03.564, 2, 100 %, 76010 MiB
2026/09/28 12:32:03.564, 3, 100 %, 76010 MiB
2026/09/28 12:32:03.565, 4, 100 %, 76010 MiB
2026/09/28 12:32:03.567, 5, 100 %, 76010 MiB
2026/09/28 12:32:03.567, 6, 100 %, 75722 MiB
2026/09/28 12:32:03.569, 7, 100 %, 76010 MiB
2026/09/28 12:32:08.571, 0, 100 %, 76222 MiB
2026/09/28 12:32:08.571, 1, 100 %, 76010 MiB
2026/09/28 12:32:08.572, 2, 100 %, 76010 MiB
2026/09/28 12:32:08.572, 3, 100 %, 76010 MiB
2026/09/28 12:32:08.572, 4, 100 %, 76010 MiB
2026/09/28 12:32:08.573, 5, 100 %, 76010 MiB
2026/09/28 12:32:08.573, 6, 100 %, 75722 MiB
2026/09/28 12:32:08.573, 7, 100 %, 76010 MiB
2026/09/28 12:32:13.574, 0, 95 %, 76222 MiB
2026/09/28 12:32:13.574, 1, 91 %, 76010 MiB
2026/09/28 12:32:13.574, 2, 95 %, 76010 MiB
2026/09/28 12:32:13.574, 3, 94 %, 76010 MiB
2026/09/28 12:32:13.574, 4, 92 %, 76010 MiB
2026/09/28 12:32:13.574, 5, 96 %, 76010 MiB
2026/09/28 12:32:13.574, 6, 100 %, 75722 MiB
2026/09/28 12:32:13.574, 7, 100 %, 76010 MiB
2026/09/28 12:32:18.574, 0, 100 %, 76222 MiB
2026/09/28 12:32:18.575, 1, 100 %, 76010 MiB
2026/09/28 12:32:18.575, 2, 100 %, 76010 MiB
2026/09/28 12:32:18.575, 3, 100 %, 76010 MiB
2026/09/28 12:32:18.575, 4, 100 %, 76010 MiB
2026/09/28 12:32:18.575, 5, 100 %, 76010 MiB
2026/09/28 12:32:18.575, 6, 100 %, 75722 MiB
2026/09/28 12:32:18.575, 7, 100 %, 76010 MiB
2026/09/28 12:32:23.575, 0, 100 %, 76222 MiB
2026/09/28 12:32:23.575, 1, 100 %, 76010 MiB
2026/09/28 12:32:23.575, 2, 100 %, 76010 MiB
2026/09/28 12:32:23.575, 3, 100 %, 76010 MiB
2026/09/28 12:32:23.575, 4, 100 %, 76010 MiB
2026/09/28 12:32:23.575, 5, 100 %, 76010 MiB
2026/09/28 12:32:23.575, 6, 100 %, 75722 MiB
2026/09/28 12:32:23.575, 7, 100 %, 76010 MiB
2026/09/28 12:32:28.575, 0, 99 %, 76222 MiB
2026/09/28 12:32:28.575, 1, 100 %, 76010 MiB
2026/09/28 12:32:28.575, 2, 100 %, 76010 MiB
2026/09/28 12:32:28.575, 3, 99 %, 76010 MiB
2026/09/28 12:32:28.575, 4, 100 %, 76010 MiB
2026/09/28 12:32:28.576, 5, 100 %, 76010 MiB
2026/09/28 12:32:28.576, 6, 100 %, 75722 MiB
2026/09/28 12:32:28.576, 7, 100 %, 76010 MiB
2026/09/28 12:32:33.576, 0, 99 %, 76222 MiB
2026/09/28 12:32:33.579, 1, 98 %, 76010 MiB
2026/09/28 12:32:33.579, 2, 99 %, 76010 MiB
2026/09/28 12:32:33.581, 3, 98 %, 76010 MiB
2026/09/28 12:32:33.582, 4, 100 %, 76010 MiB
2026/09/28 12:32:33.583, 5, 98 %, 76010 MiB
2026/09/28 12:32:33.584, 6, 99 %, 75722 MiB
2026/09/28 12:32:33.585, 7, 78 %, 76010 MiB
2026/09/28 12:32:38.586, 0, 94 %, 76222 MiB
2026/09/28 12:32:38.586, 1, 96 %, 76010 MiB
2026/09/28 12:32:38.586, 2, 100 %, 76010 MiB
2026/09/28 12:32:38.586, 3, 96 %, 76010 MiB
2026/09/28 12:32:38.587, 4, 95 %, 76010 MiB
2026/09/28 12:32:38.587, 5, 95 %, 76010 MiB
2026/09/28 12:32:38.587, 6, 99 %, 75722 MiB
2026/09/28 12:32:38.588, 7, 91 %, 76010 MiB
2026/09/28 12:32:43.588, 0, 100 %, 76222 MiB
2026/09/28 12:32:43.589, 1, 100 %, 76010 MiB
2026/09/28 12:32:43.589, 2, 100 %, 76010 MiB
2026/09/28 12:32:43.589, 3, 96 %, 76010 MiB
2026/09/28 12:32:43.589, 4, 100 %, 76010 MiB
2026/09/28 12:32:43.589, 5, 100 %, 76010 MiB
2026/09/28 12:32:43.589, 6, 92 %, 75722 MiB
2026/09/28 12:32:43.589, 7, 99 %, 76010 MiB
2026/09/28 12:32:48.589, 0, 100 %, 76222 MiB
2026/09/28 12:32:48.938, 1, 100 %, 76010 MiB
2026/09/28 12:32:48.944, 2, 100 %, 76010 MiB
2026/09/28 12:32:48.947, 3, 100 %, 76010 MiB
2026/09/28 12:32:48.947, 4, 100 %, 76010 MiB
2026/09/28 12:32:48.948, 5, 100 %, 76010 MiB
2026/09/28 12:32:48.950, 6, 100 %, 75722 MiB
2026/09/28 12:32:48.951, 7, 100 %, 76010 MiB
2026/09/28 12:32:53.952, 0, 98 %, 76222 MiB
2026/09/28 12:32:53.952, 1, 98 %, 76010 MiB
2026/09/28 12:32:53.952, 2, 100 %, 76010 MiB
2026/09/28 12:32:53.952, 3, 100 %, 76010 MiB
2026/09/28 12:32:53.952, 4, 100 %, 76010 MiB
2026/09/28 12:32:53.952, 5, 98 %, 76010 MiB
2026/09/28 12:32:53.952, 6, 100 %, 75722 MiB
2026/09/28 12:32:53.952, 7, 98 %, 76010 MiB
2026/09/28 12:32:58.952, 0, 100 %, 76222 MiB
2026/09/28 12:32:58.953, 1, 100 %, 76010 MiB
2026/09/28 12:32:58.953, 2, 100 %, 76010 MiB
2026/09/28 12:32:58.953, 3, 100 %, 76010 MiB
2026/09/28 12:32:58.953, 4, 100 %, 76010 MiB
2026/09/28 12:32:58.953, 5, 100 %, 76010 MiB
2026/09/28 12:32:58.953, 6, 100 %, 75722 MiB
2026/09/28 12:32:58.953, 7, 100 %, 76010 MiB
2026/09/28 12:33:03.953, 0, 100 %, 76222 MiB
2026/09/28 12:33:03.953, 1, 100 %, 76010 MiB
2026/09/28 12:33:03.953, 2, 100 %, 76010 MiB
2026/09/28 12:33:03.953, 3, 100 %, 76010 MiB
2026/09/28 12:33:03.953, 4, 100 %, 76010 MiB
2026/09/28 12:33:03.953, 5, 100 %, 76010 MiB
2026/09/28 12:33:03.953, 6, 100 %, 75722 MiB
2026/09/28 12:33:03.953, 7, 100 %, 76010 MiB
2026/09/28 12:33:08.954, 0, 95 %, 76222 MiB
2026/09/28 12:33:08.954, 1, 100 %, 76010 MiB
2026/09/28 12:33:08.955, 2, 97 %, 76010 MiB
2026/09/28 12:33:08.956, 3, 100 %, 76010 MiB
2026/09/28 12:33:08.958, 4, 99 %, 76010 MiB
2026/09/28 12:33:08.958, 5, 100 %, 76010 MiB
2026/09/28 12:33:08.959, 6, 100 %, 75722 MiB
2026/09/28 12:33:08.959, 7, 100 %, 76010 MiB
2026/09/28 12:33:13.959, 0, 99 %, 76222 MiB
2026/09/28 12:33:13.959, 1, 100 %, 76010 MiB
2026/09/28 12:33:13.959, 2, 100 %, 76010 MiB
2026/09/28 12:33:13.959, 3, 99 %, 76010 MiB
2026/09/28 12:33:13.959, 4, 100 %, 76010 MiB
2026/09/28 12:33:13.959, 5, 100 %, 76010 MiB
2026/09/28 12:33:13.959, 6, 83 %, 75722 MiB
2026/09/28 12:33:13.960, 7, 97 %, 76010 MiB
2026/09/28 12:33:18.960, 0, 89 %, 76222 MiB
2026/09/28 12:33:18.960, 1, 97 %, 76010 MiB
2026/09/28 12:33:18.961, 2, 95 %, 76010 MiB
2026/09/28 12:33:18.961, 3, 100 %, 76010 MiB
2026/09/28 12:33:18.961, 4, 93 %, 76010 MiB
2026/09/28 12:33:18.962, 5, 94 %, 76010 MiB
2026/09/28 12:33:18.962, 6, 93 %, 75722 MiB
2026/09/28 12:33:18.962, 7, 96 %, 76010 MiB
2026/09/28 12:33:23.963, 0, 100 %, 76222 MiB
2026/09/28 12:33:23.963, 1, 100 %, 76010 MiB
2026/09/28 12:33:23.963, 2, 100 %, 76010 MiB
2026/09/28 12:33:23.963, 3, 100 %, 76010 MiB
2026/09/28 12:33:23.963, 4, 100 %, 76010 MiB
2026/09/28 12:33:23.963, 5, 100 %, 76010 MiB
2026/09/28 12:33:23.963, 6, 100 %, 75722 MiB
2026/09/28 12:33:23.964, 7, 100 %, 76010 MiB
2026/09/28 12:33:28.964, 0, 92 %, 76222 MiB
2026/09/28 12:33:28.964, 1, 95 %, 76010 MiB
2026/09/28 12:33:28.964, 2, 96 %, 76010 MiB
2026/09/28 12:33:28.964, 3, 99 %, 76010 MiB
2026/09/28 12:33:28.964, 4, 97 %, 76010 MiB
2026/09/28 12:33:28.964, 5, 87 %, 76010 MiB
2026/09/28 12:33:28.964, 6, 94 %, 75722 MiB
2026/09/28 12:33:28.964, 7, 99 %, 76010 MiB
2026/09/28 12:33:33.964, 0, 100 %, 76222 MiB
2026/09/28 12:33:34.051, 1, 100 %, 76010 MiB
2026/09/28 12:33:34.052, 2, 99 %, 76010 MiB
2026/09/28 12:33:34.055, 3, 100 %, 76010 MiB
2026/09/28 12:33:34.063, 4, 100 %, 76010 MiB
2026/09/28 12:33:34.064, 5, 100 %, 76010 MiB
2026/09/28 12:33:34.072, 6, 100 %, 75722 MiB
2026/09/28 12:33:34.080, 7, 100 %, 76010 MiB
2026/09/28 12:33:39.085, 0, 100 %, 76222 MiB
2026/09/28 12:33:39.085, 1, 100 %, 76010 MiB
2026/09/28 12:33:39.085, 2, 100 %, 76010 MiB
2026/09/28 12:33:39.085, 3, 100 %, 76010 MiB
2026/09/28 12:33:39.085, 4, 100 %, 76010 MiB
2026/09/28 12:33:39.085, 5, 100 %, 76010 MiB
2026/09/28 12:33:39.085, 6, 100 %, 75722 MiB
2026/09/28 12:33:39.086, 7, 100 %, 76010 MiB
2026/09/28 12:33:44.086, 0, 97 %, 76222 MiB
2026/09/28 12:33:44.086, 1, 99 %, 76010 MiB
2026/09/28 12:33:44.091, 2, 97 %, 76010 MiB
2026/09/28 12:33:44.091, 3, 96 %, 76010 MiB
2026/09/28 12:33:44.092, 4, 100 %, 76010 MiB
2026/09/28 12:33:44.093, 5, 100 %, 76010 MiB
2026/09/28 12:33:44.093, 6, 99 %, 75722 MiB
2026/09/28 12:33:44.094, 7, 100 %, 76010 MiB
2026/09/28 12:33:49.094, 0, 100 %, 76222 MiB
2026/09/28 12:33:49.094, 1, 100 %, 76010 MiB
2026/09/28 12:33:49.094, 2, 100 %, 76010 MiB
2026/09/28 12:33:49.094, 3, 100 %, 76010 MiB
2026/09/28 12:33:49.095, 4, 100 %, 76010 MiB
2026/09/28 12:33:49.095, 5, 100 %, 76010 MiB
2026/09/28 12:33:49.095, 6, 100 %, 75722 MiB
2026/09/28 12:33:49.095, 7, 100 %, 76010 MiB
2026/09/28 12:33:54.095, 0, 95 %, 76222 MiB
2026/09/28 12:33:54.102, 1, 73 %, 76010 MiB
2026/09/28 12:33:54.104, 2, 91 %, 76010 MiB
2026/09/28 12:33:54.105, 3, 95 %, 76010 MiB
2026/09/28 12:33:54.106, 4, 97 %, 76010 MiB
2026/09/28 12:33:54.106, 5, 83 %, 76010 MiB
2026/09/28 12:33:54.106, 6, 96 %, 75722 MiB
2026/09/28 12:33:54.106, 7, 91 %, 76010 MiB
2026/09/28 12:33:59.107, 0, 98 %, 76222 MiB
2026/09/28 12:33:59.107, 1, 97 %, 76010 MiB
2026/09/28 12:33:59.107, 2, 100 %, 76010 MiB
2026/09/28 12:33:59.107, 3, 100 %, 76010 MiB
2026/09/28 12:33:59.107, 4, 100 %, 76010 MiB
2026/09/28 12:33:59.107, 5, 97 %, 76010 MiB
2026/09/28 12:33:59.107, 6, 100 %, 75722 MiB
2026/09/28 12:33:59.107, 7, 100 %, 76010 MiB
2026/09/28 12:34:04.107, 0, 100 %, 76222 MiB
2026/09/28 12:34:04.107, 1, 100 %, 76010 MiB
2026/09/28 12:34:04.107, 2, 100 %, 76010 MiB
2026/09/28 12:34:04.107, 3, 100 %, 76010 MiB
2026/09/28 12:34:04.107, 4, 100 %, 76010 MiB
2026/09/28 12:34:04.107, 5, 100 %, 76010 MiB
2026/09/28 12:34:04.108, 6, 100 %, 75722 MiB
2026/09/28 12:34:04.108, 7, 100 %, 76010 MiB
2026/09/28 12:34:09.108, 0, 98 %, 76222 MiB
2026/09/28 12:34:09.108, 1, 97 %, 76010 MiB
2026/09/28 12:34:09.108, 2, 100 %, 76010 MiB
2026/09/28 12:34:09.109, 3, 100 %, 76010 MiB
2026/09/28 12:34:09.109, 4, 100 %, 76010 MiB
2026/09/28 12:34:09.109, 5, 98 %, 76010 MiB
2026/09/28 12:34:09.110, 6, 100 %, 75722 MiB
2026/09/28 12:34:09.110, 7, 100 %, 76010 MiB
2026/09/28 12:34:14.111, 0, 100 %, 76222 MiB
2026/09/28 12:34:14.111, 1, 100 %, 76010 MiB
2026/09/28 12:34:14.111, 2, 100 %, 76010 MiB
2026/09/28 12:34:14.111, 3, 100 %, 76010 MiB
2026/09/28 12:34:14.111, 4, 100 %, 76010 MiB
2026/09/28 12:34:14.111, 5, 100 %, 76010 MiB
2026/09/28 12:34:14.111, 6, 100 %, 75722 MiB
2026/09/28 12:34:14.111, 7, 100 %, 76010 MiB
2026/09/28 12:34:19.111, 0, 97 %, 76222 MiB
2026/09/28 12:34:19.111, 1, 100 %, 76010 MiB
2026/09/28 12:34:19.111, 2, 100 %, 76010 MiB
2026/09/28 12:34:19.111, 3, 100 %, 76010 MiB
2026/09/28 12:34:19.111, 4, 100 %, 76010 MiB
2026/09/28 12:34:19.111, 5, 100 %, 76010 MiB
2026/09/28 12:34:19.111, 6, 100 %, 75722 MiB
2026/09/28 12:34:19.111, 7, 100 %, 76010 MiB
2026/09/28 12:34:24.112, 0, 99 %, 76222 MiB
2026/09/28 12:34:24.112, 1, 96 %, 76010 MiB
2026/09/28 12:34:24.112, 2, 99 %, 76010 MiB
2026/09/28 12:34:24.112, 3, 97 %, 76010 MiB
2026/09/28 12:34:24.112, 4, 99 %, 76010 MiB
2026/09/28 12:34:24.112, 5, 98 %, 76010 MiB
2026/09/28 12:34:24.112, 6, 98 %, 75722 MiB
2026/09/28 12:34:24.112, 7, 99 %, 76010 MiB
2026/09/28 12:34:29.112, 0, 70 %, 76222 MiB
2026/09/28 12:34:29.112, 1, 87 %, 76010 MiB
2026/09/28 12:34:29.113, 2, 96 %, 76010 MiB
2026/09/28 12:34:29.113, 3, 72 %, 76010 MiB
2026/09/28 12:34:29.113, 4, 93 %, 76010 MiB
2026/09/28 12:34:29.114, 5, 75 %, 76010 MiB
2026/09/28 12:34:29.114, 6, 97 %, 75722 MiB
2026/09/28 12:34:29.114, 7, 94 %, 76010 MiB
2026/09/28 12:34:34.115, 0, 95 %, 76222 MiB
2026/09/28 12:34:34.115, 1, 98 %, 76010 MiB
2026/09/28 12:34:34.115, 2, 100 %, 76010 MiB
2026/09/28 12:34:34.115, 3, 94 %, 76010 MiB
2026/09/28 12:34:34.115, 4, 100 %, 76010 MiB
2026/09/28 12:34:34.115, 5, 94 %, 76010 MiB
2026/09/28 12:34:34.115, 6, 100 %, 75722 MiB
2026/09/28 12:34:34.115, 7, 98 %, 76010 MiB
2026/09/28 12:34:39.116, 0, 98 %, 76222 MiB
2026/09/28 12:34:39.116, 1, 93 %, 76010 MiB
2026/09/28 12:34:39.116, 2, 100 %, 76010 MiB
2026/09/28 12:34:39.116, 3, 94 %, 76010 MiB
2026/09/28 12:34:39.116, 4, 92 %, 76010 MiB
2026/09/28 12:34:39.116, 5, 92 %, 76010 MiB
2026/09/28 12:34:39.116, 6, 94 %, 75722 MiB
2026/09/28 12:34:39.116, 7, 99 %, 76010 MiB
2026/09/28 12:34:44.116, 0, 84 %, 76222 MiB
2026/09/28 12:34:44.116, 1, 100 %, 76010 MiB
2026/09/28 12:34:44.116, 2, 95 %, 76010 MiB
2026/09/28 12:34:44.116, 3, 99 %, 76010 MiB
2026/09/28 12:34:44.116, 4, 92 %, 76010 MiB
2026/09/28 12:34:44.116, 5, 63 %, 76010 MiB
2026/09/28 12:34:44.116, 6, 95 %, 75722 MiB
2026/09/28 12:34:44.116, 7, 95 %, 76010 MiB
2026/09/28 12:34:49.117, 0, 100 %, 76222 MiB
2026/09/28 12:34:49.117, 1, 100 %, 76010 MiB
2026/09/28 12:34:49.117, 2, 100 %, 76010 MiB
2026/09/28 12:34:49.117, 3, 100 %, 76010 MiB
2026/09/28 12:34:49.117, 4, 100 %, 76010 MiB
2026/09/28 12:34:49.117, 5, 100 %, 76010 MiB
2026/09/28 12:34:49.117, 6, 100 %, 75722 MiB
2026/09/28 12:34:49.118, 7, 100 %, 76010 MiB
2026/09/28 12:34:54.118, 0, 100 %, 76222 MiB
2026/09/28 12:34:54.118, 1, 100 %, 76010 MiB
2026/09/28 12:34:54.119, 2, 100 %, 76010 MiB
2026/09/28 12:34:54.119, 3, 100 %, 76010 MiB
2026/09/28 12:34:54.119, 4, 100 %, 76010 MiB
2026/09/28 12:34:54.119, 5, 98 %, 76010 MiB
2026/09/28 12:34:54.119, 6, 100 %, 75722 MiB
2026/09/28 12:34:54.119, 7, 98 %, 76010 MiB
2026/09/28 12:34:59.120, 0, 100 %, 76222 MiB
2026/09/28 12:34:59.120, 1, 100 %, 76010 MiB
2026/09/28 12:34:59.120, 2, 100 %, 76010 MiB
2026/09/28 12:34:59.121, 3, 100 %, 76010 MiB
2026/09/28 12:34:59.121, 4, 100 %, 76010 MiB
2026/09/28 12:34:59.121, 5, 100 %, 76010 MiB
2026/09/28 12:34:59.122, 6, 100 %, 75722 MiB
2026/09/28 12:34:59.122, 7, 100 %, 76010 MiB
2026/09/28 12:35:04.123, 0, 100 %, 76222 MiB
2026/09/28 12:35:04.123, 1, 100 %, 76010 MiB
2026/09/28 12:35:04.123, 2, 100 %, 76010 MiB
2026/09/28 12:35:04.123, 3, 100 %, 76010 MiB
2026/09/28 12:35:04.123, 4, 100 %, 76010 MiB
2026/09/28 12:35:04.123, 5, 100 %, 76010 MiB
2026/09/28 12:35:04.123, 6, 100 %, 75722 MiB
2026/09/28 12:35:04.123, 7, 100 %, 76010 MiB
2026/09/28 12:35:09.124, 0, 100 %, 76222 MiB
2026/09/28 12:35:09.124, 1, 100 %, 76010 MiB
2026/09/28 12:35:09.124, 2, 100 %, 76010 MiB
2026/09/28 12:35:09.124, 3, 100 %, 76010 MiB
2026/09/28 12:35:09.124, 4, 100 %, 76010 MiB
2026/09/28 12:35:09.124, 5, 100 %, 76010 MiB
2026/09/28 12:35:09.124, 6, 100 %, 75722 MiB
2026/09/28 12:35:09.124, 7, 100 %, 76010 MiB
2026/09/28 12:35:14.124, 0, 98 %, 76222 MiB
2026/09/28 12:35:14.234, 1, 100 %, 76010 MiB
2026/09/28 12:35:14.235, 2, 100 %, 76010 MiB
2026/09/28 12:35:14.235, 3, 100 %, 76010 MiB
2026/09/28 12:35:14.235, 4, 100 %, 76010 MiB
2026/09/28 12:35:14.236, 5, 100 %, 76010 MiB
2026/09/28 12:35:14.236, 6, 98 %, 75722 MiB
2026/09/28 12:35:14.236, 7, 100 %, 76010 MiB
2026/09/28 12:35:19.237, 0, 94 %, 76222 MiB
2026/09/28 12:35:19.237, 1, 97 %, 76010 MiB
2026/09/28 12:35:19.237, 2, 59 %, 76010 MiB
2026/09/28 12:35:19.237, 3, 81 %, 76010 MiB
2026/09/28 12:35:19.237, 4, 97 %, 76010 MiB
2026/09/28 12:35:19.237, 5, 95 %, 76010 MiB
2026/09/28 12:35:19.237, 6, 94 %, 75722 MiB
2026/09/28 12:35:19.237, 7, 92 %, 76010 MiB
2026/09/28 12:35:24.238, 0, 100 %, 76222 MiB
2026/09/28 12:35:24.238, 1, 100 %, 76010 MiB
2026/09/28 12:35:24.238, 2, 100 %, 76010 MiB
2026/09/28 12:35:24.238, 3, 100 %, 76010 MiB
2026/09/28 12:35:24.238, 4, 100 %, 76010 MiB
2026/09/28 12:35:24.238, 5, 100 %, 76010 MiB
2026/09/28 12:35:24.238, 6, 100 %, 75722 MiB
2026/09/28 12:35:24.238, 7, 100 %, 76010 MiB
2026/09/28 12:35:29.238, 0, 100 %, 76222 MiB
2026/09/28 12:35:29.238, 1, 100 %, 76010 MiB
2026/09/28 12:35:29.238, 2, 100 %, 76010 MiB
2026/09/28 12:35:29.238, 3, 100 %, 76010 MiB
2026/09/28 12:35:29.238, 4, 100 %, 76010 MiB
2026/09/28 12:35:29.238, 5, 100 %, 76010 MiB
2026/09/28 12:35:29.238, 6, 100 %, 75722 MiB
2026/09/28 12:35:29.238, 7, 100 %, 76010 MiB
2026/09/28 12:35:34.239, 0, 100 %, 76222 MiB
2026/09/28 12:35:34.239, 1, 100 %, 76010 MiB
2026/09/28 12:35:34.239, 2, 100 %, 76010 MiB
2026/09/28 12:35:34.239, 3, 100 %, 76010 MiB
2026/09/28 12:35:34.239, 4, 100 %, 76010 MiB
2026/09/28 12:35:34.239, 5, 100 %, 76010 MiB
2026/09/28 12:35:34.239, 6, 100 %, 75722 MiB
2026/09/28 12:35:34.239, 7, 100 %, 76010 MiB
2026/09/28 12:35:39.239, 0, 93 %, 76222 MiB
2026/09/28 12:35:39.239, 1, 86 %, 76010 MiB
2026/09/28 12:35:39.239, 2, 93 %, 76010 MiB
2026/09/28 12:35:39.239, 3, 92 %, 76010 MiB
2026/09/28 12:35:39.239, 4, 79 %, 76010 MiB
2026/09/28 12:35:39.239, 5, 93 %, 76010 MiB
2026/09/28 12:35:39.239, 6, 93 %, 75722 MiB
2026/09/28 12:35:39.239, 7, 63 %, 76010 MiB
2026/09/28 12:35:44.240, 0, 100 %, 76222 MiB
2026/09/28 12:35:44.240, 1, 100 %, 76010 MiB
2026/09/28 12:35:44.240, 2, 100 %, 76010 MiB
2026/09/28 12:35:44.240, 3, 100 %, 76010 MiB
2026/09/28 12:35:44.240, 4, 100 %, 76010 MiB
2026/09/28 12:35:44.240, 5, 100 %, 76010 MiB
2026/09/28 12:35:44.240, 6, 100 %, 75722 MiB
2026/09/28 12:35:44.240, 7, 100 %, 76010 MiB
2026/09/28 12:35:49.240, 0, 100 %, 76224 MiB
2026/09/28 12:35:49.240, 1, 100 %, 76012 MiB
2026/09/28 12:35:49.241, 2, 100 %, 76012 MiB
2026/09/28 12:35:49.241, 3, 100 %, 76012 MiB
2026/09/28 12:35:49.242, 4, 100 %, 76012 MiB
2026/09/28 12:35:49.242, 5, 100 %, 76012 MiB
2026/09/28 12:35:49.243, 6, 100 %, 75724 MiB
2026/09/28 12:35:49.243, 7, 100 %, 76012 MiB
2026/09/28 12:35:54.244, 0, 93 %, 76224 MiB
2026/09/28 12:35:54.244, 1, 93 %, 76012 MiB
2026/09/28 12:35:54.245, 2, 82 %, 76012 MiB
2026/09/28 12:35:54.245, 3, 96 %, 76012 MiB
2026/09/28 12:35:54.246, 4, 67 %, 76012 MiB
2026/09/28 12:35:54.246, 5, 90 %, 76012 MiB
2026/09/28 12:35:54.247, 6, 81 %, 75724 MiB
2026/09/28 12:35:54.247, 7, 86 %, 76012 MiB
2026/09/28 12:35:59.248, 0, 100 %, 76224 MiB
2026/09/28 12:35:59.248, 1, 100 %, 76012 MiB
2026/09/28 12:35:59.248, 2, 100 %, 76012 MiB
2026/09/28 12:35:59.248, 3, 100 %, 76012 MiB
2026/09/28 12:35:59.248, 4, 100 %, 76012 MiB
2026/09/28 12:35:59.248, 5, 100 %, 76012 MiB
2026/09/28 12:35:59.248, 6, 100 %, 75724 MiB
2026/09/28 12:35:59.248, 7, 100 %, 76012 MiB
2026/09/28 12:36:04.249, 0, 100 %, 76224 MiB
2026/09/28 12:36:04.249, 1, 100 %, 76012 MiB
2026/09/28 12:36:04.250, 2, 100 %, 76012 MiB
2026/09/28 12:36:04.250, 3, 100 %, 76012 MiB
2026/09/28 12:36:04.251, 4, 100 %, 76012 MiB
2026/09/28 12:36:04.251, 5, 100 %, 76012 MiB
2026/09/28 12:36:04.251, 6, 100 %, 75724 MiB
2026/09/28 12:36:04.252, 7, 100 %, 76012 MiB
2026/09/28 12:36:09.252, 0, 100 %, 76224 MiB
2026/09/28 12:36:09.252, 1, 100 %, 76012 MiB
2026/09/28 12:36:09.253, 2, 100 %, 76012 MiB
2026/09/28 12:36:09.253, 3, 100 %, 76012 MiB
2026/09/28 12:36:09.253, 4, 100 %, 76012 MiB
2026/09/28 12:36:09.253, 5, 100 %, 76012 MiB
2026/09/28 12:36:09.253, 6, 100 %, 75724 MiB
2026/09/28 12:36:09.253, 7, 100 %, 76012 MiB
2026/09/28 12:36:14.253, 0, 97 %, 76224 MiB
2026/09/28 12:36:14.253, 1, 100 %, 76012 MiB
2026/09/28 12:36:14.253, 2, 96 %, 76012 MiB
2026/09/28 12:36:14.253, 3, 100 %, 76012 MiB
2026/09/28 12:36:14.253, 4, 100 %, 76012 MiB
2026/09/28 12:36:14.253, 5, 100 %, 76012 MiB
2026/09/28 12:36:14.253, 6, 98 %, 75724 MiB
2026/09/28 12:36:14.253, 7, 100 %, 76012 MiB
2026/09/28 12:36:19.254, 0, 100 %, 76224 MiB
2026/09/28 12:36:19.254, 1, 100 %, 76012 MiB
2026/09/28 12:36:19.254, 2, 100 %, 76012 MiB
2026/09/28 12:36:19.254, 3, 100 %, 76012 MiB
2026/09/28 12:36:19.254, 4, 100 %, 76012 MiB
2026/09/28 12:36:19.254, 5, 100 %, 76012 MiB
2026/09/28 12:36:19.254, 6, 100 %, 75724 MiB
2026/09/28 12:36:19.254, 7, 100 %, 76012 MiB
2026/09/28 12:36:24.254, 0, 100 %, 76224 MiB
2026/09/28 12:36:24.254, 1, 100 %, 76012 MiB
2026/09/28 12:36:24.254, 2, 100 %, 76012 MiB
2026/09/28 12:36:24.254, 3, 100 %, 76012 MiB
2026/09/28 12:36:24.254, 4, 100 %, 76012 MiB
2026/09/28 12:36:24.254, 5, 100 %, 76012 MiB
2026/09/28 12:36:24.254, 6, 100 %, 75724 MiB
2026/09/28 12:36:24.254, 7, 100 %, 76012 MiB
2026/09/28 12:36:29.255, 0, 93 %, 76224 MiB
2026/09/28 12:36:29.255, 1, 98 %, 76012 MiB
2026/09/28 12:36:29.255, 2, 100 %, 76012 MiB
2026/09/28 12:36:29.255, 3, 82 %, 76012 MiB
2026/09/28 12:36:29.255, 4, 93 %, 76012 MiB
2026/09/28 12:36:29.255, 5, 100 %, 76012 MiB
2026/09/28 12:36:29.255, 6, 100 %, 75724 MiB
2026/09/28 12:36:29.255, 7, 99 %, 76012 MiB
2026/09/28 12:36:34.255, 0, 60 %, 76224 MiB
2026/09/28 12:36:34.255, 1, 90 %, 76012 MiB
2026/09/28 12:36:34.255, 2, 94 %, 76012 MiB
2026/09/28 12:36:34.255, 3, 89 %, 76012 MiB
2026/09/28 12:36:34.255, 4, 96 %, 76012 MiB
2026/09/28 12:36:34.255, 5, 93 %, 76012 MiB
2026/09/28 12:36:34.255, 6, 94 %, 75724 MiB
2026/09/28 12:36:34.255, 7, 94 %, 76012 MiB
2026/09/28 12:36:39.256, 0, 100 %, 76224 MiB
2026/09/28 12:36:39.256, 1, 100 %, 76012 MiB
2026/09/28 12:36:39.256, 2, 100 %, 76012 MiB
2026/09/28 12:36:39.256, 3, 100 %, 76012 MiB
2026/09/28 12:36:39.256, 4, 100 %, 76012 MiB
2026/09/28 12:36:39.256, 5, 100 %, 76012 MiB
2026/09/28 12:36:39.256, 6, 100 %, 75724 MiB
2026/09/28 12:36:39.256, 7, 100 %, 76012 MiB
2026/09/28 12:36:44.256, 0, 97 %, 76224 MiB
2026/09/28 12:36:44.256, 1, 97 %, 76012 MiB
2026/09/28 12:36:44.256, 2, 99 %, 76012 MiB
2026/09/28 12:36:44.256, 3, 100 %, 76012 MiB
2026/09/28 12:36:44.256, 4, 99 %, 76012 MiB
2026/09/28 12:36:44.256, 5, 100 %, 76012 MiB
2026/09/28 12:36:44.256, 6, 99 %, 75724 MiB
2026/09/28 12:36:44.256, 7, 97 %, 76012 MiB
2026/09/28 12:36:49.257, 0, 98 %, 76224 MiB
2026/09/28 12:36:49.257, 1, 98 %, 76012 MiB
2026/09/28 12:36:49.257, 2, 98 %, 76012 MiB
2026/09/28 12:36:49.257, 3, 98 %, 76012 MiB
2026/09/28 12:36:49.257, 4, 98 %, 76012 MiB
2026/09/28 12:36:49.257, 5, 98 %, 76012 MiB
2026/09/28 12:36:49.257, 6, 100 %, 75724 MiB
2026/09/28 12:36:49.257, 7, 98 %, 76012 MiB
2026/09/28 12:36:54.257, 0, 77 %, 76224 MiB
2026/09/28 12:36:54.257, 1, 97 %, 76012 MiB
2026/09/28 12:36:54.258, 2, 97 %, 76012 MiB
2026/09/28 12:36:54.258, 3, 97 %, 76012 MiB
2026/09/28 12:36:54.259, 4, 97 %, 76012 MiB
2026/09/28 12:36:54.259, 5, 96 %, 76012 MiB
2026/09/28 12:36:54.260, 6, 100 %, 75724 MiB
2026/09/28 12:36:54.260, 7, 97 %, 76012 MiB
2026/09/28 12:36:59.261, 0, 90 %, 76224 MiB
2026/09/28 12:36:59.261, 1, 96 %, 76012 MiB
2026/09/28 12:36:59.261, 2, 96 %, 76012 MiB
2026/09/28 12:36:59.261, 3, 98 %, 76012 MiB
2026/09/28 12:36:59.261, 4, 98 %, 76012 MiB
2026/09/28 12:36:59.261, 5, 98 %, 76012 MiB
2026/09/28 12:36:59.261, 6, 97 %, 75724 MiB
2026/09/28 12:36:59.261, 7, 96 %, 76012 MiB
2026/09/28 12:37:04.261, 0, 100 %, 76224 MiB
2026/09/28 12:37:04.261, 1, 100 %, 76012 MiB
2026/09/28 12:37:04.262, 2, 100 %, 76012 MiB
2026/09/28 12:37:04.262, 3, 100 %, 76012 MiB
2026/09/28 12:37:04.263, 4, 100 %, 76012 MiB
2026/09/28 12:37:04.263, 5, 100 %, 76012 MiB
2026/09/28 12:37:04.263, 6, 100 %, 75724 MiB
2026/09/28 12:37:04.264, 7, 100 %, 76012 MiB
2026/09/28 12:37:09.265, 0, 100 %, 76224 MiB
2026/09/28 12:37:09.265, 1, 100 %, 76012 MiB
2026/09/28 12:37:09.265, 2, 100 %, 76012 MiB
2026/09/28 12:37:09.266, 3, 100 %, 76012 MiB
2026/09/28 12:37:09.266, 4, 100 %, 76012 MiB
2026/09/28 12:37:09.267, 5, 100 %, 76012 MiB
2026/09/28 12:37:09.267, 6, 100 %, 75724 MiB
2026/09/28 12:37:09.267, 7, 100 %, 76012 MiB
2026/09/28 12:37:14.268, 0, 100 %, 76224 MiB
2026/09/28 12:37:14.268, 1, 100 %, 76012 MiB
2026/09/28 12:37:14.268, 2, 100 %, 76012 MiB
2026/09/28 12:37:14.268, 3, 100 %, 76012 MiB
2026/09/28 12:37:14.268, 4, 100 %, 76012 MiB
2026/09/28 12:37:14.268, 5, 100 %, 76012 MiB
2026/09/28 12:37:14.268, 6, 100 %, 75724 MiB
2026/09/28 12:37:14.268, 7, 100 %, 76012 MiB
2026/09/28 12:37:19.268, 0, 85 %, 76224 MiB
2026/09/28 12:37:19.269, 1, 95 %, 76012 MiB
2026/09/28 12:37:19.269, 2, 59 %, 76012 MiB
2026/09/28 12:37:19.269, 3, 90 %, 76012 MiB
2026/09/28 12:37:19.270, 4, 95 %, 76012 MiB
2026/09/28 12:37:19.270, 5, 93 %, 76012 MiB
2026/09/28 12:37:19.271, 6, 93 %, 75724 MiB
2026/09/28 12:37:19.271, 7, 94 %, 76012 MiB
2026/09/28 12:37:24.272, 0, 100 %, 76224 MiB
2026/09/28 12:37:24.272, 1, 100 %, 76012 MiB
2026/09/28 12:37:24.272, 2, 100 %, 76012 MiB
2026/09/28 12:37:24.272, 3, 100 %, 76012 MiB
2026/09/28 12:37:24.272, 4, 100 %, 76012 MiB
2026/09/28 12:37:24.272, 5, 100 %, 76012 MiB
2026/09/28 12:37:24.272, 6, 100 %, 75724 MiB
2026/09/28 12:37:24.272, 7, 100 %, 76012 MiB
2026/09/28 12:37:29.272, 0, 89 %, 76224 MiB
2026/09/28 12:37:29.272, 1, 92 %, 76012 MiB
2026/09/28 12:37:29.272, 2, 85 %, 76012 MiB
2026/09/28 12:37:29.272, 3, 93 %, 76012 MiB
2026/09/28 12:37:29.272, 4, 96 %, 76012 MiB
2026/09/28 12:37:29.272, 5, 100 %, 76012 MiB
2026/09/28 12:37:29.272, 6, 96 %, 75724 MiB
2026/09/28 12:37:29.272, 7, 100 %, 76012 MiB
2026/09/28 12:37:34.273, 0, 100 %, 76224 MiB
2026/09/28 12:37:34.275, 1, 100 %, 76012 MiB
2026/09/28 12:37:34.276, 2, 100 %, 76012 MiB
2026/09/28 12:37:34.276, 3, 100 %, 76012 MiB
2026/09/28 12:37:34.276, 4, 100 %, 76012 MiB
2026/09/28 12:37:34.277, 5, 99 %, 76012 MiB
2026/09/28 12:37:34.277, 6, 100 %, 75724 MiB
2026/09/28 12:37:34.278, 7, 99 %, 76012 MiB
2026/09/28 12:37:39.278, 0, 100 %, 76224 MiB
2026/09/28 12:37:39.279, 1, 100 %, 76012 MiB
2026/09/28 12:37:39.279, 2, 100 %, 76012 MiB
2026/09/28 12:37:39.279, 3, 100 %, 76012 MiB
2026/09/28 12:37:39.280, 4, 100 %, 76012 MiB
2026/09/28 12:37:39.280, 5, 98 %, 76012 MiB
2026/09/28 12:37:39.281, 6, 100 %, 75724 MiB
2026/09/28 12:37:39.281, 7, 98 %, 76012 MiB
2026/09/28 12:37:44.282, 0, 100 %, 76224 MiB
2026/09/28 12:37:44.282, 1, 97 %, 76012 MiB
2026/09/28 12:37:44.282, 2, 98 %, 76012 MiB
2026/09/28 12:37:44.282, 3, 98 %, 76012 MiB
2026/09/28 12:37:44.282, 4, 97 %, 76012 MiB
2026/09/28 12:37:44.282, 5, 98 %, 76012 MiB
2026/09/28 12:37:44.282, 6, 97 %, 75724 MiB
2026/09/28 12:37:44.282, 7, 97 %, 76012 MiB
2026/09/28 12:37:49.282, 0, 98 %, 76224 MiB
2026/09/28 12:37:49.282, 1, 98 %, 76012 MiB
2026/09/28 12:37:49.282, 2, 100 %, 76012 MiB
2026/09/28 12:37:49.282, 3, 100 %, 76012 MiB
2026/09/28 12:37:49.282, 4, 98 %, 76012 MiB
2026/09/28 12:37:49.282, 5, 100 %, 76012 MiB
2026/09/28 12:37:49.282, 6, 98 %, 75724 MiB
2026/09/28 12:37:49.283, 7, 100 %, 76012 MiB
2026/09/28 12:37:54.283, 0, 96 %, 76224 MiB
2026/09/28 12:37:54.283, 1, 78 %, 76012 MiB
2026/09/28 12:37:54.283, 2, 100 %, 76012 MiB
2026/09/28 12:37:54.284, 3, 99 %, 76012 MiB
2026/09/28 12:37:54.284, 4, 63 %, 76012 MiB
2026/09/28 12:37:54.285, 5, 99 %, 76012 MiB
2026/09/28 12:37:54.285, 6, 94 %, 75724 MiB
2026/09/28 12:37:54.285, 7, 94 %, 76012 MiB
2026/09/28 12:37:59.286, 0, 100 %, 76224 MiB
2026/09/28 12:37:59.286, 1, 100 %, 76012 MiB
2026/09/28 12:37:59.286, 2, 100 %, 76012 MiB
2026/09/28 12:37:59.286, 3, 100 %, 76012 MiB
2026/09/28 12:37:59.286, 4, 100 %, 76012 MiB
2026/09/28 12:37:59.286, 5, 99 %, 76012 MiB
2026/09/28 12:37:59.286, 6, 100 %, 75724 MiB
2026/09/28 12:37:59.286, 7, 100 %, 76012 MiB
2026/09/28 12:38:04.287, 0, 100 %, 76224 MiB
2026/09/28 12:38:04.291, 1, 70 %, 76012 MiB
2026/09/28 12:38:04.293, 2, 95 %, 76012 MiB
2026/09/28 12:38:04.296, 3, 93 %, 76012 MiB
2026/09/28 12:38:04.297, 4, 96 %, 76012 MiB
2026/09/28 12:38:04.299, 5, 93 %, 76012 MiB
2026/09/28 12:38:04.300, 6, 90 %, 75724 MiB
2026/09/28 12:38:04.300, 7, 90 %, 76012 MiB
2026/09/28 12:38:09.302, 0, 100 %, 76224 MiB
2026/09/28 12:38:09.302, 1, 100 %, 76012 MiB
2026/09/28 12:38:09.302, 2, 100 %, 76012 MiB
2026/09/28 12:38:09.302, 3, 100 %, 76012 MiB
2026/09/28 12:38:09.302, 4, 100 %, 76012 MiB
2026/09/28 12:38:09.303, 5, 100 %, 76012 MiB
2026/09/28 12:38:09.303, 6, 100 %, 75724 MiB
2026/09/28 12:38:09.303, 7, 100 %, 76012 MiB
2026/09/28 12:38:14.303, 0, 100 %, 76224 MiB
2026/09/28 12:38:14.670, 1, 100 %, 76012 MiB
2026/09/28 12:38:14.671, 2, 100 %, 76012 MiB
2026/09/28 12:38:14.675, 3, 100 %, 76012 MiB
2026/09/28 12:38:14.675, 4, 100 %, 76012 MiB
2026/09/28 12:38:14.677, 5, 100 %, 76012 MiB
2026/09/28 12:38:14.678, 6, 100 %, 75724 MiB
2026/09/28 12:38:14.678, 7, 100 %, 76012 MiB
2026/09/28 12:38:19.679, 0, 100 %, 76224 MiB
2026/09/28 12:38:19.680, 1, 100 %, 76012 MiB
2026/09/28 12:38:19.680, 2, 100 %, 76012 MiB
2026/09/28 12:38:19.680, 3, 100 %, 76012 MiB
2026/09/28 12:38:19.681, 4, 100 %, 76012 MiB
2026/09/28 12:38:19.681, 5, 100 %, 76012 MiB
2026/09/28 12:38:19.682, 6, 100 %, 75724 MiB
2026/09/28 12:38:19.682, 7, 100 %, 76012 MiB
2026/09/28 12:38:24.683, 0, 100 %, 76224 MiB
2026/09/28 12:38:24.683, 1, 100 %, 76012 MiB
2026/09/28 12:38:24.684, 2, 100 %, 76012 MiB
2026/09/28 12:38:24.684, 3, 100 %, 76012 MiB
2026/09/28 12:38:24.685, 4, 100 %, 76012 MiB
2026/09/28 12:38:24.685, 5, 100 %, 76012 MiB
2026/09/28 12:38:24.686, 6, 100 %, 75724 MiB
2026/09/28 12:38:24.686, 7, 100 %, 76012 MiB
2026/09/28 12:38:29.687, 0, 100 %, 76224 MiB
2026/09/28 12:38:29.687, 1, 100 %, 76012 MiB
2026/09/28 12:38:29.687, 2, 100 %, 76012 MiB
2026/09/28 12:38:29.687, 3, 100 %, 76012 MiB
2026/09/28 12:38:29.687, 4, 100 %, 76012 MiB
2026/09/28 12:38:29.687, 5, 100 %, 76012 MiB
2026/09/28 12:38:29.687, 6, 100 %, 75724 MiB
2026/09/28 12:38:29.687, 7, 100 %, 76012 MiB
2026/09/28 12:38:34.688, 0, 100 %, 76224 MiB
2026/09/28 12:38:34.688, 1, 100 %, 76012 MiB
2026/09/28 12:38:34.688, 2, 100 %, 76012 MiB
2026/09/28 12:38:34.688, 3, 100 %, 76012 MiB
2026/09/28 12:38:34.688, 4, 100 %, 76012 MiB
2026/09/28 12:38:34.688, 5, 100 %, 76012 MiB
2026/09/28 12:38:34.688, 6, 100 %, 75724 MiB
2026/09/28 12:38:34.688, 7, 100 %, 76012 MiB
2026/09/28 12:38:39.688, 0, 100 %, 76224 MiB
2026/09/28 12:38:39.689, 1, 98 %, 76012 MiB
2026/09/28 12:38:39.689, 2, 100 %, 76012 MiB
2026/09/28 12:38:39.689, 3, 99 %, 76012 MiB
2026/09/28 12:38:39.689, 4, 98 %, 76012 MiB
2026/09/28 12:38:39.689, 5, 100 %, 76012 MiB
2026/09/28 12:38:39.689, 6, 100 %, 75724 MiB
2026/09/28 12:38:39.689, 7, 99 %, 76012 MiB
2026/09/28 12:38:44.689, 0, 100 %, 76224 MiB
2026/09/28 12:38:44.690, 1, 100 %, 76012 MiB
2026/09/28 12:38:44.691, 2, 100 %, 76012 MiB
2026/09/28 12:38:44.693, 3, 100 %, 76012 MiB
2026/09/28 12:38:44.698, 4, 100 %, 76012 MiB
2026/09/28 12:38:44.699, 5, 96 %, 76012 MiB
2026/09/28 12:38:44.701, 6, 100 %, 75724 MiB
2026/09/28 12:38:44.707, 7, 100 %, 76012 MiB
2026/09/28 12:38:49.711, 0, 100 %, 76224 MiB
2026/09/28 12:38:49.711, 1, 100 %, 76012 MiB
2026/09/28 12:38:49.711, 2, 100 %, 76012 MiB
2026/09/28 12:38:49.711, 3, 100 %, 76012 MiB
2026/09/28 12:38:49.711, 4, 100 %, 76012 MiB
2026/09/28 12:38:49.712, 5, 100 %, 76012 MiB
2026/09/28 12:38:49.712, 6, 100 %, 75724 MiB
2026/09/28 12:38:49.712, 7, 100 %, 76012 MiB
2026/09/28 12:38:54.712, 0, 100 %, 76224 MiB
2026/09/28 12:38:54.712, 1, 100 %, 76012 MiB
2026/09/28 12:38:54.713, 2, 100 %, 76012 MiB
2026/09/28 12:38:54.713, 3, 100 %, 76012 MiB
2026/09/28 12:38:54.714, 4, 100 %, 76012 MiB
2026/09/28 12:38:54.714, 5, 100 %, 76012 MiB
2026/09/28 12:38:54.715, 6, 100 %, 75724 MiB
2026/09/28 12:38:54.715, 7, 100 %, 76012 MiB
2026/09/28 12:38:59.716, 0, 100 %, 76224 MiB
2026/09/28 12:38:59.716, 1, 100 %, 76012 MiB
2026/09/28 12:38:59.716, 2, 100 %, 76012 MiB
2026/09/28 12:38:59.716, 3, 100 %, 76012 MiB
2026/09/28 12:38:59.716, 4, 100 %, 76012 MiB
2026/09/28 12:38:59.716, 5, 100 %, 76012 MiB
2026/09/28 12:38:59.716, 6, 100 %, 75724 MiB
2026/09/28 12:38:59.716, 7, 100 %, 76012 MiB
2026/09/28 12:39:04.716, 0, 98 %, 76224 MiB
2026/09/28 12:39:04.717, 1, 98 %, 76012 MiB
2026/09/28 12:39:04.717, 2, 98 %, 76012 MiB
2026/09/28 12:39:04.717, 3, 98 %, 76012 MiB
2026/09/28 12:39:04.717, 4, 98 %, 76012 MiB
2026/09/28 12:39:04.717, 5, 100 %, 76012 MiB
2026/09/28 12:39:04.717, 6, 100 %, 75724 MiB
2026/09/28 12:39:04.717, 7, 98 %, 76012 MiB
2026/09/28 12:39:09.717, 0, 100 %, 76224 MiB
2026/09/28 12:39:09.717, 1, 100 %, 76012 MiB
2026/09/28 12:39:09.717, 2, 100 %, 76012 MiB
2026/09/28 12:39:09.717, 3, 100 %, 76012 MiB
2026/09/28 12:39:09.717, 4, 100 %, 76012 MiB
2026/09/28 12:39:09.717, 5, 100 %, 76012 MiB
2026/09/28 12:39:09.717, 6, 100 %, 75724 MiB
2026/09/28 12:39:09.717, 7, 100 %, 76012 MiB
2026/09/28 12:39:14.718, 0, 100 %, 76224 MiB
2026/09/28 12:39:14.723, 1, 100 %, 76012 MiB
2026/09/28 12:39:14.725, 2, 100 %, 76012 MiB
2026/09/28 12:39:14.726, 3, 100 %, 76012 MiB
2026/09/28 12:39:14.726, 4, 100 %, 76012 MiB
2026/09/28 12:39:14.729, 5, 100 %, 76012 MiB
2026/09/28 12:39:14.730, 6, 100 %, 75724 MiB
2026/09/28 12:39:14.732, 7, 100 %, 76012 MiB
2026/09/28 12:39:19.733, 0, 100 %, 76224 MiB
2026/09/28 12:39:19.733, 1, 100 %, 76012 MiB
2026/09/28 12:39:19.733, 2, 100 %, 76012 MiB
2026/09/28 12:39:19.733, 3, 100 %, 76012 MiB
2026/09/28 12:39:19.733, 4, 100 %, 76012 MiB
2026/09/28 12:39:19.733, 5, 100 %, 76012 MiB
2026/09/28 12:39:19.733, 6, 100 %, 75724 MiB
2026/09/28 12:39:19.733, 7, 100 %, 76012 MiB
2026/09/28 12:39:24.734, 0, 100 %, 76224 MiB
2026/09/28 12:39:24.734, 1, 100 %, 76012 MiB
2026/09/28 12:39:24.735, 2, 100 %, 76012 MiB
2026/09/28 12:39:24.735, 3, 100 %, 76012 MiB
2026/09/28 12:39:24.736, 4, 100 %, 76012 MiB
2026/09/28 12:39:24.736, 5, 100 %, 76012 MiB
2026/09/28 12:39:24.736, 6, 100 %, 75724 MiB
2026/09/28 12:39:24.737, 7, 100 %, 76012 MiB
2026/09/28 12:39:29.738, 0, 98 %, 76224 MiB
2026/09/28 12:39:29.738, 1, 98 %, 76012 MiB
2026/09/28 12:39:29.738, 2, 100 %, 76012 MiB
2026/09/28 12:39:29.738, 3, 100 %, 76012 MiB
2026/09/28 12:39:29.738, 4, 100 %, 76012 MiB
2026/09/28 12:39:29.738, 5, 100 %, 76012 MiB
2026/09/28 12:39:29.738, 6, 100 %, 75724 MiB
2026/09/28 12:39:29.738, 7, 100 %, 76012 MiB
2026/09/28 12:39:34.738, 0, 100 %, 76224 MiB
2026/09/28 12:39:34.738, 1, 100 %, 76012 MiB
2026/09/28 12:39:34.739, 2, 98 %, 76012 MiB
2026/09/28 12:39:34.739, 3, 98 %, 76012 MiB
2026/09/28 12:39:34.740, 4, 98 %, 76012 MiB
2026/09/28 12:39:34.740, 5, 98 %, 76012 MiB
2026/09/28 12:39:34.741, 6, 100 %, 75724 MiB
2026/09/28 12:39:34.741, 7, 98 %, 76012 MiB
2026/09/28 12:39:39.742, 0, 100 %, 76224 MiB
2026/09/28 12:39:39.847, 1, 98 %, 76012 MiB
2026/09/28 12:39:39.852, 2, 100 %, 76012 MiB
2026/09/28 12:39:39.852, 3, 100 %, 76012 MiB
2026/09/28 12:39:39.855, 4, 100 %, 76012 MiB
2026/09/28 12:39:39.856, 5, 100 %, 76012 MiB
2026/09/28 12:39:39.856, 6, 100 %, 75724 MiB
2026/09/28 12:39:39.857, 7, 100 %, 76012 MiB
2026/09/28 12:39:44.857, 0, 100 %, 76224 MiB
2026/09/28 12:39:44.858, 1, 100 %, 76012 MiB
2026/09/28 12:39:44.858, 2, 100 %, 76012 MiB
2026/09/28 12:39:44.858, 3, 100 %, 76012 MiB
2026/09/28 12:39:44.862, 4, 100 %, 76012 MiB
2026/09/28 12:39:44.867, 5, 100 %, 76012 MiB
2026/09/28 12:39:44.871, 6, 100 %, 75724 MiB
2026/09/28 12:39:44.877, 7, 100 %, 76012 MiB
2026/09/28 12:39:49.883, 0, 100 %, 76224 MiB
2026/09/28 12:39:49.884, 1, 100 %, 76012 MiB
2026/09/28 12:39:49.884, 2, 100 %, 76012 MiB
2026/09/28 12:39:49.885, 3, 100 %, 76012 MiB
2026/09/28 12:39:49.885, 4, 100 %, 76012 MiB
2026/09/28 12:39:49.886, 5, 100 %, 76012 MiB
2026/09/28 12:39:49.886, 6, 100 %, 75724 MiB
2026/09/28 12:39:49.887, 7, 100 %, 76012 MiB
2026/09/28 12:39:54.887, 0, 95 %, 76224 MiB
2026/09/28 12:39:54.888, 1, 68 %, 76012 MiB
2026/09/28 12:39:54.888, 2, 92 %, 76012 MiB
2026/09/28 12:39:54.888, 3, 95 %, 76012 MiB
2026/09/28 12:39:54.888, 4, 94 %, 76012 MiB
2026/09/28 12:39:54.888, 5, 95 %, 76012 MiB
2026/09/28 12:39:54.888, 6, 99 %, 75724 MiB
2026/09/28 12:39:54.888, 7, 94 %, 76012 MiB
2026/09/28 12:39:59.888, 0, 100 %, 76224 MiB
2026/09/28 12:39:59.888, 1, 100 %, 76012 MiB
2026/09/28 12:39:59.889, 2, 100 %, 76012 MiB
2026/09/28 12:39:59.889, 3, 100 %, 76012 MiB
2026/09/28 12:39:59.890, 4, 100 %, 76012 MiB
2026/09/28 12:39:59.890, 5, 100 %, 76012 MiB
2026/09/28 12:39:59.891, 6, 100 %, 75724 MiB
2026/09/28 12:39:59.891, 7, 100 %, 76012 MiB
2026/09/28 12:40:04.892, 0, 100 %, 76224 MiB
2026/09/28 12:40:04.892, 1, 100 %, 76012 MiB
2026/09/28 12:40:04.892, 2, 100 %, 76012 MiB
2026/09/28 12:40:04.892, 3, 100 %, 76012 MiB
2026/09/28 12:40:04.892, 4, 100 %, 76012 MiB
2026/09/28 12:40:04.892, 5, 100 %, 76012 MiB
2026/09/28 12:40:04.892, 6, 100 %, 75724 MiB
2026/09/28 12:40:04.892, 7, 100 %, 76012 MiB
2026/09/28 12:40:09.893, 0, 99 %, 76224 MiB
2026/09/28 12:40:09.893, 1, 76 %, 76012 MiB
2026/09/28 12:40:09.893, 2, 97 %, 76012 MiB
2026/09/28 12:40:09.893, 3, 99 %, 76012 MiB
2026/09/28 12:40:09.893, 4, 97 %, 76012 MiB
2026/09/28 12:40:09.893, 5, 96 %, 76012 MiB
2026/09/28 12:40:09.893, 6, 100 %, 75724 MiB
2026/09/28 12:40:09.893, 7, 99 %, 76012 MiB
2026/09/28 12:40:14.893, 0, 100 %, 76224 MiB
2026/09/28 12:40:14.894, 1, 100 %, 76012 MiB
2026/09/28 12:40:14.894, 2, 100 %, 76012 MiB
2026/09/28 12:40:14.895, 3, 100 %, 76012 MiB
2026/09/28 12:40:14.897, 4, 100 %, 76012 MiB
2026/09/28 12:40:14.898, 5, 100 %, 76012 MiB
2026/09/28 12:40:14.899, 6, 100 %, 75724 MiB
2026/09/28 12:40:14.899, 7, 100 %, 76012 MiB
2026/09/28 12:40:19.900, 0, 100 %, 76224 MiB
2026/09/28 12:40:19.900, 1, 100 %, 76012 MiB
2026/09/28 12:40:19.900, 2, 100 %, 76012 MiB
2026/09/28 12:40:19.900, 3, 100 %, 76012 MiB
2026/09/28 12:40:19.900, 4, 95 %, 76012 MiB
2026/09/28 12:40:19.900, 5, 100 %, 76012 MiB
2026/09/28 12:40:19.900, 6, 100 %, 75724 MiB
2026/09/28 12:40:19.900, 7, 100 %, 76012 MiB
2026/09/28 12:40:24.900, 0, 95 %, 76224 MiB
2026/09/28 12:40:24.901, 1, 96 %, 76012 MiB
2026/09/28 12:40:24.901, 2, 95 %, 76012 MiB
2026/09/28 12:40:24.901, 3, 94 %, 76012 MiB
2026/09/28 12:40:24.901, 4, 68 %, 76012 MiB
2026/09/28 12:40:24.901, 5, 94 %, 76012 MiB
2026/09/28 12:40:24.901, 6, 80 %, 75724 MiB
2026/09/28 12:40:24.901, 7, 88 %, 76012 MiB
2026/09/28 12:40:29.901, 0, 99 %, 76224 MiB
2026/09/28 12:40:29.902, 1, 98 %, 76012 MiB
2026/09/28 12:40:29.903, 2, 100 %, 76012 MiB
2026/09/28 12:40:29.905, 3, 100 %, 76012 MiB
2026/09/28 12:40:29.906, 4, 100 %, 76012 MiB
2026/09/28 12:40:29.910, 5, 100 %, 76012 MiB
2026/09/28 12:40:29.912, 6, 100 %, 75724 MiB
2026/09/28 12:40:29.914, 7, 100 %, 76012 MiB
2026/09/28 12:40:34.914, 0, 100 %, 76224 MiB
2026/09/28 12:40:34.914, 1, 100 %, 76012 MiB
2026/09/28 12:40:34.915, 2, 100 %, 76012 MiB
2026/09/28 12:40:34.915, 3, 100 %, 76012 MiB
2026/09/28 12:40:34.915, 4, 100 %, 76012 MiB
2026/09/28 12:40:34.915, 5, 100 %, 76012 MiB
2026/09/28 12:40:34.915, 6, 100 %, 75724 MiB
2026/09/28 12:40:34.915, 7, 100 %, 76012 MiB
2026/09/28 12:40:39.915, 0, 100 %, 76224 MiB
2026/09/28 12:40:39.915, 1, 100 %, 76012 MiB
2026/09/28 12:40:39.915, 2, 100 %, 76012 MiB
2026/09/28 12:40:39.915, 3, 100 %, 76012 MiB
2026/09/28 12:40:39.916, 4, 100 %, 76012 MiB
2026/09/28 12:40:39.916, 5, 100 %, 76012 MiB
2026/09/28 12:40:39.916, 6, 100 %, 75724 MiB
2026/09/28 12:40:39.916, 7, 100 %, 76012 MiB
2026/09/28 12:40:44.916, 0, 100 %, 76224 MiB
2026/09/28 12:40:44.916, 1, 100 %, 76012 MiB
2026/09/28 12:40:44.916, 2, 100 %, 76012 MiB
2026/09/28 12:40:44.916, 3, 100 %, 76012 MiB
2026/09/28 12:40:44.916, 4, 100 %, 76012 MiB
2026/09/28 12:40:44.916, 5, 100 %, 76012 MiB
2026/09/28 12:40:44.916, 6, 100 %, 75724 MiB
2026/09/28 12:40:44.916, 7, 100 %, 76012 MiB
2026/09/28 12:40:49.917, 0, 100 %, 76224 MiB
2026/09/28 12:40:49.917, 1, 100 %, 76012 MiB
2026/09/28 12:40:49.917, 2, 100 %, 76012 MiB
2026/09/28 12:40:49.917, 3, 100 %, 76012 MiB
2026/09/28 12:40:49.917, 4, 100 %, 76012 MiB
2026/09/28 12:40:49.917, 5, 100 %, 76012 MiB
2026/09/28 12:40:49.917, 6, 100 %, 75724 MiB
2026/09/28 12:40:49.917, 7, 100 %, 76012 MiB
2026/09/28 12:40:54.917, 0, 100 %, 76224 MiB
2026/09/28 12:40:54.918, 1, 100 %, 76012 MiB
2026/09/28 12:40:54.918, 2, 100 %, 76012 MiB
2026/09/28 12:40:54.918, 3, 100 %, 76012 MiB
2026/09/28 12:40:54.919, 4, 100 %, 76012 MiB
2026/09/28 12:40:54.919, 5, 100 %, 76012 MiB
2026/09/28 12:40:54.920, 6, 100 %, 75724 MiB
2026/09/28 12:40:54.923, 7, 100 %, 76012 MiB
2026/09/28 12:40:59.924, 0, 100 %, 76224 MiB
2026/09/28 12:40:59.924, 1, 100 %, 76012 MiB
2026/09/28 12:40:59.926, 2, 100 %, 76012 MiB
2026/09/28 12:40:59.927, 3, 100 %, 76012 MiB
2026/09/28 12:40:59.929, 4, 100 %, 76012 MiB
2026/09/28 12:40:59.929, 5, 100 %, 76012 MiB
2026/09/28 12:40:59.930, 6, 100 %, 75724 MiB
2026/09/28 12:40:59.930, 7, 100 %, 76012 MiB
2026/09/28 12:41:04.931, 0, 100 %, 76224 MiB
2026/09/28 12:41:04.932, 1, 100 %, 76012 MiB
2026/09/28 12:41:04.935, 2, 100 %, 76012 MiB
2026/09/28 12:41:04.935, 3, 100 %, 76012 MiB
2026/09/28 12:41:04.937, 4, 100 %, 76012 MiB
2026/09/28 12:41:04.941, 5, 100 %, 76012 MiB
2026/09/28 12:41:04.941, 6, 100 %, 75724 MiB
2026/09/28 12:41:04.942, 7, 100 %, 76012 MiB
2026/09/28 12:41:09.943, 0, 100 %, 76224 MiB
2026/09/28 12:41:09.943, 1, 100 %, 76012 MiB
2026/09/28 12:41:09.943, 2, 100 %, 76012 MiB
2026/09/28 12:41:09.943, 3, 100 %, 76012 MiB
2026/09/28 12:41:09.943, 4, 100 %, 76012 MiB
2026/09/28 12:41:09.943, 5, 100 %, 76012 MiB
2026/09/28 12:41:09.943, 6, 100 %, 75724 MiB
2026/09/28 12:41:09.943, 7, 100 %, 76012 MiB
2026/09/28 12:41:14.944, 0, 100 %, 76224 MiB
2026/09/28 12:41:14.944, 1, 100 %, 76012 MiB
2026/09/28 12:41:14.944, 2, 100 %, 76012 MiB
2026/09/28 12:41:14.946, 3, 100 %, 76012 MiB
2026/09/28 12:41:14.947, 4, 100 %, 76012 MiB
2026/09/28 12:41:14.951, 5, 100 %, 76012 MiB
2026/09/28 12:41:14.951, 6, 100 %, 75724 MiB
2026/09/28 12:41:14.954, 7, 100 %, 76012 MiB
2026/09/28 12:41:19.957, 0, 100 %, 76224 MiB
2026/09/28 12:41:19.958, 1, 100 %, 76012 MiB
2026/09/28 12:41:19.958, 2, 100 %, 76012 MiB
2026/09/28 12:41:19.958, 3, 100 %, 76012 MiB
2026/09/28 12:41:19.958, 4, 98 %, 76012 MiB
2026/09/28 12:41:19.958, 5, 100 %, 76012 MiB
2026/09/28 12:41:19.958, 6, 98 %, 75724 MiB
2026/09/28 12:41:19.958, 7, 98 %, 76012 MiB
2026/09/28 12:41:24.958, 0, 99 %, 76224 MiB
2026/09/28 12:41:24.959, 1, 99 %, 76012 MiB
2026/09/28 12:41:24.959, 2, 90 %, 76012 MiB
2026/09/28 12:41:24.959, 3, 99 %, 76012 MiB
2026/09/28 12:41:24.960, 4, 100 %, 76012 MiB
2026/09/28 12:41:24.964, 5, 96 %, 76012 MiB
2026/09/28 12:41:24.967, 6, 99 %, 75724 MiB
2026/09/28 12:41:24.970, 7, 100 %, 76012 MiB
2026/09/28 12:41:29.971, 0, 100 %, 76224 MiB
2026/09/28 12:41:29.972, 1, 100 %, 76012 MiB
2026/09/28 12:41:29.972, 2, 100 %, 76012 MiB
2026/09/28 12:41:29.972, 3, 100 %, 76012 MiB
2026/09/28 12:41:29.972, 4, 100 %, 76012 MiB
2026/09/28 12:41:29.972, 5, 100 %, 76012 MiB
2026/09/28 12:41:29.972, 6, 100 %, 75724 MiB
2026/09/28 12:41:29.972, 7, 100 %, 76012 MiB
2026/09/28 12:41:34.972, 0, 100 %, 76224 MiB
2026/09/28 12:41:34.972, 1, 99 %, 76012 MiB
2026/09/28 12:41:34.973, 2, 100 %, 76012 MiB
2026/09/28 12:41:34.973, 3, 100 %, 76012 MiB
2026/09/28 12:41:34.975, 4, 86 %, 76012 MiB
2026/09/28 12:41:34.975, 5, 84 %, 76012 MiB
2026/09/28 12:41:34.976, 6, 96 %, 75724 MiB
2026/09/28 12:41:34.977, 7, 97 %, 76012 MiB
2026/09/28 12:41:39.978, 0, 100 %, 76224 MiB
2026/09/28 12:41:39.978, 1, 100 %, 76012 MiB
2026/09/28 12:41:39.978, 2, 100 %, 76012 MiB
2026/09/28 12:41:39.978, 3, 100 %, 76012 MiB
2026/09/28 12:41:39.978, 4, 100 %, 76012 MiB
2026/09/28 12:41:39.978, 5, 100 %, 76012 MiB
2026/09/28 12:41:39.978, 6, 100 %, 75724 MiB
2026/09/28 12:41:39.978, 7, 100 %, 76012 MiB
2026/09/28 12:41:44.979, 0, 100 %, 76224 MiB
2026/09/28 12:41:44.980, 1, 100 %, 76012 MiB
2026/09/28 12:41:44.980, 2, 100 %, 76012 MiB
2026/09/28 12:41:44.980, 3, 95 %, 76012 MiB
2026/09/28 12:41:44.980, 4, 100 %, 76012 MiB
2026/09/28 12:41:44.981, 5, 100 %, 76012 MiB
2026/09/28 12:41:44.981, 6, 100 %, 75724 MiB
2026/09/28 12:41:44.981, 7, 100 %, 76012 MiB
2026/09/28 12:41:49.981, 0, 96 %, 76224 MiB
2026/09/28 12:41:49.981, 1, 96 %, 76012 MiB
2026/09/28 12:41:49.981, 2, 86 %, 76012 MiB
2026/09/28 12:41:49.982, 3, 97 %, 76012 MiB
2026/09/28 12:41:49.982, 4, 95 %, 76012 MiB
2026/09/28 12:41:49.982, 5, 96 %, 76012 MiB
2026/09/28 12:41:49.982, 6, 96 %, 75724 MiB
2026/09/28 12:41:49.982, 7, 63 %, 76012 MiB
2026/09/28 12:41:54.983, 0, 100 %, 76224 MiB
2026/09/28 12:41:55.038, 1, 100 %, 76012 MiB
2026/09/28 12:41:55.039, 2, 100 %, 76012 MiB
2026/09/28 12:41:55.044, 3, 100 %, 76012 MiB
2026/09/28 12:41:55.048, 4, 83 %, 76012 MiB
2026/09/28 12:41:55.054, 5, 100 %, 76012 MiB
2026/09/28 12:41:55.058, 6, 100 %, 75724 MiB
2026/09/28 12:41:55.061, 7, 100 %, 76012 MiB
2026/09/28 12:42:00.063, 0, 100 %, 76224 MiB
2026/09/28 12:42:00.064, 1, 94 %, 76012 MiB
2026/09/28 12:42:00.064, 2, 85 %, 76012 MiB
2026/09/28 12:42:00.064, 3, 100 %, 76012 MiB
2026/09/28 12:42:00.064, 4, 94 %, 76012 MiB
2026/09/28 12:42:00.064, 5, 100 %, 76012 MiB
2026/09/28 12:42:00.064, 6, 95 %, 75724 MiB
2026/09/28 12:42:00.064, 7, 95 %, 76012 MiB
2026/09/28 12:42:05.064, 0, 100 %, 76224 MiB
2026/09/28 12:42:05.064, 1, 93 %, 76012 MiB
2026/09/28 12:42:05.064, 2, 91 %, 76012 MiB
2026/09/28 12:42:05.064, 3, 100 %, 76012 MiB
2026/09/28 12:42:05.065, 4, 100 %, 76012 MiB
2026/09/28 12:42:05.065, 5, 100 %, 76012 MiB
2026/09/28 12:42:05.065, 6, 100 %, 75724 MiB
2026/09/28 12:42:05.065, 7, 100 %, 76012 MiB
2026/09/28 12:42:10.067, 0, 100 %, 76224 MiB
2026/09/28 12:42:10.068, 1, 100 %, 76012 MiB
2026/09/28 12:42:10.068, 2, 100 %, 76012 MiB
2026/09/28 12:42:10.068, 3, 100 %, 76012 MiB
2026/09/28 12:42:10.068, 4, 100 %, 76012 MiB
2026/09/28 12:42:10.068, 5, 100 %, 76012 MiB
2026/09/28 12:42:10.068, 6, 100 %, 75724 MiB
2026/09/28 12:42:10.068, 7, 100 %, 76012 MiB
2026/09/28 12:42:15.068, 0, 100 %, 76224 MiB
2026/09/28 12:42:15.189, 1, 90 %, 76012 MiB
2026/09/28 12:42:15.189, 2, 92 %, 76012 MiB
2026/09/28 12:42:15.191, 3, 100 %, 76012 MiB
2026/09/28 12:42:15.192, 4, 93 %, 76012 MiB
2026/09/28 12:42:15.192, 5, 100 %, 76012 MiB
2026/09/28 12:42:15.193, 6, 96 %, 75724 MiB
2026/09/28 12:42:15.194, 7, 93 %, 76012 MiB
2026/09/28 12:42:20.195, 0, 100 %, 76224 MiB
2026/09/28 12:42:20.196, 1, 100 %, 76012 MiB
2026/09/28 12:42:20.196, 2, 98 %, 76012 MiB
2026/09/28 12:42:20.196, 3, 100 %, 76012 MiB
2026/09/28 12:42:20.196, 4, 100 %, 76012 MiB
2026/09/28 12:42:20.196, 5, 100 %, 76012 MiB
2026/09/28 12:42:20.196, 6, 84 %, 75724 MiB
2026/09/28 12:42:20.196, 7, 100 %, 76012 MiB
2026/09/28 12:42:25.196, 0, 100 %, 76224 MiB
2026/09/28 12:42:25.196, 1, 100 %, 76012 MiB
2026/09/28 12:42:25.196, 2, 100 %, 76012 MiB
2026/09/28 12:42:25.197, 3, 100 %, 76012 MiB
2026/09/28 12:42:25.197, 4, 100 %, 76012 MiB
2026/09/28 12:42:25.197, 5, 100 %, 76012 MiB
2026/09/28 12:42:25.197, 6, 100 %, 75724 MiB
2026/09/28 12:42:25.197, 7, 100 %, 76012 MiB
2026/09/28 12:42:30.197, 0, 98 %, 76224 MiB
2026/09/28 12:42:30.197, 1, 97 %, 76012 MiB
2026/09/28 12:42:30.198, 2, 95 %, 76012 MiB
2026/09/28 12:42:30.198, 3, 100 %, 76012 MiB
2026/09/28 12:42:30.199, 4, 96 %, 76012 MiB
2026/09/28 12:42:30.199, 5, 99 %, 76012 MiB
2026/09/28 12:42:30.199, 6, 95 %, 75724 MiB
2026/09/28 12:42:30.200, 7, 100 %, 76012 MiB
2026/09/28 12:42:35.201, 0, 100 %, 76224 MiB
2026/09/28 12:42:35.201, 1, 100 %, 76012 MiB
2026/09/28 12:42:35.201, 2, 100 %, 76012 MiB
2026/09/28 12:42:35.201, 3, 100 %, 76012 MiB
2026/09/28 12:42:35.201, 4, 100 %, 76012 MiB
2026/09/28 12:42:35.201, 5, 100 %, 76012 MiB
2026/09/28 12:42:35.201, 6, 100 %, 75724 MiB
2026/09/28 12:42:35.201, 7, 100 %, 76012 MiB
2026/09/28 12:42:40.201, 0, 100 %, 76224 MiB
2026/09/28 12:42:40.202, 1, 100 %, 76012 MiB
2026/09/28 12:42:40.202, 2, 100 %, 76012 MiB
2026/09/28 12:42:40.202, 3, 100 %, 76012 MiB
2026/09/28 12:42:40.203, 4, 100 %, 76012 MiB
2026/09/28 12:42:40.203, 5, 100 %, 76012 MiB
2026/09/28 12:42:40.204, 6, 100 %, 75724 MiB
2026/09/28 12:42:40.204, 7, 100 %, 76012 MiB
2026/09/28 12:42:45.205, 0, 100 %, 76224 MiB
2026/09/28 12:42:45.205, 1, 100 %, 76012 MiB
2026/09/28 12:42:45.205, 2, 100 %, 76012 MiB
2026/09/28 12:42:45.205, 3, 100 %, 76012 MiB
2026/09/28 12:42:45.205, 4, 100 %, 76012 MiB
2026/09/28 12:42:45.205, 5, 100 %, 76012 MiB
2026/09/28 12:42:45.205, 6, 100 %, 75724 MiB
2026/09/28 12:42:45.205, 7, 100 %, 76012 MiB
2026/09/28 12:42:50.205, 0, 100 %, 76224 MiB
2026/09/28 12:42:50.205, 1, 100 %, 76012 MiB
2026/09/28 12:42:50.205, 2, 100 %, 76012 MiB
2026/09/28 12:42:50.205, 3, 100 %, 76012 MiB
2026/09/28 12:42:50.205, 4, 100 %, 76012 MiB
2026/09/28 12:42:50.205, 5, 100 %, 76012 MiB
2026/09/28 12:42:50.205, 6, 100 %, 75724 MiB
2026/09/28 12:42:50.205, 7, 100 %, 76012 MiB
2026/09/28 12:42:55.206, 0, 100 %, 76224 MiB
2026/09/28 12:42:55.206, 1, 100 %, 76012 MiB
2026/09/28 12:42:55.206, 2, 100 %, 76012 MiB
2026/09/28 12:42:55.206, 3, 100 %, 76012 MiB
2026/09/28 12:42:55.206, 4, 100 %, 76012 MiB
2026/09/28 12:42:55.206, 5, 100 %, 76012 MiB
2026/09/28 12:42:55.206, 6, 100 %, 75724 MiB
2026/09/28 12:42:55.206, 7, 100 %, 76012 MiB
2026/09/28 12:43:00.206, 0, 100 %, 76224 MiB
2026/09/28 12:43:00.206, 1, 100 %, 76012 MiB
2026/09/28 12:43:00.207, 2, 100 %, 76012 MiB
2026/09/28 12:43:00.207, 3, 100 %, 76012 MiB
2026/09/28 12:43:00.207, 4, 100 %, 76012 MiB
2026/09/28 12:43:00.208, 5, 100 %, 76012 MiB
2026/09/28 12:43:00.208, 6, 100 %, 75724 MiB
2026/09/28 12:43:00.208, 7, 100 %, 76012 MiB
2026/09/28 12:43:05.209, 0, 100 %, 76224 MiB
2026/09/28 12:43:05.209, 1, 100 %, 76012 MiB
2026/09/28 12:43:05.209, 2, 100 %, 76012 MiB
2026/09/28 12:43:05.209, 3, 100 %, 76012 MiB
2026/09/28 12:43:05.209, 4, 100 %, 76012 MiB
2026/09/28 12:43:05.210, 5, 100 %, 76012 MiB
2026/09/28 12:43:05.212, 6, 100 %, 75724 MiB
2026/09/28 12:43:05.216, 7, 100 %, 76012 MiB
2026/09/28 12:43:10.217, 0, 100 %, 76224 MiB
2026/09/28 12:43:10.217, 1, 100 %, 76012 MiB
2026/09/28 12:43:10.218, 2, 100 %, 76012 MiB
2026/09/28 12:43:10.218, 3, 100 %, 76012 MiB
2026/09/28 12:43:10.218, 4, 100 %, 76012 MiB
2026/09/28 12:43:10.218, 5, 100 %, 76012 MiB
2026/09/28 12:43:10.218, 6, 100 %, 75724 MiB
2026/09/28 12:43:10.218, 7, 100 %, 76012 MiB
2026/09/28 12:43:15.218, 0, 100 %, 76224 MiB
2026/09/28 12:43:15.218, 1, 100 %, 76012 MiB
2026/09/28 12:43:15.218, 2, 100 %, 76012 MiB
2026/09/28 12:43:15.218, 3, 100 %, 76012 MiB
2026/09/28 12:43:15.218, 4, 100 %, 76012 MiB
2026/09/28 12:43:15.218, 5, 100 %, 76012 MiB
2026/09/28 12:43:15.219, 6, 100 %, 75724 MiB
2026/09/28 12:43:15.219, 7, 100 %, 76012 MiB
2026/09/28 12:43:20.219, 0, 98 %, 76224 MiB
2026/09/28 12:43:20.219, 1, 100 %, 76012 MiB
2026/09/28 12:43:20.219, 2, 100 %, 76012 MiB
2026/09/28 12:43:20.223, 3, 100 %, 76012 MiB
2026/09/28 12:43:20.229, 4, 98 %, 76012 MiB
2026/09/28 12:43:20.233, 5, 100 %, 76012 MiB
2026/09/28 12:43:20.235, 6, 98 %, 75724 MiB
2026/09/28 12:43:20.235, 7, 98 %, 76012 MiB
2026/09/28 12:43:25.235, 0, 100 %, 76224 MiB
2026/09/28 12:43:25.236, 1, 100 %, 76012 MiB
2026/09/28 12:43:25.236, 2, 100 %, 76012 MiB
2026/09/28 12:43:25.236, 3, 100 %, 76012 MiB
2026/09/28 12:43:25.237, 4, 100 %, 76012 MiB
2026/09/28 12:43:25.237, 5, 100 %, 76012 MiB
2026/09/28 12:43:25.237, 6, 100 %, 75724 MiB
2026/09/28 12:43:25.238, 7, 100 %, 76012 MiB
2026/09/28 12:43:30.238, 0, 100 %, 76224 MiB
2026/09/28 12:43:30.238, 1, 100 %, 76012 MiB
2026/09/28 12:43:30.238, 2, 100 %, 76012 MiB
2026/09/28 12:43:30.238, 3, 100 %, 76012 MiB
2026/09/28 12:43:30.238, 4, 100 %, 76012 MiB
2026/09/28 12:43:30.238, 5, 100 %, 76012 MiB
2026/09/28 12:43:30.238, 6, 100 %, 75724 MiB
2026/09/28 12:43:30.238, 7, 100 %, 76012 MiB
2026/09/28 12:43:35.239, 0, 99 %, 76224 MiB
2026/09/28 12:43:35.239, 1, 76 %, 76012 MiB
2026/09/28 12:43:35.239, 2, 94 %, 76012 MiB
2026/09/28 12:43:35.239, 3, 94 %, 76012 MiB
2026/09/28 12:43:35.239, 4, 96 %, 76012 MiB
2026/09/28 12:43:35.239, 5, 97 %, 76012 MiB
2026/09/28 12:43:35.239, 6, 93 %, 75724 MiB
2026/09/28 12:43:35.239, 7, 94 %, 76012 MiB
2026/09/28 12:43:40.239, 0, 100 %, 76224 MiB
2026/09/28 12:43:40.239, 1, 100 %, 76012 MiB
2026/09/28 12:43:40.239, 2, 100 %, 76012 MiB
2026/09/28 12:43:40.239, 3, 100 %, 76012 MiB
2026/09/28 12:43:40.239, 4, 100 %, 76012 MiB
2026/09/28 12:43:40.239, 5, 100 %, 76012 MiB
2026/09/28 12:43:40.239, 6, 100 %, 75724 MiB
2026/09/28 12:43:40.239, 7, 100 %, 76012 MiB
2026/09/28 12:43:45.240, 0, 100 %, 76224 MiB
2026/09/28 12:43:45.240, 1, 100 %, 76012 MiB
2026/09/28 12:43:45.240, 2, 100 %, 76012 MiB
2026/09/28 12:43:45.240, 3, 100 %, 76012 MiB
2026/09/28 12:43:45.240, 4, 100 %, 76012 MiB
2026/09/28 12:43:45.240, 5, 100 %, 76012 MiB
2026/09/28 12:43:45.240, 6, 100 %, 75724 MiB
2026/09/28 12:43:45.240, 7, 100 %, 76012 MiB
2026/09/28 12:43:50.615, 0, 100 %, 76224 MiB
2026/09/28 12:43:50.615, 1, 100 %, 76012 MiB
2026/09/28 12:43:50.616, 2, 100 %, 76012 MiB
2026/09/28 12:43:50.616, 3, 100 %, 76012 MiB
2026/09/28 12:43:50.616, 4, 100 %, 76012 MiB
2026/09/28 12:43:50.616, 5, 100 %, 76012 MiB
2026/09/28 12:43:50.616, 6, 100 %, 75724 MiB
2026/09/28 12:43:50.616, 7, 100 %, 76012 MiB
2026/09/28 12:43:55.617, 0, 84 %, 76224 MiB
2026/09/28 12:43:55.617, 1, 99 %, 76012 MiB
2026/09/28 12:43:55.617, 2, 93 %, 76012 MiB
2026/09/28 12:43:55.617, 3, 61 %, 76012 MiB
2026/09/28 12:43:55.617, 4, 91 %, 76012 MiB
2026/09/28 12:43:55.617, 5, 99 %, 76012 MiB
2026/09/28 12:43:55.617, 6, 95 %, 75724 MiB
2026/09/28 12:43:55.617, 7, 92 %, 76012 MiB
2026/09/28 12:44:00.617, 0, 98 %, 76224 MiB
2026/09/28 12:44:00.617, 1, 100 %, 76012 MiB
2026/09/28 12:44:00.617, 2, 98 %, 76012 MiB
2026/09/28 12:44:00.617, 3, 100 %, 76012 MiB
2026/09/28 12:44:00.617, 4, 100 %, 76012 MiB
2026/09/28 12:44:00.617, 5, 98 %, 76012 MiB
2026/09/28 12:44:00.617, 6, 98 %, 75724 MiB
2026/09/28 12:44:00.617, 7, 98 %, 76012 MiB
2026/09/28 12:44:05.618, 0, 100 %, 76224 MiB
2026/09/28 12:44:05.618, 1, 100 %, 76012 MiB
2026/09/28 12:44:05.618, 2, 100 %, 76012 MiB
2026/09/28 12:44:05.618, 3, 100 %, 76012 MiB
2026/09/28 12:44:05.618, 4, 100 %, 76012 MiB
2026/09/28 12:44:05.618, 5, 100 %, 76012 MiB
2026/09/28 12:44:05.618, 6, 100 %, 75724 MiB
2026/09/28 12:44:05.618, 7, 100 %, 76012 MiB
2026/09/28 12:44:10.618, 0, 100 %, 76224 MiB
2026/09/28 12:44:10.620, 1, 100 %, 76012 MiB
2026/09/28 12:44:10.621, 2, 100 %, 76012 MiB
2026/09/28 12:44:10.623, 3, 100 %, 76012 MiB
2026/09/28 12:44:10.623, 4, 100 %, 76012 MiB
2026/09/28 12:44:10.624, 5, 100 %, 76012 MiB
2026/09/28 12:44:10.624, 6, 100 %, 75724 MiB
2026/09/28 12:44:10.624, 7, 100 %, 76012 MiB
2026/09/28 12:44:15.625, 0, 98 %, 76224 MiB
2026/09/28 12:44:15.626, 1, 96 %, 76012 MiB
2026/09/28 12:44:15.627, 2, 100 %, 76012 MiB
2026/09/28 12:44:15.628, 3, 98 %, 76012 MiB
2026/09/28 12:44:15.628, 4, 98 %, 76012 MiB
2026/09/28 12:44:15.629, 5, 100 %, 76012 MiB
2026/09/28 12:44:15.630, 6, 100 %, 75724 MiB
2026/09/28 12:44:15.631, 7, 95 %, 76012 MiB
2026/09/28 12:44:20.631, 0, 100 %, 76224 MiB
2026/09/28 12:44:20.632, 1, 100 %, 76012 MiB
2026/09/28 12:44:20.632, 2, 100 %, 76012 MiB
2026/09/28 12:44:20.632, 3, 100 %, 76012 MiB
2026/09/28 12:44:20.632, 4, 100 %, 76012 MiB
2026/09/28 12:44:20.632, 5, 100 %, 76012 MiB
2026/09/28 12:44:20.632, 6, 100 %, 75724 MiB
2026/09/28 12:44:20.632, 7, 100 %, 76012 MiB
2026/09/28 12:44:25.632, 0, 98 %, 76224 MiB
2026/09/28 12:44:25.633, 1, 98 %, 76012 MiB
2026/09/28 12:44:25.633, 2, 96 %, 76012 MiB
2026/09/28 12:44:25.633, 3, 100 %, 76012 MiB
2026/09/28 12:44:25.634, 4, 100 %, 76012 MiB
2026/09/28 12:44:25.634, 5, 100 %, 76012 MiB
2026/09/28 12:44:25.634, 6, 100 %, 75724 MiB
2026/09/28 12:44:25.635, 7, 100 %, 76012 MiB
2026/09/28 12:44:30.638, 0, 100 %, 76224 MiB
2026/09/28 12:44:30.638, 1, 100 %, 76012 MiB
2026/09/28 12:44:30.638, 2, 100 %, 76012 MiB
2026/09/28 12:44:30.638, 3, 100 %, 76012 MiB
2026/09/28 12:44:30.638, 4, 100 %, 76012 MiB
2026/09/28 12:44:30.638, 5, 100 %, 76012 MiB
2026/09/28 12:44:30.638, 6, 100 %, 75724 MiB
2026/09/28 12:44:30.638, 7, 100 %, 76012 MiB
2026/09/28 12:44:35.638, 0, 96 %, 76224 MiB
2026/09/28 12:44:35.638, 1, 94 %, 76012 MiB
2026/09/28 12:44:35.638, 2, 81 %, 76012 MiB
2026/09/28 12:44:35.638, 3, 92 %, 76012 MiB
2026/09/28 12:44:35.638, 4, 81 %, 76012 MiB
2026/09/28 12:44:35.638, 5, 95 %, 76012 MiB
2026/09/28 12:44:35.638, 6, 94 %, 75724 MiB
2026/09/28 12:44:35.638, 7, 90 %, 76012 MiB
2026/09/28 12:44:40.639, 0, 95 %, 76224 MiB
2026/09/28 12:44:40.639, 1, 86 %, 76012 MiB
2026/09/28 12:44:40.639, 2, 91 %, 76012 MiB
2026/09/28 12:44:40.639, 3, 96 %, 76012 MiB
2026/09/28 12:44:40.639, 4, 81 %, 76012 MiB
2026/09/28 12:44:40.639, 5, 97 %, 76012 MiB
2026/09/28 12:44:40.639, 6, 98 %, 75724 MiB
2026/09/28 12:44:40.639, 7, 98 %, 76012 MiB
2026/09/28 12:44:45.639, 0, 100 %, 76224 MiB
2026/09/28 12:44:45.641, 1, 100 %, 76012 MiB
2026/09/28 12:44:45.648, 2, 100 %, 76012 MiB
2026/09/28 12:44:45.648, 3, 100 %, 76012 MiB
2026/09/28 12:44:45.648, 4, 100 %, 76012 MiB
2026/09/28 12:44:45.648, 5, 100 %, 76012 MiB
2026/09/28 12:44:45.649, 6, 100 %, 75724 MiB
2026/09/28 12:44:45.649, 7, 100 %, 76012 MiB
2026/09/28 12:44:50.650, 0, 96 %, 76224 MiB
2026/09/28 12:44:50.650, 1, 98 %, 76012 MiB
2026/09/28 12:44:50.651, 2, 96 %, 76012 MiB
2026/09/28 12:44:50.651, 3, 98 %, 76012 MiB
2026/09/28 12:44:50.651, 4, 98 %, 76012 MiB
2026/09/28 12:44:50.652, 5, 83 %, 76012 MiB
2026/09/28 12:44:50.652, 6, 97 %, 75724 MiB
2026/09/28 12:44:50.652, 7, 97 %, 76012 MiB
2026/09/28 12:44:55.653, 0, 99 %, 76224 MiB
2026/09/28 12:44:55.654, 1, 99 %, 76012 MiB
2026/09/28 12:44:55.655, 2, 99 %, 76012 MiB
2026/09/28 12:44:55.656, 3, 100 %, 76012 MiB
2026/09/28 12:44:55.661, 4, 100 %, 76012 MiB
2026/09/28 12:44:55.663, 5, 100 %, 76012 MiB
2026/09/28 12:44:55.663, 6, 99 %, 75724 MiB
2026/09/28 12:44:55.663, 7, 99 %, 76012 MiB
2026/09/28 12:45:00.663, 0, 80 %, 76224 MiB
2026/09/28 12:45:00.663, 1, 99 %, 76012 MiB
2026/09/28 12:45:00.663, 2, 100 %, 76012 MiB
2026/09/28 12:45:00.663, 3, 100 %, 76012 MiB
2026/09/28 12:45:00.663, 4, 99 %, 76012 MiB
2026/09/28 12:45:00.663, 5, 79 %, 76012 MiB
2026/09/28 12:45:00.663, 6, 100 %, 75724 MiB
2026/09/28 12:45:00.663, 7, 100 %, 76012 MiB
2026/09/28 12:45:05.664, 0, 100 %, 76224 MiB
2026/09/28 12:45:05.664, 1, 100 %, 76012 MiB
2026/09/28 12:45:05.665, 2, 100 %, 76012 MiB
2026/09/28 12:45:05.666, 3, 100 %, 76012 MiB
2026/09/28 12:45:05.667, 4, 100 %, 76012 MiB
2026/09/28 12:45:05.669, 5, 100 %, 76012 MiB
2026/09/28 12:45:05.669, 6, 100 %, 75724 MiB
2026/09/28 12:45:05.674, 7, 100 %, 76012 MiB
2026/09/28 12:45:10.675, 0, 100 %, 76224 MiB
2026/09/28 12:45:10.675, 1, 100 %, 76012 MiB
2026/09/28 12:45:10.675, 2, 100 %, 76012 MiB
2026/09/28 12:45:10.675, 3, 100 %, 76012 MiB
2026/09/28 12:45:10.675, 4, 100 %, 76012 MiB
2026/09/28 12:45:10.675, 5, 100 %, 76012 MiB
2026/09/28 12:45:10.675, 6, 100 %, 75724 MiB
2026/09/28 12:45:10.675, 7, 100 %, 76012 MiB
2026/09/28 12:45:15.676, 0, 100 %, 76224 MiB
2026/09/28 12:45:15.677, 1, 100 %, 76012 MiB
2026/09/28 12:45:15.680, 2, 100 %, 76012 MiB
2026/09/28 12:45:15.749, 3, 100 %, 76012 MiB
2026/09/28 12:45:15.752, 4, 100 %, 76012 MiB
2026/09/28 12:45:15.757, 5, 97 %, 76012 MiB
2026/09/28 12:45:15.758, 6, 100 %, 75724 MiB
2026/09/28 12:45:15.761, 7, 100 %, 76012 MiB
2026/09/28 12:45:20.767, 0, 100 %, 76224 MiB
2026/09/28 12:45:20.767, 1, 100 %, 76012 MiB
2026/09/28 12:45:20.767, 2, 100 %, 76012 MiB
2026/09/28 12:45:20.767, 3, 100 %, 76012 MiB
2026/09/28 12:45:20.767, 4, 100 %, 76012 MiB
2026/09/28 12:45:20.767, 5, 100 %, 76012 MiB
2026/09/28 12:45:20.767, 6, 100 %, 75724 MiB
2026/09/28 12:45:20.767, 7, 100 %, 76012 MiB
2026/09/28 12:45:25.768, 0, 80 %, 76224 MiB
2026/09/28 12:45:25.768, 1, 93 %, 76012 MiB
2026/09/28 12:45:25.773, 2, 91 %, 76012 MiB
2026/09/28 12:45:25.780, 3, 91 %, 76012 MiB
2026/09/28 12:45:25.782, 4, 94 %, 76012 MiB
2026/09/28 12:45:25.783, 5, 94 %, 76012 MiB
2026/09/28 12:45:25.783, 6, 94 %, 75724 MiB
2026/09/28 12:45:25.784, 7, 94 %, 76012 MiB
2026/09/28 12:45:30.785, 0, 100 %, 76224 MiB
2026/09/28 12:45:30.785, 1, 100 %, 76012 MiB
2026/09/28 12:45:30.785, 2, 100 %, 76012 MiB
2026/09/28 12:45:30.785, 3, 100 %, 76012 MiB
2026/09/28 12:45:30.785, 4, 100 %, 76012 MiB
2026/09/28 12:45:30.785, 5, 100 %, 76012 MiB
2026/09/28 12:45:30.786, 6, 100 %, 75724 MiB
2026/09/28 12:45:30.786, 7, 100 %, 76012 MiB
2026/09/28 12:45:35.786, 0, 93 %, 76224 MiB
2026/09/28 12:45:35.787, 1, 97 %, 76012 MiB
2026/09/28 12:45:35.787, 2, 96 %, 76012 MiB
2026/09/28 12:45:35.787, 3, 100 %, 76012 MiB
2026/09/28 12:45:35.787, 4, 95 %, 76012 MiB
2026/09/28 12:45:35.788, 5, 97 %, 76012 MiB
2026/09/28 12:45:35.788, 6, 100 %, 75724 MiB
2026/09/28 12:45:35.789, 7, 100 %, 76012 MiB
2026/09/28 12:45:40.789, 0, 90 %, 76224 MiB
2026/09/28 12:45:40.789, 1, 93 %, 76012 MiB
2026/09/28 12:45:40.790, 2, 97 %, 76012 MiB
2026/09/28 12:45:40.790, 3, 95 %, 76012 MiB
2026/09/28 12:45:40.790, 4, 99 %, 76012 MiB
2026/09/28 12:45:40.791, 5, 75 %, 76012 MiB
2026/09/28 12:45:40.791, 6, 79 %, 75724 MiB
2026/09/28 12:45:40.792, 7, 95 %, 76012 MiB
2026/09/28 12:45:45.792, 0, 85 %, 76224 MiB
2026/09/28 12:45:45.792, 1, 97 %, 76012 MiB
2026/09/28 12:45:45.792, 2, 99 %, 76012 MiB
2026/09/28 12:45:45.792, 3, 99 %, 76012 MiB
2026/09/28 12:45:45.792, 4, 95 %, 76012 MiB
2026/09/28 12:45:45.792, 5, 98 %, 76012 MiB
2026/09/28 12:45:45.792, 6, 95 %, 75724 MiB
2026/09/28 12:45:45.792, 7, 100 %, 76012 MiB
2026/09/28 12:45:50.793, 0, 98 %, 76224 MiB
2026/09/28 12:45:50.793, 1, 96 %, 76012 MiB
2026/09/28 12:45:50.793, 2, 96 %, 76012 MiB
2026/09/28 12:45:50.793, 3, 99 %, 76012 MiB
2026/09/28 12:45:50.793, 4, 88 %, 76012 MiB
2026/09/28 12:45:50.793, 5, 74 %, 76012 MiB
2026/09/28 12:45:50.793, 6, 96 %, 75724 MiB
2026/09/28 12:45:50.793, 7, 97 %, 76012 MiB
2026/09/28 12:45:55.793, 0, 100 %, 76224 MiB
2026/09/28 12:45:55.793, 1, 100 %, 76012 MiB
2026/09/28 12:45:55.794, 2, 100 %, 76012 MiB
2026/09/28 12:45:55.794, 3, 100 %, 76012 MiB
2026/09/28 12:45:55.795, 4, 100 %, 76012 MiB
2026/09/28 12:45:55.795, 5, 100 %, 76012 MiB
2026/09/28 12:45:55.795, 6, 100 %, 75724 MiB
2026/09/28 12:45:55.796, 7, 100 %, 76012 MiB
2026/09/28 12:46:00.797, 0, 91 %, 76224 MiB
2026/09/28 12:46:00.797, 1, 88 %, 76012 MiB
2026/09/28 12:46:00.797, 2, 97 %, 76012 MiB
2026/09/28 12:46:00.797, 3, 82 %, 76012 MiB
2026/09/28 12:46:00.797, 4, 65 %, 76012 MiB
2026/09/28 12:46:00.797, 5, 97 %, 76012 MiB
2026/09/28 12:46:00.797, 6, 93 %, 75724 MiB
2026/09/28 12:46:00.797, 7, 93 %, 76012 MiB
2026/09/28 12:46:05.797, 0, 100 %, 76224 MiB
2026/09/28 12:46:05.797, 1, 100 %, 76012 MiB
2026/09/28 12:46:05.797, 2, 100 %, 76012 MiB
2026/09/28 12:46:05.797, 3, 100 %, 76012 MiB
2026/09/28 12:46:05.797, 4, 100 %, 76012 MiB
2026/09/28 12:46:05.797, 5, 100 %, 76012 MiB
2026/09/28 12:46:05.797, 6, 100 %, 75724 MiB
2026/09/28 12:46:05.797, 7, 100 %, 76012 MiB
2026/09/28 12:46:10.797, 0, 100 %, 76224 MiB
2026/09/28 12:46:10.798, 1, 100 %, 76012 MiB
2026/09/28 12:46:10.798, 2, 100 %, 76012 MiB
2026/09/28 12:46:10.798, 3, 100 %, 76012 MiB
2026/09/28 12:46:10.798, 4, 100 %, 76012 MiB
2026/09/28 12:46:10.798, 5, 100 %, 76012 MiB
2026/09/28 12:46:10.798, 6, 100 %, 75724 MiB
2026/09/28 12:46:10.798, 7, 100 %, 76012 MiB
2026/09/28 12:46:15.799, 0, 100 %, 76224 MiB
2026/09/28 12:46:15.799, 1, 100 %, 76012 MiB
2026/09/28 12:46:15.799, 2, 100 %, 76012 MiB
2026/09/28 12:46:15.800, 3, 100 %, 76012 MiB
2026/09/28 12:46:15.800, 4, 100 %, 76012 MiB
2026/09/28 12:46:15.800, 5, 100 %, 76012 MiB
2026/09/28 12:46:15.800, 6, 100 %, 75724 MiB
2026/09/28 12:46:15.801, 7, 100 %, 76012 MiB
2026/09/28 12:46:20.801, 0, 100 %, 76224 MiB
2026/09/28 12:46:20.801, 1, 100 %, 76012 MiB
2026/09/28 12:46:20.801, 2, 100 %, 76012 MiB
2026/09/28 12:46:20.801, 3, 100 %, 76012 MiB
2026/09/28 12:46:20.801, 4, 100 %, 76012 MiB
2026/09/28 12:46:20.801, 5, 100 %, 76012 MiB
2026/09/28 12:46:20.801, 6, 99 %, 75724 MiB
2026/09/28 12:46:20.801, 7, 94 %, 76012 MiB
2026/09/28 12:46:25.802, 0, 100 %, 76224 MiB
2026/09/28 12:46:25.802, 1, 100 %, 76012 MiB
2026/09/28 12:46:25.802, 2, 100 %, 76012 MiB
2026/09/28 12:46:25.803, 3, 100 %, 76012 MiB
2026/09/28 12:46:25.803, 4, 100 %, 76012 MiB
2026/09/28 12:46:25.804, 5, 100 %, 76012 MiB
2026/09/28 12:46:25.804, 6, 100 %, 75724 MiB
2026/09/28 12:46:25.804, 7, 100 %, 76012 MiB
2026/09/28 12:46:30.805, 0, 95 %, 76224 MiB
2026/09/28 12:46:30.805, 1, 97 %, 76012 MiB
2026/09/28 12:46:30.805, 2, 96 %, 76012 MiB
2026/09/28 12:46:30.805, 3, 95 %, 76012 MiB
2026/09/28 12:46:30.805, 4, 100 %, 76012 MiB
2026/09/28 12:46:30.805, 5, 100 %, 76012 MiB
2026/09/28 12:46:30.805, 6, 100 %, 75724 MiB
2026/09/28 12:46:30.805, 7, 99 %, 76012 MiB
2026/09/28 12:46:35.805, 0, 100 %, 76224 MiB
2026/09/28 12:46:35.805, 1, 100 %, 76012 MiB
2026/09/28 12:46:35.805, 2, 100 %, 76012 MiB
2026/09/28 12:46:35.805, 3, 100 %, 76012 MiB
2026/09/28 12:46:35.805, 4, 100 %, 76012 MiB
2026/09/28 12:46:35.805, 5, 100 %, 76012 MiB
2026/09/28 12:46:35.805, 6, 100 %, 75724 MiB
2026/09/28 12:46:35.805, 7, 100 %, 76012 MiB
2026/09/28 12:46:40.806, 0, 100 %, 76224 MiB
2026/09/28 12:46:40.806, 1, 100 %, 76012 MiB
2026/09/28 12:46:40.806, 2, 100 %, 76012 MiB
2026/09/28 12:46:40.806, 3, 84 %, 76012 MiB
2026/09/28 12:46:40.806, 4, 94 %, 76012 MiB
2026/09/28 12:46:40.806, 5, 85 %, 76012 MiB
2026/09/28 12:46:40.806, 6, 100 %, 75724 MiB
2026/09/28 12:46:40.806, 7, 100 %, 76012 MiB
2026/09/28 12:46:45.806, 0, 100 %, 76224 MiB
2026/09/28 12:46:45.807, 1, 100 %, 76012 MiB
2026/09/28 12:46:45.809, 2, 100 %, 76012 MiB
2026/09/28 12:46:45.809, 3, 100 %, 76012 MiB
2026/09/28 12:46:45.810, 4, 100 %, 76012 MiB
2026/09/28 12:46:45.811, 5, 100 %, 76012 MiB
2026/09/28 12:46:45.814, 6, 100 %, 75724 MiB
2026/09/28 12:46:45.816, 7, 100 %, 76012 MiB
2026/09/28 12:46:50.819, 0, 100 %, 76224 MiB
2026/09/28 12:46:50.819, 1, 100 %, 76012 MiB
2026/09/28 12:46:50.819, 2, 100 %, 76012 MiB
2026/09/28 12:46:50.820, 3, 100 %, 76012 MiB
2026/09/28 12:46:50.820, 4, 100 %, 76012 MiB
2026/09/28 12:46:50.820, 5, 100 %, 76012 MiB
2026/09/28 12:46:50.821, 6, 100 %, 75724 MiB
2026/09/28 12:46:50.821, 7, 100 %, 76012 MiB
2026/09/28 12:46:55.822, 0, 100 %, 76224 MiB
2026/09/28 12:46:55.822, 1, 100 %, 76012 MiB
2026/09/28 12:46:55.822, 2, 100 %, 76012 MiB
2026/09/28 12:46:55.822, 3, 100 %, 76012 MiB
2026/09/28 12:46:55.822, 4, 100 %, 76012 MiB
2026/09/28 12:46:55.822, 5, 100 %, 76012 MiB
2026/09/28 12:46:55.822, 6, 100 %, 75724 MiB
2026/09/28 12:46:55.822, 7, 100 %, 76012 MiB
2026/09/28 12:47:00.822, 0, 92 %, 76224 MiB
2026/09/28 12:47:00.822, 1, 91 %, 76012 MiB
2026/09/28 12:47:00.822, 2, 100 %, 76012 MiB
2026/09/28 12:47:00.822, 3, 81 %, 76012 MiB
2026/09/28 12:47:00.822, 4, 97 %, 76012 MiB
2026/09/28 12:47:00.822, 5, 92 %, 76012 MiB
2026/09/28 12:47:00.822, 6, 97 %, 75724 MiB
2026/09/28 12:47:00.822, 7, 88 %, 76012 MiB
2026/09/28 12:47:05.823, 0, 100 %, 76224 MiB
2026/09/28 12:47:05.823, 1, 100 %, 76012 MiB
2026/09/28 12:47:05.823, 2, 100 %, 76012 MiB
2026/09/28 12:47:05.823, 3, 100 %, 76012 MiB
2026/09/28 12:47:05.823, 4, 100 %, 76012 MiB
2026/09/28 12:47:05.823, 5, 100 %, 76012 MiB
2026/09/28 12:47:05.823, 6, 100 %, 75724 MiB
2026/09/28 12:47:05.823, 7, 100 %, 76012 MiB
2026/09/28 12:47:10.823, 0, 100 %, 76224 MiB
2026/09/28 12:47:10.823, 1, 100 %, 76012 MiB
2026/09/28 12:47:10.823, 2, 100 %, 76012 MiB
2026/09/28 12:47:10.823, 3, 100 %, 76012 MiB
2026/09/28 12:47:10.823, 4, 100 %, 76012 MiB
2026/09/28 12:47:10.823, 5, 100 %, 76012 MiB
2026/09/28 12:47:10.823, 6, 100 %, 75724 MiB
2026/09/28 12:47:10.823, 7, 100 %, 76012 MiB
2026/09/28 12:47:15.824, 0, 100 %, 76224 MiB
2026/09/28 12:47:15.824, 1, 100 %, 76012 MiB
2026/09/28 12:47:15.824, 2, 100 %, 76012 MiB
2026/09/28 12:47:15.824, 3, 100 %, 76012 MiB
2026/09/28 12:47:15.824, 4, 100 %, 76012 MiB
2026/09/28 12:47:15.824, 5, 100 %, 76012 MiB
2026/09/28 12:47:15.824, 6, 100 %, 75724 MiB
2026/09/28 12:47:15.824, 7, 100 %, 76012 MiB
2026/09/28 12:47:20.824, 0, 100 %, 76224 MiB
2026/09/28 12:47:20.824, 1, 100 %, 76012 MiB
2026/09/28 12:47:20.824, 2, 100 %, 76012 MiB
2026/09/28 12:47:20.824, 3, 100 %, 76012 MiB
2026/09/28 12:47:20.824, 4, 100 %, 76012 MiB
2026/09/28 12:47:20.824, 5, 100 %, 76012 MiB
2026/09/28 12:47:20.824, 6, 100 %, 75724 MiB
2026/09/28 12:47:20.824, 7, 100 %, 76012 MiB
2026/09/28 12:47:25.825, 0, 100 %, 77354 MiB
2026/09/28 12:47:25.825, 1, 100 %, 77142 MiB
2026/09/28 12:47:25.826, 2, 100 %, 77142 MiB
2026/09/28 12:47:25.826, 3, 100 %, 77142 MiB
2026/09/28 12:47:25.826, 4, 100 %, 77142 MiB
2026/09/28 12:47:25.826, 5, 100 %, 77142 MiB
2026/09/28 12:47:25.827, 6, 100 %, 76854 MiB
2026/09/28 12:47:25.827, 7, 100 %, 77142 MiB
2026/09/28 12:47:30.828, 0, 100 %, 77354 MiB
2026/09/28 12:47:30.828, 1, 100 %, 77142 MiB
2026/09/28 12:47:30.828, 2, 100 %, 77142 MiB
2026/09/28 12:47:30.828, 3, 100 %, 77142 MiB
2026/09/28 12:47:30.828, 4, 100 %, 77142 MiB
2026/09/28 12:47:30.828, 5, 100 %, 77142 MiB
2026/09/28 12:47:30.828, 6, 100 %, 76854 MiB
2026/09/28 12:47:30.828, 7, 100 %, 77142 MiB
2026/09/28 12:47:35.828, 0, 99 %, 77354 MiB
2026/09/28 12:47:35.829, 1, 92 %, 77142 MiB
2026/09/28 12:47:35.829, 2, 100 %, 77142 MiB
2026/09/28 12:47:35.829, 3, 99 %, 77142 MiB
2026/09/28 12:47:35.829, 4, 96 %, 77142 MiB
2026/09/28 12:47:35.829, 5, 77 %, 77142 MiB
2026/09/28 12:47:35.829, 6, 95 %, 76854 MiB
2026/09/28 12:47:35.829, 7, 100 %, 77142 MiB
2026/09/28 12:47:40.830, 0, 100 %, 77354 MiB
2026/09/28 12:47:40.830, 1, 100 %, 77142 MiB
2026/09/28 12:47:40.830, 2, 98 %, 77142 MiB
2026/09/28 12:47:40.830, 3, 98 %, 77142 MiB
2026/09/28 12:47:40.830, 4, 98 %, 77142 MiB
2026/09/28 12:47:40.830, 5, 98 %, 77142 MiB
2026/09/28 12:47:40.830, 6, 98 %, 76854 MiB
2026/09/28 12:47:40.830, 7, 98 %, 77142 MiB
2026/09/28 12:47:45.830, 0, 100 %, 77354 MiB
2026/09/28 12:47:45.830, 1, 100 %, 77142 MiB
2026/09/28 12:47:45.830, 2, 100 %, 77142 MiB
2026/09/28 12:47:45.830, 3, 100 %, 77142 MiB
2026/09/28 12:47:45.830, 4, 100 %, 77142 MiB
2026/09/28 12:47:45.830, 5, 100 %, 77142 MiB
2026/09/28 12:47:45.830, 6, 100 %, 76854 MiB
2026/09/28 12:47:45.830, 7, 100 %, 77142 MiB
2026/09/28 12:47:50.831, 0, 100 %, 77354 MiB
2026/09/28 12:47:50.831, 1, 100 %, 77142 MiB
2026/09/28 12:47:50.831, 2, 100 %, 77142 MiB
2026/09/28 12:47:50.832, 3, 100 %, 77142 MiB
2026/09/28 12:47:50.832, 4, 100 %, 77142 MiB
2026/09/28 12:47:50.832, 5, 100 %, 77142 MiB
2026/09/28 12:47:50.833, 6, 100 %, 76854 MiB
2026/09/28 12:47:50.833, 7, 100 %, 77142 MiB
2026/09/28 12:47:55.834, 0, 100 %, 77354 MiB
2026/09/28 12:47:55.835, 1, 100 %, 77142 MiB
2026/09/28 12:47:55.839, 2, 100 %, 77142 MiB
2026/09/28 12:47:55.840, 3, 100 %, 77142 MiB
2026/09/28 12:47:55.840, 4, 100 %, 77142 MiB
2026/09/28 12:47:55.840, 5, 100 %, 77142 MiB
2026/09/28 12:47:55.841, 6, 100 %, 76854 MiB
2026/09/28 12:47:55.841, 7, 100 %, 77142 MiB
2026/09/28 12:48:00.842, 0, 100 %, 77354 MiB
2026/09/28 12:48:00.842, 1, 100 %, 77142 MiB
2026/09/28 12:48:00.842, 2, 100 %, 77142 MiB
2026/09/28 12:48:00.842, 3, 100 %, 77142 MiB
2026/09/28 12:48:00.842, 4, 100 %, 77142 MiB
2026/09/28 12:48:00.842, 5, 100 %, 77142 MiB
2026/09/28 12:48:00.842, 6, 100 %, 76854 MiB
2026/09/28 12:48:00.842, 7, 100 %, 77142 MiB
2026/09/28 12:48:05.843, 0, 99 %, 77354 MiB
2026/09/28 12:48:05.843, 1, 98 %, 77142 MiB
2026/09/28 12:48:05.843, 2, 99 %, 77142 MiB
2026/09/28 12:48:05.843, 3, 100 %, 77142 MiB
2026/09/28 12:48:05.843, 4, 100 %, 77142 MiB
2026/09/28 12:48:05.843, 5, 100 %, 77142 MiB
2026/09/28 12:48:05.843, 6, 100 %, 76854 MiB
2026/09/28 12:48:05.843, 7, 100 %, 77142 MiB
2026/09/28 12:48:10.843, 0, 85 %, 77354 MiB
2026/09/28 12:48:10.844, 1, 99 %, 77142 MiB
2026/09/28 12:48:10.845, 2, 100 %, 77142 MiB
2026/09/28 12:48:10.845, 3, 97 %, 77142 MiB
2026/09/28 12:48:10.847, 4, 97 %, 77142 MiB
2026/09/28 12:48:10.848, 5, 100 %, 77142 MiB
2026/09/28 12:48:10.848, 6, 97 %, 76854 MiB
2026/09/28 12:48:10.850, 7, 99 %, 77142 MiB
2026/09/28 12:48:15.851, 0, 100 %, 77354 MiB
2026/09/28 12:48:15.851, 1, 100 %, 77142 MiB
2026/09/28 12:48:15.851, 2, 99 %, 77142 MiB
2026/09/28 12:48:15.851, 3, 100 %, 77142 MiB
2026/09/28 12:48:15.851, 4, 100 %, 77142 MiB
2026/09/28 12:48:15.851, 5, 100 %, 77142 MiB
2026/09/28 12:48:15.851, 6, 100 %, 76854 MiB
2026/09/28 12:48:15.851, 7, 100 %, 77142 MiB
2026/09/28 12:48:20.852, 0, 85 %, 77354 MiB
2026/09/28 12:48:20.852, 1, 99 %, 77142 MiB
2026/09/28 12:48:20.852, 2, 98 %, 77142 MiB
2026/09/28 12:48:20.852, 3, 95 %, 77142 MiB
2026/09/28 12:48:20.853, 4, 62 %, 77142 MiB
2026/09/28 12:48:20.853, 5, 100 %, 77142 MiB
2026/09/28 12:48:20.853, 6, 76 %, 76854 MiB
2026/09/28 12:48:20.854, 7, 99 %, 77142 MiB
2026/09/28 12:48:25.854, 0, 100 %, 77354 MiB
2026/09/28 12:48:25.854, 1, 100 %, 77142 MiB
2026/09/28 12:48:25.854, 2, 100 %, 77142 MiB
2026/09/28 12:48:25.854, 3, 100 %, 77142 MiB
2026/09/28 12:48:25.854, 4, 100 %, 77142 MiB
2026/09/28 12:48:25.854, 5, 100 %, 77142 MiB
2026/09/28 12:48:25.854, 6, 100 %, 76854 MiB
2026/09/28 12:48:25.854, 7, 100 %, 77142 MiB
2026/09/28 12:48:30.855, 0, 100 %, 77354 MiB
2026/09/28 12:48:30.855, 1, 98 %, 77142 MiB
2026/09/28 12:48:30.855, 2, 100 %, 77142 MiB
2026/09/28 12:48:30.855, 3, 100 %, 77142 MiB
2026/09/28 12:48:30.855, 4, 100 %, 77142 MiB
2026/09/28 12:48:30.855, 5, 98 %, 77142 MiB
2026/09/28 12:48:30.855, 6, 100 %, 76854 MiB
2026/09/28 12:48:30.855, 7, 98 %, 77142 MiB
2026/09/28 12:48:35.855, 0, 100 %, 77354 MiB
2026/09/28 12:48:35.867, 1, 100 %, 77142 MiB
2026/09/28 12:48:35.872, 2, 100 %, 77142 MiB
2026/09/28 12:48:35.875, 3, 100 %, 77142 MiB
2026/09/28 12:48:35.878, 4, 100 %, 77142 MiB
2026/09/28 12:48:35.881, 5, 100 %, 77142 MiB
2026/09/28 12:48:35.883, 6, 100 %, 76854 MiB
2026/09/28 12:48:35.884, 7, 100 %, 77142 MiB
2026/09/28 12:48:40.885, 0, 98 %, 77354 MiB
2026/09/28 12:48:40.885, 1, 100 %, 77142 MiB
2026/09/28 12:48:40.885, 2, 87 %, 77142 MiB
2026/09/28 12:48:40.885, 3, 100 %, 77142 MiB
2026/09/28 12:48:40.885, 4, 100 %, 77142 MiB
2026/09/28 12:48:40.885, 5, 100 %, 77142 MiB
2026/09/28 12:48:40.885, 6, 100 %, 76854 MiB
2026/09/28 12:48:40.885, 7, 96 %, 77142 MiB
2026/09/28 12:48:45.885, 0, 94 %, 77354 MiB
2026/09/28 12:48:46.104, 1, 71 %, 77142 MiB
2026/09/28 12:48:46.111, 2, 72 %, 77142 MiB
2026/09/28 12:48:46.111, 3, 91 %, 77142 MiB
2026/09/28 12:48:46.116, 4, 93 %, 77142 MiB
2026/09/28 12:48:46.117, 5, 100 %, 77142 MiB
2026/09/28 12:48:46.121, 6, 93 %, 76854 MiB
2026/09/28 12:48:46.121, 7, 92 %, 77142 MiB
2026/09/28 12:48:51.127, 0, 100 %, 77354 MiB
2026/09/28 12:48:51.127, 1, 74 %, 77142 MiB
2026/09/28 12:48:51.127, 2, 100 %, 77142 MiB
2026/09/28 12:48:51.127, 3, 100 %, 77142 MiB
2026/09/28 12:48:51.127, 4, 100 %, 77142 MiB
2026/09/28 12:48:51.127, 5, 100 %, 77142 MiB
2026/09/28 12:48:51.127, 6, 100 %, 76854 MiB
2026/09/28 12:48:51.127, 7, 100 %, 77142 MiB
2026/09/28 12:48:56.130, 0, 100 %, 77354 MiB
2026/09/28 12:48:56.130, 1, 100 %, 77142 MiB
2026/09/28 12:48:56.131, 2, 100 %, 77142 MiB
2026/09/28 12:48:56.131, 3, 100 %, 77142 MiB
2026/09/28 12:48:56.132, 4, 100 %, 77142 MiB
2026/09/28 12:48:56.132, 5, 100 %, 77142 MiB
2026/09/28 12:48:56.133, 6, 100 %, 76854 MiB
2026/09/28 12:48:56.133, 7, 100 %, 77142 MiB
2026/09/28 12:49:01.134, 0, 100 %, 77354 MiB
2026/09/28 12:49:01.134, 1, 100 %, 77142 MiB
2026/09/28 12:49:01.134, 2, 100 %, 77142 MiB
2026/09/28 12:49:01.137, 3, 100 %, 77142 MiB
2026/09/28 12:49:01.139, 4, 100 %, 77142 MiB
2026/09/28 12:49:01.139, 5, 100 %, 77142 MiB
2026/09/28 12:49:01.140, 6, 100 %, 76854 MiB
2026/09/28 12:49:01.141, 7, 100 %, 77142 MiB
2026/09/28 12:49:06.142, 0, 100 %, 77354 MiB
2026/09/28 12:49:06.142, 1, 100 %, 77142 MiB
2026/09/28 12:49:06.142, 2, 100 %, 77142 MiB
2026/09/28 12:49:06.142, 3, 100 %, 77142 MiB
2026/09/28 12:49:06.142, 4, 95 %, 77142 MiB
2026/09/28 12:49:06.142, 5, 100 %, 77142 MiB
2026/09/28 12:49:06.143, 6, 100 %, 76854 MiB
2026/09/28 12:49:06.143, 7, 100 %, 77142 MiB
2026/09/28 12:49:11.143, 0, 100 %, 77354 MiB
2026/09/28 12:49:11.143, 1, 100 %, 77142 MiB
2026/09/28 12:49:11.145, 2, 100 %, 77142 MiB
2026/09/28 12:49:11.147, 3, 100 %, 77142 MiB
2026/09/28 12:49:11.147, 4, 100 %, 77142 MiB
2026/09/28 12:49:11.148, 5, 100 %, 77142 MiB
2026/09/28 12:49:11.148, 6, 100 %, 76854 MiB
2026/09/28 12:49:11.151, 7, 100 %, 77142 MiB
2026/09/28 12:49:16.154, 0, 96 %, 77354 MiB
2026/09/28 12:49:16.154, 1, 93 %, 77142 MiB
2026/09/28 12:49:16.154, 2, 100 %, 77142 MiB
2026/09/28 12:49:16.154, 3, 98 %, 77142 MiB
2026/09/28 12:49:16.154, 4, 98 %, 77142 MiB
2026/09/28 12:49:16.154, 5, 99 %, 77142 MiB
2026/09/28 12:49:16.154, 6, 93 %, 76854 MiB
2026/09/28 12:49:16.154, 7, 97 %, 77142 MiB
2026/09/28 12:49:21.155, 0, 100 %, 77354 MiB
2026/09/28 12:49:21.156, 1, 100 %, 77142 MiB
2026/09/28 12:49:21.157, 2, 100 %, 77142 MiB
2026/09/28 12:49:21.158, 3, 100 %, 77142 MiB
2026/09/28 12:49:21.159, 4, 100 %, 77142 MiB
2026/09/28 12:49:21.159, 5, 100 %, 77142 MiB
2026/09/28 12:49:21.160, 6, 100 %, 76854 MiB
2026/09/28 12:49:21.160, 7, 100 %, 77142 MiB
2026/09/28 12:49:26.161, 0, 100 %, 77354 MiB
2026/09/28 12:49:26.161, 1, 100 %, 77142 MiB
2026/09/28 12:49:26.161, 2, 100 %, 77142 MiB
2026/09/28 12:49:26.161, 3, 100 %, 77142 MiB
2026/09/28 12:49:26.161, 4, 100 %, 77142 MiB
2026/09/28 12:49:26.161, 5, 100 %, 77142 MiB
2026/09/28 12:49:26.161, 6, 100 %, 76854 MiB
2026/09/28 12:49:26.161, 7, 100 %, 77142 MiB
2026/09/28 12:49:31.162, 0, 84 %, 77354 MiB
2026/09/28 12:49:31.162, 1, 93 %, 77142 MiB
2026/09/28 12:49:31.167, 2, 98 %, 77142 MiB
2026/09/28 12:49:31.171, 3, 61 %, 77142 MiB
2026/09/28 12:49:31.171, 4, 92 %, 77142 MiB
2026/09/28 12:49:31.172, 5, 93 %, 77142 MiB
2026/09/28 12:49:31.172, 6, 95 %, 76854 MiB
2026/09/28 12:49:31.172, 7, 95 %, 77142 MiB
2026/09/28 12:49:36.173, 0, 100 %, 77354 MiB
2026/09/28 12:49:36.173, 1, 100 %, 77142 MiB
2026/09/28 12:49:36.173, 2, 100 %, 77142 MiB
2026/09/28 12:49:36.173, 3, 100 %, 77142 MiB
2026/09/28 12:49:36.173, 4, 100 %, 77142 MiB
2026/09/28 12:49:36.174, 5, 100 %, 77142 MiB
2026/09/28 12:49:36.174, 6, 100 %, 76854 MiB
2026/09/28 12:49:36.174, 7, 100 %, 77142 MiB
2026/09/28 12:49:41.174, 0, 100 %, 77354 MiB
2026/09/28 12:49:41.174, 1, 97 %, 77142 MiB
2026/09/28 12:49:41.174, 2, 100 %, 77142 MiB
2026/09/28 12:49:41.174, 3, 98 %, 77142 MiB
2026/09/28 12:49:41.174, 4, 95 %, 77142 MiB
2026/09/28 12:49:41.174, 5, 98 %, 77142 MiB
2026/09/28 12:49:41.174, 6, 88 %, 76854 MiB
2026/09/28 12:49:41.174, 7, 100 %, 77142 MiB
2026/09/28 12:49:46.174, 0, 100 %, 77354 MiB
2026/09/28 12:49:46.174, 1, 100 %, 77142 MiB
2026/09/28 12:49:46.174, 2, 100 %, 77142 MiB
2026/09/28 12:49:46.174, 3, 100 %, 77142 MiB
2026/09/28 12:49:46.174, 4, 100 %, 77142 MiB
2026/09/28 12:49:46.174, 5, 100 %, 77142 MiB
2026/09/28 12:49:46.175, 6, 100 %, 76854 MiB
2026/09/28 12:49:46.175, 7, 100 %, 77142 MiB
2026/09/28 12:49:51.175, 0, 100 %, 77354 MiB
2026/09/28 12:49:51.175, 1, 100 %, 77142 MiB
2026/09/28 12:49:51.175, 2, 100 %, 77142 MiB
2026/09/28 12:49:51.175, 3, 100 %, 77142 MiB
2026/09/28 12:49:51.175, 4, 100 %, 77142 MiB
2026/09/28 12:49:51.175, 5, 100 %, 77142 MiB
2026/09/28 12:49:51.175, 6, 100 %, 76854 MiB
2026/09/28 12:49:51.175, 7, 100 %, 77142 MiB
2026/09/28 12:49:56.175, 0, 100 %, 77354 MiB
2026/09/28 12:49:56.175, 1, 100 %, 77142 MiB
2026/09/28 12:49:56.175, 2, 100 %, 77142 MiB
2026/09/28 12:49:56.175, 3, 100 %, 77142 MiB
2026/09/28 12:49:56.175, 4, 100 %, 77142 MiB
2026/09/28 12:49:56.175, 5, 100 %, 77142 MiB
2026/09/28 12:49:56.175, 6, 100 %, 76854 MiB
2026/09/28 12:49:56.175, 7, 100 %, 77142 MiB
2026/09/28 12:50:01.176, 0, 100 %, 77354 MiB
2026/09/28 12:50:01.177, 1, 100 %, 77142 MiB
2026/09/28 12:50:01.177, 2, 100 %, 77142 MiB
2026/09/28 12:50:01.179, 3, 100 %, 77142 MiB
2026/09/28 12:50:01.182, 4, 100 %, 77142 MiB
2026/09/28 12:50:01.184, 5, 100 %, 77142 MiB
2026/09/28 12:50:01.187, 6, 100 %, 76854 MiB
2026/09/28 12:50:01.192, 7, 100 %, 77142 MiB
2026/09/28 12:50:06.197, 0, 94 %, 77354 MiB
2026/09/28 12:50:06.197, 1, 71 %, 77142 MiB
2026/09/28 12:50:06.197, 2, 95 %, 77142 MiB
2026/09/28 12:50:06.197, 3, 97 %, 77142 MiB
2026/09/28 12:50:06.197, 4, 96 %, 77142 MiB
2026/09/28 12:50:06.197, 5, 96 %, 77142 MiB
2026/09/28 12:50:06.197, 6, 96 %, 76854 MiB
2026/09/28 12:50:06.197, 7, 95 %, 77142 MiB
2026/09/28 12:50:11.197, 0, 95 %, 77354 MiB
2026/09/28 12:50:11.197, 1, 96 %, 77142 MiB
2026/09/28 12:50:11.197, 2, 96 %, 77142 MiB
2026/09/28 12:50:11.198, 3, 100 %, 77142 MiB
2026/09/28 12:50:11.198, 4, 100 %, 77142 MiB
2026/09/28 12:50:11.198, 5, 100 %, 77142 MiB
2026/09/28 12:50:11.198, 6, 85 %, 76854 MiB
2026/09/28 12:50:11.198, 7, 96 %, 77142 MiB
2026/09/28 12:50:16.198, 0, 100 %, 77354 MiB
2026/09/28 12:50:16.198, 1, 100 %, 77142 MiB
2026/09/28 12:50:16.198, 2, 100 %, 77142 MiB
2026/09/28 12:50:16.198, 3, 100 %, 77142 MiB
2026/09/28 12:50:16.198, 4, 100 %, 77142 MiB
2026/09/28 12:50:16.198, 5, 100 %, 77142 MiB
2026/09/28 12:50:16.198, 6, 100 %, 76854 MiB
2026/09/28 12:50:16.198, 7, 100 %, 77142 MiB
2026/09/28 12:50:21.198, 0, 100 %, 77354 MiB
2026/09/28 12:50:21.199, 1, 100 %, 77142 MiB
2026/09/28 12:50:21.199, 2, 100 %, 77142 MiB
2026/09/28 12:50:21.199, 3, 100 %, 77142 MiB
2026/09/28 12:50:21.199, 4, 100 %, 77142 MiB
2026/09/28 12:50:21.199, 5, 100 %, 77142 MiB
2026/09/28 12:50:21.199, 6, 100 %, 76854 MiB
2026/09/28 12:50:21.199, 7, 100 %, 77142 MiB
2026/09/28 12:50:26.199, 0, 100 %, 77354 MiB
2026/09/28 12:50:26.199, 1, 100 %, 77142 MiB
2026/09/28 12:50:26.199, 2, 100 %, 77142 MiB
2026/09/28 12:50:26.199, 3, 100 %, 77142 MiB
2026/09/28 12:50:26.199, 4, 100 %, 77142 MiB
2026/09/28 12:50:26.199, 5, 100 %, 77142 MiB
2026/09/28 12:50:26.199, 6, 100 %, 76854 MiB
2026/09/28 12:50:26.199, 7, 100 %, 77142 MiB
2026/09/28 12:50:31.199, 0, 100 %, 77354 MiB
2026/09/28 12:50:31.201, 1, 97 %, 77142 MiB
2026/09/28 12:50:31.202, 2, 100 %, 77142 MiB
2026/09/28 12:50:31.203, 3, 95 %, 77142 MiB
2026/09/28 12:50:31.203, 4, 99 %, 77142 MiB
2026/09/28 12:50:31.203, 5, 100 %, 77142 MiB
2026/09/28 12:50:31.205, 6, 100 %, 76854 MiB
2026/09/28 12:50:31.205, 7, 54 %, 77142 MiB
2026/09/28 12:50:36.206, 0, 100 %, 77354 MiB
2026/09/28 12:50:36.207, 1, 100 %, 77142 MiB
2026/09/28 12:50:36.207, 2, 100 %, 77142 MiB
2026/09/28 12:50:36.207, 3, 100 %, 77142 MiB
2026/09/28 12:50:36.207, 4, 100 %, 77142 MiB
2026/09/28 12:50:36.207, 5, 100 %, 77142 MiB
2026/09/28 12:50:36.207, 6, 100 %, 76854 MiB
2026/09/28 12:50:36.207, 7, 100 %, 77142 MiB
2026/09/28 12:50:41.208, 0, 100 %, 77354 MiB
2026/09/28 12:50:41.208, 1, 100 %, 77142 MiB
2026/09/28 12:50:41.210, 2, 100 %, 77142 MiB
2026/09/28 12:50:41.213, 3, 100 %, 77142 MiB
2026/09/28 12:50:41.215, 4, 100 %, 77142 MiB
2026/09/28 12:50:41.216, 5, 100 %, 77142 MiB
2026/09/28 12:50:41.217, 6, 100 %, 76854 MiB
2026/09/28 12:50:41.217, 7, 100 %, 77142 MiB
2026/09/28 12:50:46.217, 0, 100 %, 77354 MiB
2026/09/28 12:50:46.217, 1, 100 %, 77142 MiB
2026/09/28 12:50:46.217, 2, 100 %, 77142 MiB
2026/09/28 12:50:46.217, 3, 100 %, 77142 MiB
2026/09/28 12:50:46.217, 4, 100 %, 77142 MiB
2026/09/28 12:50:46.217, 5, 100 %, 77142 MiB
2026/09/28 12:50:46.217, 6, 100 %, 76854 MiB
2026/09/28 12:50:46.217, 7, 100 %, 77142 MiB
2026/09/28 12:50:51.218, 0, 100 %, 77354 MiB
2026/09/28 12:50:51.218, 1, 100 %, 77142 MiB
2026/09/28 12:50:51.218, 2, 100 %, 77142 MiB
2026/09/28 12:50:51.218, 3, 100 %, 77142 MiB
2026/09/28 12:50:51.218, 4, 100 %, 77142 MiB
2026/09/28 12:50:51.218, 5, 100 %, 77142 MiB
2026/09/28 12:50:51.218, 6, 100 %, 76854 MiB
2026/09/28 12:50:51.218, 7, 100 %, 77142 MiB
2026/09/28 12:50:56.218, 0, 100 %, 77354 MiB
2026/09/28 12:50:56.218, 1, 100 %, 77142 MiB
2026/09/28 12:50:56.218, 2, 100 %, 77142 MiB
2026/09/28 12:50:56.219, 3, 100 %, 77142 MiB
2026/09/28 12:50:56.219, 4, 100 %, 77142 MiB
2026/09/28 12:50:56.219, 5, 100 %, 77142 MiB
2026/09/28 12:50:56.219, 6, 100 %, 76854 MiB
2026/09/28 12:50:56.219, 7, 100 %, 77142 MiB
2026/09/28 12:51:01.219, 0, 100 %, 77354 MiB
2026/09/28 12:51:01.219, 1, 100 %, 77142 MiB
2026/09/28 12:51:01.219, 2, 100 %, 77142 MiB
2026/09/28 12:51:01.219, 3, 100 %, 77142 MiB
2026/09/28 12:51:01.220, 4, 100 %, 77142 MiB
2026/09/28 12:51:01.220, 5, 100 %, 77142 MiB
2026/09/28 12:51:01.220, 6, 100 %, 76854 MiB
2026/09/28 12:51:01.221, 7, 100 %, 77142 MiB
2026/09/28 12:51:06.221, 0, 100 %, 77354 MiB
2026/09/28 12:51:06.221, 1, 100 %, 77142 MiB
2026/09/28 12:51:06.221, 2, 100 %, 77142 MiB
2026/09/28 12:51:06.221, 3, 100 %, 77142 MiB
2026/09/28 12:51:06.221, 4, 100 %, 77142 MiB
2026/09/28 12:51:06.221, 5, 100 %, 77142 MiB
2026/09/28 12:51:06.221, 6, 100 %, 76854 MiB
2026/09/28 12:51:06.221, 7, 100 %, 77142 MiB
2026/09/28 12:51:11.222, 0, 94 %, 77354 MiB
2026/09/28 12:51:11.222, 1, 93 %, 77142 MiB
2026/09/28 12:51:11.222, 2, 95 %, 77142 MiB
2026/09/28 12:51:11.223, 3, 58 %, 77142 MiB
2026/09/28 12:51:11.223, 4, 96 %, 77142 MiB
2026/09/28 12:51:11.229, 5, 95 %, 77142 MiB
2026/09/28 12:51:11.230, 6, 97 %, 76854 MiB
2026/09/28 12:51:11.230, 7, 95 %, 77142 MiB
2026/09/28 12:51:16.231, 0, 90 %, 77354 MiB
2026/09/28 12:51:16.231, 1, 100 %, 77142 MiB
2026/09/28 12:51:16.231, 2, 97 %, 77142 MiB
2026/09/28 12:51:16.232, 3, 97 %, 77142 MiB
2026/09/28 12:51:16.232, 4, 100 %, 77142 MiB
2026/09/28 12:51:16.232, 5, 97 %, 77142 MiB
2026/09/28 12:51:16.233, 6, 94 %, 76854 MiB
2026/09/28 12:51:16.233, 7, 97 %, 77142 MiB
2026/09/28 12:51:21.234, 0, 94 %, 77354 MiB
2026/09/28 12:51:21.234, 1, 94 %, 77142 MiB
2026/09/28 12:51:21.234, 2, 94 %, 77142 MiB
2026/09/28 12:51:21.234, 3, 91 %, 77142 MiB
2026/09/28 12:51:21.234, 4, 92 %, 77142 MiB
2026/09/28 12:51:21.234, 5, 93 %, 77142 MiB
2026/09/28 12:51:21.234, 6, 94 %, 76854 MiB
2026/09/28 12:51:21.234, 7, 78 %, 77142 MiB
2026/09/28 12:51:26.234, 0, 100 %, 77354 MiB
2026/09/28 12:51:26.234, 1, 100 %, 77142 MiB
2026/09/28 12:51:26.235, 2, 100 %, 77142 MiB
2026/09/28 12:51:26.235, 3, 100 %, 77142 MiB
2026/09/28 12:51:26.236, 4, 100 %, 77142 MiB
2026/09/28 12:51:26.236, 5, 100 %, 77142 MiB
2026/09/28 12:51:26.236, 6, 100 %, 76854 MiB
2026/09/28 12:51:26.237, 7, 100 %, 77142 MiB
2026/09/28 12:51:31.237, 0, 100 %, 77354 MiB
2026/09/28 12:51:31.237, 1, 100 %, 77142 MiB
2026/09/28 12:51:31.237, 2, 100 %, 77142 MiB
2026/09/28 12:51:31.237, 3, 100 %, 77142 MiB
2026/09/28 12:51:31.237, 4, 100 %, 77142 MiB
2026/09/28 12:51:31.238, 5, 100 %, 77142 MiB
2026/09/28 12:51:31.238, 6, 100 %, 76854 MiB
2026/09/28 12:51:31.238, 7, 100 %, 77142 MiB
2026/09/28 12:51:36.238, 0, 98 %, 77354 MiB
2026/09/28 12:51:36.238, 1, 94 %, 77142 MiB
2026/09/28 12:51:36.238, 2, 95 %, 77142 MiB
2026/09/28 12:51:36.239, 3, 100 %, 77142 MiB
2026/09/28 12:51:36.239, 4, 99 %, 77142 MiB
2026/09/28 12:51:36.239, 5, 90 %, 77142 MiB
2026/09/28 12:51:36.240, 6, 58 %, 76854 MiB
2026/09/28 12:51:36.240, 7, 92 %, 77142 MiB
2026/09/28 12:51:41.241, 0, 100 %, 77354 MiB
2026/09/28 12:51:41.241, 1, 100 %, 77142 MiB
2026/09/28 12:51:41.242, 2, 100 %, 77142 MiB
2026/09/28 12:51:41.242, 3, 100 %, 77142 MiB
2026/09/28 12:51:41.242, 4, 100 %, 77142 MiB
2026/09/28 12:51:41.242, 5, 100 %, 77142 MiB
2026/09/28 12:51:41.242, 6, 100 %, 76854 MiB
2026/09/28 12:51:41.243, 7, 100 %, 77142 MiB
2026/09/28 12:51:46.243, 0, 100 %, 77354 MiB
2026/09/28 12:51:46.243, 1, 100 %, 77142 MiB
2026/09/28 12:51:46.243, 2, 100 %, 77142 MiB
2026/09/28 12:51:46.243, 3, 100 %, 77142 MiB
2026/09/28 12:51:46.243, 4, 100 %, 77142 MiB
2026/09/28 12:51:46.243, 5, 100 %, 77142 MiB
2026/09/28 12:51:46.243, 6, 100 %, 76854 MiB
2026/09/28 12:51:46.243, 7, 100 %, 77142 MiB
2026/09/28 12:51:51.244, 0, 100 %, 77354 MiB
2026/09/28 12:51:51.244, 1, 100 %, 77142 MiB
2026/09/28 12:51:51.244, 2, 100 %, 77142 MiB
2026/09/28 12:51:51.244, 3, 100 %, 77142 MiB
2026/09/28 12:51:51.244, 4, 100 %, 77142 MiB
2026/09/28 12:51:51.244, 5, 100 %, 77142 MiB
2026/09/28 12:51:51.244, 6, 100 %, 76854 MiB
2026/09/28 12:51:51.244, 7, 100 %, 77142 MiB
2026/09/28 12:51:56.244, 0, 100 %, 77354 MiB
2026/09/28 12:51:56.244, 1, 100 %, 77142 MiB
2026/09/28 12:51:56.244, 2, 99 %, 77142 MiB
2026/09/28 12:51:56.244, 3, 100 %, 77142 MiB
2026/09/28 12:51:56.244, 4, 100 %, 77142 MiB
2026/09/28 12:51:56.244, 5, 100 %, 77142 MiB
2026/09/28 12:51:56.244, 6, 100 %, 76854 MiB
2026/09/28 12:51:56.244, 7, 100 %, 77142 MiB
2026/09/28 12:52:01.245, 0, 98 %, 77354 MiB
2026/09/28 12:52:01.245, 1, 98 %, 77142 MiB
2026/09/28 12:52:01.246, 2, 99 %, 77142 MiB
2026/09/28 12:52:01.246, 3, 99 %, 77142 MiB
2026/09/28 12:52:01.246, 4, 93 %, 77142 MiB
2026/09/28 12:52:01.247, 5, 99 %, 77142 MiB
2026/09/28 12:52:01.247, 6, 98 %, 76854 MiB
2026/09/28 12:52:01.248, 7, 96 %, 77142 MiB
2026/09/28 12:52:06.248, 0, 100 %, 77354 MiB
2026/09/28 12:52:06.249, 1, 100 %, 77142 MiB
2026/09/28 12:52:06.249, 2, 100 %, 77142 MiB
2026/09/28 12:52:06.250, 3, 100 %, 77142 MiB
2026/09/28 12:52:06.250, 4, 100 %, 77142 MiB
2026/09/28 12:52:06.250, 5, 100 %, 77142 MiB
2026/09/28 12:52:06.251, 6, 100 %, 76854 MiB
2026/09/28 12:52:06.251, 7, 100 %, 77142 MiB
2026/09/28 12:52:11.252, 0, 100 %, 77354 MiB
2026/09/28 12:52:11.252, 1, 100 %, 77142 MiB
2026/09/28 12:52:11.252, 2, 100 %, 77142 MiB
2026/09/28 12:52:11.252, 3, 100 %, 77142 MiB
2026/09/28 12:52:11.252, 4, 100 %, 77142 MiB
2026/09/28 12:52:11.252, 5, 100 %, 77142 MiB
2026/09/28 12:52:11.252, 6, 100 %, 76854 MiB
2026/09/28 12:52:11.252, 7, 100 %, 77142 MiB
2026/09/28 12:52:16.253, 0, 100 %, 77354 MiB
2026/09/28 12:52:16.253, 1, 100 %, 77142 MiB
2026/09/28 12:52:16.253, 2, 100 %, 77142 MiB
2026/09/28 12:52:16.254, 3, 100 %, 77142 MiB
2026/09/28 12:52:16.254, 4, 100 %, 77142 MiB
2026/09/28 12:52:16.254, 5, 100 %, 77142 MiB
2026/09/28 12:52:16.255, 6, 100 %, 76854 MiB
2026/09/28 12:52:16.255, 7, 100 %, 77142 MiB
2026/09/28 12:52:21.256, 0, 99 %, 77354 MiB
2026/09/28 12:52:21.256, 1, 95 %, 77142 MiB
2026/09/28 12:52:21.256, 2, 95 %, 77142 MiB
2026/09/28 12:52:21.256, 3, 96 %, 77142 MiB
2026/09/28 12:52:21.257, 4, 96 %, 77142 MiB
2026/09/28 12:52:21.257, 5, 97 %, 77142 MiB
2026/09/28 12:52:21.257, 6, 98 %, 76854 MiB
2026/09/28 12:52:21.257, 7, 96 %, 77142 MiB
2026/09/28 12:52:26.258, 0, 100 %, 77354 MiB
2026/09/28 12:52:26.259, 1, 100 %, 77142 MiB
2026/09/28 12:52:26.259, 2, 100 %, 77142 MiB
2026/09/28 12:52:26.259, 3, 100 %, 77142 MiB
2026/09/28 12:52:26.260, 4, 100 %, 77142 MiB
2026/09/28 12:52:26.260, 5, 100 %, 77142 MiB
2026/09/28 12:52:26.261, 6, 100 %, 76854 MiB
2026/09/28 12:52:26.261, 7, 100 %, 77142 MiB
2026/09/28 12:52:31.262, 0, 100 %, 77354 MiB
2026/09/28 12:52:31.262, 1, 100 %, 77142 MiB
2026/09/28 12:52:31.262, 2, 100 %, 77142 MiB
2026/09/28 12:52:31.262, 3, 100 %, 77142 MiB
2026/09/28 12:52:31.262, 4, 100 %, 77142 MiB
2026/09/28 12:52:31.262, 5, 100 %, 77142 MiB
2026/09/28 12:52:31.262, 6, 100 %, 76854 MiB
2026/09/28 12:52:31.262, 7, 100 %, 77142 MiB
2026/09/28 12:52:36.262, 0, 100 %, 77354 MiB
2026/09/28 12:52:36.264, 1, 100 %, 77142 MiB
2026/09/28 12:52:36.265, 2, 100 %, 77142 MiB
2026/09/28 12:52:36.266, 3, 100 %, 77142 MiB
2026/09/28 12:52:36.266, 4, 100 %, 77142 MiB
2026/09/28 12:52:36.267, 5, 100 %, 77142 MiB
2026/09/28 12:52:36.267, 6, 100 %, 76854 MiB
2026/09/28 12:52:36.268, 7, 100 %, 77142 MiB
2026/09/28 12:52:41.268, 0, 100 %, 77354 MiB
2026/09/28 12:52:41.268, 1, 100 %, 77142 MiB
2026/09/28 12:52:41.268, 2, 100 %, 77142 MiB
2026/09/28 12:52:41.268, 3, 100 %, 77142 MiB
2026/09/28 12:52:41.268, 4, 100 %, 77142 MiB
2026/09/28 12:52:41.268, 5, 100 %, 77142 MiB
2026/09/28 12:52:41.269, 6, 100 %, 76854 MiB
2026/09/28 12:52:41.269, 7, 100 %, 77142 MiB
2026/09/28 12:52:46.269, 0, 100 %, 77354 MiB
2026/09/28 12:52:46.270, 1, 100 %, 77142 MiB
2026/09/28 12:52:46.270, 2, 100 %, 77142 MiB
2026/09/28 12:52:46.271, 3, 100 %, 77142 MiB
2026/09/28 12:52:46.271, 4, 100 %, 77142 MiB
2026/09/28 12:52:46.272, 5, 100 %, 77142 MiB
2026/09/28 12:52:46.273, 6, 100 %, 76854 MiB
2026/09/28 12:52:46.273, 7, 100 %, 77142 MiB
2026/09/28 12:52:51.274, 0, 100 %, 77354 MiB
2026/09/28 12:52:51.555, 1, 99 %, 77142 MiB
2026/09/28 12:52:51.560, 2, 99 %, 77142 MiB
2026/09/28 12:52:51.564, 3, 99 %, 77142 MiB
2026/09/28 12:52:51.564, 4, 99 %, 77142 MiB
2026/09/28 12:52:51.567, 5, 100 %, 77142 MiB
2026/09/28 12:52:51.569, 6, 99 %, 76854 MiB
2026/09/28 12:52:51.571, 7, 99 %, 77142 MiB
2026/09/28 12:52:56.578, 0, 97 %, 77354 MiB
2026/09/28 12:52:56.578, 1, 98 %, 77142 MiB
2026/09/28 12:52:56.578, 2, 97 %, 77142 MiB
2026/09/28 12:52:56.578, 3, 97 %, 77142 MiB
2026/09/28 12:52:56.579, 4, 96 %, 77142 MiB
2026/09/28 12:52:56.579, 5, 98 %, 77142 MiB
2026/09/28 12:52:56.579, 6, 98 %, 76854 MiB
2026/09/28 12:52:56.579, 7, 100 %, 77142 MiB
2026/09/28 12:53:01.579, 0, 100 %, 77354 MiB
2026/09/28 12:53:01.849, 1, 100 %, 77142 MiB
2026/09/28 12:53:01.852, 2, 100 %, 77142 MiB
2026/09/28 12:53:01.858, 3, 100 %, 77142 MiB
2026/09/28 12:53:01.860, 4, 100 %, 77142 MiB
2026/09/28 12:53:01.865, 5, 100 %, 77142 MiB
2026/09/28 12:53:01.868, 6, 100 %, 76854 MiB
2026/09/28 12:53:01.869, 7, 100 %, 77142 MiB
2026/09/28 12:53:06.873, 0, 100 %, 77354 MiB
2026/09/28 12:53:06.874, 1, 100 %, 77142 MiB
2026/09/28 12:53:06.874, 2, 100 %, 77142 MiB
2026/09/28 12:53:06.875, 3, 100 %, 77142 MiB
2026/09/28 12:53:06.876, 4, 100 %, 77142 MiB
2026/09/28 12:53:06.877, 5, 100 %, 77142 MiB
2026/09/28 12:53:06.877, 6, 100 %, 76854 MiB
2026/09/28 12:53:06.878, 7, 100 %, 77142 MiB
2026/09/28 12:53:11.879, 0, 95 %, 77354 MiB
2026/09/28 12:53:11.879, 1, 71 %, 77142 MiB
2026/09/28 12:53:11.879, 2, 99 %, 77142 MiB
2026/09/28 12:53:11.879, 3, 96 %, 77142 MiB
2026/09/28 12:53:12.148, 4, 100 %, 77142 MiB
2026/09/28 12:53:12.149, 5, 99 %, 77142 MiB
2026/09/28 12:53:12.152, 6, 100 %, 76854 MiB
2026/09/28 12:53:12.153, 7, 100 %, 77142 MiB
2026/09/28 12:53:17.154, 0, 100 %, 77354 MiB
2026/09/28 12:53:17.154, 1, 100 %, 77142 MiB
2026/09/28 12:53:17.154, 2, 100 %, 77142 MiB
2026/09/28 12:53:17.154, 3, 100 %, 77142 MiB
2026/09/28 12:53:17.154, 4, 100 %, 77142 MiB
2026/09/28 12:53:17.154, 5, 100 %, 77142 MiB
2026/09/28 12:53:17.154, 6, 100 %, 76854 MiB
2026/09/28 12:53:17.154, 7, 100 %, 77142 MiB
2026/09/28 12:53:22.155, 0, 96 %, 77354 MiB
2026/09/28 12:53:22.160, 1, 95 %, 77142 MiB
2026/09/28 12:53:22.164, 2, 89 %, 77142 MiB
2026/09/28 12:53:22.169, 3, 97 %, 77142 MiB
2026/09/28 12:53:22.174, 4, 98 %, 77142 MiB
2026/09/28 12:53:22.174, 5, 97 %, 77142 MiB
2026/09/28 12:53:22.178, 6, 98 %, 76854 MiB
2026/09/28 12:53:22.179, 7, 98 %, 77142 MiB
2026/09/28 12:53:27.181, 0, 100 %, 77354 MiB
2026/09/28 12:53:27.181, 1, 100 %, 77142 MiB
2026/09/28 12:53:27.181, 2, 93 %, 77142 MiB
2026/09/28 12:53:27.181, 3, 100 %, 77142 MiB
2026/09/28 12:53:27.181, 4, 100 %, 77142 MiB
2026/09/28 12:53:27.181, 5, 100 %, 77142 MiB
2026/09/28 12:53:27.181, 6, 100 %, 76854 MiB
2026/09/28 12:53:27.182, 7, 100 %, 77142 MiB
2026/09/28 12:53:32.182, 0, 85 %, 77354 MiB
2026/09/28 12:53:32.182, 1, 89 %, 77142 MiB
2026/09/28 12:53:32.183, 2, 93 %, 77142 MiB
2026/09/28 12:53:32.183, 3, 83 %, 77142 MiB
2026/09/28 12:53:32.183, 4, 97 %, 77142 MiB
2026/09/28 12:53:32.184, 5, 94 %, 77142 MiB
2026/09/28 12:53:32.184, 6, 95 %, 76854 MiB
2026/09/28 12:53:32.184, 7, 96 %, 77142 MiB
2026/09/28 12:53:37.185, 0, 100 %, 77354 MiB
2026/09/28 12:53:37.186, 1, 100 %, 77142 MiB
2026/09/28 12:53:37.187, 2, 100 %, 77142 MiB
2026/09/28 12:53:37.187, 3, 100 %, 77142 MiB
2026/09/28 12:53:37.188, 4, 100 %, 77142 MiB
2026/09/28 12:53:37.188, 5, 100 %, 77142 MiB
2026/09/28 12:53:37.189, 6, 100 %, 76854 MiB
2026/09/28 12:53:37.190, 7, 100 %, 77142 MiB
2026/09/28 12:53:42.192, 0, 100 %, 77354 MiB
2026/09/28 12:53:42.192, 1, 100 %, 77142 MiB
2026/09/28 12:53:42.193, 2, 100 %, 77142 MiB
2026/09/28 12:53:42.193, 3, 100 %, 77142 MiB
2026/09/28 12:53:42.193, 4, 100 %, 77142 MiB
2026/09/28 12:53:42.194, 5, 100 %, 77142 MiB
2026/09/28 12:53:42.194, 6, 100 %, 76854 MiB
2026/09/28 12:53:42.194, 7, 100 %, 77142 MiB
2026/09/28 12:53:47.195, 0, 100 %, 77354 MiB
2026/09/28 12:53:47.195, 1, 100 %, 77142 MiB
2026/09/28 12:53:47.197, 2, 100 %, 77142 MiB
2026/09/28 12:53:47.201, 3, 100 %, 77142 MiB
2026/09/28 12:53:47.203, 4, 100 %, 77142 MiB
2026/09/28 12:53:47.207, 5, 100 %, 77142 MiB
2026/09/28 12:53:47.207, 6, 100 %, 76854 MiB
2026/09/28 12:53:47.209, 7, 100 %, 77142 MiB
2026/09/28 12:53:52.211, 0, 100 %, 77354 MiB
2026/09/28 12:53:52.211, 1, 98 %, 77142 MiB
2026/09/28 12:53:52.211, 2, 98 %, 77142 MiB
2026/09/28 12:53:52.211, 3, 98 %, 77142 MiB
2026/09/28 12:53:52.211, 4, 98 %, 77142 MiB
2026/09/28 12:53:52.211, 5, 98 %, 77142 MiB
2026/09/28 12:53:52.211, 6, 98 %, 76854 MiB
2026/09/28 12:53:52.211, 7, 100 %, 77142 MiB
2026/09/28 12:53:57.211, 0, 100 %, 77354 MiB
2026/09/28 12:53:57.211, 1, 99 %, 77142 MiB
2026/09/28 12:53:57.216, 2, 100 %, 77142 MiB
2026/09/28 12:53:57.221, 3, 100 %, 77142 MiB
2026/09/28 12:53:57.227, 4, 100 %, 77142 MiB
2026/09/28 12:53:57.227, 5, 100 %, 77142 MiB
2026/09/28 12:53:57.227, 6, 100 %, 76854 MiB
2026/09/28 12:53:57.229, 7, 99 %, 77142 MiB
2026/09/28 12:54:02.234, 0, 100 %, 77354 MiB
2026/09/28 12:54:02.234, 1, 100 %, 77142 MiB
2026/09/28 12:54:02.234, 2, 100 %, 77142 MiB
2026/09/28 12:54:02.234, 3, 100 %, 77142 MiB
2026/09/28 12:54:02.234, 4, 100 %, 77142 MiB
2026/09/28 12:54:02.234, 5, 100 %, 77142 MiB
2026/09/28 12:54:02.234, 6, 100 %, 76854 MiB
2026/09/28 12:54:02.234, 7, 100 %, 77142 MiB
2026/09/28 12:54:07.235, 0, 100 %, 77354 MiB
2026/09/28 12:54:07.235, 1, 100 %, 77142 MiB
2026/09/28 12:54:07.236, 2, 100 %, 77142 MiB
2026/09/28 12:54:07.237, 3, 100 %, 77142 MiB
2026/09/28 12:54:07.237, 4, 100 %, 77142 MiB
2026/09/28 12:54:07.238, 5, 100 %, 77142 MiB
2026/09/28 12:54:07.238, 6, 100 %, 76854 MiB
2026/09/28 12:54:07.238, 7, 100 %, 77142 MiB
2026/09/28 12:54:12.239, 0, 100 %, 77354 MiB
2026/09/28 12:54:12.239, 1, 100 %, 77142 MiB
2026/09/28 12:54:12.239, 2, 100 %, 77142 MiB
2026/09/28 12:54:12.240, 3, 100 %, 77142 MiB
2026/09/28 12:54:12.240, 4, 100 %, 77142 MiB
2026/09/28 12:54:12.240, 5, 100 %, 77142 MiB
2026/09/28 12:54:12.241, 6, 100 %, 76854 MiB
2026/09/28 12:54:12.241, 7, 100 %, 77142 MiB
2026/09/28 12:54:17.241, 0, 100 %, 77354 MiB
2026/09/28 12:54:17.243, 1, 100 %, 77142 MiB
2026/09/28 12:54:17.243, 2, 100 %, 77142 MiB
2026/09/28 12:54:17.243, 3, 100 %, 77142 MiB
2026/09/28 12:54:17.246, 4, 100 %, 77142 MiB
2026/09/28 12:54:17.246, 5, 100 %, 77142 MiB
2026/09/28 12:54:17.246, 6, 100 %, 76854 MiB
2026/09/28 12:54:17.246, 7, 81 %, 77142 MiB
2026/09/28 12:54:22.246, 0, 100 %, 77354 MiB
2026/09/28 12:54:22.246, 1, 100 %, 77142 MiB
2026/09/28 12:54:22.246, 2, 98 %, 77142 MiB
2026/09/28 12:54:22.246, 3, 100 %, 77142 MiB
2026/09/28 12:54:22.246, 4, 100 %, 77142 MiB
2026/09/28 12:54:22.246, 5, 100 %, 77142 MiB
2026/09/28 12:54:22.246, 6, 99 %, 76854 MiB
2026/09/28 12:54:22.246, 7, 100 %, 77142 MiB
2026/09/28 12:54:27.247, 0, 100 %, 77354 MiB
2026/09/28 12:54:27.247, 1, 100 %, 77142 MiB
2026/09/28 12:54:27.247, 2, 100 %, 77142 MiB
2026/09/28 12:54:27.248, 3, 100 %, 77142 MiB
2026/09/28 12:54:27.248, 4, 100 %, 77142 MiB
2026/09/28 12:54:27.248, 5, 100 %, 77142 MiB
2026/09/28 12:54:27.249, 6, 100 %, 76854 MiB
2026/09/28 12:54:27.249, 7, 100 %, 77142 MiB
2026/09/28 12:54:32.249, 0, 98 %, 77354 MiB
2026/09/28 12:54:32.249, 1, 94 %, 77142 MiB
2026/09/28 12:54:32.249, 2, 66 %, 77142 MiB
2026/09/28 12:54:32.249, 3, 94 %, 77142 MiB
2026/09/28 12:54:32.249, 4, 87 %, 77142 MiB
2026/09/28 12:54:32.249, 5, 75 %, 77142 MiB
2026/09/28 12:54:32.249, 6, 88 %, 76854 MiB
2026/09/28 12:54:32.250, 7, 88 %, 77142 MiB
2026/09/28 12:54:37.250, 0, 96 %, 77354 MiB
2026/09/28 12:54:37.250, 1, 96 %, 77142 MiB
2026/09/28 12:54:37.250, 2, 95 %, 77142 MiB
2026/09/28 12:54:37.250, 3, 100 %, 77142 MiB
2026/09/28 12:54:37.250, 4, 100 %, 77142 MiB
2026/09/28 12:54:37.250, 5, 80 %, 77142 MiB
2026/09/28 12:54:37.250, 6, 96 %, 76854 MiB
2026/09/28 12:54:37.250, 7, 96 %, 77142 MiB
2026/09/28 12:54:42.251, 0, 93 %, 77354 MiB
2026/09/28 12:54:42.251, 1, 87 %, 77142 MiB
2026/09/28 12:54:42.251, 2, 93 %, 77142 MiB
2026/09/28 12:54:42.251, 3, 91 %, 77142 MiB
2026/09/28 12:54:42.251, 4, 62 %, 77142 MiB
2026/09/28 12:54:42.251, 5, 86 %, 77142 MiB
2026/09/28 12:54:42.251, 6, 93 %, 76854 MiB
2026/09/28 12:54:42.251, 7, 93 %, 77142 MiB
2026/09/28 12:54:47.251, 0, 100 %, 77354 MiB
2026/09/28 12:54:47.252, 1, 100 %, 77142 MiB
2026/09/28 12:54:47.257, 2, 100 %, 77142 MiB
2026/09/28 12:54:47.258, 3, 98 %, 77142 MiB
2026/09/28 12:54:47.262, 4, 100 %, 77142 MiB
2026/09/28 12:54:47.265, 5, 98 %, 77142 MiB
2026/09/28 12:54:47.266, 6, 100 %, 76854 MiB
2026/09/28 12:54:47.266, 7, 98 %, 77142 MiB
2026/09/28 12:54:52.267, 0, 100 %, 77354 MiB
2026/09/28 12:54:52.267, 1, 100 %, 77142 MiB
2026/09/28 12:54:52.268, 2, 100 %, 77142 MiB
2026/09/28 12:54:52.268, 3, 100 %, 77142 MiB
2026/09/28 12:54:52.268, 4, 100 %, 77142 MiB
2026/09/28 12:54:52.269, 5, 100 %, 77142 MiB
2026/09/28 12:54:52.269, 6, 100 %, 76854 MiB
2026/09/28 12:54:52.269, 7, 100 %, 77142 MiB
2026/09/28 12:54:57.270, 0, 93 %, 77354 MiB
2026/09/28 12:54:57.270, 1, 92 %, 77142 MiB
2026/09/28 12:54:57.270, 2, 91 %, 77142 MiB
2026/09/28 12:54:57.270, 3, 92 %, 77142 MiB
2026/09/28 12:54:57.270, 4, 63 %, 77142 MiB
2026/09/28 12:54:57.270, 5, 100 %, 77142 MiB
2026/09/28 12:54:57.270, 6, 71 %, 76854 MiB
2026/09/28 12:54:57.270, 7, 91 %, 77142 MiB
2026/09/28 12:55:02.271, 0, 100 %, 77354 MiB
2026/09/28 12:55:02.271, 1, 100 %, 77142 MiB
2026/09/28 12:55:02.271, 2, 100 %, 77142 MiB
2026/09/28 12:55:02.271, 3, 100 %, 77142 MiB
2026/09/28 12:55:02.271, 4, 100 %, 77142 MiB
2026/09/28 12:55:02.271, 5, 100 %, 77142 MiB
2026/09/28 12:55:02.271, 6, 100 %, 76854 MiB
2026/09/28 12:55:02.271, 7, 100 %, 77142 MiB
2026/09/28 12:55:07.271, 0, 100 %, 77354 MiB
2026/09/28 12:55:07.271, 1, 100 %, 77142 MiB
2026/09/28 12:55:07.272, 2, 100 %, 77142 MiB
2026/09/28 12:55:07.272, 3, 100 %, 77142 MiB
2026/09/28 12:55:07.272, 4, 100 %, 77142 MiB
2026/09/28 12:55:07.272, 5, 100 %, 77142 MiB
2026/09/28 12:55:07.272, 6, 100 %, 76854 MiB
2026/09/28 12:55:07.272, 7, 100 %, 77142 MiB
2026/09/28 12:55:12.273, 0, 93 %, 77354 MiB
2026/09/28 12:55:12.273, 1, 94 %, 77142 MiB
2026/09/28 12:55:12.274, 2, 95 %, 77142 MiB
2026/09/28 12:55:12.274, 3, 93 %, 77142 MiB
2026/09/28 12:55:12.275, 4, 74 %, 77142 MiB
2026/09/28 12:55:12.275, 5, 89 %, 77142 MiB
2026/09/28 12:55:12.275, 6, 78 %, 76854 MiB
2026/09/28 12:55:12.276, 7, 95 %, 77142 MiB
2026/09/28 12:55:17.276, 0, 100 %, 77354 MiB
2026/09/28 12:55:17.276, 1, 100 %, 77142 MiB
2026/09/28 12:55:17.276, 2, 100 %, 77142 MiB
2026/09/28 12:55:17.276, 3, 100 %, 77142 MiB
2026/09/28 12:55:17.276, 4, 100 %, 77142 MiB
2026/09/28 12:55:17.276, 5, 100 %, 77142 MiB
2026/09/28 12:55:17.276, 6, 100 %, 76854 MiB
2026/09/28 12:55:17.276, 7, 100 %, 77142 MiB
2026/09/28 12:55:22.277, 0, 99 %, 77354 MiB
2026/09/28 12:55:22.277, 1, 100 %, 77142 MiB
2026/09/28 12:55:22.277, 2, 100 %, 77142 MiB
2026/09/28 12:55:22.277, 3, 100 %, 77142 MiB
2026/09/28 12:55:22.277, 4, 100 %, 77142 MiB
2026/09/28 12:55:22.277, 5, 100 %, 77142 MiB
2026/09/28 12:55:22.277, 6, 100 %, 76854 MiB
2026/09/28 12:55:22.277, 7, 100 %, 77142 MiB
2026/09/28 12:55:27.277, 0, 100 %, 77354 MiB
2026/09/28 12:55:27.387, 1, 61 %, 77142 MiB
2026/09/28 12:55:27.387, 2, 90 %, 77142 MiB
2026/09/28 12:55:27.388, 3, 100 %, 77142 MiB
2026/09/28 12:55:27.390, 4, 81 %, 77142 MiB
2026/09/28 12:55:27.391, 5, 96 %, 77142 MiB
2026/09/28 12:55:27.391, 6, 93 %, 76854 MiB
2026/09/28 12:55:27.395, 7, 97 %, 77142 MiB
2026/09/28 12:55:32.396, 0, 100 %, 77354 MiB
2026/09/28 12:55:32.396, 1, 100 %, 77142 MiB
2026/09/28 12:55:32.396, 2, 100 %, 77142 MiB
2026/09/28 12:55:32.396, 3, 100 %, 77142 MiB
2026/09/28 12:55:32.396, 4, 100 %, 77142 MiB
2026/09/28 12:55:32.396, 5, 100 %, 77142 MiB
2026/09/28 12:55:32.396, 6, 100 %, 76854 MiB
2026/09/28 12:55:32.396, 7, 100 %, 77142 MiB
2026/09/28 12:55:37.396, 0, 100 %, 77354 MiB
2026/09/28 12:55:37.396, 1, 100 %, 77142 MiB
2026/09/28 12:55:37.396, 2, 100 %, 77142 MiB
2026/09/28 12:55:37.396, 3, 100 %, 77142 MiB
2026/09/28 12:55:37.397, 4, 100 %, 77142 MiB
2026/09/28 12:55:37.397, 5, 100 %, 77142 MiB
2026/09/28 12:55:37.397, 6, 100 %, 76854 MiB
2026/09/28 12:55:37.397, 7, 100 %, 77142 MiB
2026/09/28 12:55:42.397, 0, 100 %, 77354 MiB
2026/09/28 12:55:42.397, 1, 100 %, 77142 MiB
2026/09/28 12:55:42.398, 2, 100 %, 77142 MiB
2026/09/28 12:55:42.398, 3, 100 %, 77142 MiB
2026/09/28 12:55:42.398, 4, 100 %, 77142 MiB
2026/09/28 12:55:42.399, 5, 100 %, 77142 MiB
2026/09/28 12:55:42.400, 6, 100 %, 76854 MiB
2026/09/28 12:55:42.400, 7, 100 %, 77142 MiB
2026/09/28 12:55:47.401, 0, 94 %, 77354 MiB
2026/09/28 12:55:47.401, 1, 91 %, 77142 MiB
2026/09/28 12:55:47.402, 2, 95 %, 77142 MiB
2026/09/28 12:55:47.402, 3, 63 %, 77142 MiB
2026/09/28 12:55:47.403, 4, 96 %, 77142 MiB
2026/09/28 12:55:47.403, 5, 90 %, 77142 MiB
2026/09/28 12:55:47.403, 6, 96 %, 76854 MiB
2026/09/28 12:55:47.403, 7, 95 %, 77142 MiB
2026/09/28 12:55:52.404, 0, 100 %, 77354 MiB
2026/09/28 12:55:52.404, 1, 100 %, 77142 MiB
2026/09/28 12:55:52.405, 2, 100 %, 77142 MiB
2026/09/28 12:55:52.405, 3, 100 %, 77142 MiB
2026/09/28 12:55:52.406, 4, 100 %, 77142 MiB
2026/09/28 12:55:52.406, 5, 100 %, 77142 MiB
2026/09/28 12:55:52.406, 6, 100 %, 76854 MiB
2026/09/28 12:55:52.407, 7, 100 %, 77142 MiB
2026/09/28 12:55:57.408, 0, 96 %, 77354 MiB
2026/09/28 12:55:57.408, 1, 93 %, 77142 MiB
2026/09/28 12:55:57.408, 2, 80 %, 77142 MiB
2026/09/28 12:55:57.409, 3, 98 %, 77142 MiB
2026/09/28 12:55:57.409, 4, 98 %, 77142 MiB
2026/09/28 12:55:57.409, 5, 95 %, 77142 MiB
2026/09/28 12:55:57.410, 6, 97 %, 76854 MiB
2026/09/28 12:55:57.410, 7, 98 %, 77142 MiB
2026/09/28 12:56:02.411, 0, 100 %, 77354 MiB
2026/09/28 12:56:02.413, 1, 100 %, 77142 MiB
2026/09/28 12:56:02.413, 2, 100 %, 77142 MiB
2026/09/28 12:56:02.413, 3, 100 %, 77142 MiB
2026/09/28 12:56:02.414, 4, 100 %, 77142 MiB
2026/09/28 12:56:02.416, 5, 100 %, 77142 MiB
2026/09/28 12:56:02.416, 6, 100 %, 76854 MiB
2026/09/28 12:56:02.417, 7, 100 %, 77142 MiB
2026/09/28 12:56:07.417, 0, 100 %, 77354 MiB
2026/09/28 12:56:07.418, 1, 100 %, 77142 MiB
2026/09/28 12:56:07.418, 2, 100 %, 77142 MiB
2026/09/28 12:56:07.419, 3, 100 %, 77142 MiB
2026/09/28 12:56:07.419, 4, 100 %, 77142 MiB
2026/09/28 12:56:07.419, 5, 100 %, 77142 MiB
2026/09/28 12:56:07.420, 6, 100 %, 76854 MiB
2026/09/28 12:56:07.420, 7, 100 %, 77142 MiB
2026/09/28 12:56:12.420, 0, 100 %, 77354 MiB
2026/09/28 12:56:12.420, 1, 100 %, 77142 MiB
2026/09/28 12:56:12.420, 2, 100 %, 77142 MiB
2026/09/28 12:56:12.420, 3, 100 %, 77142 MiB
2026/09/28 12:56:12.420, 4, 95 %, 77142 MiB
2026/09/28 12:56:12.420, 5, 100 %, 77142 MiB
2026/09/28 12:56:12.420, 6, 100 %, 76854 MiB
2026/09/28 12:56:12.420, 7, 100 %, 77142 MiB
2026/09/28 12:56:17.421, 0, 100 %, 77354 MiB
2026/09/28 12:56:17.421, 1, 100 %, 77142 MiB
2026/09/28 12:56:17.421, 2, 100 %, 77142 MiB
2026/09/28 12:56:17.421, 3, 100 %, 77142 MiB
2026/09/28 12:56:17.421, 4, 100 %, 77142 MiB
2026/09/28 12:56:17.421, 5, 100 %, 77142 MiB
2026/09/28 12:56:17.421, 6, 100 %, 76854 MiB
2026/09/28 12:56:17.421, 7, 100 %, 77142 MiB
2026/09/28 12:56:22.421, 0, 99 %, 77354 MiB
2026/09/28 12:56:22.421, 1, 100 %, 77142 MiB
2026/09/28 12:56:22.421, 2, 99 %, 77142 MiB
2026/09/28 12:56:22.421, 3, 99 %, 77142 MiB
2026/09/28 12:56:22.421, 4, 99 %, 77142 MiB
2026/09/28 12:56:22.421, 5, 99 %, 77142 MiB
2026/09/28 12:56:22.421, 6, 99 %, 76854 MiB
2026/09/28 12:56:22.421, 7, 99 %, 77142 MiB
2026/09/28 12:56:27.422, 0, 100 %, 77354 MiB
2026/09/28 12:56:27.422, 1, 98 %, 77142 MiB
2026/09/28 12:56:27.422, 2, 100 %, 77142 MiB
2026/09/28 12:56:27.422, 3, 100 %, 77142 MiB
2026/09/28 12:56:27.422, 4, 98 %, 77142 MiB
2026/09/28 12:56:27.422, 5, 100 %, 77142 MiB
2026/09/28 12:56:27.422, 6, 100 %, 76854 MiB
2026/09/28 12:56:27.422, 7, 100 %, 77142 MiB
2026/09/28 12:56:32.422, 0, 98 %, 77354 MiB
2026/09/28 12:56:32.422, 1, 100 %, 77142 MiB
2026/09/28 12:56:32.422, 2, 98 %, 77142 MiB
2026/09/28 12:56:32.422, 3, 100 %, 77142 MiB
2026/09/28 12:56:32.422, 4, 100 %, 77142 MiB
2026/09/28 12:56:32.422, 5, 100 %, 77142 MiB
2026/09/28 12:56:32.422, 6, 100 %, 76854 MiB
2026/09/28 12:56:32.422, 7, 100 %, 77142 MiB
2026/09/28 12:56:37.423, 0, 100 %, 77354 MiB
2026/09/28 12:56:37.423, 1, 100 %, 77142 MiB
2026/09/28 12:56:37.423, 2, 100 %, 77142 MiB
2026/09/28 12:56:37.423, 3, 100 %, 77142 MiB
2026/09/28 12:56:37.423, 4, 100 %, 77142 MiB
2026/09/28 12:56:37.423, 5, 100 %, 77142 MiB
2026/09/28 12:56:37.423, 6, 100 %, 76854 MiB
2026/09/28 12:56:37.423, 7, 100 %, 77142 MiB
2026/09/28 12:56:42.423, 0, 100 %, 77354 MiB
2026/09/28 12:56:42.423, 1, 100 %, 77142 MiB
2026/09/28 12:56:42.423, 2, 100 %, 77142 MiB
2026/09/28 12:56:42.423, 3, 100 %, 77142 MiB
2026/09/28 12:56:42.423, 4, 100 %, 77142 MiB
2026/09/28 12:56:42.423, 5, 100 %, 77142 MiB
2026/09/28 12:56:42.423, 6, 100 %, 76854 MiB
2026/09/28 12:56:42.423, 7, 100 %, 77142 MiB
2026/09/28 12:56:47.424, 0, 100 %, 77354 MiB
2026/09/28 12:56:47.424, 1, 100 %, 77142 MiB
2026/09/28 12:56:47.424, 2, 100 %, 77142 MiB
2026/09/28 12:56:47.424, 3, 100 %, 77142 MiB
2026/09/28 12:56:47.424, 4, 100 %, 77142 MiB
2026/09/28 12:56:47.424, 5, 100 %, 77142 MiB
2026/09/28 12:56:47.424, 6, 100 %, 76854 MiB
2026/09/28 12:56:47.424, 7, 100 %, 77142 MiB
2026/09/28 12:56:52.424, 0, 99 %, 77354 MiB
2026/09/28 12:56:52.424, 1, 99 %, 77142 MiB
2026/09/28 12:56:52.424, 2, 91 %, 77142 MiB
2026/09/28 12:56:52.424, 3, 96 %, 77142 MiB
2026/09/28 12:56:52.424, 4, 82 %, 77142 MiB
2026/09/28 12:56:52.424, 5, 83 %, 77142 MiB
2026/09/28 12:56:52.424, 6, 95 %, 76854 MiB
2026/09/28 12:56:52.424, 7, 94 %, 77142 MiB
2026/09/28 12:56:57.424, 0, 100 %, 77354 MiB
2026/09/28 12:56:57.425, 1, 100 %, 77142 MiB
2026/09/28 12:56:57.425, 2, 98 %, 77142 MiB
2026/09/28 12:56:57.425, 3, 100 %, 77142 MiB
2026/09/28 12:56:57.425, 4, 100 %, 77142 MiB
2026/09/28 12:56:57.425, 5, 100 %, 77142 MiB
2026/09/28 12:56:57.425, 6, 99 %, 76854 MiB
2026/09/28 12:56:57.425, 7, 100 %, 77142 MiB
2026/09/28 12:57:02.425, 0, 100 %, 77354 MiB
2026/09/28 12:57:02.425, 1, 100 %, 77142 MiB
2026/09/28 12:57:02.425, 2, 100 %, 77142 MiB
2026/09/28 12:57:02.425, 3, 100 %, 77142 MiB
2026/09/28 12:57:02.425, 4, 100 %, 77142 MiB
2026/09/28 12:57:02.426, 5, 100 %, 77142 MiB
2026/09/28 12:57:02.426, 6, 100 %, 76854 MiB
2026/09/28 12:57:02.426, 7, 100 %, 77142 MiB
2026/09/28 12:57:07.426, 0, 100 %, 77354 MiB
2026/09/28 12:57:07.426, 1, 100 %, 77142 MiB
2026/09/28 12:57:07.426, 2, 100 %, 77142 MiB
2026/09/28 12:57:07.426, 3, 100 %, 77142 MiB
2026/09/28 12:57:07.426, 4, 100 %, 77142 MiB
2026/09/28 12:57:07.426, 5, 100 %, 77142 MiB
2026/09/28 12:57:07.426, 6, 100 %, 76854 MiB
2026/09/28 12:57:07.426, 7, 100 %, 77142 MiB
2026/09/28 12:57:12.426, 0, 100 %, 77354 MiB
2026/09/28 12:57:12.427, 1, 100 %, 77142 MiB
2026/09/28 12:57:12.427, 2, 100 %, 77142 MiB
2026/09/28 12:57:12.427, 3, 93 %, 77142 MiB
2026/09/28 12:57:12.428, 4, 100 %, 77142 MiB
2026/09/28 12:57:12.428, 5, 98 %, 77142 MiB
2026/09/28 12:57:12.428, 6, 100 %, 76854 MiB
2026/09/28 12:57:12.428, 7, 93 %, 77142 MiB
2026/09/28 12:57:17.429, 0, 80 %, 77354 MiB
2026/09/28 12:57:17.429, 1, 58 %, 77142 MiB
2026/09/28 12:57:17.429, 2, 88 %, 77142 MiB
2026/09/28 12:57:17.429, 3, 93 %, 77142 MiB
2026/09/28 12:57:17.429, 4, 92 %, 77142 MiB
2026/09/28 12:57:17.429, 5, 94 %, 77142 MiB
2026/09/28 12:57:17.429, 6, 86 %, 76854 MiB
2026/09/28 12:57:17.429, 7, 86 %, 77142 MiB
2026/09/28 12:57:22.430, 0, 100 %, 77354 MiB
2026/09/28 12:57:22.430, 1, 100 %, 77142 MiB
2026/09/28 12:57:22.432, 2, 100 %, 77142 MiB
2026/09/28 12:57:22.433, 3, 100 %, 77142 MiB
2026/09/28 12:57:22.434, 4, 100 %, 77142 MiB
2026/09/28 12:57:22.434, 5, 100 %, 77142 MiB
2026/09/28 12:57:22.435, 6, 100 %, 76854 MiB
2026/09/28 12:57:22.435, 7, 100 %, 77142 MiB
2026/09/28 12:57:27.436, 0, 100 %, 77354 MiB
2026/09/28 12:57:27.436, 1, 100 %, 77142 MiB
2026/09/28 12:57:27.437, 2, 100 %, 77142 MiB
2026/09/28 12:57:27.437, 3, 100 %, 77142 MiB
2026/09/28 12:57:27.438, 4, 100 %, 77142 MiB
2026/09/28 12:57:27.438, 5, 100 %, 77142 MiB
2026/09/28 12:57:27.438, 6, 100 %, 76854 MiB
2026/09/28 12:57:27.439, 7, 100 %, 77142 MiB
2026/09/28 12:57:32.440, 0, 99 %, 77354 MiB
2026/09/28 12:57:32.440, 1, 99 %, 77142 MiB
2026/09/28 12:57:32.440, 2, 99 %, 77142 MiB
2026/09/28 12:57:32.440, 3, 100 %, 77142 MiB
2026/09/28 12:57:32.440, 4, 74 %, 77142 MiB
2026/09/28 12:57:32.440, 5, 100 %, 77142 MiB
2026/09/28 12:57:32.440, 6, 99 %, 76854 MiB
2026/09/28 12:57:32.440, 7, 100 %, 77142 MiB
2026/09/28 12:57:37.440, 0, 100 %, 77354 MiB
2026/09/28 12:57:37.749, 1, 100 %, 77142 MiB
2026/09/28 12:57:37.754, 2, 100 %, 77142 MiB
2026/09/28 12:57:37.755, 3, 97 %, 77142 MiB
2026/09/28 12:57:37.759, 4, 100 %, 77142 MiB
2026/09/28 12:57:37.759, 5, 100 %, 77142 MiB
2026/09/28 12:57:37.759, 6, 100 %, 76854 MiB
2026/09/28 12:57:37.760, 7, 98 %, 77142 MiB
2026/09/28 12:57:42.760, 0, 100 %, 77354 MiB
2026/09/28 12:57:42.941, 1, 100 %, 77142 MiB
2026/09/28 12:57:42.944, 2, 100 %, 77142 MiB
2026/09/28 12:57:42.945, 3, 100 %, 77142 MiB
2026/09/28 12:57:42.945, 4, 100 %, 77142 MiB
2026/09/28 12:57:42.946, 5, 100 %, 77142 MiB
2026/09/28 12:57:42.946, 6, 100 %, 76854 MiB
2026/09/28 12:57:42.947, 7, 100 %, 77142 MiB
2026/09/28 12:57:47.948, 0, 100 %, 77354 MiB
2026/09/28 12:57:47.948, 1, 100 %, 77142 MiB
2026/09/28 12:57:47.948, 2, 100 %, 77142 MiB
2026/09/28 12:57:47.948, 3, 100 %, 77142 MiB
2026/09/28 12:57:47.948, 4, 100 %, 77142 MiB
2026/09/28 12:57:47.948, 5, 100 %, 77142 MiB
2026/09/28 12:57:47.948, 6, 100 %, 76854 MiB
2026/09/28 12:57:47.948, 7, 100 %, 77142 MiB
2026/09/28 12:57:52.949, 0, 97 %, 77354 MiB
2026/09/28 12:57:52.951, 1, 100 %, 77142 MiB
2026/09/28 12:57:52.954, 2, 97 %, 77142 MiB
2026/09/28 12:57:52.961, 3, 98 %, 77142 MiB
2026/09/28 12:57:52.963, 4, 94 %, 77142 MiB
2026/09/28 12:57:52.965, 5, 97 %, 77142 MiB
2026/09/28 12:57:52.965, 6, 92 %, 76854 MiB
2026/09/28 12:57:52.965, 7, 94 %, 77142 MiB
2026/09/28 12:57:57.966, 0, 100 %, 77354 MiB
2026/09/28 12:57:57.966, 1, 100 %, 77142 MiB
2026/09/28 12:57:57.966, 2, 100 %, 77142 MiB
2026/09/28 12:57:57.966, 3, 100 %, 77142 MiB
2026/09/28 12:57:57.966, 4, 100 %, 77142 MiB
2026/09/28 12:57:57.966, 5, 100 %, 77142 MiB
2026/09/28 12:57:57.966, 6, 100 %, 76854 MiB
2026/09/28 12:57:57.966, 7, 100 %, 77142 MiB
2026/09/28 12:58:02.967, 0, 100 %, 77354 MiB
2026/09/28 12:58:03.051, 1, 100 %, 77142 MiB
2026/09/28 12:58:03.051, 2, 100 %, 77142 MiB
2026/09/28 12:58:03.053, 3, 98 %, 77142 MiB
2026/09/28 12:58:03.057, 4, 98 %, 77142 MiB
2026/09/28 12:58:03.057, 5, 100 %, 77142 MiB
2026/09/28 12:58:03.058, 6, 98 %, 76854 MiB
2026/09/28 12:58:03.065, 7, 98 %, 77142 MiB
2026/09/28 12:58:08.150, 0, 100 %, 77354 MiB
2026/09/28 12:58:08.151, 1, 100 %, 77142 MiB
2026/09/28 12:58:08.153, 2, 100 %, 77142 MiB
2026/09/28 12:58:08.154, 3, 94 %, 77142 MiB
2026/09/28 12:58:08.156, 4, 100 %, 77142 MiB
2026/09/28 12:58:08.156, 5, 99 %, 77142 MiB
2026/09/28 12:58:08.157, 6, 100 %, 76854 MiB
2026/09/28 12:58:08.157, 7, 100 %, 77142 MiB
2026/09/28 12:58:13.158, 0, 100 %, 77354 MiB
2026/09/28 12:58:13.158, 1, 100 %, 77142 MiB
2026/09/28 12:58:13.158, 2, 100 %, 77142 MiB
2026/09/28 12:58:13.158, 3, 100 %, 77142 MiB
2026/09/28 12:58:13.158, 4, 100 %, 77142 MiB
2026/09/28 12:58:13.158, 5, 100 %, 77142 MiB
2026/09/28 12:58:13.158, 6, 100 %, 76854 MiB
2026/09/28 12:58:13.158, 7, 100 %, 77142 MiB
2026/09/28 12:58:18.159, 0, 100 %, 77354 MiB
2026/09/28 12:58:18.159, 1, 92 %, 77142 MiB
2026/09/28 12:58:18.159, 2, 100 %, 77142 MiB
2026/09/28 12:58:18.159, 3, 90 %, 77142 MiB
2026/09/28 12:58:18.159, 4, 96 %, 77142 MiB
2026/09/28 12:58:18.159, 5, 97 %, 77142 MiB
2026/09/28 12:58:18.159, 6, 97 %, 76854 MiB
2026/09/28 12:58:18.159, 7, 95 %, 77142 MiB
2026/09/28 12:58:23.160, 0, 100 %, 77354 MiB
2026/09/28 12:58:23.160, 1, 100 %, 77142 MiB
2026/09/28 12:58:23.160, 2, 100 %, 77142 MiB
2026/09/28 12:58:23.160, 3, 100 %, 77142 MiB
2026/09/28 12:58:23.160, 4, 100 %, 77142 MiB
2026/09/28 12:58:23.160, 5, 100 %, 77142 MiB
2026/09/28 12:58:23.160, 6, 100 %, 76854 MiB
2026/09/28 12:58:23.160, 7, 100 %, 77142 MiB
2026/09/28 12:58:28.160, 0, 100 %, 77354 MiB
2026/09/28 12:58:28.160, 1, 100 %, 77142 MiB
2026/09/28 12:58:28.161, 2, 100 %, 77142 MiB
2026/09/28 12:58:28.162, 3, 100 %, 77142 MiB
2026/09/28 12:58:28.163, 4, 100 %, 77142 MiB
2026/09/28 12:58:28.163, 5, 100 %, 77142 MiB
2026/09/28 12:58:28.164, 6, 100 %, 76854 MiB
2026/09/28 12:58:28.164, 7, 100 %, 77142 MiB
2026/09/28 12:58:33.165, 0, 100 %, 77354 MiB
2026/09/28 12:58:33.165, 1, 100 %, 77142 MiB
2026/09/28 12:58:33.165, 2, 100 %, 77142 MiB
2026/09/28 12:58:33.165, 3, 100 %, 77142 MiB
2026/09/28 12:58:33.165, 4, 100 %, 77142 MiB
2026/09/28 12:58:33.165, 5, 100 %, 77142 MiB
2026/09/28 12:58:33.165, 6, 100 %, 76854 MiB
2026/09/28 12:58:33.165, 7, 100 %, 77142 MiB
2026/09/28 12:58:38.166, 0, 100 %, 77354 MiB
2026/09/28 12:58:38.170, 1, 88 %, 77142 MiB
2026/09/28 12:58:38.171, 2, 100 %, 77142 MiB
2026/09/28 12:58:38.250, 3, 100 %, 77142 MiB
2026/09/28 12:58:38.251, 4, 100 %, 77142 MiB
2026/09/28 12:58:38.253, 5, 100 %, 77142 MiB
2026/09/28 12:58:38.254, 6, 100 %, 76854 MiB
2026/09/28 12:58:38.259, 7, 100 %, 77142 MiB
2026/09/28 12:58:43.265, 0, 98 %, 77354 MiB
2026/09/28 12:58:43.266, 1, 100 %, 77142 MiB
2026/09/28 12:58:43.266, 2, 100 %, 77142 MiB
2026/09/28 12:58:43.266, 3, 98 %, 77142 MiB
2026/09/28 12:58:43.267, 4, 98 %, 77142 MiB
2026/09/28 12:58:43.267, 5, 100 %, 77142 MiB
2026/09/28 12:58:43.267, 6, 100 %, 76854 MiB
2026/09/28 12:58:43.268, 7, 99 %, 77142 MiB
2026/09/28 12:58:48.268, 0, 100 %, 77354 MiB
2026/09/28 12:58:48.268, 1, 100 %, 77142 MiB
2026/09/28 12:58:48.268, 2, 100 %, 77142 MiB
2026/09/28 12:58:48.268, 3, 100 %, 77142 MiB
2026/09/28 12:58:48.268, 4, 100 %, 77142 MiB
2026/09/28 12:58:48.268, 5, 100 %, 77142 MiB
2026/09/28 12:58:48.268, 6, 100 %, 76854 MiB
2026/09/28 12:58:48.268, 7, 100 %, 77142 MiB
2026/09/28 12:58:53.269, 0, 91 %, 77354 MiB
2026/09/28 12:58:53.269, 1, 81 %, 77142 MiB
2026/09/28 12:58:53.270, 2, 93 %, 77142 MiB
2026/09/28 12:58:53.270, 3, 93 %, 77142 MiB
2026/09/28 12:58:53.270, 4, 83 %, 77142 MiB
2026/09/28 12:58:53.271, 5, 64 %, 77142 MiB
2026/09/28 12:58:53.271, 6, 96 %, 76854 MiB
2026/09/28 12:58:53.271, 7, 89 %, 77142 MiB
2026/09/28 12:58:58.272, 0, 100 %, 77354 MiB
2026/09/28 12:58:58.272, 1, 100 %, 77142 MiB
2026/09/28 12:58:58.272, 2, 100 %, 77142 MiB
2026/09/28 12:58:58.273, 3, 100 %, 77142 MiB
2026/09/28 12:58:58.275, 4, 100 %, 77142 MiB
2026/09/28 12:58:58.278, 5, 100 %, 77142 MiB
2026/09/28 12:58:58.280, 6, 100 %, 76854 MiB
2026/09/28 12:58:58.282, 7, 100 %, 77142 MiB
2026/09/28 12:59:03.282, 0, 93 %, 77354 MiB
2026/09/28 12:59:03.283, 1, 100 %, 77142 MiB
2026/09/28 12:59:03.285, 2, 99 %, 77142 MiB
2026/09/28 12:59:03.286, 3, 100 %, 77142 MiB
2026/09/28 12:59:03.286, 4, 100 %, 77142 MiB
2026/09/28 12:59:03.286, 5, 94 %, 77142 MiB
2026/09/28 12:59:03.287, 6, 99 %, 76854 MiB
2026/09/28 12:59:03.287, 7, 100 %, 77142 MiB
2026/09/28 12:59:08.288, 0, 100 %, 77354 MiB
2026/09/28 12:59:08.288, 1, 100 %, 77142 MiB
2026/09/28 12:59:08.288, 2, 100 %, 77142 MiB
2026/09/28 12:59:08.288, 3, 100 %, 77142 MiB
2026/09/28 12:59:08.289, 4, 100 %, 77142 MiB
2026/09/28 12:59:08.289, 5, 100 %, 77142 MiB
2026/09/28 12:59:08.290, 6, 100 %, 76854 MiB
2026/09/28 12:59:08.290, 7, 100 %, 77142 MiB
2026/09/28 12:59:13.291, 0, 98 %, 77354 MiB
2026/09/28 12:59:13.291, 1, 100 %, 77142 MiB
2026/09/28 12:59:13.291, 2, 98 %, 77142 MiB
2026/09/28 12:59:13.292, 3, 98 %, 77142 MiB
2026/09/28 12:59:13.292, 4, 98 %, 77142 MiB
2026/09/28 12:59:13.292, 5, 98 %, 77142 MiB
2026/09/28 12:59:13.293, 6, 98 %, 76854 MiB
2026/09/28 12:59:13.293, 7, 98 %, 77142 MiB
2026/09/28 12:59:18.294, 0, 94 %, 77354 MiB
2026/09/28 12:59:18.295, 1, 94 %, 77142 MiB
2026/09/28 12:59:18.295, 2, 88 %, 77142 MiB
2026/09/28 12:59:18.295, 3, 100 %, 77142 MiB
2026/09/28 12:59:18.295, 4, 99 %, 77142 MiB
2026/09/28 12:59:18.297, 5, 94 %, 77142 MiB
2026/09/28 12:59:18.298, 6, 87 %, 76854 MiB
2026/09/28 12:59:18.298, 7, 94 %, 77142 MiB
2026/09/28 12:59:23.299, 0, 100 %, 77354 MiB
2026/09/28 12:59:23.304, 1, 100 %, 77142 MiB
2026/09/28 12:59:23.306, 2, 97 %, 77142 MiB
2026/09/28 12:59:23.308, 3, 100 %, 77142 MiB
2026/09/28 12:59:23.308, 4, 100 %, 77142 MiB
2026/09/28 12:59:23.309, 5, 100 %, 77142 MiB
2026/09/28 12:59:23.310, 6, 100 %, 76854 MiB
2026/09/28 12:59:23.313, 7, 100 %, 77142 MiB
2026/09/28 12:59:28.314, 0, 100 %, 77354 MiB
2026/09/28 12:59:28.314, 1, 100 %, 77142 MiB
2026/09/28 12:59:28.314, 2, 100 %, 77142 MiB
2026/09/28 12:59:28.314, 3, 100 %, 77142 MiB
2026/09/28 12:59:28.314, 4, 100 %, 77142 MiB
2026/09/28 12:59:28.314, 5, 100 %, 77142 MiB
2026/09/28 12:59:28.314, 6, 100 %, 76854 MiB
2026/09/28 12:59:28.314, 7, 100 %, 77142 MiB
2026/09/28 12:59:33.314, 0, 100 %, 77354 MiB
2026/09/28 12:59:33.314, 1, 100 %, 77142 MiB
2026/09/28 12:59:33.318, 2, 100 %, 77142 MiB
2026/09/28 12:59:33.319, 3, 100 %, 77142 MiB
2026/09/28 12:59:33.324, 4, 100 %, 77142 MiB
2026/09/28 12:59:33.324, 5, 100 %, 77142 MiB
2026/09/28 12:59:33.325, 6, 100 %, 76854 MiB
2026/09/28 12:59:33.327, 7, 100 %, 77142 MiB
2026/09/28 12:59:38.327, 0, 100 %, 77356 MiB
2026/09/28 12:59:38.328, 1, 100 %, 77142 MiB
2026/09/28 12:59:38.328, 2, 99 %, 77142 MiB
2026/09/28 12:59:38.328, 3, 100 %, 77142 MiB
2026/09/28 12:59:38.328, 4, 99 %, 77142 MiB
2026/09/28 12:59:38.328, 5, 100 %, 77142 MiB
2026/09/28 12:59:38.328, 6, 99 %, 76854 MiB
2026/09/28 12:59:38.328, 7, 99 %, 77142 MiB
2026/09/28 12:59:43.329, 0, 100 %, 77356 MiB
2026/09/28 12:59:43.329, 1, 100 %, 77142 MiB
2026/09/28 12:59:43.333, 2, 100 %, 77142 MiB
2026/09/28 12:59:43.337, 3, 100 %, 77142 MiB
2026/09/28 12:59:43.338, 4, 100 %, 77142 MiB
2026/09/28 12:59:43.339, 5, 100 %, 77142 MiB
2026/09/28 12:59:43.341, 6, 100 %, 76854 MiB
2026/09/28 12:59:43.342, 7, 100 %, 77142 MiB
2026/09/28 12:59:48.342, 0, 100 %, 77356 MiB
2026/09/28 12:59:48.344, 1, 100 %, 77142 MiB
2026/09/28 12:59:48.352, 2, 100 %, 77144 MiB
2026/09/28 12:59:48.352, 3, 100 %, 77144 MiB
2026/09/28 12:59:48.353, 4, 100 %, 77144 MiB
2026/09/28 12:59:48.353, 5, 100 %, 77142 MiB
2026/09/28 12:59:48.353, 6, 100 %, 76856 MiB
2026/09/28 12:59:48.353, 7, 100 %, 77142 MiB
2026/09/28 12:59:53.354, 0, 76 %, 77356 MiB
2026/09/28 12:59:53.354, 1, 95 %, 77142 MiB
2026/09/28 12:59:53.354, 2, 91 %, 77144 MiB
2026/09/28 12:59:53.354, 3, 87 %, 77144 MiB
2026/09/28 12:59:53.354, 4, 93 %, 77144 MiB
2026/09/28 12:59:53.354, 5, 94 %, 77142 MiB
2026/09/28 12:59:53.354, 6, 95 %, 76856 MiB
2026/09/28 12:59:53.354, 7, 95 %, 77142 MiB
2026/09/28 12:59:58.354, 0, 100 %, 77356 MiB
2026/09/28 12:59:58.654, 1, 100 %, 77142 MiB
2026/09/28 12:59:58.656, 2, 100 %, 77144 MiB
2026/09/28 12:59:58.661, 3, 100 %, 77144 MiB
2026/09/28 12:59:58.662, 4, 100 %, 77144 MiB
2026/09/28 12:59:58.663, 5, 100 %, 77142 MiB
2026/09/28 12:59:58.664, 6, 100 %, 76856 MiB
2026/09/28 12:59:58.665, 7, 100 %, 77142 MiB
2026/09/28 13:00:03.666, 0, 100 %, 77356 MiB
2026/09/28 13:00:03.666, 1, 47 %, 77142 MiB
2026/09/28 13:00:03.666, 2, 99 %, 77144 MiB
2026/09/28 13:00:03.666, 3, 99 %, 77144 MiB
2026/09/28 13:00:03.666, 4, 99 %, 77144 MiB
2026/09/28 13:00:03.666, 5, 99 %, 77142 MiB
2026/09/28 13:00:03.666, 6, 100 %, 76856 MiB
2026/09/28 13:00:03.666, 7, 99 %, 77142 MiB
2026/09/28 13:00:08.666, 0, 99 %, 77356 MiB
2026/09/28 13:00:08.667, 1, 86 %, 77142 MiB
2026/09/28 13:00:08.667, 2, 94 %, 77144 MiB
2026/09/28 13:00:08.668, 3, 99 %, 77144 MiB
2026/09/28 13:00:08.668, 4, 90 %, 77144 MiB
2026/09/28 13:00:08.668, 5, 69 %, 77142 MiB
2026/09/28 13:00:08.669, 6, 100 %, 76856 MiB
2026/09/28 13:00:08.669, 7, 97 %, 77142 MiB
2026/09/28 13:00:13.670, 0, 100 %, 77356 MiB
2026/09/28 13:00:13.877, 1, 100 %, 77142 MiB
2026/09/28 13:00:13.881, 2, 100 %, 77144 MiB
2026/09/28 13:00:13.881, 3, 100 %, 77144 MiB
2026/09/28 13:00:13.886, 4, 100 %, 77144 MiB
2026/09/28 13:00:13.889, 5, 100 %, 77142 MiB
2026/09/28 13:00:13.889, 6, 100 %, 76856 MiB
2026/09/28 13:00:13.890, 7, 100 %, 77142 MiB
2026/09/28 13:00:18.890, 0, 100 %, 77356 MiB
2026/09/28 13:00:18.890, 1, 100 %, 77142 MiB
2026/09/28 13:00:18.890, 2, 100 %, 77144 MiB
2026/09/28 13:00:18.891, 3, 98 %, 77144 MiB
2026/09/28 13:00:18.891, 4, 100 %, 77144 MiB
2026/09/28 13:00:18.891, 5, 100 %, 77142 MiB
2026/09/28 13:00:18.891, 6, 100 %, 76856 MiB
2026/09/28 13:00:18.891, 7, 100 %, 77142 MiB
2026/09/28 13:00:23.891, 0, 100 %, 77356 MiB
2026/09/28 13:00:23.891, 1, 100 %, 77142 MiB
2026/09/28 13:00:23.891, 2, 100 %, 77144 MiB
2026/09/28 13:00:23.891, 3, 100 %, 77144 MiB
2026/09/28 13:00:23.891, 4, 100 %, 77144 MiB
2026/09/28 13:00:23.891, 5, 100 %, 77142 MiB
2026/09/28 13:00:23.891, 6, 100 %, 76856 MiB
2026/09/28 13:00:23.891, 7, 100 %, 77142 MiB
2026/09/28 13:00:28.892, 0, 100 %, 77356 MiB
2026/09/28 13:00:28.914, 1, 100 %, 77142 MiB
2026/09/28 13:00:28.914, 2, 100 %, 77144 MiB
2026/09/28 13:00:28.914, 3, 100 %, 77144 MiB
2026/09/28 13:00:28.914, 4, 99 %, 77144 MiB
2026/09/28 13:00:28.914, 5, 100 %, 77142 MiB
2026/09/28 13:00:28.914, 6, 100 %, 76856 MiB
2026/09/28 13:00:28.914, 7, 100 %, 77142 MiB
2026/09/28 13:00:33.914, 0, 100 %, 77356 MiB
2026/09/28 13:00:33.915, 1, 100 %, 77142 MiB
2026/09/28 13:00:33.915, 2, 100 %, 77144 MiB
2026/09/28 13:00:33.916, 3, 100 %, 77144 MiB
2026/09/28 13:00:33.916, 4, 100 %, 77144 MiB
2026/09/28 13:00:33.917, 5, 100 %, 77142 MiB
2026/09/28 13:00:33.917, 6, 100 %, 76856 MiB
2026/09/28 13:00:33.918, 7, 100 %, 77142 MiB
2026/09/28 13:00:38.918, 0, 100 %, 77356 MiB
2026/09/28 13:00:38.918, 1, 100 %, 77142 MiB
2026/09/28 13:00:38.918, 2, 100 %, 77144 MiB
2026/09/28 13:00:38.918, 3, 100 %, 77144 MiB
2026/09/28 13:00:38.918, 4, 100 %, 77144 MiB
2026/09/28 13:00:38.918, 5, 100 %, 77142 MiB
2026/09/28 13:00:38.918, 6, 100 %, 76856 MiB
2026/09/28 13:00:38.918, 7, 100 %, 77142 MiB
2026/09/28 13:00:43.919, 0, 100 %, 77356 MiB
2026/09/28 13:00:43.919, 1, 100 %, 77142 MiB
2026/09/28 13:00:43.919, 2, 100 %, 77144 MiB
2026/09/28 13:00:43.920, 3, 100 %, 77144 MiB
2026/09/28 13:00:43.920, 4, 100 %, 77144 MiB
2026/09/28 13:00:43.921, 5, 99 %, 77142 MiB
2026/09/28 13:00:43.921, 6, 100 %, 76856 MiB
2026/09/28 13:00:43.921, 7, 100 %, 77142 MiB
2026/09/28 13:00:48.922, 0, 100 %, 77356 MiB
2026/09/28 13:00:48.922, 1, 100 %, 77142 MiB
2026/09/28 13:00:48.922, 2, 92 %, 77144 MiB
2026/09/28 13:00:48.922, 3, 96 %, 77144 MiB
2026/09/28 13:00:48.922, 4, 97 %, 77144 MiB
2026/09/28 13:00:48.922, 5, 97 %, 77142 MiB
2026/09/28 13:00:48.922, 6, 100 %, 76856 MiB
2026/09/28 13:00:48.922, 7, 98 %, 77142 MiB
2026/09/28 13:00:53.923, 0, 100 %, 77356 MiB
2026/09/28 13:00:53.924, 1, 100 %, 77142 MiB
2026/09/28 13:00:53.925, 2, 100 %, 77144 MiB
2026/09/28 13:00:53.926, 3, 100 %, 77144 MiB
2026/09/28 13:00:53.926, 4, 100 %, 77144 MiB
2026/09/28 13:00:53.927, 5, 100 %, 77142 MiB
2026/09/28 13:00:53.927, 6, 100 %, 76856 MiB
2026/09/28 13:00:53.927, 7, 98 %, 77142 MiB
2026/09/28 13:00:58.928, 0, 100 %, 77356 MiB
2026/09/28 13:00:58.928, 1, 100 %, 77144 MiB
2026/09/28 13:00:58.928, 2, 100 %, 77146 MiB
2026/09/28 13:00:58.929, 3, 100 %, 77146 MiB
2026/09/28 13:00:58.930, 4, 100 %, 77146 MiB
2026/09/28 13:00:58.930, 5, 100 %, 77144 MiB
2026/09/28 13:00:58.930, 6, 100 %, 76858 MiB
2026/09/28 13:00:58.931, 7, 100 %, 77142 MiB
2026/09/28 13:01:03.931, 0, 93 %, 77356 MiB
2026/09/28 13:01:03.931, 1, 93 %, 77144 MiB
2026/09/28 13:01:03.931, 2, 96 %, 77146 MiB
2026/09/28 13:01:03.931, 3, 94 %, 77146 MiB
2026/09/28 13:01:03.931, 4, 57 %, 77146 MiB
2026/09/28 13:01:03.932, 5, 82 %, 77144 MiB
2026/09/28 13:01:03.932, 6, 98 %, 76858 MiB
2026/09/28 13:01:03.932, 7, 98 %, 77142 MiB
2026/09/28 13:01:08.932, 0, 100 %, 77356 MiB
2026/09/28 13:01:08.932, 1, 100 %, 77144 MiB
2026/09/28 13:01:08.932, 2, 100 %, 77146 MiB
2026/09/28 13:01:08.934, 3, 100 %, 77146 MiB
2026/09/28 13:01:08.935, 4, 100 %, 77146 MiB
2026/09/28 13:01:08.935, 5, 100 %, 77144 MiB
2026/09/28 13:01:08.936, 6, 96 %, 76858 MiB
2026/09/28 13:01:08.938, 7, 100 %, 77142 MiB
2026/09/28 13:01:13.938, 0, 91 %, 77356 MiB
2026/09/28 13:01:13.938, 1, 100 %, 77144 MiB
2026/09/28 13:01:13.938, 2, 76 %, 77146 MiB
2026/09/28 13:01:13.938, 3, 100 %, 77146 MiB
2026/09/28 13:01:13.938, 4, 64 %, 77146 MiB
2026/09/28 13:01:13.938, 5, 100 %, 77144 MiB
2026/09/28 13:01:13.938, 6, 99 %, 76858 MiB
2026/09/28 13:01:13.938, 7, 100 %, 77142 MiB
2026/09/28 13:01:18.939, 0, 100 %, 77356 MiB
2026/09/28 13:01:18.939, 1, 94 %, 77144 MiB
2026/09/28 13:01:18.940, 2, 100 %, 77146 MiB
2026/09/28 13:01:18.941, 3, 100 %, 77146 MiB
2026/09/28 13:01:18.941, 4, 100 %, 77146 MiB
2026/09/28 13:01:18.941, 5, 100 %, 77144 MiB
2026/09/28 13:01:18.942, 6, 100 %, 76858 MiB
2026/09/28 13:01:18.942, 7, 100 %, 77142 MiB
2026/09/28 13:01:23.943, 0, 54 %, 77356 MiB
2026/09/28 13:01:23.943, 1, 94 %, 77144 MiB
2026/09/28 13:01:23.943, 2, 71 %, 77146 MiB
2026/09/28 13:01:23.943, 3, 95 %, 77146 MiB
2026/09/28 13:01:23.943, 4, 95 %, 77146 MiB
2026/09/28 13:01:23.943, 5, 91 %, 77144 MiB
2026/09/28 13:01:23.943, 6, 95 %, 76858 MiB
2026/09/28 13:01:23.943, 7, 90 %, 77142 MiB
2026/09/28 13:01:28.943, 0, 100 %, 77356 MiB
2026/09/28 13:01:28.944, 1, 100 %, 77144 MiB
2026/09/28 13:01:28.944, 2, 97 %, 77146 MiB
2026/09/28 13:01:28.944, 3, 100 %, 77146 MiB
2026/09/28 13:01:28.944, 4, 98 %, 77146 MiB
2026/09/28 13:01:28.944, 5, 100 %, 77144 MiB
2026/09/28 13:01:28.944, 6, 98 %, 76858 MiB
2026/09/28 13:01:28.944, 7, 100 %, 77142 MiB
2026/09/28 13:01:33.944, 0, 97 %, 77356 MiB
2026/09/28 13:01:33.944, 1, 98 %, 77144 MiB
2026/09/28 13:01:33.944, 2, 100 %, 77146 MiB
2026/09/28 13:01:33.944, 3, 98 %, 77146 MiB
2026/09/28 13:01:33.944, 4, 100 %, 77146 MiB
2026/09/28 13:01:33.944, 5, 95 %, 77144 MiB
2026/09/28 13:01:33.944, 6, 95 %, 76858 MiB
2026/09/28 13:01:33.944, 7, 95 %, 77142 MiB
2026/09/28 13:01:38.945, 0, 100 %, 77356 MiB
2026/09/28 13:01:38.945, 1, 100 %, 77144 MiB
2026/09/28 13:01:38.945, 2, 100 %, 77146 MiB
2026/09/28 13:01:38.945, 3, 100 %, 77146 MiB
2026/09/28 13:01:38.945, 4, 100 %, 77146 MiB
2026/09/28 13:01:38.945, 5, 100 %, 77144 MiB
2026/09/28 13:01:38.945, 6, 100 %, 76858 MiB
2026/09/28 13:01:38.945, 7, 100 %, 77142 MiB
2026/09/28 13:01:43.945, 0, 96 %, 77356 MiB
2026/09/28 13:01:43.945, 1, 96 %, 77144 MiB
2026/09/28 13:01:43.945, 2, 100 %, 77146 MiB
2026/09/28 13:01:43.945, 3, 100 %, 77146 MiB
2026/09/28 13:01:43.945, 4, 100 %, 77146 MiB
2026/09/28 13:01:43.945, 5, 100 %, 77144 MiB
2026/09/28 13:01:43.945, 6, 100 %, 76858 MiB
2026/09/28 13:01:43.945, 7, 100 %, 77142 MiB
2026/09/28 13:01:48.946, 0, 100 %, 77356 MiB
2026/09/28 13:01:48.946, 1, 100 %, 77144 MiB
2026/09/28 13:01:48.946, 2, 100 %, 77146 MiB
2026/09/28 13:01:48.947, 3, 100 %, 77146 MiB
2026/09/28 13:01:48.947, 4, 100 %, 77146 MiB
2026/09/28 13:01:48.948, 5, 100 %, 77144 MiB
2026/09/28 13:01:48.948, 6, 100 %, 76858 MiB
2026/09/28 13:01:48.948, 7, 100 %, 77142 MiB
2026/09/28 13:01:53.949, 0, 100 %, 77356 MiB
2026/09/28 13:01:53.949, 1, 98 %, 77144 MiB
2026/09/28 13:01:53.950, 2, 100 %, 77146 MiB
2026/09/28 13:01:53.950, 3, 100 %, 77146 MiB
2026/09/28 13:01:53.950, 4, 100 %, 77146 MiB
2026/09/28 13:01:53.950, 5, 100 %, 77144 MiB
2026/09/28 13:01:53.951, 6, 100 %, 76858 MiB
2026/09/28 13:01:53.951, 7, 100 %, 77142 MiB
2026/09/28 13:01:58.955, 0, 100 %, 77356 MiB
2026/09/28 13:01:58.955, 1, 100 %, 77144 MiB
2026/09/28 13:01:58.955, 2, 100 %, 77146 MiB
2026/09/28 13:01:58.955, 3, 100 %, 77146 MiB
2026/09/28 13:01:58.955, 4, 100 %, 77146 MiB
2026/09/28 13:01:58.955, 5, 100 %, 77144 MiB
2026/09/28 13:01:58.955, 6, 100 %, 76858 MiB
2026/09/28 13:01:58.955, 7, 100 %, 77142 MiB
2026/09/28 13:02:03.956, 0, 100 %, 77356 MiB
2026/09/28 13:02:03.956, 1, 100 %, 77144 MiB
2026/09/28 13:02:03.956, 2, 100 %, 77146 MiB
2026/09/28 13:02:03.959, 3, 100 %, 77146 MiB
2026/09/28 13:02:03.960, 4, 100 %, 77146 MiB
2026/09/28 13:02:03.960, 5, 100 %, 77144 MiB
2026/09/28 13:02:03.960, 6, 100 %, 76858 MiB
2026/09/28 13:02:03.960, 7, 100 %, 77142 MiB
2026/09/28 13:02:08.960, 0, 100 %, 77356 MiB
2026/09/28 13:02:08.961, 1, 100 %, 77144 MiB
2026/09/28 13:02:08.961, 2, 100 %, 77146 MiB
2026/09/28 13:02:08.961, 3, 100 %, 77146 MiB
2026/09/28 13:02:08.961, 4, 100 %, 77146 MiB
2026/09/28 13:02:08.962, 5, 100 %, 77144 MiB
2026/09/28 13:02:08.962, 6, 100 %, 76858 MiB
2026/09/28 13:02:08.963, 7, 100 %, 77142 MiB
2026/09/28 13:02:13.963, 0, 100 %, 77356 MiB
2026/09/28 13:02:14.325, 1, 100 %, 77144 MiB
2026/09/28 13:02:14.327, 2, 100 %, 77146 MiB
2026/09/28 13:02:14.327, 3, 100 %, 77146 MiB
2026/09/28 13:02:14.332, 4, 100 %, 77146 MiB
2026/09/28 13:02:14.334, 5, 100 %, 77144 MiB
2026/09/28 13:02:14.337, 6, 100 %, 76858 MiB
2026/09/28 13:02:14.337, 7, 100 %, 77142 MiB
2026/09/28 13:02:19.338, 0, 100 %, 77356 MiB
2026/09/28 13:02:19.338, 1, 100 %, 77144 MiB
2026/09/28 13:02:19.338, 2, 100 %, 77146 MiB
2026/09/28 13:02:19.338, 3, 100 %, 77146 MiB
2026/09/28 13:02:19.338, 4, 100 %, 77146 MiB
2026/09/28 13:02:19.338, 5, 100 %, 77144 MiB
2026/09/28 13:02:19.338, 6, 100 %, 76858 MiB
2026/09/28 13:02:19.339, 7, 100 %, 77142 MiB
2026/09/28 13:02:24.339, 0, 100 %, 77356 MiB
2026/09/28 13:02:24.339, 1, 100 %, 77144 MiB
2026/09/28 13:02:24.341, 2, 96 %, 77146 MiB
2026/09/28 13:02:24.343, 3, 100 %, 77146 MiB
2026/09/28 13:02:24.344, 4, 98 %, 77146 MiB
2026/09/28 13:02:24.344, 5, 95 %, 77144 MiB
2026/09/28 13:02:24.345, 6, 100 %, 76858 MiB
2026/09/28 13:02:24.346, 7, 92 %, 77142 MiB
2026/09/28 13:02:29.346, 0, 98 %, 77356 MiB
2026/09/28 13:02:29.347, 1, 98 %, 77144 MiB
2026/09/28 13:02:29.349, 2, 99 %, 77146 MiB
2026/09/28 13:02:29.352, 3, 98 %, 77146 MiB
2026/09/28 13:02:29.353, 4, 98 %, 77146 MiB
2026/09/28 13:02:29.354, 5, 98 %, 77144 MiB
2026/09/28 13:02:29.355, 6, 98 %, 76858 MiB
2026/09/28 13:02:29.357, 7, 100 %, 77142 MiB
2026/09/28 13:02:34.358, 0, 100 %, 77356 MiB
2026/09/28 13:02:34.358, 1, 100 %, 77144 MiB
2026/09/28 13:02:34.358, 2, 100 %, 77146 MiB
2026/09/28 13:02:34.358, 3, 100 %, 77146 MiB
2026/09/28 13:02:34.358, 4, 100 %, 77146 MiB
2026/09/28 13:02:34.358, 5, 100 %, 77144 MiB
2026/09/28 13:02:34.358, 6, 100 %, 76858 MiB
2026/09/28 13:02:34.358, 7, 100 %, 77142 MiB
2026/09/28 13:02:39.358, 0, 100 %, 77356 MiB
2026/09/28 13:02:39.359, 1, 100 %, 77144 MiB
2026/09/28 13:02:39.359, 2, 100 %, 77146 MiB
2026/09/28 13:02:39.360, 3, 100 %, 77146 MiB
2026/09/28 13:02:39.361, 4, 100 %, 77146 MiB
2026/09/28 13:02:39.361, 5, 100 %, 77144 MiB
2026/09/28 13:02:39.362, 6, 100 %, 76858 MiB
2026/09/28 13:02:39.362, 7, 100 %, 77142 MiB
2026/09/28 13:02:44.362, 0, 100 %, 77356 MiB
2026/09/28 13:02:44.365, 1, 100 %, 77144 MiB
2026/09/28 13:02:44.372, 2, 100 %, 77146 MiB
2026/09/28 13:02:44.372, 3, 100 %, 77146 MiB
2026/09/28 13:02:44.372, 4, 100 %, 77146 MiB
2026/09/28 13:02:44.373, 5, 100 %, 77144 MiB
2026/09/28 13:02:44.373, 6, 100 %, 76858 MiB
2026/09/28 13:02:44.374, 7, 100 %, 77142 MiB
2026/09/28 13:02:49.374, 0, 100 %, 77356 MiB
2026/09/28 13:02:49.374, 1, 100 %, 77144 MiB
2026/09/28 13:02:49.375, 2, 100 %, 77146 MiB
2026/09/28 13:02:49.375, 3, 100 %, 77146 MiB
2026/09/28 13:02:49.375, 4, 100 %, 77146 MiB
2026/09/28 13:02:49.376, 5, 100 %, 77144 MiB
2026/09/28 13:02:49.376, 6, 100 %, 76858 MiB
2026/09/28 13:02:49.376, 7, 100 %, 77142 MiB
2026/09/28 13:02:54.377, 0, 100 %, 77356 MiB
2026/09/28 13:02:54.377, 1, 100 %, 77144 MiB
2026/09/28 13:02:54.377, 2, 100 %, 77146 MiB
2026/09/28 13:02:54.379, 3, 100 %, 77146 MiB
2026/09/28 13:02:54.379, 4, 100 %, 77146 MiB
2026/09/28 13:02:54.382, 5, 100 %, 77144 MiB
2026/09/28 13:02:54.383, 6, 100 %, 76858 MiB
2026/09/28 13:02:54.385, 7, 100 %, 77142 MiB
2026/09/28 13:02:59.386, 0, 100 %, 77356 MiB
2026/09/28 13:02:59.386, 1, 100 %, 77144 MiB
2026/09/28 13:02:59.387, 2, 100 %, 77146 MiB
2026/09/28 13:02:59.390, 3, 100 %, 77146 MiB
2026/09/28 13:02:59.390, 4, 100 %, 77146 MiB
2026/09/28 13:02:59.390, 5, 100 %, 77144 MiB
2026/09/28 13:02:59.390, 6, 100 %, 76858 MiB
2026/09/28 13:02:59.391, 7, 100 %, 77142 MiB
2026/09/28 13:03:04.391, 0, 100 %, 77356 MiB
2026/09/28 13:03:04.392, 1, 100 %, 77144 MiB
2026/09/28 13:03:04.392, 2, 97 %, 77146 MiB
2026/09/28 13:03:04.392, 3, 100 %, 77146 MiB
2026/09/28 13:03:04.392, 4, 96 %, 77146 MiB
2026/09/28 13:03:04.392, 5, 97 %, 77144 MiB
2026/09/28 13:03:04.392, 6, 98 %, 76858 MiB
2026/09/28 13:03:04.392, 7, 98 %, 77142 MiB
2026/09/28 13:03:09.392, 0, 100 %, 77356 MiB
2026/09/28 13:03:09.392, 1, 100 %, 77144 MiB
2026/09/28 13:03:09.392, 2, 100 %, 77146 MiB
2026/09/28 13:03:09.392, 3, 100 %, 77146 MiB
2026/09/28 13:03:09.392, 4, 100 %, 77146 MiB
2026/09/28 13:03:09.392, 5, 100 %, 77144 MiB
2026/09/28 13:03:09.392, 6, 100 %, 76858 MiB
2026/09/28 13:03:09.392, 7, 100 %, 77142 MiB
2026/09/28 13:03:14.394, 0, 99 %, 77356 MiB
2026/09/28 13:03:14.395, 1, 100 %, 77144 MiB
2026/09/28 13:03:14.397, 2, 100 %, 77146 MiB
2026/09/28 13:03:14.397, 3, 100 %, 77146 MiB
2026/09/28 13:03:14.398, 4, 100 %, 77146 MiB
2026/09/28 13:03:14.398, 5, 99 %, 77144 MiB
2026/09/28 13:03:14.398, 6, 99 %, 76858 MiB
2026/09/28 13:03:14.399, 7, 96 %, 77142 MiB
2026/09/28 13:03:19.400, 0, 100 %, 77356 MiB
2026/09/28 13:03:19.400, 1, 100 %, 77144 MiB
2026/09/28 13:03:19.400, 2, 100 %, 77146 MiB
2026/09/28 13:03:19.401, 3, 100 %, 77146 MiB
2026/09/28 13:03:19.401, 4, 100 %, 77146 MiB
2026/09/28 13:03:19.402, 5, 100 %, 77144 MiB
2026/09/28 13:03:19.403, 6, 100 %, 76858 MiB
2026/09/28 13:03:19.403, 7, 100 %, 77142 MiB
2026/09/28 13:03:24.404, 0, 100 %, 77356 MiB
2026/09/28 13:03:24.404, 1, 100 %, 77144 MiB
2026/09/28 13:03:24.409, 2, 100 %, 77146 MiB
2026/09/28 13:03:24.409, 3, 100 %, 77146 MiB
2026/09/28 13:03:24.409, 4, 100 %, 77146 MiB
2026/09/28 13:03:24.409, 5, 100 %, 77144 MiB
2026/09/28 13:03:24.410, 6, 100 %, 76858 MiB
2026/09/28 13:03:24.410, 7, 100 %, 77142 MiB
2026/09/28 13:03:29.410, 0, 95 %, 77356 MiB
2026/09/28 13:03:29.410, 1, 95 %, 77144 MiB
2026/09/28 13:03:29.410, 2, 64 %, 77146 MiB
2026/09/28 13:03:29.410, 3, 94 %, 77146 MiB
2026/09/28 13:03:29.410, 4, 86 %, 77146 MiB
2026/09/28 13:03:29.410, 5, 92 %, 77144 MiB
2026/09/28 13:03:29.410, 6, 75 %, 76858 MiB
2026/09/28 13:03:29.410, 7, 82 %, 77142 MiB
2026/09/28 13:03:34.410, 0, 100 %, 77356 MiB
2026/09/28 13:03:34.410, 1, 100 %, 77144 MiB
2026/09/28 13:03:34.410, 2, 100 %, 77146 MiB
2026/09/28 13:03:34.410, 3, 100 %, 77146 MiB
2026/09/28 13:03:34.411, 4, 100 %, 77146 MiB
2026/09/28 13:03:34.411, 5, 100 %, 77144 MiB
2026/09/28 13:03:34.411, 6, 100 %, 76858 MiB
2026/09/28 13:03:34.411, 7, 100 %, 77142 MiB
2026/09/28 13:03:39.411, 0, 98 %, 77356 MiB
2026/09/28 13:03:39.411, 1, 100 %, 77144 MiB
2026/09/28 13:03:39.411, 2, 100 %, 77146 MiB
2026/09/28 13:03:39.411, 3, 94 %, 77146 MiB
2026/09/28 13:03:39.411, 4, 96 %, 77146 MiB
2026/09/28 13:03:39.411, 5, 100 %, 77144 MiB
2026/09/28 13:03:39.411, 6, 96 %, 76858 MiB
2026/09/28 13:03:39.411, 7, 100 %, 77142 MiB
2026/09/28 13:03:44.411, 0, 100 %, 77356 MiB
2026/09/28 13:03:44.412, 1, 100 %, 77144 MiB
2026/09/28 13:03:44.413, 2, 97 %, 77146 MiB
2026/09/28 13:03:44.414, 3, 97 %, 77146 MiB
2026/09/28 13:03:44.415, 4, 100 %, 77146 MiB
2026/09/28 13:03:44.417, 5, 100 %, 77144 MiB
2026/09/28 13:03:44.417, 6, 100 %, 76858 MiB
2026/09/28 13:03:44.419, 7, 92 %, 77142 MiB
2026/09/28 13:03:49.420, 0, 96 %, 77356 MiB
2026/09/28 13:03:49.420, 1, 95 %, 77144 MiB
2026/09/28 13:03:49.420, 2, 100 %, 77146 MiB
2026/09/28 13:03:49.421, 3, 67 %, 77146 MiB
2026/09/28 13:03:49.421, 4, 94 %, 77146 MiB
2026/09/28 13:03:49.422, 5, 93 %, 77144 MiB
2026/09/28 13:03:49.422, 6, 93 %, 76858 MiB
2026/09/28 13:03:49.422, 7, 95 %, 77142 MiB
2026/09/28 13:03:54.423, 0, 100 %, 77356 MiB
2026/09/28 13:03:54.423, 1, 100 %, 77144 MiB
2026/09/28 13:03:54.423, 2, 100 %, 77146 MiB
2026/09/28 13:03:54.423, 3, 100 %, 77146 MiB
2026/09/28 13:03:54.423, 4, 100 %, 77146 MiB
2026/09/28 13:03:54.423, 5, 100 %, 77144 MiB
2026/09/28 13:03:54.424, 6, 100 %, 76858 MiB
2026/09/28 13:03:54.424, 7, 100 %, 77142 MiB
2026/09/28 13:03:59.424, 0, 100 %, 77356 MiB
2026/09/28 13:03:59.425, 1, 100 %, 77144 MiB
2026/09/28 13:03:59.425, 2, 100 %, 77146 MiB
2026/09/28 13:03:59.426, 3, 100 %, 77146 MiB
2026/09/28 13:03:59.426, 4, 100 %, 77146 MiB
2026/09/28 13:03:59.426, 5, 100 %, 77144 MiB
2026/09/28 13:03:59.427, 6, 100 %, 76858 MiB
2026/09/28 13:03:59.427, 7, 100 %, 77142 MiB
2026/09/28 13:04:04.428, 0, 100 %, 77356 MiB
2026/09/28 13:04:04.428, 1, 100 %, 77144 MiB
2026/09/28 13:04:04.428, 2, 100 %, 77146 MiB
2026/09/28 13:04:04.428, 3, 100 %, 77146 MiB
2026/09/28 13:04:04.428, 4, 100 %, 77146 MiB
2026/09/28 13:04:04.428, 5, 100 %, 77144 MiB
2026/09/28 13:04:04.428, 6, 100 %, 76858 MiB
2026/09/28 13:04:04.428, 7, 100 %, 77142 MiB
2026/09/28 13:04:09.428, 0, 100 %, 77356 MiB
2026/09/28 13:04:09.428, 1, 100 %, 77144 MiB
2026/09/28 13:04:09.428, 2, 100 %, 77146 MiB
2026/09/28 13:04:09.428, 3, 100 %, 77146 MiB
2026/09/28 13:04:09.428, 4, 100 %, 77146 MiB
2026/09/28 13:04:09.428, 5, 100 %, 77144 MiB
2026/09/28 13:04:09.428, 6, 100 %, 76858 MiB
2026/09/28 13:04:09.429, 7, 100 %, 77142 MiB
2026/09/28 13:04:14.429, 0, 100 %, 77356 MiB
2026/09/28 13:04:14.429, 1, 100 %, 77144 MiB
2026/09/28 13:04:14.429, 2, 100 %, 77146 MiB
2026/09/28 13:04:14.429, 3, 100 %, 77146 MiB
2026/09/28 13:04:14.429, 4, 100 %, 77146 MiB
2026/09/28 13:04:14.429, 5, 100 %, 77144 MiB
2026/09/28 13:04:14.429, 6, 100 %, 76858 MiB
2026/09/28 13:04:14.429, 7, 100 %, 77142 MiB
2026/09/28 13:04:19.429, 0, 100 %, 77356 MiB
2026/09/28 13:04:19.430, 1, 100 %, 77144 MiB
2026/09/28 13:04:19.434, 2, 100 %, 77146 MiB
2026/09/28 13:04:19.440, 3, 100 %, 77146 MiB
2026/09/28 13:04:19.443, 4, 100 %, 77146 MiB
2026/09/28 13:04:19.445, 5, 100 %, 77144 MiB
2026/09/28 13:04:19.447, 6, 100 %, 76858 MiB
2026/09/28 13:04:19.447, 7, 100 %, 77142 MiB
2026/09/28 13:04:24.447, 0, 100 %, 77356 MiB
2026/09/28 13:04:24.449, 1, 100 %, 77144 MiB
2026/09/28 13:04:24.449, 2, 100 %, 77146 MiB
2026/09/28 13:04:24.450, 3, 100 %, 77146 MiB
2026/09/28 13:04:24.450, 4, 100 %, 77146 MiB
2026/09/28 13:04:24.450, 5, 100 %, 77144 MiB
2026/09/28 13:04:24.452, 6, 100 %, 76858 MiB
2026/09/28 13:04:24.452, 7, 100 %, 77142 MiB
2026/09/28 13:04:29.453, 0, 100 %, 77356 MiB
2026/09/28 13:04:29.543, 1, 100 %, 77144 MiB
2026/09/28 13:04:29.546, 2, 100 %, 77146 MiB
2026/09/28 13:04:29.547, 3, 100 %, 77146 MiB
2026/09/28 13:04:29.547, 4, 100 %, 77146 MiB
2026/09/28 13:04:29.550, 5, 100 %, 77144 MiB
2026/09/28 13:04:29.550, 6, 100 %, 76858 MiB
2026/09/28 13:04:29.550, 7, 100 %, 77142 MiB
2026/09/28 13:04:34.552, 0, 100 %, 77356 MiB
2026/09/28 13:04:34.553, 1, 100 %, 77144 MiB
2026/09/28 13:04:34.553, 2, 100 %, 77146 MiB
2026/09/28 13:04:34.555, 3, 100 %, 77146 MiB
2026/09/28 13:04:34.557, 4, 100 %, 77146 MiB
2026/09/28 13:04:34.557, 5, 100 %, 77144 MiB
2026/09/28 13:04:34.558, 6, 100 %, 76858 MiB
2026/09/28 13:04:34.558, 7, 100 %, 77142 MiB
2026/09/28 13:04:39.559, 0, 100 %, 77356 MiB
2026/09/28 13:04:39.559, 1, 100 %, 77144 MiB
2026/09/28 13:04:39.559, 2, 100 %, 77146 MiB
2026/09/28 13:04:39.559, 3, 100 %, 77146 MiB
2026/09/28 13:04:39.559, 4, 100 %, 77146 MiB
2026/09/28 13:04:39.559, 5, 100 %, 77144 MiB
2026/09/28 13:04:39.559, 6, 100 %, 76858 MiB
2026/09/28 13:04:39.559, 7, 100 %, 77142 MiB
2026/09/28 13:04:44.559, 0, 100 %, 77356 MiB
2026/09/28 13:04:44.880, 1, 100 %, 77144 MiB
2026/09/28 13:04:44.883, 2, 100 %, 77146 MiB
2026/09/28 13:04:44.888, 3, 100 %, 77146 MiB
2026/09/28 13:04:44.892, 4, 100 %, 77146 MiB
2026/09/28 13:04:44.896, 5, 100 %, 77144 MiB
2026/09/28 13:04:44.903, 6, 100 %, 76858 MiB
2026/09/28 13:04:44.903, 7, 100 %, 77142 MiB
2026/09/28 13:04:49.906, 0, 100 %, 77356 MiB
2026/09/28 13:04:49.906, 1, 100 %, 77144 MiB
2026/09/28 13:04:49.906, 2, 100 %, 77146 MiB
2026/09/28 13:04:49.906, 3, 100 %, 77146 MiB
2026/09/28 13:04:49.906, 4, 100 %, 77146 MiB
2026/09/28 13:04:49.906, 5, 100 %, 77144 MiB
2026/09/28 13:04:49.906, 6, 100 %, 76858 MiB
2026/09/28 13:04:49.906, 7, 100 %, 77142 MiB
2026/09/28 13:04:54.907, 0, 100 %, 77356 MiB
2026/09/28 13:04:54.907, 1, 100 %, 77144 MiB
2026/09/28 13:04:54.907, 2, 100 %, 77146 MiB
2026/09/28 13:04:54.908, 3, 100 %, 77146 MiB
2026/09/28 13:04:54.908, 4, 100 %, 77146 MiB
2026/09/28 13:04:54.909, 5, 100 %, 77144 MiB
2026/09/28 13:04:54.909, 6, 100 %, 76858 MiB
2026/09/28 13:04:54.909, 7, 100 %, 77142 MiB
2026/09/28 13:04:59.910, 0, 100 %, 77356 MiB
2026/09/28 13:04:59.910, 1, 100 %, 77144 MiB
2026/09/28 13:04:59.910, 2, 100 %, 77146 MiB
2026/09/28 13:04:59.910, 3, 100 %, 77146 MiB
2026/09/28 13:04:59.910, 4, 100 %, 77146 MiB
2026/09/28 13:04:59.910, 5, 100 %, 77144 MiB
2026/09/28 13:04:59.910, 6, 100 %, 76858 MiB
2026/09/28 13:04:59.910, 7, 100 %, 77142 MiB
2026/09/28 13:05:04.911, 0, 100 %, 77356 MiB
2026/09/28 13:05:04.911, 1, 100 %, 77144 MiB
2026/09/28 13:05:04.911, 2, 100 %, 77146 MiB
2026/09/28 13:05:04.911, 3, 100 %, 77146 MiB
2026/09/28 13:05:04.911, 4, 100 %, 77146 MiB
2026/09/28 13:05:04.911, 5, 100 %, 77144 MiB
2026/09/28 13:05:04.911, 6, 100 %, 76858 MiB
2026/09/28 13:05:04.911, 7, 100 %, 77142 MiB
2026/09/28 13:05:09.911, 0, 100 %, 77356 MiB
2026/09/28 13:05:09.911, 1, 100 %, 77144 MiB
2026/09/28 13:05:09.917, 2, 100 %, 77146 MiB
2026/09/28 13:05:09.918, 3, 100 %, 77146 MiB
2026/09/28 13:05:09.923, 4, 100 %, 77146 MiB
2026/09/28 13:05:09.923, 5, 100 %, 77144 MiB
2026/09/28 13:05:09.924, 6, 100 %, 76858 MiB
2026/09/28 13:05:09.925, 7, 100 %, 77142 MiB
2026/09/28 13:05:14.926, 0, 100 %, 77356 MiB
2026/09/28 13:05:14.927, 1, 100 %, 77144 MiB
2026/09/28 13:05:14.927, 2, 100 %, 77146 MiB
2026/09/28 13:05:14.927, 3, 100 %, 77146 MiB
2026/09/28 13:05:14.927, 4, 100 %, 77146 MiB
2026/09/28 13:05:14.927, 5, 100 %, 77144 MiB
2026/09/28 13:05:14.927, 6, 100 %, 76858 MiB
2026/09/28 13:05:14.928, 7, 100 %, 77142 MiB
2026/09/28 13:05:19.928, 0, 100 %, 77356 MiB
2026/09/28 13:05:19.928, 1, 100 %, 77144 MiB
2026/09/28 13:05:19.928, 2, 100 %, 77146 MiB
2026/09/28 13:05:19.928, 3, 100 %, 77146 MiB
2026/09/28 13:05:19.928, 4, 100 %, 77146 MiB
2026/09/28 13:05:19.928, 5, 100 %, 77144 MiB
2026/09/28 13:05:19.928, 6, 100 %, 76858 MiB
2026/09/28 13:05:19.929, 7, 100 %, 77142 MiB
2026/09/28 13:05:24.929, 0, 100 %, 77356 MiB
2026/09/28 13:05:24.929, 1, 100 %, 77144 MiB
2026/09/28 13:05:24.929, 2, 100 %, 77146 MiB
2026/09/28 13:05:24.929, 3, 100 %, 77146 MiB
2026/09/28 13:05:24.929, 4, 100 %, 77146 MiB
2026/09/28 13:05:24.929, 5, 100 %, 77144 MiB
2026/09/28 13:05:24.929, 6, 100 %, 76858 MiB
2026/09/28 13:05:24.929, 7, 100 %, 77142 MiB
2026/09/28 13:05:29.929, 0, 100 %, 77356 MiB
2026/09/28 13:05:29.930, 1, 100 %, 77144 MiB
2026/09/28 13:05:29.930, 2, 100 %, 77146 MiB
2026/09/28 13:05:29.930, 3, 100 %, 77146 MiB
2026/09/28 13:05:29.930, 4, 100 %, 77146 MiB
2026/09/28 13:05:29.930, 5, 100 %, 77144 MiB
2026/09/28 13:05:29.930, 6, 100 %, 76858 MiB
2026/09/28 13:05:29.930, 7, 100 %, 77142 MiB
2026/09/28 13:05:34.930, 0, 100 %, 77356 MiB
2026/09/28 13:05:34.930, 1, 100 %, 77144 MiB
2026/09/28 13:05:34.930, 2, 100 %, 77146 MiB
2026/09/28 13:05:34.930, 3, 100 %, 77146 MiB
2026/09/28 13:05:34.930, 4, 100 %, 77146 MiB
2026/09/28 13:05:34.930, 5, 100 %, 77144 MiB
2026/09/28 13:05:34.930, 6, 100 %, 76858 MiB
2026/09/28 13:05:34.930, 7, 100 %, 77142 MiB
2026/09/28 13:05:39.931, 0, 100 %, 77356 MiB
2026/09/28 13:05:39.931, 1, 100 %, 77144 MiB
2026/09/28 13:05:39.931, 2, 100 %, 77146 MiB
2026/09/28 13:05:39.931, 3, 100 %, 77146 MiB
2026/09/28 13:05:39.931, 4, 100 %, 77146 MiB
2026/09/28 13:05:39.931, 5, 100 %, 77144 MiB
2026/09/28 13:05:39.931, 6, 100 %, 76858 MiB
2026/09/28 13:05:39.931, 7, 100 %, 77142 MiB
2026/09/28 13:05:44.931, 0, 100 %, 77356 MiB
2026/09/28 13:05:44.931, 1, 100 %, 77144 MiB
2026/09/28 13:05:44.931, 2, 100 %, 77146 MiB
2026/09/28 13:05:44.931, 3, 100 %, 77146 MiB
2026/09/28 13:05:44.931, 4, 100 %, 77146 MiB
2026/09/28 13:05:44.931, 5, 100 %, 77144 MiB
2026/09/28 13:05:44.931, 6, 100 %, 76858 MiB
2026/09/28 13:05:44.931, 7, 100 %, 77142 MiB
2026/09/28 13:05:49.932, 0, 100 %, 77356 MiB
2026/09/28 13:05:49.932, 1, 100 %, 77144 MiB
2026/09/28 13:05:49.932, 2, 100 %, 77146 MiB
2026/09/28 13:05:49.932, 3, 100 %, 77146 MiB
2026/09/28 13:05:49.932, 4, 100 %, 77146 MiB
2026/09/28 13:05:49.932, 5, 100 %, 77144 MiB
2026/09/28 13:05:49.932, 6, 100 %, 76858 MiB
2026/09/28 13:05:49.932, 7, 100 %, 77142 MiB
2026/09/28 13:05:54.932, 0, 100 %, 77356 MiB
2026/09/28 13:05:54.932, 1, 100 %, 77144 MiB
2026/09/28 13:05:54.933, 2, 100 %, 77146 MiB
2026/09/28 13:05:54.933, 3, 100 %, 77146 MiB
2026/09/28 13:05:54.933, 4, 100 %, 77146 MiB
2026/09/28 13:05:54.934, 5, 100 %, 77144 MiB
2026/09/28 13:05:54.934, 6, 100 %, 76858 MiB
2026/09/28 13:05:54.934, 7, 100 %, 77142 MiB
2026/09/28 13:05:59.935, 0, 100 %, 77356 MiB
2026/09/28 13:05:59.935, 1, 100 %, 77144 MiB
2026/09/28 13:05:59.935, 2, 100 %, 77146 MiB
2026/09/28 13:05:59.935, 3, 100 %, 77146 MiB
2026/09/28 13:05:59.935, 4, 100 %, 77146 MiB
2026/09/28 13:05:59.935, 5, 100 %, 77144 MiB
2026/09/28 13:05:59.935, 6, 100 %, 76858 MiB
2026/09/28 13:05:59.935, 7, 100 %, 77142 MiB
2026/09/28 13:06:04.936, 0, 100 %, 77356 MiB
2026/09/28 13:06:04.936, 1, 100 %, 77144 MiB
2026/09/28 13:06:04.937, 2, 100 %, 77146 MiB
2026/09/28 13:06:04.938, 3, 100 %, 77146 MiB
2026/09/28 13:06:04.940, 4, 100 %, 77146 MiB
2026/09/28 13:06:04.940, 5, 100 %, 77144 MiB
2026/09/28 13:06:04.941, 6, 100 %, 76858 MiB
2026/09/28 13:06:04.941, 7, 100 %, 77142 MiB
2026/09/28 13:06:09.941, 0, 100 %, 77356 MiB
2026/09/28 13:06:09.941, 1, 100 %, 77144 MiB
2026/09/28 13:06:09.941, 2, 100 %, 77146 MiB
2026/09/28 13:06:09.941, 3, 100 %, 77146 MiB
2026/09/28 13:06:09.941, 4, 100 %, 77146 MiB
2026/09/28 13:06:09.941, 5, 100 %, 77144 MiB
2026/09/28 13:06:09.941, 6, 100 %, 76858 MiB
2026/09/28 13:06:09.941, 7, 100 %, 77142 MiB
2026/09/28 13:06:14.942, 0, 100 %, 77356 MiB
2026/09/28 13:06:14.942, 1, 100 %, 77144 MiB
2026/09/28 13:06:14.942, 2, 100 %, 77146 MiB
2026/09/28 13:06:14.942, 3, 100 %, 77146 MiB
2026/09/28 13:06:14.942, 4, 100 %, 77146 MiB
2026/09/28 13:06:14.942, 5, 100 %, 77144 MiB
2026/09/28 13:06:14.942, 6, 100 %, 76858 MiB
2026/09/28 13:06:14.942, 7, 100 %, 77142 MiB
2026/09/28 13:06:19.942, 0, 100 %, 77356 MiB
2026/09/28 13:06:19.942, 1, 100 %, 77144 MiB
2026/09/28 13:06:19.942, 2, 100 %, 77146 MiB
2026/09/28 13:06:19.942, 3, 100 %, 77146 MiB
2026/09/28 13:06:19.942, 4, 100 %, 77146 MiB
2026/09/28 13:06:19.942, 5, 100 %, 77144 MiB
2026/09/28 13:06:19.942, 6, 100 %, 76858 MiB
2026/09/28 13:06:19.942, 7, 100 %, 77142 MiB
2026/09/28 13:06:24.943, 0, 100 %, 77356 MiB
2026/09/28 13:06:24.943, 1, 100 %, 77144 MiB
2026/09/28 13:06:24.943, 2, 100 %, 77146 MiB
2026/09/28 13:06:24.943, 3, 100 %, 77146 MiB
2026/09/28 13:06:24.943, 4, 100 %, 77146 MiB
2026/09/28 13:06:24.943, 5, 100 %, 77144 MiB
2026/09/28 13:06:24.943, 6, 100 %, 76858 MiB
2026/09/28 13:06:24.943, 7, 100 %, 77142 MiB
2026/09/28 13:06:29.943, 0, 100 %, 77356 MiB
2026/09/28 13:06:29.944, 1, 100 %, 77144 MiB
2026/09/28 13:06:29.944, 2, 100 %, 77146 MiB
2026/09/28 13:06:29.944, 3, 100 %, 77146 MiB
2026/09/28 13:06:29.944, 4, 100 %, 77146 MiB
2026/09/28 13:06:29.945, 5, 100 %, 77144 MiB
2026/09/28 13:06:29.945, 6, 100 %, 76858 MiB
2026/09/28 13:06:29.945, 7, 100 %, 77142 MiB
2026/09/28 13:06:34.946, 0, 100 %, 77356 MiB
2026/09/28 13:06:34.946, 1, 100 %, 77144 MiB
2026/09/28 13:06:34.946, 2, 100 %, 77146 MiB
2026/09/28 13:06:34.946, 3, 100 %, 77146 MiB
2026/09/28 13:06:34.946, 4, 100 %, 77146 MiB
2026/09/28 13:06:34.946, 5, 100 %, 77144 MiB
2026/09/28 13:06:34.946, 6, 100 %, 76858 MiB
2026/09/28 13:06:34.946, 7, 100 %, 77142 MiB
2026/09/28 13:06:39.947, 0, 0 %, 77356 MiB
2026/09/28 13:06:39.947, 1, 0 %, 77144 MiB
2026/09/28 13:06:39.947, 2, 0 %, 77146 MiB
2026/09/28 13:06:39.947, 3, 0 %, 77146 MiB
2026/09/28 13:06:39.947, 4, 0 %, 77146 MiB
2026/09/28 13:06:39.947, 5, 0 %, 77144 MiB
2026/09/28 13:06:39.947, 6, 0 %, 76858 MiB
2026/09/28 13:06:39.947, 7, 0 %, 77142 MiB
