2026/09/24 07:04:55.504, 0, 79 %, 67406 MiB
2026/09/24 07:04:55.519, 1, 93 %, 67050 MiB
2026/09/24 07:04:55.526, 2, 93 %, 67050 MiB
2026/09/24 07:04:55.539, 3, 93 %, 67050 MiB
2026/09/24 07:04:55.548, 4, 93 %, 67050 MiB
2026/09/24 07:04:55.554, 5, 94 %, 67050 MiB
2026/09/24 07:04:55.564, 6, 93 %, 66906 MiB
2026/09/24 07:04:55.568, 7, 93 %, 67050 MiB
2026/09/24 07:05:00.571, 0, 33 %, 68098 MiB
2026/09/24 07:05:00.572, 1, 30 %, 67886 MiB
2026/09/24 07:05:00.572, 2, 0 %, 67886 MiB
2026/09/24 07:05:00.572, 3, 30 %, 67886 MiB
2026/09/24 07:05:00.572, 4, 31 %, 67886 MiB
2026/09/24 07:05:00.572, 5, 26 %, 67886 MiB
2026/09/24 07:05:00.573, 6, 31 %, 67598 MiB
2026/09/24 07:05:00.573, 7, 30 %, 67886 MiB
2026/09/24 07:05:05.573, 0, 54 %, 69688 MiB
2026/09/24 07:05:05.574, 1, 99 %, 69476 MiB
2026/09/24 07:05:05.574, 2, 99 %, 69476 MiB
2026/09/24 07:05:05.576, 3, 98 %, 69476 MiB
2026/09/24 07:05:05.577, 4, 99 %, 69476 MiB
2026/09/24 07:05:05.578, 5, 46 %, 69476 MiB
2026/09/24 07:05:05.578, 6, 76 %, 69188 MiB
2026/09/24 07:05:05.579, 7, 21 %, 69476 MiB
2026/09/24 07:05:10.579, 0, 0 %, 69690 MiB
2026/09/24 07:05:10.580, 1, 0 %, 69478 MiB
2026/09/24 07:05:10.581, 2, 0 %, 69478 MiB
2026/09/24 07:05:10.581, 3, 0 %, 69478 MiB
2026/09/24 07:05:10.581, 4, 0 %, 69478 MiB
2026/09/24 07:05:10.581, 5, 0 %, 69478 MiB
2026/09/24 07:05:10.581, 6, 0 %, 69190 MiB
2026/09/24 07:05:10.582, 7, 0 %, 69478 MiB
2026/09/24 07:05:15.582, 0, 0 %, 69690 MiB
2026/09/24 07:05:15.582, 1, 0 %, 69478 MiB
2026/09/24 07:05:15.582, 2, 0 %, 69478 MiB
2026/09/24 07:05:15.583, 3, 0 %, 69478 MiB
2026/09/24 07:05:15.583, 4, 0 %, 69478 MiB
2026/09/24 07:05:15.583, 5, 0 %, 69478 MiB
2026/09/24 07:05:15.584, 6, 0 %, 69190 MiB
2026/09/24 07:05:15.584, 7, 0 %, 69478 MiB
2026/09/24 07:05:20.584, 0, 96 %, 69692 MiB
2026/09/24 07:05:20.584, 1, 95 %, 69480 MiB
2026/09/24 07:05:20.589, 2, 95 %, 69480 MiB
2026/09/24 07:05:20.589, 3, 94 %, 69480 MiB
2026/09/24 07:05:20.589, 4, 95 %, 69480 MiB
2026/09/24 07:05:20.589, 5, 95 %, 69480 MiB
2026/09/24 07:05:20.589, 6, 96 %, 69192 MiB
2026/09/24 07:05:20.589, 7, 94 %, 69480 MiB
2026/09/24 07:05:25.589, 0, 95 %, 69694 MiB
2026/09/24 07:05:25.589, 1, 95 %, 69482 MiB
2026/09/24 07:05:25.589, 2, 94 %, 69482 MiB
2026/09/24 07:05:25.589, 3, 95 %, 69482 MiB
2026/09/24 07:05:25.589, 4, 95 %, 69482 MiB
2026/09/24 07:05:25.590, 5, 95 %, 69482 MiB
2026/09/24 07:05:25.590, 6, 95 %, 69194 MiB
2026/09/24 07:05:25.590, 7, 95 %, 69482 MiB
2026/09/24 07:05:30.590, 0, 94 %, 69716 MiB
2026/09/24 07:05:30.590, 1, 94 %, 69504 MiB
2026/09/24 07:05:30.594, 2, 95 %, 69504 MiB
2026/09/24 07:05:30.595, 3, 94 %, 69504 MiB
2026/09/24 07:05:30.595, 4, 94 %, 69504 MiB
2026/09/24 07:05:30.595, 5, 95 %, 69504 MiB
2026/09/24 07:05:30.596, 6, 95 %, 69216 MiB
2026/09/24 07:05:30.596, 7, 93 %, 69504 MiB
2026/09/24 07:05:35.596, 0, 87 %, 69716 MiB
2026/09/24 07:05:35.596, 1, 96 %, 69504 MiB
2026/09/24 07:05:35.596, 2, 94 %, 69504 MiB
2026/09/24 07:05:35.596, 3, 96 %, 69504 MiB
2026/09/24 07:05:35.596, 4, 96 %, 69504 MiB
2026/09/24 07:05:35.596, 5, 94 %, 69504 MiB
2026/09/24 07:05:35.596, 6, 94 %, 69216 MiB
2026/09/24 07:05:35.596, 7, 94 %, 69504 MiB
2026/09/24 07:05:40.597, 0, 94 %, 69716 MiB
2026/09/24 07:05:40.597, 1, 95 %, 69504 MiB
2026/09/24 07:05:40.597, 2, 94 %, 69504 MiB
2026/09/24 07:05:40.597, 3, 95 %, 69504 MiB
2026/09/24 07:05:40.597, 4, 95 %, 69504 MiB
2026/09/24 07:05:40.597, 5, 95 %, 69504 MiB
2026/09/24 07:05:40.597, 6, 95 %, 69216 MiB
2026/09/24 07:05:40.597, 7, 96 %, 69504 MiB
2026/09/24 07:05:45.598, 0, 94 %, 69716 MiB
2026/09/24 07:05:45.598, 1, 93 %, 69504 MiB
2026/09/24 07:05:45.598, 2, 95 %, 69504 MiB
2026/09/24 07:05:45.598, 3, 93 %, 69504 MiB
2026/09/24 07:05:45.598, 4, 95 %, 69504 MiB
2026/09/24 07:05:45.598, 5, 95 %, 69504 MiB
2026/09/24 07:05:45.598, 6, 95 %, 69216 MiB
2026/09/24 07:05:45.598, 7, 96 %, 69504 MiB
2026/09/24 07:05:50.598, 0, 95 %, 69716 MiB
2026/09/24 07:05:50.598, 1, 94 %, 69504 MiB
2026/09/24 07:05:50.598, 2, 95 %, 69504 MiB
2026/09/24 07:05:50.598, 3, 94 %, 69504 MiB
2026/09/24 07:05:50.598, 4, 95 %, 69504 MiB
2026/09/24 07:05:50.598, 5, 93 %, 69504 MiB
2026/09/24 07:05:50.598, 6, 95 %, 69216 MiB
2026/09/24 07:05:50.598, 7, 94 %, 69504 MiB
2026/09/24 07:05:55.599, 0, 96 %, 69716 MiB
2026/09/24 07:05:55.599, 1, 94 %, 69504 MiB
2026/09/24 07:05:55.599, 2, 94 %, 69504 MiB
2026/09/24 07:05:55.599, 3, 95 %, 69504 MiB
2026/09/24 07:05:55.600, 4, 95 %, 69504 MiB
2026/09/24 07:05:55.600, 5, 93 %, 69504 MiB
2026/09/24 07:05:55.600, 6, 95 %, 69216 MiB
2026/09/24 07:05:55.601, 7, 94 %, 69504 MiB
2026/09/24 07:06:00.601, 0, 95 %, 69718 MiB
2026/09/24 07:06:00.602, 1, 95 %, 69506 MiB
2026/09/24 07:06:00.602, 2, 94 %, 69506 MiB
2026/09/24 07:06:00.603, 3, 94 %, 69506 MiB
2026/09/24 07:06:00.604, 4, 94 %, 69506 MiB
2026/09/24 07:06:00.604, 5, 96 %, 69506 MiB
2026/09/24 07:06:00.608, 6, 94 %, 69218 MiB
2026/09/24 07:06:00.608, 7, 95 %, 69506 MiB
2026/09/24 07:06:05.610, 0, 84 %, 69718 MiB
2026/09/24 07:06:05.610, 1, 73 %, 69506 MiB
2026/09/24 07:06:05.610, 2, 84 %, 69506 MiB
2026/09/24 07:06:05.610, 3, 63 %, 69506 MiB
2026/09/24 07:06:05.610, 4, 74 %, 69506 MiB
2026/09/24 07:06:05.610, 5, 83 %, 69506 MiB
2026/09/24 07:06:05.610, 6, 91 %, 69218 MiB
2026/09/24 07:06:05.610, 7, 74 %, 69506 MiB
2026/09/24 07:06:10.611, 0, 94 %, 69720 MiB
2026/09/24 07:06:10.611, 1, 94 %, 69508 MiB
2026/09/24 07:06:10.612, 2, 95 %, 69508 MiB
2026/09/24 07:06:10.612, 3, 94 %, 69508 MiB
2026/09/24 07:06:10.612, 4, 94 %, 69508 MiB
2026/09/24 07:06:10.612, 5, 94 %, 69508 MiB
2026/09/24 07:06:10.612, 6, 94 %, 69220 MiB
2026/09/24 07:06:10.612, 7, 96 %, 69508 MiB
2026/09/24 07:06:15.612, 0, 96 %, 69720 MiB
2026/09/24 07:06:15.612, 1, 95 %, 69508 MiB
2026/09/24 07:06:15.612, 2, 95 %, 69508 MiB
2026/09/24 07:06:15.612, 3, 95 %, 69508 MiB
2026/09/24 07:06:15.612, 4, 94 %, 69508 MiB
2026/09/24 07:06:15.612, 5, 96 %, 69508 MiB
2026/09/24 07:06:15.612, 6, 96 %, 69220 MiB
2026/09/24 07:06:15.612, 7, 96 %, 69508 MiB
2026/09/24 07:06:20.612, 0, 95 %, 69722 MiB
2026/09/24 07:06:20.613, 1, 95 %, 69510 MiB
2026/09/24 07:06:20.613, 2, 95 %, 69510 MiB
2026/09/24 07:06:20.613, 3, 95 %, 69510 MiB
2026/09/24 07:06:20.613, 4, 94 %, 69510 MiB
2026/09/24 07:06:20.613, 5, 95 %, 69510 MiB
2026/09/24 07:06:20.613, 6, 95 %, 69222 MiB
2026/09/24 07:06:20.613, 7, 96 %, 69510 MiB
2026/09/24 07:06:25.613, 0, 97 %, 69722 MiB
2026/09/24 07:06:25.613, 1, 95 %, 69510 MiB
2026/09/24 07:06:25.613, 2, 97 %, 69510 MiB
2026/09/24 07:06:25.613, 3, 95 %, 69510 MiB
2026/09/24 07:06:25.613, 4, 95 %, 69510 MiB
2026/09/24 07:06:25.613, 5, 97 %, 69510 MiB
2026/09/24 07:06:25.613, 6, 89 %, 69222 MiB
2026/09/24 07:06:25.613, 7, 95 %, 69510 MiB
2026/09/24 07:06:30.614, 0, 95 %, 69724 MiB
2026/09/24 07:06:30.614, 1, 94 %, 69512 MiB
2026/09/24 07:06:30.616, 2, 95 %, 69512 MiB
2026/09/24 07:06:30.616, 3, 95 %, 69512 MiB
2026/09/24 07:06:30.616, 4, 95 %, 69512 MiB
2026/09/24 07:06:30.616, 5, 95 %, 69512 MiB
2026/09/24 07:06:30.616, 6, 95 %, 69224 MiB
2026/09/24 07:06:30.616, 7, 95 %, 69512 MiB
2026/09/24 07:06:35.616, 0, 95 %, 69724 MiB
2026/09/24 07:06:35.616, 1, 95 %, 69512 MiB
2026/09/24 07:06:35.616, 2, 95 %, 69512 MiB
2026/09/24 07:06:35.616, 3, 95 %, 69512 MiB
2026/09/24 07:06:35.616, 4, 95 %, 69512 MiB
2026/09/24 07:06:35.616, 5, 95 %, 69512 MiB
2026/09/24 07:06:35.616, 6, 94 %, 69224 MiB
2026/09/24 07:06:35.616, 7, 95 %, 69512 MiB
2026/09/24 07:06:40.617, 0, 94 %, 69724 MiB
2026/09/24 07:06:40.617, 1, 95 %, 69512 MiB
2026/09/24 07:06:40.617, 2, 94 %, 69512 MiB
2026/09/24 07:06:40.617, 3, 95 %, 69512 MiB
2026/09/24 07:06:40.617, 4, 95 %, 69512 MiB
2026/09/24 07:06:40.617, 5, 94 %, 69512 MiB
2026/09/24 07:06:40.617, 6, 95 %, 69224 MiB
2026/09/24 07:06:40.617, 7, 95 %, 69512 MiB
2026/09/24 07:06:45.617, 0, 95 %, 69730 MiB
2026/09/24 07:06:45.617, 1, 94 %, 69518 MiB
2026/09/24 07:06:45.617, 2, 95 %, 69518 MiB
2026/09/24 07:06:45.617, 3, 94 %, 69518 MiB
2026/09/24 07:06:45.617, 4, 95 %, 69518 MiB
2026/09/24 07:06:45.617, 5, 95 %, 69518 MiB
2026/09/24 07:06:45.617, 6, 95 %, 69230 MiB
2026/09/24 07:06:45.617, 7, 95 %, 69518 MiB
2026/09/24 07:06:50.618, 0, 95 %, 69730 MiB
2026/09/24 07:06:50.618, 1, 94 %, 69518 MiB
2026/09/24 07:06:50.618, 2, 95 %, 69518 MiB
2026/09/24 07:06:50.618, 3, 94 %, 69518 MiB
2026/09/24 07:06:50.618, 4, 94 %, 69518 MiB
2026/09/24 07:06:50.618, 5, 95 %, 69518 MiB
2026/09/24 07:06:50.618, 6, 96 %, 69230 MiB
2026/09/24 07:06:50.618, 7, 95 %, 69518 MiB
2026/09/24 07:06:55.618, 0, 95 %, 69730 MiB
2026/09/24 07:06:55.618, 1, 97 %, 69518 MiB
2026/09/24 07:06:55.618, 2, 95 %, 69518 MiB
2026/09/24 07:06:55.618, 3, 94 %, 69518 MiB
2026/09/24 07:06:55.618, 4, 95 %, 69518 MiB
2026/09/24 07:06:55.618, 5, 95 %, 69518 MiB
2026/09/24 07:06:55.618, 6, 95 %, 69230 MiB
2026/09/24 07:06:55.618, 7, 95 %, 69518 MiB
2026/09/24 07:07:00.619, 0, 95 %, 69732 MiB
2026/09/24 07:07:00.619, 1, 95 %, 69520 MiB
2026/09/24 07:07:00.619, 2, 95 %, 69520 MiB
2026/09/24 07:07:00.619, 3, 96 %, 69520 MiB
2026/09/24 07:07:00.620, 4, 95 %, 69520 MiB
2026/09/24 07:07:00.620, 5, 95 %, 69520 MiB
2026/09/24 07:07:00.620, 6, 96 %, 69232 MiB
2026/09/24 07:07:00.620, 7, 95 %, 69520 MiB
2026/09/24 07:07:05.620, 0, 95 %, 69736 MiB
2026/09/24 07:07:05.620, 1, 95 %, 69524 MiB
2026/09/24 07:07:05.620, 2, 95 %, 69522 MiB
2026/09/24 07:07:05.620, 3, 95 %, 69522 MiB
2026/09/24 07:07:05.621, 4, 95 %, 69522 MiB
2026/09/24 07:07:05.621, 5, 95 %, 69522 MiB
2026/09/24 07:07:05.621, 6, 94 %, 69236 MiB
2026/09/24 07:07:05.621, 7, 95 %, 69522 MiB
2026/09/24 07:07:10.621, 0, 95 %, 69736 MiB
2026/09/24 07:07:10.621, 1, 95 %, 69524 MiB
2026/09/24 07:07:10.621, 2, 95 %, 69522 MiB
2026/09/24 07:07:10.621, 3, 95 %, 69522 MiB
2026/09/24 07:07:10.621, 4, 96 %, 69522 MiB
2026/09/24 07:07:10.621, 5, 95 %, 69522 MiB
2026/09/24 07:07:10.621, 6, 95 %, 69236 MiB
2026/09/24 07:07:10.621, 7, 96 %, 69522 MiB
2026/09/24 07:07:15.621, 0, 96 %, 69736 MiB
2026/09/24 07:07:15.621, 1, 95 %, 69524 MiB
2026/09/24 07:07:15.621, 2, 96 %, 69522 MiB
2026/09/24 07:07:15.621, 3, 98 %, 69522 MiB
2026/09/24 07:07:15.621, 4, 95 %, 69522 MiB
2026/09/24 07:07:15.621, 5, 96 %, 69522 MiB
2026/09/24 07:07:15.621, 6, 94 %, 69236 MiB
2026/09/24 07:07:15.621, 7, 95 %, 69522 MiB
2026/09/24 07:07:20.622, 0, 95 %, 69736 MiB
2026/09/24 07:07:20.628, 1, 99 %, 69524 MiB
2026/09/24 07:07:20.628, 2, 94 %, 69522 MiB
2026/09/24 07:07:20.629, 3, 95 %, 69522 MiB
2026/09/24 07:07:20.629, 4, 95 %, 69522 MiB
2026/09/24 07:07:20.629, 5, 95 %, 69522 MiB
2026/09/24 07:07:20.630, 6, 93 %, 69236 MiB
2026/09/24 07:07:20.630, 7, 95 %, 69522 MiB
2026/09/24 07:07:25.631, 0, 96 %, 69736 MiB
2026/09/24 07:07:25.631, 1, 97 %, 69524 MiB
2026/09/24 07:07:25.631, 2, 97 %, 69522 MiB
2026/09/24 07:07:25.631, 3, 97 %, 69522 MiB
2026/09/24 07:07:25.631, 4, 97 %, 69522 MiB
2026/09/24 07:07:25.631, 5, 96 %, 69522 MiB
2026/09/24 07:07:25.631, 6, 97 %, 69236 MiB
2026/09/24 07:07:25.631, 7, 96 %, 69522 MiB
2026/09/24 07:07:30.631, 0, 98 %, 69736 MiB
2026/09/24 07:07:30.632, 1, 99 %, 69524 MiB
2026/09/24 07:07:30.634, 2, 99 %, 69522 MiB
2026/09/24 07:07:30.636, 3, 99 %, 69522 MiB
2026/09/24 07:07:30.640, 4, 98 %, 69522 MiB
2026/09/24 07:07:30.642, 5, 98 %, 69522 MiB
2026/09/24 07:07:30.643, 6, 99 %, 69236 MiB
2026/09/24 07:07:30.644, 7, 98 %, 69522 MiB
2026/09/24 07:07:35.644, 0, 95 %, 69736 MiB
2026/09/24 07:07:35.644, 1, 93 %, 69524 MiB
2026/09/24 07:07:35.644, 2, 95 %, 69522 MiB
2026/09/24 07:07:35.644, 3, 94 %, 69522 MiB
2026/09/24 07:07:35.644, 4, 95 %, 69522 MiB
2026/09/24 07:07:35.644, 5, 95 %, 69522 MiB
2026/09/24 07:07:35.644, 6, 95 %, 69236 MiB
2026/09/24 07:07:35.644, 7, 95 %, 69522 MiB
2026/09/24 07:07:40.644, 0, 95 %, 69736 MiB
2026/09/24 07:07:40.644, 1, 95 %, 69524 MiB
2026/09/24 07:07:40.644, 2, 95 %, 69522 MiB
2026/09/24 07:07:40.645, 3, 95 %, 69522 MiB
2026/09/24 07:07:40.645, 4, 95 %, 69522 MiB
2026/09/24 07:07:40.645, 5, 96 %, 69522 MiB
2026/09/24 07:07:40.645, 6, 95 %, 69236 MiB
2026/09/24 07:07:40.645, 7, 95 %, 69522 MiB
2026/09/24 07:07:45.645, 0, 94 %, 69736 MiB
2026/09/24 07:07:45.645, 1, 95 %, 69524 MiB
2026/09/24 07:07:45.645, 2, 94 %, 69522 MiB
2026/09/24 07:07:45.645, 3, 95 %, 69522 MiB
2026/09/24 07:07:45.645, 4, 96 %, 69522 MiB
2026/09/24 07:07:45.645, 5, 94 %, 69522 MiB
2026/09/24 07:07:45.645, 6, 94 %, 69236 MiB
2026/09/24 07:07:45.645, 7, 96 %, 69522 MiB
2026/09/24 07:07:50.645, 0, 96 %, 69736 MiB
2026/09/24 07:07:50.647, 1, 95 %, 69524 MiB
2026/09/24 07:07:50.647, 2, 95 %, 69522 MiB
2026/09/24 07:07:50.647, 3, 95 %, 69522 MiB
2026/09/24 07:07:50.647, 4, 96 %, 69522 MiB
2026/09/24 07:07:50.647, 5, 95 %, 69522 MiB
2026/09/24 07:07:50.647, 6, 95 %, 69236 MiB
2026/09/24 07:07:50.647, 7, 96 %, 69522 MiB
2026/09/24 07:07:55.647, 0, 95 %, 69736 MiB
2026/09/24 07:07:55.648, 1, 95 %, 69524 MiB
2026/09/24 07:07:55.650, 2, 95 %, 69522 MiB
2026/09/24 07:07:55.651, 3, 95 %, 69522 MiB
2026/09/24 07:07:55.651, 4, 96 %, 69522 MiB
2026/09/24 07:07:55.651, 5, 94 %, 69522 MiB
2026/09/24 07:07:55.652, 6, 94 %, 69236 MiB
2026/09/24 07:07:55.652, 7, 95 %, 69522 MiB
2026/09/24 07:08:00.653, 0, 97 %, 69736 MiB
2026/09/24 07:08:00.653, 1, 95 %, 69524 MiB
2026/09/24 07:08:00.655, 2, 95 %, 69522 MiB
2026/09/24 07:08:00.655, 3, 95 %, 69522 MiB
2026/09/24 07:08:00.655, 4, 95 %, 69522 MiB
2026/09/24 07:08:00.655, 5, 97 %, 69522 MiB
2026/09/24 07:08:00.656, 6, 95 %, 69236 MiB
2026/09/24 07:08:00.656, 7, 96 %, 69522 MiB
2026/09/24 07:08:05.656, 0, 95 %, 69736 MiB
2026/09/24 07:08:05.656, 1, 95 %, 69524 MiB
2026/09/24 07:08:05.656, 2, 95 %, 69524 MiB
2026/09/24 07:08:05.656, 3, 95 %, 69522 MiB
2026/09/24 07:08:05.656, 4, 95 %, 69524 MiB
2026/09/24 07:08:05.656, 5, 95 %, 69522 MiB
2026/09/24 07:08:05.656, 6, 97 %, 69236 MiB
2026/09/24 07:08:05.656, 7, 95 %, 69522 MiB
2026/09/24 07:08:10.657, 0, 96 %, 69736 MiB
2026/09/24 07:08:10.657, 1, 95 %, 69524 MiB
2026/09/24 07:08:10.657, 2, 94 %, 69524 MiB
2026/09/24 07:08:10.657, 3, 95 %, 69522 MiB
2026/09/24 07:08:10.657, 4, 94 %, 69524 MiB
2026/09/24 07:08:10.657, 5, 93 %, 69522 MiB
2026/09/24 07:08:10.657, 6, 95 %, 69236 MiB
2026/09/24 07:08:10.657, 7, 94 %, 69522 MiB
2026/09/24 07:08:15.657, 0, 94 %, 69736 MiB
2026/09/24 07:08:15.658, 1, 95 %, 69524 MiB
2026/09/24 07:08:15.658, 2, 93 %, 69524 MiB
2026/09/24 07:08:15.658, 3, 95 %, 69522 MiB
2026/09/24 07:08:15.659, 4, 85 %, 69524 MiB
2026/09/24 07:08:15.659, 5, 93 %, 69522 MiB
2026/09/24 07:08:15.659, 6, 42 %, 69236 MiB
2026/09/24 07:08:15.660, 7, 82 %, 69522 MiB
2026/09/24 07:08:20.660, 0, 95 %, 69736 MiB
2026/09/24 07:08:20.661, 1, 96 %, 69524 MiB
2026/09/24 07:08:20.665, 2, 96 %, 69524 MiB
2026/09/24 07:08:20.666, 3, 94 %, 69522 MiB
2026/09/24 07:08:20.666, 4, 95 %, 69524 MiB
2026/09/24 07:08:20.666, 5, 95 %, 69522 MiB
2026/09/24 07:08:20.666, 6, 96 %, 69236 MiB
2026/09/24 07:08:20.667, 7, 95 %, 69522 MiB
2026/09/24 07:08:25.667, 0, 98 %, 69736 MiB
2026/09/24 07:08:25.667, 1, 98 %, 69524 MiB
2026/09/24 07:08:25.668, 2, 98 %, 69524 MiB
2026/09/24 07:08:25.668, 3, 98 %, 69522 MiB
2026/09/24 07:08:25.668, 4, 98 %, 69524 MiB
2026/09/24 07:08:25.669, 5, 98 %, 69522 MiB
2026/09/24 07:08:25.669, 6, 98 %, 69236 MiB
2026/09/24 07:08:25.670, 7, 98 %, 69522 MiB
2026/09/24 07:08:30.670, 0, 95 %, 69736 MiB
2026/09/24 07:08:30.671, 1, 95 %, 69526 MiB
2026/09/24 07:08:30.671, 2, 95 %, 69524 MiB
2026/09/24 07:08:30.671, 3, 94 %, 69526 MiB
2026/09/24 07:08:30.671, 4, 95 %, 69524 MiB
2026/09/24 07:08:30.671, 5, 95 %, 69526 MiB
2026/09/24 07:08:30.671, 6, 96 %, 69238 MiB
2026/09/24 07:08:30.671, 7, 95 %, 69526 MiB
2026/09/24 07:08:35.671, 0, 95 %, 69736 MiB
2026/09/24 07:08:35.671, 1, 96 %, 69526 MiB
2026/09/24 07:08:35.672, 2, 95 %, 69524 MiB
2026/09/24 07:08:35.672, 3, 95 %, 69526 MiB
2026/09/24 07:08:35.672, 4, 96 %, 69524 MiB
2026/09/24 07:08:35.673, 5, 95 %, 69526 MiB
2026/09/24 07:08:35.673, 6, 95 %, 69238 MiB
2026/09/24 07:08:35.674, 7, 96 %, 69526 MiB
2026/09/24 07:08:40.674, 0, 97 %, 69736 MiB
2026/09/24 07:08:40.674, 1, 95 %, 69526 MiB
2026/09/24 07:08:40.674, 2, 95 %, 69524 MiB
2026/09/24 07:08:40.674, 3, 96 %, 69526 MiB
2026/09/24 07:08:40.674, 4, 95 %, 69524 MiB
2026/09/24 07:08:40.674, 5, 93 %, 69526 MiB
2026/09/24 07:08:40.674, 6, 95 %, 69238 MiB
2026/09/24 07:08:40.674, 7, 94 %, 69526 MiB
2026/09/24 07:08:45.675, 0, 96 %, 69736 MiB
2026/09/24 07:08:45.675, 1, 95 %, 69526 MiB
2026/09/24 07:08:45.675, 2, 95 %, 69524 MiB
2026/09/24 07:08:45.676, 3, 95 %, 69526 MiB
2026/09/24 07:08:45.676, 4, 95 %, 69524 MiB
2026/09/24 07:08:45.676, 5, 95 %, 69526 MiB
2026/09/24 07:08:45.677, 6, 94 %, 69238 MiB
2026/09/24 07:08:45.677, 7, 95 %, 69526 MiB
2026/09/24 07:08:50.678, 0, 95 %, 69736 MiB
2026/09/24 07:08:50.678, 1, 95 %, 69526 MiB
2026/09/24 07:08:50.678, 2, 95 %, 69524 MiB
2026/09/24 07:08:50.678, 3, 95 %, 69526 MiB
2026/09/24 07:08:50.678, 4, 95 %, 69524 MiB
2026/09/24 07:08:50.678, 5, 95 %, 69526 MiB
2026/09/24 07:08:50.678, 6, 95 %, 69238 MiB
2026/09/24 07:08:50.678, 7, 95 %, 69526 MiB
2026/09/24 07:08:55.678, 0, 94 %, 69736 MiB
2026/09/24 07:08:55.679, 1, 95 %, 69526 MiB
2026/09/24 07:08:55.679, 2, 94 %, 69524 MiB
2026/09/24 07:08:55.679, 3, 95 %, 69526 MiB
2026/09/24 07:08:55.679, 4, 95 %, 69524 MiB
2026/09/24 07:08:55.680, 5, 94 %, 69526 MiB
2026/09/24 07:08:55.680, 6, 95 %, 69238 MiB
2026/09/24 07:08:55.680, 7, 95 %, 69526 MiB
2026/09/24 07:09:00.681, 0, 95 %, 69736 MiB
2026/09/24 07:09:00.682, 1, 95 %, 69526 MiB
2026/09/24 07:09:00.682, 2, 95 %, 69524 MiB
2026/09/24 07:09:00.682, 3, 95 %, 69526 MiB
2026/09/24 07:09:00.682, 4, 95 %, 69524 MiB
2026/09/24 07:09:00.682, 5, 95 %, 69526 MiB
2026/09/24 07:09:00.682, 6, 96 %, 69238 MiB
2026/09/24 07:09:00.682, 7, 95 %, 69526 MiB
2026/09/24 07:09:05.682, 0, 95 %, 69738 MiB
2026/09/24 07:09:05.682, 1, 95 %, 69526 MiB
2026/09/24 07:09:05.682, 2, 95 %, 69524 MiB
2026/09/24 07:09:05.682, 3, 94 %, 69526 MiB
2026/09/24 07:09:05.682, 4, 95 %, 69524 MiB
2026/09/24 07:09:05.682, 5, 95 %, 69526 MiB
2026/09/24 07:09:05.682, 6, 96 %, 69238 MiB
2026/09/24 07:09:05.682, 7, 95 %, 69526 MiB
2026/09/24 07:09:10.683, 0, 96 %, 69738 MiB
2026/09/24 07:09:10.684, 1, 95 %, 69526 MiB
2026/09/24 07:09:10.684, 2, 96 %, 69524 MiB
2026/09/24 07:09:10.685, 3, 95 %, 69526 MiB
2026/09/24 07:09:10.685, 4, 95 %, 69524 MiB
2026/09/24 07:09:10.685, 5, 95 %, 69526 MiB
2026/09/24 07:09:10.685, 6, 95 %, 69238 MiB
2026/09/24 07:09:10.685, 7, 95 %, 69526 MiB
2026/09/24 07:09:15.686, 0, 96 %, 69738 MiB
2026/09/24 07:09:15.686, 1, 94 %, 69526 MiB
2026/09/24 07:09:15.686, 2, 94 %, 69524 MiB
2026/09/24 07:09:15.686, 3, 95 %, 69526 MiB
2026/09/24 07:09:15.687, 4, 93 %, 69524 MiB
2026/09/24 07:09:15.689, 5, 94 %, 69526 MiB
2026/09/24 07:09:15.692, 6, 94 %, 69238 MiB
2026/09/24 07:09:15.692, 7, 94 %, 69526 MiB
2026/09/24 07:09:20.694, 0, 96 %, 69738 MiB
2026/09/24 07:09:20.694, 1, 94 %, 69526 MiB
2026/09/24 07:09:20.694, 2, 95 %, 69524 MiB
2026/09/24 07:09:20.694, 3, 95 %, 69526 MiB
2026/09/24 07:09:20.694, 4, 96 %, 69524 MiB
2026/09/24 07:09:20.694, 5, 95 %, 69526 MiB
2026/09/24 07:09:20.694, 6, 95 %, 69238 MiB
2026/09/24 07:09:20.694, 7, 95 %, 69526 MiB
2026/09/24 07:09:25.695, 0, 96 %, 69738 MiB
2026/09/24 07:09:25.695, 1, 95 %, 69526 MiB
2026/09/24 07:09:25.695, 2, 95 %, 69524 MiB
2026/09/24 07:09:25.695, 3, 93 %, 69526 MiB
2026/09/24 07:09:25.695, 4, 95 %, 69524 MiB
2026/09/24 07:09:25.695, 5, 95 %, 69526 MiB
2026/09/24 07:09:25.695, 6, 94 %, 69238 MiB
2026/09/24 07:09:25.695, 7, 95 %, 69526 MiB
2026/09/24 07:09:30.695, 0, 96 %, 69740 MiB
2026/09/24 07:09:30.695, 1, 95 %, 69526 MiB
2026/09/24 07:09:30.695, 2, 97 %, 69526 MiB
2026/09/24 07:09:30.695, 3, 95 %, 69528 MiB
2026/09/24 07:09:30.695, 4, 95 %, 69526 MiB
2026/09/24 07:09:30.695, 5, 96 %, 69528 MiB
2026/09/24 07:09:30.695, 6, 93 %, 69240 MiB
2026/09/24 07:09:30.695, 7, 95 %, 69528 MiB
2026/09/24 07:09:35.696, 0, 95 %, 69740 MiB
2026/09/24 07:09:35.708, 1, 95 %, 69526 MiB
2026/09/24 07:09:35.711, 2, 96 %, 69526 MiB
2026/09/24 07:09:37.216, 3, 95 %, 69528 MiB
2026/09/24 07:09:37.223, 4, 95 %, 69526 MiB
2026/09/24 07:09:37.228, 5, 93 %, 69528 MiB
2026/09/24 07:09:37.233, 6, 95 %, 69240 MiB
2026/09/24 07:09:37.240, 7, 95 %, 69528 MiB
2026/09/24 07:09:42.247, 0, 96 %, 69740 MiB
2026/09/24 07:09:42.247, 1, 94 %, 69526 MiB
2026/09/24 07:09:42.247, 2, 95 %, 69526 MiB
2026/09/24 07:09:42.247, 3, 95 %, 69528 MiB
2026/09/24 07:09:42.247, 4, 95 %, 69526 MiB
2026/09/24 07:09:42.247, 5, 96 %, 69528 MiB
2026/09/24 07:09:42.249, 6, 97 %, 69240 MiB
2026/09/24 07:09:42.249, 7, 95 %, 69528 MiB
2026/09/24 07:09:47.250, 0, 95 %, 69740 MiB
2026/09/24 07:09:47.250, 1, 95 %, 69526 MiB
2026/09/24 07:09:47.250, 2, 96 %, 69526 MiB
2026/09/24 07:09:47.250, 3, 95 %, 69528 MiB
2026/09/24 07:09:47.250, 4, 96 %, 69526 MiB
2026/09/24 07:09:47.250, 5, 94 %, 69528 MiB
2026/09/24 07:09:47.250, 6, 94 %, 69240 MiB
2026/09/24 07:09:47.250, 7, 95 %, 69528 MiB
2026/09/24 07:09:52.251, 0, 97 %, 69740 MiB
2026/09/24 07:09:52.251, 1, 96 %, 69526 MiB
2026/09/24 07:09:52.256, 2, 95 %, 69526 MiB
2026/09/24 07:09:52.256, 3, 95 %, 69528 MiB
2026/09/24 07:09:52.256, 4, 96 %, 69526 MiB
2026/09/24 07:09:52.256, 5, 97 %, 69528 MiB
2026/09/24 07:09:52.256, 6, 95 %, 69240 MiB
2026/09/24 07:09:52.256, 7, 95 %, 69528 MiB
2026/09/24 07:09:57.256, 0, 94 %, 69740 MiB
2026/09/24 07:09:57.256, 1, 96 %, 69526 MiB
2026/09/24 07:09:57.256, 2, 94 %, 69526 MiB
2026/09/24 07:09:57.256, 3, 96 %, 69528 MiB
2026/09/24 07:09:57.256, 4, 95 %, 69526 MiB
2026/09/24 07:09:57.256, 5, 96 %, 69528 MiB
2026/09/24 07:09:57.256, 6, 97 %, 69240 MiB
2026/09/24 07:09:57.256, 7, 95 %, 69528 MiB
2026/09/24 07:10:02.257, 0, 96 %, 69740 MiB
2026/09/24 07:10:02.258, 1, 94 %, 69526 MiB
2026/09/24 07:10:02.258, 2, 95 %, 69526 MiB
2026/09/24 07:10:02.258, 3, 95 %, 69528 MiB
2026/09/24 07:10:02.258, 4, 95 %, 69526 MiB
2026/09/24 07:10:02.258, 5, 95 %, 69528 MiB
2026/09/24 07:10:02.259, 6, 95 %, 69240 MiB
2026/09/24 07:10:02.259, 7, 95 %, 69528 MiB
2026/09/24 07:10:07.259, 0, 95 %, 69740 MiB
2026/09/24 07:10:07.260, 1, 96 %, 69526 MiB
2026/09/24 07:10:07.260, 2, 95 %, 69526 MiB
2026/09/24 07:10:07.260, 3, 95 %, 69528 MiB
2026/09/24 07:10:07.260, 4, 95 %, 69526 MiB
2026/09/24 07:10:07.260, 5, 94 %, 69528 MiB
2026/09/24 07:10:07.260, 6, 95 %, 69240 MiB
2026/09/24 07:10:07.260, 7, 96 %, 69528 MiB
2026/09/24 07:10:12.260, 0, 95 %, 69740 MiB
2026/09/24 07:10:12.260, 1, 94 %, 69526 MiB
2026/09/24 07:10:12.260, 2, 95 %, 69526 MiB
2026/09/24 07:10:12.260, 3, 95 %, 69528 MiB
2026/09/24 07:10:12.260, 4, 94 %, 69526 MiB
2026/09/24 07:10:12.260, 5, 95 %, 69528 MiB
2026/09/24 07:10:12.260, 6, 95 %, 69240 MiB
2026/09/24 07:10:12.260, 7, 93 %, 69528 MiB
2026/09/24 07:10:17.260, 0, 97 %, 69740 MiB
2026/09/24 07:10:17.261, 1, 97 %, 69526 MiB
2026/09/24 07:10:17.261, 2, 97 %, 69526 MiB
2026/09/24 07:10:17.261, 3, 95 %, 69528 MiB
2026/09/24 07:10:17.261, 4, 97 %, 69526 MiB
2026/09/24 07:10:17.261, 5, 97 %, 69528 MiB
2026/09/24 07:10:17.261, 6, 96 %, 69240 MiB
2026/09/24 07:10:17.261, 7, 97 %, 69528 MiB
2026/09/24 07:10:22.261, 0, 95 %, 69740 MiB
2026/09/24 07:10:22.261, 1, 95 %, 69526 MiB
2026/09/24 07:10:22.261, 2, 95 %, 69526 MiB
2026/09/24 07:10:22.262, 3, 94 %, 69528 MiB
2026/09/24 07:10:22.262, 4, 96 %, 69526 MiB
2026/09/24 07:10:22.262, 5, 95 %, 69528 MiB
2026/09/24 07:10:22.262, 6, 95 %, 69240 MiB
2026/09/24 07:10:22.262, 7, 95 %, 69528 MiB
2026/09/24 07:10:27.263, 0, 95 %, 69740 MiB
2026/09/24 07:10:27.263, 1, 95 %, 69526 MiB
2026/09/24 07:10:27.263, 2, 96 %, 69526 MiB
2026/09/24 07:10:27.263, 3, 93 %, 69528 MiB
2026/09/24 07:10:27.263, 4, 95 %, 69526 MiB
2026/09/24 07:10:27.263, 5, 95 %, 69528 MiB
2026/09/24 07:10:27.263, 6, 96 %, 69240 MiB
2026/09/24 07:10:27.263, 7, 95 %, 69528 MiB
2026/09/24 07:10:32.263, 0, 95 %, 69740 MiB
2026/09/24 07:10:32.263, 1, 95 %, 69526 MiB
2026/09/24 07:10:32.263, 2, 95 %, 69526 MiB
2026/09/24 07:10:32.263, 3, 95 %, 69528 MiB
2026/09/24 07:10:32.263, 4, 95 %, 69526 MiB
2026/09/24 07:10:32.263, 5, 95 %, 69528 MiB
2026/09/24 07:10:32.263, 6, 94 %, 69240 MiB
2026/09/24 07:10:32.263, 7, 95 %, 69528 MiB
2026/09/24 07:10:37.264, 0, 95 %, 69740 MiB
2026/09/24 07:10:37.264, 1, 95 %, 69526 MiB
2026/09/24 07:10:37.264, 2, 96 %, 69526 MiB
2026/09/24 07:10:37.264, 3, 95 %, 69528 MiB
2026/09/24 07:10:37.264, 4, 95 %, 69526 MiB
2026/09/24 07:10:37.264, 5, 95 %, 69528 MiB
2026/09/24 07:10:37.264, 6, 96 %, 69240 MiB
2026/09/24 07:10:37.264, 7, 95 %, 69528 MiB
2026/09/24 07:10:42.264, 0, 94 %, 69740 MiB
2026/09/24 07:10:42.264, 1, 95 %, 69526 MiB
2026/09/24 07:10:42.264, 2, 95 %, 69526 MiB
2026/09/24 07:10:42.264, 3, 95 %, 69528 MiB
2026/09/24 07:10:42.264, 4, 95 %, 69526 MiB
2026/09/24 07:10:42.264, 5, 94 %, 69528 MiB
2026/09/24 07:10:42.264, 6, 95 %, 69240 MiB
2026/09/24 07:10:42.264, 7, 95 %, 69528 MiB
2026/09/24 07:10:47.265, 0, 95 %, 69740 MiB
2026/09/24 07:10:47.265, 1, 95 %, 69526 MiB
2026/09/24 07:10:47.265, 2, 95 %, 69526 MiB
2026/09/24 07:10:47.266, 3, 96 %, 69528 MiB
2026/09/24 07:10:47.266, 4, 95 %, 69526 MiB
2026/09/24 07:10:47.266, 5, 95 %, 69528 MiB
2026/09/24 07:10:47.267, 6, 95 %, 69240 MiB
2026/09/24 07:10:47.267, 7, 95 %, 69528 MiB
2026/09/24 07:10:52.268, 0, 94 %, 69740 MiB
2026/09/24 07:10:52.268, 1, 96 %, 69526 MiB
2026/09/24 07:10:52.268, 2, 94 %, 69526 MiB
2026/09/24 07:10:52.268, 3, 95 %, 69528 MiB
2026/09/24 07:10:52.268, 4, 95 %, 69526 MiB
2026/09/24 07:10:52.268, 5, 95 %, 69528 MiB
2026/09/24 07:10:52.268, 6, 94 %, 69240 MiB
2026/09/24 07:10:52.268, 7, 95 %, 69528 MiB
2026/09/24 07:10:57.268, 0, 97 %, 69740 MiB
2026/09/24 07:10:57.269, 1, 96 %, 69526 MiB
2026/09/24 07:10:57.269, 2, 95 %, 69526 MiB
2026/09/24 07:10:57.269, 3, 95 %, 69528 MiB
2026/09/24 07:10:57.269, 4, 95 %, 69526 MiB
2026/09/24 07:10:57.270, 5, 95 %, 69528 MiB
2026/09/24 07:10:57.270, 6, 95 %, 69240 MiB
2026/09/24 07:10:57.270, 7, 96 %, 69528 MiB
2026/09/24 07:11:02.271, 0, 95 %, 69740 MiB
2026/09/24 07:11:02.271, 1, 95 %, 69526 MiB
2026/09/24 07:11:02.271, 2, 95 %, 69526 MiB
2026/09/24 07:11:02.271, 3, 96 %, 69528 MiB
2026/09/24 07:11:02.271, 4, 95 %, 69526 MiB
2026/09/24 07:11:02.271, 5, 94 %, 69528 MiB
2026/09/24 07:11:02.271, 6, 95 %, 69240 MiB
2026/09/24 07:11:02.271, 7, 95 %, 69528 MiB
2026/09/24 07:11:07.271, 0, 95 %, 69740 MiB
2026/09/24 07:11:07.271, 1, 95 %, 69526 MiB
2026/09/24 07:11:07.271, 2, 95 %, 69526 MiB
2026/09/24 07:11:07.271, 3, 95 %, 69528 MiB
2026/09/24 07:11:07.271, 4, 95 %, 69526 MiB
2026/09/24 07:11:07.271, 5, 95 %, 69528 MiB
2026/09/24 07:11:07.271, 6, 95 %, 69240 MiB
2026/09/24 07:11:07.271, 7, 95 %, 69528 MiB
2026/09/24 07:11:12.272, 0, 95 %, 69740 MiB
2026/09/24 07:11:12.272, 1, 96 %, 69526 MiB
2026/09/24 07:11:12.273, 2, 96 %, 69526 MiB
2026/09/24 07:11:12.273, 3, 95 %, 69528 MiB
2026/09/24 07:11:12.273, 4, 95 %, 69526 MiB
2026/09/24 07:11:12.274, 5, 96 %, 69528 MiB
2026/09/24 07:11:12.274, 6, 96 %, 69240 MiB
2026/09/24 07:11:12.274, 7, 95 %, 69528 MiB
2026/09/24 07:11:17.274, 0, 94 %, 69740 MiB
2026/09/24 07:11:17.275, 1, 95 %, 69526 MiB
2026/09/24 07:11:17.275, 2, 94 %, 69526 MiB
2026/09/24 07:11:17.276, 3, 95 %, 69528 MiB
2026/09/24 07:11:17.276, 4, 95 %, 69526 MiB
2026/09/24 07:11:17.276, 5, 94 %, 69528 MiB
2026/09/24 07:11:17.276, 6, 94 %, 69240 MiB
2026/09/24 07:11:17.277, 7, 95 %, 69528 MiB
2026/09/24 07:11:22.277, 0, 95 %, 69740 MiB
2026/09/24 07:11:22.277, 1, 96 %, 69526 MiB
2026/09/24 07:11:22.278, 2, 95 %, 69526 MiB
2026/09/24 07:11:22.278, 3, 95 %, 69528 MiB
2026/09/24 07:11:22.278, 4, 95 %, 69526 MiB
2026/09/24 07:11:22.279, 5, 95 %, 69528 MiB
2026/09/24 07:11:22.279, 6, 95 %, 69240 MiB
2026/09/24 07:11:22.279, 7, 95 %, 69528 MiB
2026/09/24 07:11:27.280, 0, 95 %, 69740 MiB
2026/09/24 07:11:27.280, 1, 95 %, 69526 MiB
2026/09/24 07:11:27.280, 2, 95 %, 69526 MiB
2026/09/24 07:11:27.280, 3, 95 %, 69528 MiB
2026/09/24 07:11:27.280, 4, 94 %, 69526 MiB
2026/09/24 07:11:27.280, 5, 94 %, 69528 MiB
2026/09/24 07:11:27.280, 6, 95 %, 69240 MiB
2026/09/24 07:11:27.280, 7, 95 %, 69528 MiB
2026/09/24 07:11:32.281, 0, 88 %, 69740 MiB
2026/09/24 07:11:32.281, 1, 94 %, 69526 MiB
2026/09/24 07:11:32.281, 2, 95 %, 69526 MiB
2026/09/24 07:11:32.281, 3, 94 %, 69528 MiB
2026/09/24 07:11:32.281, 4, 93 %, 69526 MiB
2026/09/24 07:11:32.281, 5, 95 %, 69528 MiB
2026/09/24 07:11:32.281, 6, 92 %, 69240 MiB
2026/09/24 07:11:32.281, 7, 94 %, 69528 MiB
2026/09/24 07:11:37.281, 0, 98 %, 69740 MiB
2026/09/24 07:11:37.281, 1, 98 %, 69526 MiB
2026/09/24 07:11:37.281, 2, 98 %, 69526 MiB
2026/09/24 07:11:37.281, 3, 98 %, 69528 MiB
2026/09/24 07:11:37.281, 4, 97 %, 69526 MiB
2026/09/24 07:11:37.281, 5, 98 %, 69528 MiB
2026/09/24 07:11:37.281, 6, 98 %, 69240 MiB
2026/09/24 07:11:37.281, 7, 97 %, 69528 MiB
2026/09/24 07:11:42.282, 0, 92 %, 69740 MiB
2026/09/24 07:11:42.507, 1, 95 %, 69526 MiB
2026/09/24 07:11:42.513, 2, 95 %, 69526 MiB
2026/09/24 07:11:42.519, 3, 91 %, 69528 MiB
2026/09/24 07:11:42.524, 4, 92 %, 69526 MiB
2026/09/24 07:11:42.527, 5, 93 %, 69528 MiB
2026/09/24 07:11:42.528, 6, 94 %, 69240 MiB
2026/09/24 07:11:42.532, 7, 91 %, 69528 MiB
2026/09/24 07:11:47.534, 0, 95 %, 69740 MiB
2026/09/24 07:11:47.534, 1, 95 %, 69526 MiB
2026/09/24 07:11:47.534, 2, 95 %, 69526 MiB
2026/09/24 07:11:47.534, 3, 95 %, 69528 MiB
2026/09/24 07:11:47.534, 4, 95 %, 69526 MiB
2026/09/24 07:11:47.534, 5, 95 %, 69528 MiB
2026/09/24 07:11:47.534, 6, 95 %, 69240 MiB
2026/09/24 07:11:47.534, 7, 95 %, 69528 MiB
2026/09/24 07:11:52.534, 0, 100 %, 69740 MiB
2026/09/24 07:11:52.815, 1, 100 %, 69526 MiB
2026/09/24 07:11:53.205, 2, 100 %, 69526 MiB
2026/09/24 07:11:53.209, 3, 100 %, 69528 MiB
2026/09/24 07:11:53.214, 4, 100 %, 69526 MiB
2026/09/24 07:11:53.216, 5, 100 %, 69528 MiB
2026/09/24 07:11:53.225, 6, 100 %, 69240 MiB
2026/09/24 07:11:53.231, 7, 100 %, 69528 MiB
2026/09/24 07:11:58.236, 0, 79 %, 69740 MiB
2026/09/24 07:11:58.237, 1, 80 %, 69526 MiB
2026/09/24 07:11:58.237, 2, 74 %, 69526 MiB
2026/09/24 07:11:58.237, 3, 84 %, 69528 MiB
2026/09/24 07:11:58.237, 4, 80 %, 69526 MiB
2026/09/24 07:11:58.237, 5, 79 %, 69528 MiB
2026/09/24 07:11:58.237, 6, 81 %, 69240 MiB
2026/09/24 07:11:58.237, 7, 82 %, 69528 MiB
2026/09/24 07:12:03.524, 0, 96 %, 69740 MiB
2026/09/24 07:12:03.524, 1, 95 %, 69526 MiB
2026/09/24 07:12:03.524, 2, 95 %, 69526 MiB
2026/09/24 07:12:03.525, 3, 95 %, 69528 MiB
2026/09/24 07:12:03.525, 4, 94 %, 69526 MiB
2026/09/24 07:12:03.525, 5, 96 %, 69528 MiB
2026/09/24 07:12:03.526, 6, 95 %, 69240 MiB
2026/09/24 07:12:03.526, 7, 95 %, 69528 MiB
2026/09/24 07:12:08.527, 0, 100 %, 69740 MiB
2026/09/24 07:12:08.527, 1, 100 %, 69526 MiB
2026/09/24 07:12:08.527, 2, 100 %, 69526 MiB
2026/09/24 07:12:08.527, 3, 100 %, 69528 MiB
2026/09/24 07:12:08.530, 4, 100 %, 69526 MiB
2026/09/24 07:12:08.530, 5, 100 %, 69528 MiB
2026/09/24 07:12:08.530, 6, 100 %, 69240 MiB
2026/09/24 07:12:08.530, 7, 100 %, 69528 MiB
2026/09/24 07:12:13.530, 0, 95 %, 69740 MiB
2026/09/24 07:12:13.531, 1, 95 %, 69526 MiB
2026/09/24 07:12:13.531, 2, 95 %, 69526 MiB
2026/09/24 07:12:13.531, 3, 94 %, 69528 MiB
2026/09/24 07:12:13.531, 4, 95 %, 69526 MiB
2026/09/24 07:12:13.532, 5, 95 %, 69528 MiB
2026/09/24 07:12:13.532, 6, 95 %, 69240 MiB
2026/09/24 07:12:13.532, 7, 95 %, 69528 MiB
2026/09/24 07:12:18.533, 0, 100 %, 69740 MiB
2026/09/24 07:12:18.533, 1, 100 %, 69526 MiB
2026/09/24 07:12:18.533, 2, 100 %, 69526 MiB
2026/09/24 07:12:18.533, 3, 100 %, 69528 MiB
2026/09/24 07:12:18.533, 4, 100 %, 69526 MiB
2026/09/24 07:12:18.533, 5, 100 %, 69528 MiB
2026/09/24 07:12:18.533, 6, 100 %, 69240 MiB
2026/09/24 07:12:18.533, 7, 100 %, 69528 MiB
2026/09/24 07:12:23.533, 0, 82 %, 69740 MiB
2026/09/24 07:12:23.872, 1, 100 %, 69526 MiB
2026/09/24 07:12:23.877, 2, 100 %, 69526 MiB
2026/09/24 07:12:23.878, 3, 97 %, 69528 MiB
2026/09/24 07:12:23.882, 4, 88 %, 69526 MiB
2026/09/24 07:12:23.884, 5, 100 %, 69528 MiB
2026/09/24 07:12:23.886, 6, 93 %, 69240 MiB
2026/09/24 07:12:23.888, 7, 85 %, 69528 MiB
2026/09/24 07:12:28.892, 0, 100 %, 69740 MiB
2026/09/24 07:12:28.892, 1, 100 %, 69526 MiB
2026/09/24 07:12:28.892, 2, 100 %, 69526 MiB
2026/09/24 07:12:28.892, 3, 100 %, 69528 MiB
2026/09/24 07:12:28.893, 4, 100 %, 69526 MiB
2026/09/24 07:12:28.893, 5, 100 %, 69528 MiB
2026/09/24 07:12:28.894, 6, 100 %, 69240 MiB
2026/09/24 07:12:28.894, 7, 100 %, 69528 MiB
2026/09/24 07:12:33.895, 0, 100 %, 69740 MiB
2026/09/24 07:12:33.895, 1, 100 %, 69526 MiB
2026/09/24 07:12:33.897, 2, 100 %, 69526 MiB
2026/09/24 07:12:33.897, 3, 100 %, 69528 MiB
2026/09/24 07:12:33.897, 4, 100 %, 69526 MiB
2026/09/24 07:12:33.897, 5, 100 %, 69528 MiB
2026/09/24 07:12:33.898, 6, 100 %, 69240 MiB
2026/09/24 07:12:33.898, 7, 100 %, 69528 MiB
2026/09/24 07:12:38.899, 0, 100 %, 69740 MiB
2026/09/24 07:12:38.899, 1, 100 %, 69526 MiB
2026/09/24 07:12:38.900, 2, 100 %, 69526 MiB
2026/09/24 07:12:38.900, 3, 100 %, 69528 MiB
2026/09/24 07:12:38.900, 4, 100 %, 69526 MiB
2026/09/24 07:12:38.901, 5, 100 %, 69528 MiB
2026/09/24 07:12:38.901, 6, 100 %, 69240 MiB
2026/09/24 07:12:38.901, 7, 100 %, 69528 MiB
2026/09/24 07:12:43.902, 0, 100 %, 69740 MiB
2026/09/24 07:12:43.902, 1, 100 %, 69526 MiB
2026/09/24 07:12:43.902, 2, 100 %, 69526 MiB
2026/09/24 07:12:43.902, 3, 100 %, 69528 MiB
2026/09/24 07:12:43.902, 4, 100 %, 69526 MiB
2026/09/24 07:12:43.902, 5, 100 %, 69528 MiB
2026/09/24 07:12:43.902, 6, 100 %, 69240 MiB
2026/09/24 07:12:43.902, 7, 100 %, 69528 MiB
2026/09/24 07:12:48.902, 0, 100 %, 69740 MiB
2026/09/24 07:12:48.903, 1, 100 %, 69526 MiB
2026/09/24 07:12:48.903, 2, 100 %, 69526 MiB
2026/09/24 07:12:48.903, 3, 100 %, 69528 MiB
2026/09/24 07:12:48.903, 4, 100 %, 69526 MiB
2026/09/24 07:12:48.903, 5, 100 %, 69528 MiB
2026/09/24 07:12:48.903, 6, 100 %, 69240 MiB
2026/09/24 07:12:48.903, 7, 100 %, 69528 MiB
2026/09/24 07:12:53.905, 0, 100 %, 69740 MiB
2026/09/24 07:12:53.905, 1, 100 %, 69526 MiB
2026/09/24 07:12:53.906, 2, 100 %, 69526 MiB
2026/09/24 07:12:53.906, 3, 100 %, 69528 MiB
2026/09/24 07:12:53.906, 4, 100 %, 69526 MiB
2026/09/24 07:12:53.907, 5, 100 %, 69528 MiB
2026/09/24 07:12:53.907, 6, 100 %, 69240 MiB
2026/09/24 07:12:53.907, 7, 100 %, 69528 MiB
2026/09/24 07:12:58.908, 0, 100 %, 69740 MiB
2026/09/24 07:12:58.908, 1, 100 %, 69526 MiB
2026/09/24 07:12:58.909, 2, 100 %, 69526 MiB
2026/09/24 07:12:58.909, 3, 100 %, 69528 MiB
2026/09/24 07:12:58.909, 4, 100 %, 69526 MiB
2026/09/24 07:12:58.910, 5, 100 %, 69528 MiB
2026/09/24 07:12:58.910, 6, 100 %, 69240 MiB
2026/09/24 07:12:58.910, 7, 100 %, 69528 MiB
2026/09/24 07:13:03.911, 0, 99 %, 69740 MiB
2026/09/24 07:13:03.913, 1, 100 %, 69526 MiB
2026/09/24 07:13:03.913, 2, 100 %, 69526 MiB
2026/09/24 07:13:03.913, 3, 100 %, 69528 MiB
2026/09/24 07:13:03.913, 4, 100 %, 69526 MiB
2026/09/24 07:13:03.915, 5, 100 %, 69528 MiB
2026/09/24 07:13:03.916, 6, 100 %, 69240 MiB
2026/09/24 07:13:03.916, 7, 98 %, 69528 MiB
2026/09/24 07:13:08.916, 0, 100 %, 69740 MiB
2026/09/24 07:13:08.916, 1, 99 %, 69526 MiB
2026/09/24 07:13:08.916, 2, 99 %, 69526 MiB
2026/09/24 07:13:08.917, 3, 100 %, 69528 MiB
2026/09/24 07:13:08.917, 4, 100 %, 69526 MiB
2026/09/24 07:13:08.917, 5, 100 %, 69528 MiB
2026/09/24 07:13:08.917, 6, 100 %, 69240 MiB
2026/09/24 07:13:08.917, 7, 99 %, 69528 MiB
2026/09/24 07:13:13.917, 0, 99 %, 69740 MiB
2026/09/24 07:13:13.917, 1, 98 %, 69526 MiB
2026/09/24 07:13:13.917, 2, 98 %, 69526 MiB
2026/09/24 07:13:13.918, 3, 99 %, 69528 MiB
2026/09/24 07:13:13.918, 4, 98 %, 69526 MiB
2026/09/24 07:13:13.919, 5, 98 %, 69528 MiB
2026/09/24 07:13:13.919, 6, 98 %, 69240 MiB
2026/09/24 07:13:13.920, 7, 98 %, 69528 MiB
2026/09/24 07:13:18.920, 0, 98 %, 69740 MiB
2026/09/24 07:13:18.920, 1, 97 %, 69526 MiB
2026/09/24 07:13:18.921, 2, 98 %, 69526 MiB
2026/09/24 07:13:18.921, 3, 99 %, 69528 MiB
2026/09/24 07:13:18.921, 4, 99 %, 69526 MiB
2026/09/24 07:13:18.922, 5, 98 %, 69528 MiB
2026/09/24 07:13:18.922, 6, 98 %, 69240 MiB
2026/09/24 07:13:18.922, 7, 98 %, 69528 MiB
2026/09/24 07:13:23.922, 0, 0 %, 67848 MiB
2026/09/24 07:13:23.922, 1, 0 %, 67636 MiB
2026/09/24 07:13:23.922, 2, 0 %, 67636 MiB
2026/09/24 07:13:23.922, 3, 0 %, 67636 MiB
2026/09/24 07:13:23.922, 4, 0 %, 67636 MiB
2026/09/24 07:13:23.922, 5, 0 %, 67636 MiB
2026/09/24 07:13:23.923, 6, 0 %, 67350 MiB
2026/09/24 07:13:23.923, 7, 0 %, 67636 MiB
2026/09/24 07:13:28.923, 0, 0 %, 67848 MiB
2026/09/24 07:13:29.114, 1, 0 %, 67636 MiB
2026/09/24 07:13:29.115, 2, 0 %, 67636 MiB
2026/09/24 07:13:29.115, 3, 0 %, 67636 MiB
2026/09/24 07:13:29.117, 4, 0 %, 67636 MiB
2026/09/24 07:13:29.117, 5, 0 %, 67636 MiB
2026/09/24 07:13:29.117, 6, 0 %, 67350 MiB
2026/09/24 07:13:29.118, 7, 0 %, 67636 MiB
2026/09/24 07:13:34.118, 0, 95 %, 69718 MiB
2026/09/24 07:13:34.118, 1, 95 %, 69506 MiB
2026/09/24 07:13:34.119, 2, 95 %, 69506 MiB
2026/09/24 07:13:34.119, 3, 95 %, 69506 MiB
2026/09/24 07:13:34.119, 4, 93 %, 69506 MiB
2026/09/24 07:13:34.120, 5, 95 %, 69506 MiB
2026/09/24 07:13:34.120, 6, 94 %, 69220 MiB
2026/09/24 07:13:34.120, 7, 95 %, 69506 MiB
2026/09/24 07:13:39.121, 0, 95 %, 69718 MiB
2026/09/24 07:13:39.121, 1, 95 %, 69506 MiB
2026/09/24 07:13:39.121, 2, 95 %, 69506 MiB
2026/09/24 07:13:39.121, 3, 94 %, 69506 MiB
2026/09/24 07:13:39.121, 4, 95 %, 69506 MiB
2026/09/24 07:13:39.121, 5, 94 %, 69506 MiB
2026/09/24 07:13:39.121, 6, 96 %, 69220 MiB
2026/09/24 07:13:39.121, 7, 94 %, 69506 MiB
2026/09/24 07:13:44.122, 0, 95 %, 69718 MiB
2026/09/24 07:13:44.122, 1, 93 %, 69506 MiB
2026/09/24 07:13:44.122, 2, 95 %, 69506 MiB
2026/09/24 07:13:44.123, 3, 95 %, 69506 MiB
2026/09/24 07:13:44.123, 4, 95 %, 69506 MiB
2026/09/24 07:13:44.123, 5, 95 %, 69506 MiB
2026/09/24 07:13:44.124, 6, 95 %, 69220 MiB
2026/09/24 07:13:44.124, 7, 94 %, 69506 MiB
2026/09/24 07:13:49.125, 0, 93 %, 69720 MiB
2026/09/24 07:13:49.125, 1, 93 %, 69506 MiB
2026/09/24 07:13:49.125, 2, 93 %, 69508 MiB
2026/09/24 07:13:49.125, 3, 91 %, 69508 MiB
2026/09/24 07:13:49.125, 4, 95 %, 69506 MiB
2026/09/24 07:13:49.125, 5, 95 %, 69506 MiB
2026/09/24 07:13:49.125, 6, 94 %, 69220 MiB
2026/09/24 07:13:49.125, 7, 93 %, 69508 MiB
2026/09/24 07:13:54.125, 0, 94 %, 69720 MiB
2026/09/24 07:13:54.125, 1, 94 %, 69506 MiB
2026/09/24 07:13:54.125, 2, 94 %, 69508 MiB
2026/09/24 07:13:54.125, 3, 95 %, 69508 MiB
2026/09/24 07:13:54.125, 4, 94 %, 69506 MiB
2026/09/24 07:13:54.125, 5, 94 %, 69506 MiB
2026/09/24 07:13:54.125, 6, 94 %, 69220 MiB
2026/09/24 07:13:54.125, 7, 94 %, 69508 MiB
2026/09/24 07:13:59.126, 0, 93 %, 69720 MiB
2026/09/24 07:13:59.401, 1, 93 %, 69508 MiB
2026/09/24 07:13:59.403, 2, 94 %, 69508 MiB
2026/09/24 07:13:59.403, 3, 95 %, 69508 MiB
2026/09/24 07:13:59.403, 4, 94 %, 69506 MiB
2026/09/24 07:13:59.404, 5, 95 %, 69508 MiB
2026/09/24 07:13:59.404, 6, 94 %, 69220 MiB
2026/09/24 07:13:59.404, 7, 95 %, 69508 MiB
2026/09/24 07:14:04.404, 0, 94 %, 69720 MiB
2026/09/24 07:14:04.486, 1, 95 %, 69510 MiB
2026/09/24 07:14:04.490, 2, 93 %, 69508 MiB
2026/09/24 07:14:04.490, 3, 95 %, 69508 MiB
2026/09/24 07:14:04.491, 4, 95 %, 69508 MiB
2026/09/24 07:14:04.492, 5, 95 %, 69508 MiB
2026/09/24 07:14:04.492, 6, 95 %, 69222 MiB
2026/09/24 07:14:04.493, 7, 95 %, 69508 MiB
2026/09/24 07:14:09.496, 0, 95 %, 69720 MiB
2026/09/24 07:14:09.816, 1, 95 %, 69510 MiB
2026/09/24 07:14:09.822, 2, 95 %, 69508 MiB
2026/09/24 07:14:09.828, 3, 96 %, 69508 MiB
2026/09/24 07:14:09.830, 4, 94 %, 69508 MiB
2026/09/24 07:14:09.912, 5, 94 %, 69508 MiB
2026/09/24 07:14:09.917, 6, 94 %, 69222 MiB
2026/09/24 07:14:09.919, 7, 95 %, 69508 MiB
2026/09/24 07:14:14.924, 0, 95 %, 69720 MiB
2026/09/24 07:14:15.286, 1, 94 %, 69510 MiB
2026/09/24 07:14:15.293, 2, 95 %, 69508 MiB
2026/09/24 07:14:15.293, 3, 95 %, 69508 MiB
2026/09/24 07:14:15.299, 4, 96 %, 69508 MiB
2026/09/24 07:14:15.299, 5, 96 %, 69508 MiB
2026/09/24 07:14:15.303, 6, 94 %, 69222 MiB
2026/09/24 07:14:15.310, 7, 94 %, 69508 MiB
2026/09/24 07:14:20.315, 0, 95 %, 69720 MiB
2026/09/24 07:14:20.315, 1, 95 %, 69510 MiB
2026/09/24 07:14:20.315, 2, 94 %, 69508 MiB
2026/09/24 07:14:20.315, 3, 95 %, 69508 MiB
2026/09/24 07:14:20.315, 4, 95 %, 69508 MiB
2026/09/24 07:14:20.316, 5, 95 %, 69508 MiB
2026/09/24 07:14:20.316, 6, 95 %, 69222 MiB
2026/09/24 07:14:20.316, 7, 95 %, 69508 MiB
2026/09/24 07:14:25.316, 0, 95 %, 69724 MiB
2026/09/24 07:14:25.316, 1, 97 %, 69514 MiB
2026/09/24 07:14:25.316, 2, 96 %, 69512 MiB
2026/09/24 07:14:25.316, 3, 95 %, 69512 MiB
2026/09/24 07:14:25.316, 4, 95 %, 69512 MiB
2026/09/24 07:14:25.316, 5, 96 %, 69512 MiB
2026/09/24 07:14:25.316, 6, 96 %, 69226 MiB
2026/09/24 07:14:25.316, 7, 96 %, 69512 MiB
2026/09/24 07:14:30.316, 0, 94 %, 69724 MiB
2026/09/24 07:14:30.316, 1, 94 %, 69514 MiB
2026/09/24 07:14:30.317, 2, 94 %, 69514 MiB
2026/09/24 07:14:30.317, 3, 96 %, 69514 MiB
2026/09/24 07:14:30.317, 4, 95 %, 69512 MiB
2026/09/24 07:14:30.317, 5, 95 %, 69514 MiB
2026/09/24 07:14:30.317, 6, 94 %, 69226 MiB
2026/09/24 07:14:30.317, 7, 95 %, 69514 MiB
2026/09/24 07:14:35.317, 0, 95 %, 69724 MiB
2026/09/24 07:14:35.320, 1, 95 %, 69514 MiB
2026/09/24 07:14:35.321, 2, 96 %, 69514 MiB
2026/09/24 07:14:35.321, 3, 95 %, 69514 MiB
2026/09/24 07:14:35.322, 4, 95 %, 69512 MiB
2026/09/24 07:14:35.323, 5, 95 %, 69514 MiB
2026/09/24 07:14:35.326, 6, 96 %, 69226 MiB
2026/09/24 07:14:35.327, 7, 95 %, 69514 MiB
2026/09/24 07:14:40.328, 0, 96 %, 69724 MiB
2026/09/24 07:14:40.328, 1, 95 %, 69514 MiB
2026/09/24 07:14:40.329, 2, 94 %, 69514 MiB
2026/09/24 07:14:40.329, 3, 94 %, 69514 MiB
2026/09/24 07:14:40.330, 4, 95 %, 69512 MiB
2026/09/24 07:14:40.330, 5, 94 %, 69514 MiB
2026/09/24 07:14:40.331, 6, 95 %, 69226 MiB
2026/09/24 07:14:40.331, 7, 95 %, 69514 MiB
2026/09/24 07:14:45.332, 0, 95 %, 69726 MiB
2026/09/24 07:14:45.335, 1, 95 %, 69514 MiB
2026/09/24 07:14:45.336, 2, 97 %, 69516 MiB
2026/09/24 07:14:45.337, 3, 95 %, 69514 MiB
2026/09/24 07:14:45.338, 4, 97 %, 69514 MiB
2026/09/24 07:14:45.339, 5, 94 %, 69516 MiB
2026/09/24 07:14:45.339, 6, 95 %, 69228 MiB
2026/09/24 07:14:45.340, 7, 95 %, 69514 MiB
2026/09/24 07:14:50.340, 0, 98 %, 69728 MiB
2026/09/24 07:14:50.341, 1, 98 %, 69518 MiB
2026/09/24 07:14:50.341, 2, 96 %, 69518 MiB
2026/09/24 07:14:50.341, 3, 98 %, 69516 MiB
2026/09/24 07:14:50.342, 4, 98 %, 69518 MiB
2026/09/24 07:14:50.342, 5, 98 %, 69518 MiB
2026/09/24 07:14:50.342, 6, 98 %, 69230 MiB
2026/09/24 07:14:50.343, 7, 98 %, 69516 MiB
2026/09/24 07:14:55.343, 0, 95 %, 69732 MiB
2026/09/24 07:14:55.343, 1, 96 %, 69520 MiB
2026/09/24 07:14:55.343, 2, 95 %, 69520 MiB
2026/09/24 07:14:55.343, 3, 95 %, 69518 MiB
2026/09/24 07:14:55.343, 4, 96 %, 69522 MiB
2026/09/24 07:14:55.343, 5, 94 %, 69520 MiB
2026/09/24 07:14:55.343, 6, 95 %, 69232 MiB
2026/09/24 07:14:55.343, 7, 94 %, 69518 MiB
2026/09/24 07:15:00.344, 0, 95 %, 69732 MiB
2026/09/24 07:15:00.344, 1, 94 %, 69520 MiB
2026/09/24 07:15:00.344, 2, 95 %, 69520 MiB
2026/09/24 07:15:00.344, 3, 94 %, 69518 MiB
2026/09/24 07:15:00.344, 4, 94 %, 69522 MiB
2026/09/24 07:15:00.344, 5, 95 %, 69520 MiB
2026/09/24 07:15:00.344, 6, 94 %, 69232 MiB
2026/09/24 07:15:00.344, 7, 95 %, 69518 MiB
2026/09/24 07:15:05.344, 0, 95 %, 69732 MiB
2026/09/24 07:15:05.347, 1, 94 %, 69520 MiB
2026/09/24 07:15:05.347, 2, 95 %, 69520 MiB
2026/09/24 07:15:05.348, 3, 95 %, 69522 MiB
2026/09/24 07:15:05.348, 4, 95 %, 69522 MiB
2026/09/24 07:15:05.349, 5, 93 %, 69520 MiB
2026/09/24 07:15:05.349, 6, 95 %, 69232 MiB
2026/09/24 07:15:05.351, 7, 94 %, 69522 MiB
2026/09/24 07:15:10.356, 0, 95 %, 69732 MiB
2026/09/24 07:15:10.356, 1, 95 %, 69520 MiB
2026/09/24 07:15:10.356, 2, 95 %, 69520 MiB
2026/09/24 07:15:10.356, 3, 95 %, 69522 MiB
2026/09/24 07:15:10.356, 4, 95 %, 69522 MiB
2026/09/24 07:15:10.356, 5, 95 %, 69520 MiB
2026/09/24 07:15:10.356, 6, 95 %, 69232 MiB
2026/09/24 07:15:10.356, 7, 94 %, 69522 MiB
2026/09/24 07:15:15.356, 0, 98 %, 70306 MiB
2026/09/24 07:15:15.357, 1, 97 %, 70094 MiB
2026/09/24 07:15:15.357, 2, 98 %, 70094 MiB
2026/09/24 07:15:15.358, 3, 97 %, 70096 MiB
2026/09/24 07:15:15.358, 4, 97 %, 70096 MiB
2026/09/24 07:15:15.358, 5, 97 %, 70094 MiB
2026/09/24 07:15:15.359, 6, 97 %, 69806 MiB
2026/09/24 07:15:15.359, 7, 97 %, 70096 MiB
2026/09/24 07:15:20.360, 0, 91 %, 70306 MiB
2026/09/24 07:15:20.360, 1, 94 %, 70094 MiB
2026/09/24 07:15:20.360, 2, 92 %, 70094 MiB
2026/09/24 07:15:20.360, 3, 95 %, 70096 MiB
2026/09/24 07:15:20.360, 4, 95 %, 70096 MiB
2026/09/24 07:15:20.360, 5, 95 %, 70094 MiB
2026/09/24 07:15:20.360, 6, 95 %, 69806 MiB
2026/09/24 07:15:20.360, 7, 95 %, 70096 MiB
2026/09/24 07:15:25.360, 0, 95 %, 70306 MiB
2026/09/24 07:15:25.360, 1, 94 %, 70094 MiB
2026/09/24 07:15:25.360, 2, 96 %, 70094 MiB
2026/09/24 07:15:25.360, 3, 95 %, 70096 MiB
2026/09/24 07:15:25.360, 4, 95 %, 70096 MiB
2026/09/24 07:15:25.360, 5, 95 %, 70094 MiB
2026/09/24 07:15:25.360, 6, 95 %, 69806 MiB
2026/09/24 07:15:25.360, 7, 95 %, 70096 MiB
2026/09/24 07:15:30.361, 0, 93 %, 70306 MiB
2026/09/24 07:15:30.361, 1, 95 %, 70094 MiB
2026/09/24 07:15:30.361, 2, 95 %, 70094 MiB
2026/09/24 07:15:30.362, 3, 95 %, 70096 MiB
2026/09/24 07:15:30.362, 4, 95 %, 70096 MiB
2026/09/24 07:15:30.362, 5, 95 %, 70094 MiB
2026/09/24 07:15:30.362, 6, 95 %, 69806 MiB
2026/09/24 07:15:30.363, 7, 95 %, 70096 MiB
2026/09/24 07:15:35.363, 0, 95 %, 70306 MiB
2026/09/24 07:15:35.364, 1, 94 %, 70096 MiB
2026/09/24 07:15:35.364, 2, 95 %, 70094 MiB
2026/09/24 07:15:35.365, 3, 95 %, 70096 MiB
2026/09/24 07:15:35.365, 4, 95 %, 70096 MiB
2026/09/24 07:15:35.365, 5, 96 %, 70096 MiB
2026/09/24 07:15:35.366, 6, 95 %, 69806 MiB
2026/09/24 07:15:35.366, 7, 96 %, 70096 MiB
2026/09/24 07:15:40.367, 0, 97 %, 70306 MiB
2026/09/24 07:15:40.367, 1, 96 %, 70096 MiB
2026/09/24 07:15:40.367, 2, 97 %, 70094 MiB
2026/09/24 07:15:40.367, 3, 99 %, 70096 MiB
2026/09/24 07:15:40.367, 4, 99 %, 70096 MiB
2026/09/24 07:15:40.367, 5, 97 %, 70096 MiB
2026/09/24 07:15:40.367, 6, 96 %, 69806 MiB
2026/09/24 07:15:40.367, 7, 99 %, 70096 MiB
2026/09/24 07:15:45.367, 0, 95 %, 70306 MiB
2026/09/24 07:15:45.367, 1, 94 %, 70096 MiB
2026/09/24 07:15:45.368, 2, 95 %, 70094 MiB
2026/09/24 07:15:45.368, 3, 95 %, 70096 MiB
2026/09/24 07:15:45.368, 4, 95 %, 70096 MiB
2026/09/24 07:15:45.368, 5, 95 %, 70096 MiB
2026/09/24 07:15:45.368, 6, 96 %, 69806 MiB
2026/09/24 07:15:45.368, 7, 95 %, 70096 MiB
2026/09/24 07:15:50.368, 0, 95 %, 70306 MiB
2026/09/24 07:15:50.368, 1, 95 %, 70096 MiB
2026/09/24 07:15:50.368, 2, 95 %, 70094 MiB
2026/09/24 07:15:50.368, 3, 94 %, 70096 MiB
2026/09/24 07:15:50.368, 4, 95 %, 70096 MiB
2026/09/24 07:15:50.368, 5, 95 %, 70096 MiB
2026/09/24 07:15:50.368, 6, 95 %, 69806 MiB
2026/09/24 07:15:50.368, 7, 95 %, 70096 MiB
2026/09/24 07:15:55.368, 0, 95 %, 70306 MiB
2026/09/24 07:15:55.369, 1, 96 %, 70096 MiB
2026/09/24 07:15:55.370, 2, 95 %, 70094 MiB
2026/09/24 07:15:55.376, 3, 96 %, 70096 MiB
2026/09/24 07:15:55.377, 4, 95 %, 70096 MiB
2026/09/24 07:15:55.381, 5, 96 %, 70096 MiB
2026/09/24 07:15:55.387, 6, 95 %, 69806 MiB
2026/09/24 07:15:55.388, 7, 97 %, 70096 MiB
2026/09/24 07:16:00.391, 0, 95 %, 70308 MiB
2026/09/24 07:16:00.392, 1, 93 %, 70096 MiB
2026/09/24 07:16:00.394, 2, 95 %, 70094 MiB
2026/09/24 07:16:00.395, 3, 95 %, 70096 MiB
2026/09/24 07:16:00.396, 4, 95 %, 70096 MiB
2026/09/24 07:16:00.397, 5, 94 %, 70096 MiB
2026/09/24 07:16:00.397, 6, 95 %, 69808 MiB
2026/09/24 07:16:00.397, 7, 94 %, 70096 MiB
2026/09/24 07:16:05.398, 0, 95 %, 70308 MiB
2026/09/24 07:16:05.398, 1, 95 %, 70096 MiB
2026/09/24 07:16:05.398, 2, 96 %, 70094 MiB
2026/09/24 07:16:05.398, 3, 97 %, 70096 MiB
2026/09/24 07:16:05.398, 4, 95 %, 70096 MiB
2026/09/24 07:16:05.398, 5, 95 %, 70096 MiB
2026/09/24 07:16:05.398, 6, 95 %, 69808 MiB
2026/09/24 07:16:05.398, 7, 95 %, 70096 MiB
2026/09/24 07:16:10.398, 0, 94 %, 70308 MiB
2026/09/24 07:16:10.412, 1, 95 %, 70096 MiB
2026/09/24 07:16:10.415, 2, 95 %, 70096 MiB
2026/09/24 07:16:10.415, 3, 95 %, 70096 MiB
2026/09/24 07:16:10.415, 4, 95 %, 70096 MiB
2026/09/24 07:16:10.415, 5, 95 %, 70096 MiB
2026/09/24 07:16:10.415, 6, 96 %, 69808 MiB
2026/09/24 07:16:10.416, 7, 95 %, 70096 MiB
2026/09/24 07:16:15.416, 0, 95 %, 70308 MiB
2026/09/24 07:16:15.416, 1, 95 %, 70096 MiB
2026/09/24 07:16:15.416, 2, 95 %, 70096 MiB
2026/09/24 07:16:15.417, 3, 95 %, 70096 MiB
2026/09/24 07:16:15.417, 4, 95 %, 70096 MiB
2026/09/24 07:16:15.418, 5, 95 %, 70096 MiB
2026/09/24 07:16:15.418, 6, 95 %, 69808 MiB
2026/09/24 07:16:15.418, 7, 93 %, 70096 MiB
2026/09/24 07:16:20.419, 0, 96 %, 70308 MiB
2026/09/24 07:16:20.420, 1, 95 %, 70096 MiB
2026/09/24 07:16:20.420, 2, 96 %, 70096 MiB
2026/09/24 07:16:20.421, 3, 96 %, 70096 MiB
2026/09/24 07:16:20.422, 4, 95 %, 70096 MiB
2026/09/24 07:16:20.422, 5, 96 %, 70096 MiB
2026/09/24 07:16:20.423, 6, 96 %, 69808 MiB
2026/09/24 07:16:20.424, 7, 96 %, 70096 MiB
2026/09/24 07:16:25.425, 0, 96 %, 70308 MiB
2026/09/24 07:16:25.425, 1, 95 %, 70096 MiB
2026/09/24 07:16:25.427, 2, 96 %, 70096 MiB
2026/09/24 07:16:25.427, 3, 95 %, 70096 MiB
2026/09/24 07:16:25.428, 4, 94 %, 70096 MiB
2026/09/24 07:16:25.428, 5, 95 %, 70096 MiB
2026/09/24 07:16:25.428, 6, 95 %, 69808 MiB
2026/09/24 07:16:25.428, 7, 95 %, 70096 MiB
2026/09/24 07:16:30.428, 0, 95 %, 70308 MiB
2026/09/24 07:16:30.428, 1, 94 %, 70096 MiB
2026/09/24 07:16:30.428, 2, 95 %, 70096 MiB
2026/09/24 07:16:30.428, 3, 95 %, 70096 MiB
2026/09/24 07:16:30.428, 4, 95 %, 70096 MiB
2026/09/24 07:16:30.428, 5, 94 %, 70096 MiB
2026/09/24 07:16:30.428, 6, 95 %, 69808 MiB
2026/09/24 07:16:30.428, 7, 95 %, 70096 MiB
2026/09/24 07:16:35.428, 0, 94 %, 70308 MiB
2026/09/24 07:16:35.429, 1, 96 %, 70096 MiB
2026/09/24 07:16:35.429, 2, 94 %, 70096 MiB
2026/09/24 07:16:35.429, 3, 88 %, 70096 MiB
2026/09/24 07:16:35.429, 4, 94 %, 70096 MiB
2026/09/24 07:16:35.429, 5, 95 %, 70096 MiB
2026/09/24 07:16:35.429, 6, 95 %, 69808 MiB
2026/09/24 07:16:35.429, 7, 94 %, 70096 MiB
2026/09/24 07:16:40.429, 0, 96 %, 70308 MiB
2026/09/24 07:16:40.429, 1, 96 %, 70098 MiB
2026/09/24 07:16:40.430, 2, 95 %, 70096 MiB
2026/09/24 07:16:40.430, 3, 96 %, 70096 MiB
2026/09/24 07:16:40.430, 4, 95 %, 70096 MiB
2026/09/24 07:16:40.431, 5, 96 %, 70098 MiB
2026/09/24 07:16:40.431, 6, 94 %, 69808 MiB
2026/09/24 07:16:40.431, 7, 95 %, 70096 MiB
2026/09/24 07:16:45.432, 0, 99 %, 70308 MiB
2026/09/24 07:16:45.432, 1, 99 %, 70098 MiB
2026/09/24 07:16:45.432, 2, 99 %, 70098 MiB
2026/09/24 07:16:45.432, 3, 99 %, 70096 MiB
2026/09/24 07:16:45.432, 4, 99 %, 70096 MiB
2026/09/24 07:16:45.432, 5, 99 %, 70098 MiB
2026/09/24 07:16:45.432, 6, 99 %, 69810 MiB
2026/09/24 07:16:45.432, 7, 99 %, 70096 MiB
2026/09/24 07:16:50.432, 0, 89 %, 70308 MiB
2026/09/24 07:16:50.433, 1, 96 %, 70098 MiB
2026/09/24 07:16:50.433, 2, 89 %, 70098 MiB
2026/09/24 07:16:50.433, 3, 94 %, 70096 MiB
2026/09/24 07:16:50.434, 4, 91 %, 70096 MiB
2026/09/24 07:16:50.434, 5, 98 %, 70098 MiB
2026/09/24 07:16:50.434, 6, 92 %, 69810 MiB
2026/09/24 07:16:50.435, 7, 99 %, 70096 MiB
2026/09/24 07:16:55.436, 0, 85 %, 70308 MiB
2026/09/24 07:16:55.436, 1, 70 %, 70098 MiB
2026/09/24 07:16:55.436, 2, 100 %, 70098 MiB
2026/09/24 07:16:55.436, 3, 99 %, 70096 MiB
2026/09/24 07:16:55.437, 4, 89 %, 70096 MiB
2026/09/24 07:16:55.437, 5, 100 %, 70098 MiB
2026/09/24 07:16:55.438, 6, 94 %, 69810 MiB
2026/09/24 07:16:55.438, 7, 100 %, 70096 MiB
2026/09/24 07:17:00.439, 0, 97 %, 70308 MiB
2026/09/24 07:17:00.439, 1, 96 %, 70098 MiB
2026/09/24 07:17:00.440, 2, 97 %, 70098 MiB
2026/09/24 07:17:00.440, 3, 98 %, 70096 MiB
2026/09/24 07:17:00.440, 4, 97 %, 70098 MiB
2026/09/24 07:17:00.441, 5, 99 %, 70098 MiB
2026/09/24 07:17:00.441, 6, 97 %, 69810 MiB
2026/09/24 07:17:00.441, 7, 97 %, 70096 MiB
2026/09/24 07:17:05.441, 0, 97 %, 70308 MiB
2026/09/24 07:17:05.441, 1, 97 %, 70098 MiB
2026/09/24 07:17:05.442, 2, 97 %, 70098 MiB
2026/09/24 07:17:05.442, 3, 99 %, 70096 MiB
2026/09/24 07:17:05.442, 4, 97 %, 70098 MiB
2026/09/24 07:17:05.443, 5, 97 %, 70098 MiB
2026/09/24 07:17:05.443, 6, 98 %, 69810 MiB
2026/09/24 07:17:05.444, 7, 97 %, 70096 MiB
2026/09/24 07:17:10.444, 0, 100 %, 70308 MiB
2026/09/24 07:17:10.444, 1, 100 %, 70098 MiB
2026/09/24 07:17:10.444, 2, 100 %, 70098 MiB
2026/09/24 07:17:10.444, 3, 100 %, 70096 MiB
2026/09/24 07:17:10.444, 4, 100 %, 70098 MiB
2026/09/24 07:17:10.444, 5, 100 %, 70098 MiB
2026/09/24 07:17:10.444, 6, 100 %, 69810 MiB
2026/09/24 07:17:10.444, 7, 100 %, 70096 MiB
2026/09/24 07:17:15.445, 0, 96 %, 70308 MiB
2026/09/24 07:17:15.445, 1, 96 %, 70098 MiB
2026/09/24 07:17:15.445, 2, 96 %, 70098 MiB
2026/09/24 07:17:15.446, 3, 99 %, 70096 MiB
2026/09/24 07:17:15.446, 4, 95 %, 70098 MiB
2026/09/24 07:17:15.446, 5, 96 %, 70098 MiB
2026/09/24 07:17:15.447, 6, 95 %, 69810 MiB
2026/09/24 07:17:15.447, 7, 96 %, 70096 MiB
2026/09/24 07:17:20.448, 0, 96 %, 70308 MiB
2026/09/24 07:17:20.448, 1, 95 %, 70098 MiB
2026/09/24 07:17:20.448, 2, 96 %, 70098 MiB
2026/09/24 07:17:20.448, 3, 95 %, 70096 MiB
2026/09/24 07:17:20.448, 4, 95 %, 70098 MiB
2026/09/24 07:17:20.448, 5, 95 %, 70098 MiB
2026/09/24 07:17:20.448, 6, 95 %, 69810 MiB
2026/09/24 07:17:20.448, 7, 96 %, 70096 MiB
2026/09/24 07:17:25.448, 0, 100 %, 70308 MiB
2026/09/24 07:17:25.448, 1, 100 %, 70098 MiB
2026/09/24 07:17:25.452, 2, 100 %, 70098 MiB
2026/09/24 07:17:25.452, 3, 100 %, 70096 MiB
2026/09/24 07:17:25.452, 4, 100 %, 70098 MiB
2026/09/24 07:17:25.452, 5, 100 %, 70098 MiB
2026/09/24 07:17:25.452, 6, 100 %, 69810 MiB
2026/09/24 07:17:25.452, 7, 100 %, 70096 MiB
2026/09/24 07:17:30.453, 0, 97 %, 70308 MiB
2026/09/24 07:17:30.453, 1, 97 %, 70098 MiB
2026/09/24 07:17:30.453, 2, 97 %, 70098 MiB
2026/09/24 07:17:30.453, 3, 97 %, 70096 MiB
2026/09/24 07:17:30.453, 4, 97 %, 70098 MiB
2026/09/24 07:17:30.453, 5, 95 %, 70098 MiB
2026/09/24 07:17:30.453, 6, 97 %, 69810 MiB
2026/09/24 07:17:30.453, 7, 97 %, 70096 MiB
2026/09/24 07:17:35.454, 0, 95 %, 70308 MiB
2026/09/24 07:17:35.454, 1, 95 %, 70098 MiB
2026/09/24 07:17:35.454, 2, 95 %, 70098 MiB
2026/09/24 07:17:35.454, 3, 95 %, 70096 MiB
2026/09/24 07:17:35.454, 4, 95 %, 70098 MiB
2026/09/24 07:17:35.454, 5, 95 %, 70098 MiB
2026/09/24 07:17:35.454, 6, 95 %, 69810 MiB
2026/09/24 07:17:35.454, 7, 95 %, 70096 MiB
2026/09/24 07:17:40.454, 0, 97 %, 70308 MiB
2026/09/24 07:17:40.454, 1, 96 %, 70098 MiB
2026/09/24 07:17:40.454, 2, 96 %, 70098 MiB
2026/09/24 07:17:40.454, 3, 96 %, 70096 MiB
2026/09/24 07:17:40.454, 4, 96 %, 70098 MiB
2026/09/24 07:17:40.454, 5, 99 %, 70098 MiB
2026/09/24 07:17:40.454, 6, 96 %, 69810 MiB
2026/09/24 07:17:40.454, 7, 96 %, 70096 MiB
2026/09/24 07:17:45.454, 0, 94 %, 70308 MiB
2026/09/24 07:17:45.456, 1, 96 %, 70098 MiB
2026/09/24 07:17:45.456, 2, 96 %, 70098 MiB
2026/09/24 07:17:45.457, 3, 96 %, 70096 MiB
2026/09/24 07:17:45.457, 4, 94 %, 70098 MiB
2026/09/24 07:17:45.457, 5, 95 %, 70098 MiB
2026/09/24 07:17:45.457, 6, 94 %, 69810 MiB
2026/09/24 07:17:45.457, 7, 94 %, 70096 MiB
2026/09/24 07:17:50.457, 0, 94 %, 70308 MiB
2026/09/24 07:17:50.457, 1, 95 %, 70098 MiB
2026/09/24 07:17:50.457, 2, 95 %, 70098 MiB
2026/09/24 07:17:50.457, 3, 95 %, 70096 MiB
2026/09/24 07:17:50.457, 4, 92 %, 70098 MiB
2026/09/24 07:17:50.457, 5, 95 %, 70098 MiB
2026/09/24 07:17:50.457, 6, 93 %, 69810 MiB
2026/09/24 07:17:50.457, 7, 94 %, 70096 MiB
2026/09/24 07:17:55.457, 0, 96 %, 70308 MiB
2026/09/24 07:17:55.459, 1, 94 %, 70098 MiB
2026/09/24 07:17:55.460, 2, 96 %, 70098 MiB
2026/09/24 07:17:55.460, 3, 94 %, 70096 MiB
2026/09/24 07:17:55.460, 4, 95 %, 70098 MiB
2026/09/24 07:17:55.460, 5, 95 %, 70098 MiB
2026/09/24 07:17:55.460, 6, 95 %, 69810 MiB
2026/09/24 07:17:55.461, 7, 95 %, 70096 MiB
2026/09/24 07:18:00.462, 0, 95 %, 70308 MiB
2026/09/24 07:18:00.462, 1, 95 %, 70098 MiB
2026/09/24 07:18:00.462, 2, 95 %, 70098 MiB
2026/09/24 07:18:00.462, 3, 95 %, 70096 MiB
2026/09/24 07:18:00.462, 4, 95 %, 70098 MiB
2026/09/24 07:18:00.462, 5, 95 %, 70098 MiB
2026/09/24 07:18:00.462, 6, 95 %, 69810 MiB
2026/09/24 07:18:00.462, 7, 95 %, 70096 MiB
2026/09/24 07:18:05.462, 0, 99 %, 70308 MiB
2026/09/24 07:18:05.462, 1, 99 %, 70098 MiB
2026/09/24 07:18:05.462, 2, 99 %, 70098 MiB
2026/09/24 07:18:05.462, 3, 99 %, 70096 MiB
2026/09/24 07:18:05.462, 4, 99 %, 70098 MiB
2026/09/24 07:18:05.462, 5, 99 %, 70098 MiB
2026/09/24 07:18:05.462, 6, 99 %, 69810 MiB
2026/09/24 07:18:05.462, 7, 99 %, 70096 MiB
2026/09/24 07:18:10.463, 0, 97 %, 70308 MiB
2026/09/24 07:18:10.463, 1, 96 %, 70098 MiB
2026/09/24 07:18:10.463, 2, 97 %, 70098 MiB
2026/09/24 07:18:10.463, 3, 95 %, 70096 MiB
2026/09/24 07:18:10.463, 4, 96 %, 70098 MiB
2026/09/24 07:18:10.463, 5, 96 %, 70098 MiB
2026/09/24 07:18:10.463, 6, 96 %, 69810 MiB
2026/09/24 07:18:10.463, 7, 96 %, 70096 MiB
2026/09/24 07:18:15.463, 0, 98 %, 70308 MiB
2026/09/24 07:18:15.463, 1, 96 %, 70098 MiB
2026/09/24 07:18:15.464, 2, 97 %, 70098 MiB
2026/09/24 07:18:15.464, 3, 97 %, 70096 MiB
2026/09/24 07:18:15.465, 4, 96 %, 70098 MiB
2026/09/24 07:18:15.465, 5, 97 %, 70098 MiB
2026/09/24 07:18:15.465, 6, 97 %, 69810 MiB
2026/09/24 07:18:15.466, 7, 98 %, 70096 MiB
2026/09/24 07:18:20.467, 0, 97 %, 70310 MiB
2026/09/24 07:18:20.468, 1, 95 %, 70098 MiB
2026/09/24 07:18:20.469, 2, 97 %, 70100 MiB
2026/09/24 07:18:20.469, 3, 95 %, 70096 MiB
2026/09/24 07:18:20.471, 4, 95 %, 70098 MiB
2026/09/24 07:18:20.471, 5, 95 %, 70098 MiB
2026/09/24 07:18:20.471, 6, 95 %, 69812 MiB
2026/09/24 07:18:20.474, 7, 96 %, 70096 MiB
2026/09/24 07:18:25.474, 0, 95 %, 70310 MiB
2026/09/24 07:18:25.492, 1, 95 %, 70098 MiB
2026/09/24 07:18:25.497, 2, 95 %, 70100 MiB
2026/09/24 07:18:25.500, 3, 95 %, 70096 MiB
2026/09/24 07:18:25.502, 4, 96 %, 70098 MiB
2026/09/24 07:18:25.505, 5, 96 %, 70098 MiB
2026/09/24 07:18:25.507, 6, 96 %, 69812 MiB
2026/09/24 07:18:25.514, 7, 95 %, 70096 MiB
2026/09/24 07:18:30.516, 0, 96 %, 70310 MiB
2026/09/24 07:18:30.517, 1, 96 %, 70098 MiB
2026/09/24 07:18:30.519, 2, 96 %, 70100 MiB
2026/09/24 07:18:30.519, 3, 96 %, 70096 MiB
2026/09/24 07:18:30.520, 4, 96 %, 70098 MiB
2026/09/24 07:18:30.520, 5, 96 %, 70098 MiB
2026/09/24 07:18:30.520, 6, 96 %, 69812 MiB
2026/09/24 07:18:30.521, 7, 96 %, 70096 MiB
2026/09/24 07:18:35.522, 0, 95 %, 70310 MiB
2026/09/24 07:18:35.706, 1, 96 %, 70098 MiB
2026/09/24 07:18:35.712, 2, 95 %, 70100 MiB
2026/09/24 07:18:35.718, 3, 94 %, 70096 MiB
2026/09/24 07:18:35.725, 4, 95 %, 70098 MiB
2026/09/24 07:18:35.726, 5, 96 %, 70098 MiB
2026/09/24 07:18:35.730, 6, 95 %, 69812 MiB
2026/09/24 07:18:35.730, 7, 95 %, 70096 MiB
2026/09/24 07:18:40.731, 0, 95 %, 70310 MiB
2026/09/24 07:18:40.731, 1, 95 %, 70098 MiB
2026/09/24 07:18:40.731, 2, 94 %, 70100 MiB
2026/09/24 07:18:40.731, 3, 95 %, 70096 MiB
2026/09/24 07:18:40.731, 4, 95 %, 70098 MiB
2026/09/24 07:18:40.731, 5, 95 %, 70098 MiB
2026/09/24 07:18:40.731, 6, 95 %, 69812 MiB
2026/09/24 07:18:40.731, 7, 95 %, 70096 MiB
2026/09/24 07:18:45.731, 0, 97 %, 70310 MiB
2026/09/24 07:18:45.731, 1, 96 %, 70098 MiB
2026/09/24 07:18:45.731, 2, 95 %, 70100 MiB
2026/09/24 07:18:45.731, 3, 96 %, 70096 MiB
2026/09/24 07:18:45.731, 4, 96 %, 70098 MiB
2026/09/24 07:18:45.731, 5, 96 %, 70098 MiB
2026/09/24 07:18:45.731, 6, 96 %, 69812 MiB
2026/09/24 07:18:45.731, 7, 96 %, 70096 MiB
2026/09/24 07:18:50.732, 0, 95 %, 70310 MiB
2026/09/24 07:18:50.732, 1, 96 %, 70098 MiB
2026/09/24 07:18:50.732, 2, 96 %, 70100 MiB
2026/09/24 07:18:50.732, 3, 95 %, 70096 MiB
2026/09/24 07:18:50.732, 4, 95 %, 70098 MiB
2026/09/24 07:18:50.732, 5, 97 %, 70098 MiB
2026/09/24 07:18:50.732, 6, 95 %, 69812 MiB
2026/09/24 07:18:50.732, 7, 95 %, 70096 MiB
2026/09/24 07:18:55.732, 0, 96 %, 70310 MiB
2026/09/24 07:18:55.732, 1, 95 %, 70098 MiB
2026/09/24 07:18:55.732, 2, 95 %, 70100 MiB
2026/09/24 07:18:55.732, 3, 95 %, 70096 MiB
2026/09/24 07:18:55.732, 4, 95 %, 70098 MiB
2026/09/24 07:18:55.732, 5, 94 %, 70098 MiB
2026/09/24 07:18:55.732, 6, 96 %, 69812 MiB
2026/09/24 07:18:55.732, 7, 96 %, 70096 MiB
2026/09/24 07:19:00.733, 0, 95 %, 70310 MiB
2026/09/24 07:19:00.733, 1, 93 %, 70098 MiB
2026/09/24 07:19:00.733, 2, 95 %, 70100 MiB
2026/09/24 07:19:00.733, 3, 95 %, 70096 MiB
2026/09/24 07:19:00.733, 4, 95 %, 70098 MiB
2026/09/24 07:19:00.733, 5, 95 %, 70098 MiB
2026/09/24 07:19:00.733, 6, 95 %, 69812 MiB
2026/09/24 07:19:00.733, 7, 95 %, 70096 MiB
2026/09/24 07:19:05.733, 0, 93 %, 70310 MiB
2026/09/24 07:19:05.733, 1, 91 %, 70098 MiB
2026/09/24 07:19:05.733, 2, 93 %, 70100 MiB
2026/09/24 07:19:05.733, 3, 88 %, 70096 MiB
2026/09/24 07:19:05.733, 4, 89 %, 70098 MiB
2026/09/24 07:19:05.733, 5, 92 %, 70098 MiB
2026/09/24 07:19:05.733, 6, 94 %, 69812 MiB
2026/09/24 07:19:05.733, 7, 93 %, 70096 MiB
2026/09/24 07:19:10.734, 0, 100 %, 70310 MiB
2026/09/24 07:19:10.734, 1, 100 %, 70098 MiB
2026/09/24 07:19:10.734, 2, 100 %, 70100 MiB
2026/09/24 07:19:10.734, 3, 100 %, 70096 MiB
2026/09/24 07:19:10.734, 4, 100 %, 70098 MiB
2026/09/24 07:19:10.734, 5, 100 %, 70098 MiB
2026/09/24 07:19:10.734, 6, 100 %, 69812 MiB
2026/09/24 07:19:10.734, 7, 100 %, 70096 MiB
2026/09/24 07:19:15.734, 0, 97 %, 70310 MiB
2026/09/24 07:19:15.734, 1, 95 %, 70098 MiB
2026/09/24 07:19:15.735, 2, 97 %, 70100 MiB
2026/09/24 07:19:15.735, 3, 95 %, 70096 MiB
2026/09/24 07:19:15.735, 4, 97 %, 70098 MiB
2026/09/24 07:19:15.736, 5, 96 %, 70098 MiB
2026/09/24 07:19:15.736, 6, 95 %, 69812 MiB
2026/09/24 07:19:15.736, 7, 97 %, 70096 MiB
2026/09/24 07:19:20.737, 0, 85 %, 70310 MiB
2026/09/24 07:19:20.738, 1, 100 %, 70098 MiB
2026/09/24 07:19:20.738, 2, 97 %, 70100 MiB
2026/09/24 07:19:20.738, 3, 100 %, 70096 MiB
2026/09/24 07:19:20.742, 4, 94 %, 70098 MiB
2026/09/24 07:19:20.742, 5, 100 %, 70098 MiB
2026/09/24 07:19:20.743, 6, 100 %, 69812 MiB
2026/09/24 07:19:20.744, 7, 97 %, 70096 MiB
2026/09/24 07:19:25.746, 0, 100 %, 70310 MiB
2026/09/24 07:19:25.746, 1, 100 %, 70098 MiB
2026/09/24 07:19:25.747, 2, 100 %, 70100 MiB
2026/09/24 07:19:25.747, 3, 100 %, 70096 MiB
2026/09/24 07:19:25.747, 4, 100 %, 70098 MiB
2026/09/24 07:19:25.748, 5, 100 %, 70098 MiB
2026/09/24 07:19:25.748, 6, 100 %, 69812 MiB
2026/09/24 07:19:25.748, 7, 100 %, 70096 MiB
2026/09/24 07:19:30.749, 0, 95 %, 70310 MiB
2026/09/24 07:19:30.749, 1, 95 %, 70098 MiB
2026/09/24 07:19:30.750, 2, 96 %, 70100 MiB
2026/09/24 07:19:30.750, 3, 96 %, 70096 MiB
2026/09/24 07:19:30.751, 4, 96 %, 70098 MiB
2026/09/24 07:19:30.751, 5, 95 %, 70098 MiB
2026/09/24 07:19:30.751, 6, 96 %, 69812 MiB
2026/09/24 07:19:30.751, 7, 95 %, 70096 MiB
2026/09/24 07:19:35.752, 0, 96 %, 70310 MiB
2026/09/24 07:19:35.752, 1, 94 %, 70098 MiB
2026/09/24 07:19:35.752, 2, 96 %, 70100 MiB
2026/09/24 07:19:35.752, 3, 95 %, 70096 MiB
2026/09/24 07:19:35.753, 4, 95 %, 70098 MiB
2026/09/24 07:19:35.753, 5, 94 %, 70098 MiB
2026/09/24 07:19:35.754, 6, 96 %, 69812 MiB
2026/09/24 07:19:35.754, 7, 96 %, 70096 MiB
2026/09/24 07:19:40.755, 0, 100 %, 70310 MiB
2026/09/24 07:19:40.755, 1, 100 %, 70098 MiB
2026/09/24 07:19:40.755, 2, 100 %, 70100 MiB
2026/09/24 07:19:40.755, 3, 100 %, 70096 MiB
2026/09/24 07:19:40.755, 4, 100 %, 70098 MiB
2026/09/24 07:19:40.755, 5, 100 %, 70098 MiB
2026/09/24 07:19:40.755, 6, 100 %, 69812 MiB
2026/09/24 07:19:40.755, 7, 100 %, 70096 MiB
2026/09/24 07:19:45.755, 0, 95 %, 70310 MiB
2026/09/24 07:19:45.756, 1, 94 %, 70098 MiB
2026/09/24 07:19:45.756, 2, 95 %, 70100 MiB
2026/09/24 07:19:45.756, 3, 95 %, 70096 MiB
2026/09/24 07:19:45.756, 4, 95 %, 70098 MiB
2026/09/24 07:19:45.756, 5, 93 %, 70098 MiB
2026/09/24 07:19:45.757, 6, 95 %, 69812 MiB
2026/09/24 07:19:45.757, 7, 95 %, 70096 MiB
2026/09/24 07:19:50.757, 0, 98 %, 70310 MiB
2026/09/24 07:19:50.757, 1, 98 %, 70098 MiB
2026/09/24 07:19:50.757, 2, 98 %, 70100 MiB
2026/09/24 07:19:50.757, 3, 96 %, 70096 MiB
2026/09/24 07:19:50.758, 4, 97 %, 70098 MiB
2026/09/24 07:19:50.758, 5, 98 %, 70098 MiB
2026/09/24 07:19:50.758, 6, 97 %, 69812 MiB
2026/09/24 07:19:50.758, 7, 98 %, 70096 MiB
2026/09/24 07:19:55.758, 0, 96 %, 70310 MiB
2026/09/24 07:19:55.758, 1, 95 %, 70098 MiB
2026/09/24 07:19:55.758, 2, 96 %, 70100 MiB
2026/09/24 07:19:55.758, 3, 95 %, 70096 MiB
2026/09/24 07:19:55.758, 4, 95 %, 70098 MiB
2026/09/24 07:19:55.758, 5, 95 %, 70098 MiB
2026/09/24 07:19:55.758, 6, 97 %, 69812 MiB
2026/09/24 07:19:55.758, 7, 96 %, 70096 MiB
2026/09/24 07:20:00.758, 0, 95 %, 70310 MiB
2026/09/24 07:20:00.760, 1, 95 %, 70098 MiB
2026/09/24 07:20:00.761, 2, 95 %, 70100 MiB
2026/09/24 07:20:00.761, 3, 95 %, 70096 MiB
2026/09/24 07:20:00.762, 4, 95 %, 70098 MiB
2026/09/24 07:20:00.765, 5, 95 %, 70098 MiB
2026/09/24 07:20:00.766, 6, 93 %, 69812 MiB
2026/09/24 07:20:00.766, 7, 95 %, 70096 MiB
2026/09/24 07:20:05.767, 0, 97 %, 70310 MiB
2026/09/24 07:20:05.768, 1, 93 %, 70098 MiB
2026/09/24 07:20:05.769, 2, 95 %, 70100 MiB
2026/09/24 07:20:05.774, 3, 95 %, 70096 MiB
2026/09/24 07:20:05.775, 4, 95 %, 70098 MiB
2026/09/24 07:20:05.775, 5, 95 %, 70098 MiB
2026/09/24 07:20:05.775, 6, 95 %, 69812 MiB
2026/09/24 07:20:05.775, 7, 95 %, 70096 MiB
2026/09/24 07:20:10.776, 0, 96 %, 70310 MiB
2026/09/24 07:20:10.776, 1, 96 %, 70098 MiB
2026/09/24 07:20:10.776, 2, 96 %, 70100 MiB
2026/09/24 07:20:10.776, 3, 96 %, 70096 MiB
2026/09/24 07:20:10.776, 4, 97 %, 70098 MiB
2026/09/24 07:20:10.776, 5, 96 %, 70098 MiB
2026/09/24 07:20:10.776, 6, 97 %, 69812 MiB
2026/09/24 07:20:10.776, 7, 95 %, 70096 MiB
2026/09/24 07:20:15.777, 0, 96 %, 70310 MiB
2026/09/24 07:20:15.777, 1, 97 %, 70098 MiB
2026/09/24 07:20:15.778, 2, 96 %, 70100 MiB
2026/09/24 07:20:15.778, 3, 100 %, 70096 MiB
2026/09/24 07:20:15.779, 4, 100 %, 70098 MiB
2026/09/24 07:20:15.779, 5, 97 %, 70098 MiB
2026/09/24 07:20:15.779, 6, 100 %, 69812 MiB
2026/09/24 07:20:15.779, 7, 96 %, 70096 MiB
2026/09/24 07:20:20.780, 0, 95 %, 70310 MiB
2026/09/24 07:20:20.781, 1, 94 %, 70098 MiB
2026/09/24 07:20:20.781, 2, 95 %, 70100 MiB
2026/09/24 07:20:20.781, 3, 95 %, 70096 MiB
2026/09/24 07:20:20.781, 4, 95 %, 70098 MiB
2026/09/24 07:20:20.782, 5, 94 %, 70098 MiB
2026/09/24 07:20:20.782, 6, 96 %, 69812 MiB
2026/09/24 07:20:20.782, 7, 95 %, 70096 MiB
2026/09/24 07:20:25.782, 0, 99 %, 70310 MiB
2026/09/24 07:20:25.782, 1, 99 %, 70098 MiB
2026/09/24 07:20:25.782, 2, 99 %, 70100 MiB
2026/09/24 07:20:25.782, 3, 99 %, 70096 MiB
2026/09/24 07:20:25.782, 4, 99 %, 70098 MiB
2026/09/24 07:20:25.782, 5, 99 %, 70098 MiB
2026/09/24 07:20:25.782, 6, 99 %, 69812 MiB
2026/09/24 07:20:25.782, 7, 99 %, 70096 MiB
2026/09/24 07:20:30.783, 0, 97 %, 70310 MiB
2026/09/24 07:20:30.784, 1, 97 %, 70098 MiB
2026/09/24 07:20:30.791, 2, 96 %, 70100 MiB
2026/09/24 07:20:30.796, 3, 97 %, 70096 MiB
2026/09/24 07:20:30.801, 4, 97 %, 70098 MiB
2026/09/24 07:20:30.807, 5, 97 %, 70098 MiB
2026/09/24 07:20:30.807, 6, 97 %, 69812 MiB
2026/09/24 07:20:30.807, 7, 97 %, 70096 MiB
2026/09/24 07:20:35.808, 0, 95 %, 70310 MiB
2026/09/24 07:20:35.808, 1, 95 %, 70098 MiB
2026/09/24 07:20:35.808, 2, 94 %, 70100 MiB
2026/09/24 07:20:35.808, 3, 95 %, 70096 MiB
2026/09/24 07:20:35.808, 4, 95 %, 70098 MiB
2026/09/24 07:20:35.808, 5, 95 %, 70098 MiB
2026/09/24 07:20:35.808, 6, 95 %, 69812 MiB
2026/09/24 07:20:35.808, 7, 94 %, 70096 MiB
2026/09/24 07:20:40.809, 0, 97 %, 70310 MiB
2026/09/24 07:20:40.809, 1, 96 %, 70100 MiB
2026/09/24 07:20:40.809, 2, 97 %, 70100 MiB
2026/09/24 07:20:40.809, 3, 96 %, 70096 MiB
2026/09/24 07:20:40.809, 4, 95 %, 70098 MiB
2026/09/24 07:20:40.809, 5, 96 %, 70098 MiB
2026/09/24 07:20:40.809, 6, 95 %, 69812 MiB
2026/09/24 07:20:40.809, 7, 97 %, 70098 MiB
2026/09/24 07:20:45.809, 0, 95 %, 70310 MiB
2026/09/24 07:20:46.008, 1, 95 %, 70100 MiB
2026/09/24 07:20:46.014, 2, 95 %, 70100 MiB
2026/09/24 07:20:46.019, 3, 95 %, 70098 MiB
2026/09/24 07:20:46.024, 4, 95 %, 70098 MiB
2026/09/24 07:20:46.025, 5, 96 %, 70098 MiB
2026/09/24 07:20:46.025, 6, 95 %, 69812 MiB
2026/09/24 07:20:46.026, 7, 95 %, 70098 MiB
2026/09/24 07:20:51.027, 0, 96 %, 70310 MiB
2026/09/24 07:20:51.027, 1, 94 %, 70100 MiB
2026/09/24 07:20:51.027, 2, 97 %, 70100 MiB
2026/09/24 07:20:51.027, 3, 95 %, 70098 MiB
2026/09/24 07:20:51.027, 4, 95 %, 70098 MiB
2026/09/24 07:20:51.027, 5, 95 %, 70098 MiB
2026/09/24 07:20:51.027, 6, 95 %, 69812 MiB
2026/09/24 07:20:51.027, 7, 96 %, 70098 MiB
2026/09/24 07:20:56.027, 0, 96 %, 70310 MiB
2026/09/24 07:20:56.027, 1, 94 %, 70100 MiB
2026/09/24 07:20:56.027, 2, 95 %, 70100 MiB
2026/09/24 07:20:56.027, 3, 95 %, 70098 MiB
2026/09/24 07:20:56.027, 4, 95 %, 70098 MiB
2026/09/24 07:20:56.027, 5, 95 %, 70098 MiB
2026/09/24 07:20:56.027, 6, 95 %, 69812 MiB
2026/09/24 07:20:56.027, 7, 95 %, 70098 MiB
2026/09/24 07:21:01.028, 0, 96 %, 70310 MiB
2026/09/24 07:21:01.028, 1, 98 %, 70100 MiB
2026/09/24 07:21:01.028, 2, 99 %, 70100 MiB
2026/09/24 07:21:01.028, 3, 98 %, 70098 MiB
2026/09/24 07:21:01.028, 4, 98 %, 70098 MiB
2026/09/24 07:21:01.028, 5, 99 %, 70098 MiB
2026/09/24 07:21:01.028, 6, 98 %, 69812 MiB
2026/09/24 07:21:01.028, 7, 99 %, 70098 MiB
2026/09/24 07:21:06.028, 0, 94 %, 70310 MiB
2026/09/24 07:21:06.028, 1, 95 %, 70100 MiB
2026/09/24 07:21:06.028, 2, 95 %, 70100 MiB
2026/09/24 07:21:06.028, 3, 97 %, 70098 MiB
2026/09/24 07:21:06.028, 4, 96 %, 70098 MiB
2026/09/24 07:21:06.028, 5, 95 %, 70098 MiB
2026/09/24 07:21:06.028, 6, 96 %, 69812 MiB
2026/09/24 07:21:06.028, 7, 95 %, 70098 MiB
2026/09/24 07:21:11.029, 0, 94 %, 70310 MiB
2026/09/24 07:21:11.029, 1, 94 %, 70100 MiB
2026/09/24 07:21:11.029, 2, 93 %, 70100 MiB
2026/09/24 07:21:11.029, 3, 95 %, 70098 MiB
2026/09/24 07:21:11.029, 4, 94 %, 70098 MiB
2026/09/24 07:21:11.029, 5, 94 %, 70098 MiB
2026/09/24 07:21:11.029, 6, 97 %, 69812 MiB
2026/09/24 07:21:11.029, 7, 93 %, 70098 MiB
2026/09/24 07:21:16.029, 0, 93 %, 70310 MiB
2026/09/24 07:21:16.029, 1, 94 %, 70100 MiB
2026/09/24 07:21:16.029, 2, 97 %, 70100 MiB
2026/09/24 07:21:16.029, 3, 94 %, 70098 MiB
2026/09/24 07:21:16.029, 4, 94 %, 70098 MiB
2026/09/24 07:21:16.029, 5, 95 %, 70098 MiB
2026/09/24 07:21:16.029, 6, 94 %, 69812 MiB
2026/09/24 07:21:16.029, 7, 93 %, 70098 MiB
2026/09/24 07:21:21.030, 0, 93 %, 70310 MiB
2026/09/24 07:21:21.030, 1, 93 %, 70100 MiB
2026/09/24 07:21:21.031, 2, 96 %, 70100 MiB
2026/09/24 07:21:21.031, 3, 94 %, 70098 MiB
2026/09/24 07:21:21.034, 4, 94 %, 70098 MiB
2026/09/24 07:21:21.034, 5, 95 %, 70098 MiB
2026/09/24 07:21:21.037, 6, 94 %, 69812 MiB
2026/09/24 07:21:21.037, 7, 96 %, 70098 MiB
2026/09/24 07:21:26.038, 0, 95 %, 70310 MiB
2026/09/24 07:21:26.038, 1, 94 %, 70100 MiB
2026/09/24 07:21:26.038, 2, 95 %, 70100 MiB
2026/09/24 07:21:26.038, 3, 94 %, 70098 MiB
2026/09/24 07:21:26.038, 4, 94 %, 70098 MiB
2026/09/24 07:21:26.038, 5, 95 %, 70098 MiB
2026/09/24 07:21:26.038, 6, 95 %, 69812 MiB
2026/09/24 07:21:26.038, 7, 95 %, 70098 MiB
2026/09/24 07:21:31.039, 0, 93 %, 70310 MiB
2026/09/24 07:21:31.039, 1, 95 %, 70100 MiB
2026/09/24 07:21:31.039, 2, 95 %, 70100 MiB
2026/09/24 07:21:31.039, 3, 95 %, 70098 MiB
2026/09/24 07:21:31.039, 4, 94 %, 70098 MiB
2026/09/24 07:21:31.039, 5, 93 %, 70098 MiB
2026/09/24 07:21:31.039, 6, 94 %, 69812 MiB
2026/09/24 07:21:31.039, 7, 93 %, 70098 MiB
2026/09/24 07:21:36.039, 0, 95 %, 70310 MiB
2026/09/24 07:21:36.039, 1, 95 %, 70100 MiB
2026/09/24 07:21:36.039, 2, 95 %, 70100 MiB
2026/09/24 07:21:36.039, 3, 95 %, 70098 MiB
2026/09/24 07:21:36.039, 4, 95 %, 70098 MiB
2026/09/24 07:21:36.039, 5, 94 %, 70098 MiB
2026/09/24 07:21:36.039, 6, 95 %, 69812 MiB
2026/09/24 07:21:36.039, 7, 95 %, 70098 MiB
2026/09/24 07:21:41.040, 0, 95 %, 70310 MiB
2026/09/24 07:21:41.040, 1, 94 %, 70100 MiB
2026/09/24 07:21:41.040, 2, 95 %, 70100 MiB
2026/09/24 07:21:41.040, 3, 95 %, 70098 MiB
2026/09/24 07:21:41.040, 4, 95 %, 70098 MiB
2026/09/24 07:21:41.040, 5, 95 %, 70098 MiB
2026/09/24 07:21:41.040, 6, 95 %, 69812 MiB
2026/09/24 07:21:41.040, 7, 95 %, 70098 MiB
2026/09/24 07:21:46.040, 0, 94 %, 70310 MiB
2026/09/24 07:21:46.040, 1, 95 %, 70100 MiB
2026/09/24 07:21:46.040, 2, 94 %, 70100 MiB
2026/09/24 07:21:46.040, 3, 94 %, 70098 MiB
2026/09/24 07:21:46.040, 4, 95 %, 70098 MiB
2026/09/24 07:21:46.040, 5, 94 %, 70098 MiB
2026/09/24 07:21:46.040, 6, 94 %, 69812 MiB
2026/09/24 07:21:46.040, 7, 94 %, 70098 MiB
2026/09/24 07:21:51.041, 0, 95 %, 70310 MiB
2026/09/24 07:21:51.041, 1, 95 %, 70100 MiB
2026/09/24 07:21:51.041, 2, 97 %, 70100 MiB
2026/09/24 07:21:51.041, 3, 95 %, 70098 MiB
2026/09/24 07:21:51.042, 4, 95 %, 70098 MiB
2026/09/24 07:21:51.042, 5, 95 %, 70098 MiB
2026/09/24 07:21:51.042, 6, 95 %, 69812 MiB
2026/09/24 07:21:51.042, 7, 95 %, 70098 MiB
2026/09/24 07:21:56.043, 0, 95 %, 70312 MiB
2026/09/24 07:21:56.043, 1, 95 %, 70100 MiB
2026/09/24 07:21:56.045, 2, 95 %, 70102 MiB
2026/09/24 07:21:56.045, 3, 93 %, 70098 MiB
2026/09/24 07:21:56.046, 4, 93 %, 70100 MiB
2026/09/24 07:21:56.046, 5, 95 %, 70098 MiB
2026/09/24 07:21:56.046, 6, 95 %, 69812 MiB
2026/09/24 07:21:56.048, 7, 96 %, 70100 MiB
2026/09/24 07:22:01.049, 0, 95 %, 70312 MiB
2026/09/24 07:22:01.049, 1, 95 %, 70100 MiB
2026/09/24 07:22:01.049, 2, 95 %, 70102 MiB
2026/09/24 07:22:01.049, 3, 95 %, 70098 MiB
2026/09/24 07:22:01.049, 4, 95 %, 70100 MiB
2026/09/24 07:22:01.049, 5, 95 %, 70098 MiB
2026/09/24 07:22:01.049, 6, 93 %, 69812 MiB
2026/09/24 07:22:01.049, 7, 95 %, 70100 MiB
2026/09/24 07:22:06.049, 0, 95 %, 70312 MiB
2026/09/24 07:22:06.049, 1, 95 %, 70100 MiB
2026/09/24 07:22:06.049, 2, 95 %, 70102 MiB
2026/09/24 07:22:06.049, 3, 95 %, 70098 MiB
2026/09/24 07:22:06.049, 4, 95 %, 70100 MiB
2026/09/24 07:22:06.050, 5, 96 %, 70098 MiB
2026/09/24 07:22:06.050, 6, 94 %, 69812 MiB
2026/09/24 07:22:06.050, 7, 95 %, 70100 MiB
2026/09/24 07:22:11.050, 0, 96 %, 70312 MiB
2026/09/24 07:22:11.050, 1, 94 %, 70100 MiB
2026/09/24 07:22:11.050, 2, 95 %, 70102 MiB
2026/09/24 07:22:11.050, 3, 95 %, 70098 MiB
2026/09/24 07:22:11.050, 4, 95 %, 70100 MiB
2026/09/24 07:22:11.050, 5, 95 %, 70098 MiB
2026/09/24 07:22:11.050, 6, 94 %, 69812 MiB
2026/09/24 07:22:11.050, 7, 94 %, 70100 MiB
2026/09/24 07:22:16.050, 0, 97 %, 70314 MiB
2026/09/24 07:22:16.051, 1, 98 %, 70100 MiB
2026/09/24 07:22:16.056, 2, 97 %, 70104 MiB
2026/09/24 07:22:16.058, 3, 98 %, 70098 MiB
2026/09/24 07:22:16.061, 4, 96 %, 70100 MiB
2026/09/24 07:22:16.061, 5, 96 %, 70102 MiB
2026/09/24 07:22:16.062, 6, 99 %, 69812 MiB
2026/09/24 07:22:16.062, 7, 97 %, 70100 MiB
2026/09/24 07:22:21.063, 0, 96 %, 70314 MiB
2026/09/24 07:22:21.063, 1, 95 %, 70100 MiB
2026/09/24 07:22:21.063, 2, 96 %, 70104 MiB
2026/09/24 07:22:21.063, 3, 94 %, 70100 MiB
2026/09/24 07:22:21.063, 4, 95 %, 70100 MiB
2026/09/24 07:22:21.063, 5, 94 %, 70102 MiB
2026/09/24 07:22:21.063, 6, 95 %, 69814 MiB
2026/09/24 07:22:21.063, 7, 95 %, 70100 MiB
2026/09/24 07:22:26.063, 0, 93 %, 70314 MiB
2026/09/24 07:22:26.063, 1, 95 %, 70100 MiB
2026/09/24 07:22:26.063, 2, 93 %, 70104 MiB
2026/09/24 07:22:26.063, 3, 95 %, 70100 MiB
2026/09/24 07:22:26.063, 4, 95 %, 70100 MiB
2026/09/24 07:22:26.063, 5, 95 %, 70102 MiB
2026/09/24 07:22:26.063, 6, 95 %, 69814 MiB
2026/09/24 07:22:26.063, 7, 93 %, 70100 MiB
2026/09/24 07:22:31.064, 0, 95 %, 70314 MiB
2026/09/24 07:22:31.064, 1, 95 %, 70100 MiB
2026/09/24 07:22:31.064, 2, 95 %, 70104 MiB
2026/09/24 07:22:31.064, 3, 95 %, 70100 MiB
2026/09/24 07:22:31.064, 4, 95 %, 70100 MiB
2026/09/24 07:22:31.064, 5, 95 %, 70102 MiB
2026/09/24 07:22:31.064, 6, 94 %, 69814 MiB
2026/09/24 07:22:31.064, 7, 95 %, 70100 MiB
2026/09/24 07:22:36.064, 0, 95 %, 70314 MiB
2026/09/24 07:22:36.064, 1, 94 %, 70100 MiB
2026/09/24 07:22:36.064, 2, 94 %, 70104 MiB
2026/09/24 07:22:36.064, 3, 95 %, 70100 MiB
2026/09/24 07:22:36.064, 4, 95 %, 70100 MiB
2026/09/24 07:22:36.064, 5, 93 %, 70102 MiB
2026/09/24 07:22:36.064, 6, 95 %, 69814 MiB
2026/09/24 07:22:36.064, 7, 95 %, 70100 MiB
2026/09/24 07:22:41.065, 0, 95 %, 70314 MiB
2026/09/24 07:22:41.065, 1, 96 %, 70100 MiB
2026/09/24 07:22:41.065, 2, 95 %, 70104 MiB
2026/09/24 07:22:41.065, 3, 96 %, 70100 MiB
2026/09/24 07:22:41.065, 4, 96 %, 70100 MiB
2026/09/24 07:22:41.065, 5, 95 %, 70102 MiB
2026/09/24 07:22:41.065, 6, 95 %, 69814 MiB
2026/09/24 07:22:41.065, 7, 95 %, 70100 MiB
2026/09/24 07:22:46.065, 0, 96 %, 70314 MiB
2026/09/24 07:22:46.065, 1, 94 %, 70100 MiB
2026/09/24 07:22:46.065, 2, 96 %, 70104 MiB
2026/09/24 07:22:46.065, 3, 95 %, 70100 MiB
2026/09/24 07:22:46.065, 4, 95 %, 70100 MiB
2026/09/24 07:22:46.065, 5, 95 %, 70102 MiB
2026/09/24 07:22:46.065, 6, 95 %, 69814 MiB
2026/09/24 07:22:46.065, 7, 96 %, 70100 MiB
2026/09/24 07:22:51.066, 0, 94 %, 70314 MiB
2026/09/24 07:22:51.066, 1, 95 %, 70100 MiB
2026/09/24 07:22:51.066, 2, 93 %, 70104 MiB
2026/09/24 07:22:51.066, 3, 95 %, 70100 MiB
2026/09/24 07:22:51.066, 4, 95 %, 70100 MiB
2026/09/24 07:22:51.066, 5, 95 %, 70102 MiB
2026/09/24 07:22:51.066, 6, 95 %, 69814 MiB
2026/09/24 07:22:51.066, 7, 93 %, 70100 MiB
2026/09/24 07:22:56.066, 0, 97 %, 70314 MiB
2026/09/24 07:22:56.066, 1, 98 %, 70100 MiB
2026/09/24 07:22:56.066, 2, 96 %, 70104 MiB
2026/09/24 07:22:56.066, 3, 95 %, 70100 MiB
2026/09/24 07:22:56.066, 4, 98 %, 70100 MiB
2026/09/24 07:22:56.066, 5, 98 %, 70102 MiB
2026/09/24 07:22:56.066, 6, 98 %, 69814 MiB
2026/09/24 07:22:56.066, 7, 97 %, 70100 MiB
2026/09/24 07:23:01.067, 0, 100 %, 70314 MiB
2026/09/24 07:23:01.067, 1, 100 %, 70100 MiB
2026/09/24 07:23:01.067, 2, 100 %, 70104 MiB
2026/09/24 07:23:01.068, 3, 100 %, 70100 MiB
2026/09/24 07:23:01.068, 4, 100 %, 70100 MiB
2026/09/24 07:23:01.068, 5, 100 %, 70102 MiB
2026/09/24 07:23:01.069, 6, 100 %, 69814 MiB
2026/09/24 07:23:01.069, 7, 100 %, 70100 MiB
2026/09/24 07:23:06.070, 0, 98 %, 70314 MiB
2026/09/24 07:23:06.070, 1, 99 %, 70100 MiB
2026/09/24 07:23:06.070, 2, 95 %, 70104 MiB
2026/09/24 07:23:06.070, 3, 92 %, 70100 MiB
2026/09/24 07:23:06.070, 4, 99 %, 70100 MiB
2026/09/24 07:23:06.070, 5, 99 %, 70102 MiB
2026/09/24 07:23:06.070, 6, 98 %, 69814 MiB
2026/09/24 07:23:06.070, 7, 98 %, 70100 MiB
2026/09/24 07:23:11.070, 0, 95 %, 70314 MiB
2026/09/24 07:23:11.072, 1, 95 %, 70100 MiB
2026/09/24 07:23:11.072, 2, 94 %, 70104 MiB
2026/09/24 07:23:11.073, 3, 95 %, 70100 MiB
2026/09/24 07:23:11.073, 4, 95 %, 70100 MiB
2026/09/24 07:23:11.075, 5, 95 %, 70102 MiB
2026/09/24 07:23:11.075, 6, 95 %, 69814 MiB
2026/09/24 07:23:11.076, 7, 95 %, 70100 MiB
2026/09/24 07:23:16.076, 0, 95 %, 70314 MiB
2026/09/24 07:23:16.077, 1, 95 %, 70100 MiB
2026/09/24 07:23:16.077, 2, 95 %, 70104 MiB
2026/09/24 07:23:16.078, 3, 95 %, 70100 MiB
2026/09/24 07:23:16.078, 4, 95 %, 70100 MiB
2026/09/24 07:23:16.079, 5, 95 %, 70102 MiB
2026/09/24 07:23:16.079, 6, 95 %, 69814 MiB
2026/09/24 07:23:16.081, 7, 97 %, 70100 MiB
2026/09/24 07:23:21.081, 0, 99 %, 70314 MiB
2026/09/24 07:23:21.082, 1, 99 %, 70100 MiB
2026/09/24 07:23:21.082, 2, 99 %, 70104 MiB
2026/09/24 07:23:21.082, 3, 98 %, 70100 MiB
2026/09/24 07:23:21.082, 4, 97 %, 70100 MiB
2026/09/24 07:23:21.082, 5, 99 %, 70102 MiB
2026/09/24 07:23:21.082, 6, 97 %, 69814 MiB
2026/09/24 07:23:21.082, 7, 99 %, 70100 MiB
2026/09/24 07:23:26.082, 0, 94 %, 70314 MiB
2026/09/24 07:23:26.082, 1, 95 %, 70100 MiB
2026/09/24 07:23:26.084, 2, 95 %, 70104 MiB
2026/09/24 07:23:26.084, 3, 95 %, 70100 MiB
2026/09/24 07:23:26.084, 4, 95 %, 70100 MiB
2026/09/24 07:23:26.084, 5, 95 %, 70102 MiB
2026/09/24 07:23:26.084, 6, 96 %, 69814 MiB
2026/09/24 07:23:26.085, 7, 95 %, 70100 MiB
2026/09/24 07:23:31.085, 0, 94 %, 70314 MiB
2026/09/24 07:23:31.085, 1, 95 %, 70100 MiB
2026/09/24 07:23:31.085, 2, 95 %, 70104 MiB
2026/09/24 07:23:31.086, 3, 94 %, 70100 MiB
2026/09/24 07:23:31.086, 4, 95 %, 70100 MiB
2026/09/24 07:23:31.086, 5, 96 %, 70102 MiB
2026/09/24 07:23:31.087, 6, 94 %, 69814 MiB
2026/09/24 07:23:31.087, 7, 94 %, 70100 MiB
2026/09/24 07:23:36.088, 0, 96 %, 70314 MiB
2026/09/24 07:23:36.088, 1, 97 %, 70100 MiB
2026/09/24 07:23:36.089, 2, 96 %, 70104 MiB
2026/09/24 07:23:36.089, 3, 97 %, 70100 MiB
2026/09/24 07:23:36.090, 4, 97 %, 70100 MiB
2026/09/24 07:23:36.090, 5, 97 %, 70102 MiB
2026/09/24 07:23:36.091, 6, 96 %, 69814 MiB
2026/09/24 07:23:36.091, 7, 96 %, 70100 MiB
2026/09/24 07:23:41.092, 0, 96 %, 70314 MiB
2026/09/24 07:23:41.092, 1, 95 %, 70100 MiB
2026/09/24 07:23:41.092, 2, 96 %, 70104 MiB
2026/09/24 07:23:41.092, 3, 95 %, 70100 MiB
2026/09/24 07:23:41.092, 4, 95 %, 70100 MiB
2026/09/24 07:23:41.092, 5, 95 %, 70102 MiB
2026/09/24 07:23:41.092, 6, 95 %, 69814 MiB
2026/09/24 07:23:41.092, 7, 95 %, 70100 MiB
2026/09/24 07:23:46.092, 0, 95 %, 70314 MiB
2026/09/24 07:23:46.092, 1, 96 %, 70100 MiB
2026/09/24 07:23:46.092, 2, 95 %, 70104 MiB
2026/09/24 07:23:46.092, 3, 96 %, 70100 MiB
2026/09/24 07:23:46.092, 4, 96 %, 70100 MiB
2026/09/24 07:23:46.092, 5, 96 %, 70102 MiB
2026/09/24 07:23:46.092, 6, 95 %, 69814 MiB
2026/09/24 07:23:46.092, 7, 95 %, 70100 MiB
2026/09/24 07:23:51.093, 0, 99 %, 70314 MiB
2026/09/24 07:23:51.093, 1, 99 %, 70100 MiB
2026/09/24 07:23:51.093, 2, 99 %, 70104 MiB
2026/09/24 07:23:51.093, 3, 99 %, 70100 MiB
2026/09/24 07:23:51.093, 4, 99 %, 70100 MiB
2026/09/24 07:23:51.093, 5, 98 %, 70102 MiB
2026/09/24 07:23:51.093, 6, 99 %, 69814 MiB
2026/09/24 07:23:51.093, 7, 99 %, 70100 MiB
2026/09/24 07:23:56.093, 0, 95 %, 70314 MiB
2026/09/24 07:23:56.093, 1, 93 %, 70100 MiB
2026/09/24 07:23:56.093, 2, 95 %, 70104 MiB
2026/09/24 07:23:56.093, 3, 94 %, 70100 MiB
2026/09/24 07:23:56.093, 4, 95 %, 70100 MiB
2026/09/24 07:23:56.093, 5, 95 %, 70102 MiB
2026/09/24 07:23:56.093, 6, 94 %, 69814 MiB
2026/09/24 07:23:56.093, 7, 95 %, 70100 MiB
2026/09/24 07:24:01.094, 0, 94 %, 70314 MiB
2026/09/24 07:24:01.094, 1, 95 %, 70100 MiB
2026/09/24 07:24:01.094, 2, 94 %, 70104 MiB
2026/09/24 07:24:01.094, 3, 95 %, 70100 MiB
2026/09/24 07:24:01.094, 4, 95 %, 70100 MiB
2026/09/24 07:24:01.094, 5, 95 %, 70102 MiB
2026/09/24 07:24:01.094, 6, 95 %, 69814 MiB
2026/09/24 07:24:01.094, 7, 94 %, 70100 MiB
2026/09/24 07:24:06.095, 0, 95 %, 70314 MiB
2026/09/24 07:24:06.096, 1, 95 %, 70100 MiB
2026/09/24 07:24:06.100, 2, 95 %, 70104 MiB
2026/09/24 07:24:06.100, 3, 95 %, 70100 MiB
2026/09/24 07:24:06.101, 4, 95 %, 70100 MiB
2026/09/24 07:24:06.103, 5, 95 %, 70102 MiB
2026/09/24 07:24:06.103, 6, 96 %, 69814 MiB
2026/09/24 07:24:06.103, 7, 95 %, 70100 MiB
2026/09/24 07:24:11.104, 0, 95 %, 70314 MiB
2026/09/24 07:24:11.112, 1, 95 %, 70100 MiB
2026/09/24 07:24:11.112, 2, 95 %, 70104 MiB
2026/09/24 07:24:11.112, 3, 95 %, 70100 MiB
2026/09/24 07:24:11.113, 4, 95 %, 70100 MiB
2026/09/24 07:24:11.113, 5, 94 %, 70102 MiB
2026/09/24 07:24:11.114, 6, 95 %, 69814 MiB
2026/09/24 07:24:11.114, 7, 95 %, 70100 MiB
2026/09/24 07:24:16.115, 0, 100 %, 70314 MiB
2026/09/24 07:24:16.115, 1, 100 %, 70100 MiB
2026/09/24 07:24:16.115, 2, 100 %, 70104 MiB
2026/09/24 07:24:16.115, 3, 85 %, 70100 MiB
2026/09/24 07:24:16.115, 4, 100 %, 70100 MiB
2026/09/24 07:24:16.115, 5, 100 %, 70102 MiB
2026/09/24 07:24:16.115, 6, 100 %, 69814 MiB
2026/09/24 07:24:16.115, 7, 100 %, 70100 MiB
2026/09/24 07:24:21.115, 0, 98 %, 70314 MiB
2026/09/24 07:24:21.115, 1, 98 %, 70100 MiB
2026/09/24 07:24:21.115, 2, 98 %, 70104 MiB
2026/09/24 07:24:21.115, 3, 97 %, 70100 MiB
2026/09/24 07:24:21.115, 4, 98 %, 70100 MiB
2026/09/24 07:24:21.115, 5, 98 %, 70102 MiB
2026/09/24 07:24:21.115, 6, 98 %, 69814 MiB
2026/09/24 07:24:21.115, 7, 98 %, 70100 MiB
2026/09/24 07:24:26.116, 0, 95 %, 70314 MiB
2026/09/24 07:24:26.116, 1, 93 %, 70100 MiB
2026/09/24 07:24:26.116, 2, 95 %, 70104 MiB
2026/09/24 07:24:26.116, 3, 94 %, 70100 MiB
2026/09/24 07:24:26.116, 4, 95 %, 70100 MiB
2026/09/24 07:24:26.116, 5, 95 %, 70102 MiB
2026/09/24 07:24:26.116, 6, 94 %, 69814 MiB
2026/09/24 07:24:26.116, 7, 95 %, 70100 MiB
2026/09/24 07:24:31.116, 0, 95 %, 70314 MiB
2026/09/24 07:24:31.117, 1, 96 %, 70100 MiB
2026/09/24 07:24:31.118, 2, 95 %, 70104 MiB
2026/09/24 07:24:31.118, 3, 96 %, 70100 MiB
2026/09/24 07:24:31.118, 4, 96 %, 70100 MiB
2026/09/24 07:24:31.119, 5, 96 %, 70102 MiB
2026/09/24 07:24:31.119, 6, 95 %, 69814 MiB
2026/09/24 07:24:31.119, 7, 95 %, 70100 MiB
2026/09/24 07:24:36.119, 0, 99 %, 70314 MiB
2026/09/24 07:24:36.119, 1, 99 %, 70100 MiB
2026/09/24 07:24:36.119, 2, 99 %, 70104 MiB
2026/09/24 07:24:36.119, 3, 99 %, 70100 MiB
2026/09/24 07:24:36.119, 4, 99 %, 70100 MiB
2026/09/24 07:24:36.120, 5, 99 %, 70102 MiB
2026/09/24 07:24:36.120, 6, 99 %, 69814 MiB
2026/09/24 07:24:36.120, 7, 99 %, 70100 MiB
2026/09/24 07:24:41.120, 0, 96 %, 70314 MiB
2026/09/24 07:24:41.120, 1, 96 %, 70100 MiB
2026/09/24 07:24:41.120, 2, 95 %, 70104 MiB
2026/09/24 07:24:41.120, 3, 95 %, 70102 MiB
2026/09/24 07:24:41.120, 4, 97 %, 70100 MiB
2026/09/24 07:24:41.120, 5, 95 %, 70102 MiB
2026/09/24 07:24:41.120, 6, 95 %, 69814 MiB
2026/09/24 07:24:41.120, 7, 95 %, 70102 MiB
2026/09/24 07:24:46.120, 0, 88 %, 70314 MiB
2026/09/24 07:24:46.120, 1, 100 %, 70100 MiB
2026/09/24 07:24:46.121, 2, 100 %, 70104 MiB
2026/09/24 07:24:46.121, 3, 88 %, 70102 MiB
2026/09/24 07:24:46.122, 4, 90 %, 70100 MiB
2026/09/24 07:24:46.122, 5, 89 %, 70102 MiB
2026/09/24 07:24:46.122, 6, 99 %, 69814 MiB
2026/09/24 07:24:46.123, 7, 96 %, 70102 MiB
2026/09/24 07:24:51.124, 0, 97 %, 70314 MiB
2026/09/24 07:24:51.124, 1, 99 %, 70100 MiB
2026/09/24 07:24:51.124, 2, 99 %, 70104 MiB
2026/09/24 07:24:51.124, 3, 96 %, 70102 MiB
2026/09/24 07:24:51.125, 4, 99 %, 70100 MiB
2026/09/24 07:24:51.125, 5, 98 %, 70102 MiB
2026/09/24 07:24:51.125, 6, 98 %, 69814 MiB
2026/09/24 07:24:51.126, 7, 98 %, 70102 MiB
2026/09/24 07:24:56.126, 0, 99 %, 70314 MiB
2026/09/24 07:24:56.126, 1, 99 %, 70100 MiB
2026/09/24 07:24:56.126, 2, 99 %, 70104 MiB
2026/09/24 07:24:56.126, 3, 99 %, 70102 MiB
2026/09/24 07:24:56.126, 4, 99 %, 70100 MiB
2026/09/24 07:24:56.126, 5, 99 %, 70102 MiB
2026/09/24 07:24:56.126, 6, 99 %, 69814 MiB
2026/09/24 07:24:56.126, 7, 99 %, 70102 MiB
2026/09/24 07:25:01.127, 0, 99 %, 70314 MiB
2026/09/24 07:25:01.127, 1, 97 %, 70100 MiB
2026/09/24 07:25:01.127, 2, 95 %, 70104 MiB
2026/09/24 07:25:01.127, 3, 97 %, 70102 MiB
2026/09/24 07:25:01.127, 4, 97 %, 70100 MiB
2026/09/24 07:25:01.127, 5, 97 %, 70102 MiB
2026/09/24 07:25:01.127, 6, 96 %, 69814 MiB
2026/09/24 07:25:01.127, 7, 95 %, 70102 MiB
2026/09/24 07:25:06.127, 0, 98 %, 70314 MiB
2026/09/24 07:25:06.127, 1, 98 %, 70100 MiB
2026/09/24 07:25:06.127, 2, 96 %, 70104 MiB
2026/09/24 07:25:06.127, 3, 97 %, 70102 MiB
2026/09/24 07:25:06.128, 4, 98 %, 70100 MiB
2026/09/24 07:25:06.128, 5, 98 %, 70102 MiB
2026/09/24 07:25:06.128, 6, 98 %, 69814 MiB
2026/09/24 07:25:06.128, 7, 98 %, 70102 MiB
2026/09/24 07:25:11.129, 0, 97 %, 70314 MiB
2026/09/24 07:25:11.129, 1, 95 %, 70100 MiB
2026/09/24 07:25:11.129, 2, 95 %, 70104 MiB
2026/09/24 07:25:11.129, 3, 95 %, 70102 MiB
2026/09/24 07:25:11.129, 4, 95 %, 70100 MiB
2026/09/24 07:25:11.129, 5, 95 %, 70102 MiB
2026/09/24 07:25:11.129, 6, 95 %, 69814 MiB
2026/09/24 07:25:11.129, 7, 95 %, 70102 MiB
2026/09/24 07:25:16.129, 0, 99 %, 70314 MiB
2026/09/24 07:25:16.130, 1, 96 %, 70100 MiB
2026/09/24 07:25:16.130, 2, 98 %, 70104 MiB
2026/09/24 07:25:16.130, 3, 99 %, 70102 MiB
2026/09/24 07:25:16.130, 4, 98 %, 70100 MiB
2026/09/24 07:25:16.130, 5, 96 %, 70102 MiB
2026/09/24 07:25:16.130, 6, 97 %, 69814 MiB
2026/09/24 07:25:16.131, 7, 99 %, 70102 MiB
2026/09/24 07:25:21.131, 0, 95 %, 70314 MiB
2026/09/24 07:25:21.132, 1, 95 %, 70100 MiB
2026/09/24 07:25:21.132, 2, 96 %, 70104 MiB
2026/09/24 07:25:21.132, 3, 95 %, 70102 MiB
2026/09/24 07:25:21.133, 4, 95 %, 70100 MiB
2026/09/24 07:25:21.133, 5, 95 %, 70102 MiB
2026/09/24 07:25:21.133, 6, 94 %, 69814 MiB
2026/09/24 07:25:21.134, 7, 94 %, 70102 MiB
2026/09/24 07:25:26.134, 0, 94 %, 70314 MiB
2026/09/24 07:25:26.134, 1, 95 %, 70100 MiB
2026/09/24 07:25:26.134, 2, 95 %, 70104 MiB
2026/09/24 07:25:26.134, 3, 95 %, 70102 MiB
2026/09/24 07:25:26.135, 4, 96 %, 70100 MiB
2026/09/24 07:25:26.135, 5, 95 %, 70102 MiB
2026/09/24 07:25:26.135, 6, 96 %, 69814 MiB
2026/09/24 07:25:26.135, 7, 94 %, 70102 MiB
2026/09/24 07:25:31.135, 0, 95 %, 70314 MiB
2026/09/24 07:25:31.136, 1, 96 %, 70100 MiB
2026/09/24 07:25:31.138, 2, 94 %, 70104 MiB
2026/09/24 07:25:31.138, 3, 96 %, 70102 MiB
2026/09/24 07:25:31.141, 4, 95 %, 70100 MiB
2026/09/24 07:25:31.144, 5, 96 %, 70102 MiB
2026/09/24 07:25:31.145, 6, 95 %, 69814 MiB
2026/09/24 07:25:31.145, 7, 96 %, 70102 MiB
2026/09/24 07:25:36.150, 0, 95 %, 70314 MiB
2026/09/24 07:25:36.150, 1, 92 %, 70100 MiB
2026/09/24 07:25:36.150, 2, 93 %, 70104 MiB
2026/09/24 07:25:36.150, 3, 92 %, 70102 MiB
2026/09/24 07:25:36.150, 4, 93 %, 70100 MiB
2026/09/24 07:25:36.150, 5, 92 %, 70102 MiB
2026/09/24 07:25:36.150, 6, 93 %, 69814 MiB
2026/09/24 07:25:36.150, 7, 95 %, 70102 MiB
2026/09/24 07:25:41.150, 0, 96 %, 70314 MiB
2026/09/24 07:25:41.151, 1, 96 %, 70100 MiB
2026/09/24 07:25:41.151, 2, 98 %, 70104 MiB
2026/09/24 07:25:41.151, 3, 95 %, 70102 MiB
2026/09/24 07:25:41.151, 4, 94 %, 70100 MiB
2026/09/24 07:25:41.151, 5, 95 %, 70102 MiB
2026/09/24 07:25:41.151, 6, 95 %, 69814 MiB
2026/09/24 07:25:41.151, 7, 96 %, 70102 MiB
2026/09/24 07:25:46.151, 0, 97 %, 70314 MiB
2026/09/24 07:25:46.151, 1, 97 %, 70100 MiB
2026/09/24 07:25:46.151, 2, 97 %, 70104 MiB
2026/09/24 07:25:46.151, 3, 97 %, 70102 MiB
2026/09/24 07:25:46.151, 4, 97 %, 70100 MiB
2026/09/24 07:25:46.151, 5, 97 %, 70102 MiB
2026/09/24 07:25:46.151, 6, 98 %, 69814 MiB
2026/09/24 07:25:46.151, 7, 97 %, 70102 MiB
2026/09/24 07:25:51.152, 0, 98 %, 70314 MiB
2026/09/24 07:25:51.152, 1, 98 %, 70100 MiB
2026/09/24 07:25:51.152, 2, 98 %, 70104 MiB
2026/09/24 07:25:51.152, 3, 98 %, 70102 MiB
2026/09/24 07:25:51.152, 4, 97 %, 70100 MiB
2026/09/24 07:25:51.152, 5, 98 %, 70102 MiB
2026/09/24 07:25:51.152, 6, 98 %, 69814 MiB
2026/09/24 07:25:51.152, 7, 98 %, 70102 MiB
2026/09/24 07:25:56.152, 0, 95 %, 70314 MiB
2026/09/24 07:25:56.152, 1, 95 %, 70100 MiB
2026/09/24 07:25:56.152, 2, 95 %, 70104 MiB
2026/09/24 07:25:56.152, 3, 95 %, 70102 MiB
2026/09/24 07:25:56.152, 4, 94 %, 70100 MiB
2026/09/24 07:25:56.152, 5, 95 %, 70102 MiB
2026/09/24 07:25:56.152, 6, 95 %, 69814 MiB
2026/09/24 07:25:56.152, 7, 95 %, 70102 MiB
2026/09/24 07:26:01.153, 0, 98 %, 70314 MiB
2026/09/24 07:26:01.153, 1, 96 %, 70100 MiB
2026/09/24 07:26:01.153, 2, 97 %, 70104 MiB
2026/09/24 07:26:01.153, 3, 97 %, 70102 MiB
2026/09/24 07:26:01.153, 4, 96 %, 70100 MiB
2026/09/24 07:26:01.153, 5, 96 %, 70102 MiB
2026/09/24 07:26:01.153, 6, 96 %, 69814 MiB
2026/09/24 07:26:01.153, 7, 98 %, 70102 MiB
2026/09/24 07:26:06.153, 0, 96 %, 70314 MiB
2026/09/24 07:26:06.153, 1, 95 %, 70100 MiB
2026/09/24 07:26:06.153, 2, 95 %, 70104 MiB
2026/09/24 07:26:06.153, 3, 95 %, 70102 MiB
2026/09/24 07:26:06.153, 4, 95 %, 70100 MiB
2026/09/24 07:26:06.153, 5, 95 %, 70102 MiB
2026/09/24 07:26:06.153, 6, 95 %, 69814 MiB
2026/09/24 07:26:06.153, 7, 97 %, 70102 MiB
2026/09/24 07:26:11.154, 0, 96 %, 70314 MiB
2026/09/24 07:26:11.154, 1, 94 %, 70100 MiB
2026/09/24 07:26:11.154, 2, 94 %, 70104 MiB
2026/09/24 07:26:11.154, 3, 95 %, 70102 MiB
2026/09/24 07:26:11.154, 4, 95 %, 70100 MiB
2026/09/24 07:26:11.154, 5, 94 %, 70102 MiB
2026/09/24 07:26:11.154, 6, 95 %, 69814 MiB
2026/09/24 07:26:11.154, 7, 96 %, 70102 MiB
2026/09/24 07:26:16.154, 0, 95 %, 70314 MiB
2026/09/24 07:26:16.154, 1, 95 %, 70100 MiB
2026/09/24 07:26:16.155, 2, 97 %, 70104 MiB
2026/09/24 07:26:16.155, 3, 95 %, 70102 MiB
2026/09/24 07:26:16.155, 4, 95 %, 70100 MiB
2026/09/24 07:26:16.156, 5, 95 %, 70102 MiB
2026/09/24 07:26:16.156, 6, 95 %, 69814 MiB
2026/09/24 07:26:16.156, 7, 94 %, 70102 MiB
2026/09/24 07:26:21.157, 0, 97 %, 70314 MiB
2026/09/24 07:26:21.157, 1, 96 %, 70100 MiB
2026/09/24 07:26:21.157, 2, 98 %, 70104 MiB
2026/09/24 07:26:21.157, 3, 97 %, 70102 MiB
2026/09/24 07:26:21.157, 4, 97 %, 70100 MiB
2026/09/24 07:26:21.157, 5, 96 %, 70102 MiB
2026/09/24 07:26:21.157, 6, 97 %, 69814 MiB
2026/09/24 07:26:21.157, 7, 97 %, 70102 MiB
2026/09/24 07:26:26.158, 0, 95 %, 70314 MiB
2026/09/24 07:26:26.158, 1, 96 %, 70100 MiB
2026/09/24 07:26:26.158, 2, 95 %, 70104 MiB
2026/09/24 07:26:26.158, 3, 95 %, 70102 MiB
2026/09/24 07:26:26.158, 4, 95 %, 70100 MiB
2026/09/24 07:26:26.158, 5, 96 %, 70102 MiB
2026/09/24 07:26:26.158, 6, 96 %, 69814 MiB
2026/09/24 07:26:26.158, 7, 95 %, 70102 MiB
2026/09/24 07:26:31.158, 0, 94 %, 70314 MiB
2026/09/24 07:26:31.158, 1, 95 %, 70100 MiB
2026/09/24 07:26:31.158, 2, 95 %, 70104 MiB
2026/09/24 07:26:31.158, 3, 96 %, 70102 MiB
2026/09/24 07:26:31.158, 4, 96 %, 70100 MiB
2026/09/24 07:26:31.160, 5, 95 %, 70102 MiB
2026/09/24 07:26:31.160, 6, 95 %, 69814 MiB
2026/09/24 07:26:31.160, 7, 95 %, 70102 MiB
2026/09/24 07:26:36.160, 0, 97 %, 70314 MiB
2026/09/24 07:26:36.160, 1, 96 %, 70100 MiB
2026/09/24 07:26:36.160, 2, 96 %, 70104 MiB
2026/09/24 07:26:36.160, 3, 98 %, 70102 MiB
2026/09/24 07:26:36.160, 4, 96 %, 70100 MiB
2026/09/24 07:26:36.160, 5, 96 %, 70102 MiB
2026/09/24 07:26:36.160, 6, 96 %, 69814 MiB
2026/09/24 07:26:36.160, 7, 97 %, 70102 MiB
2026/09/24 07:26:41.160, 0, 100 %, 70314 MiB
2026/09/24 07:26:41.161, 1, 100 %, 70100 MiB
2026/09/24 07:26:41.161, 2, 100 %, 70104 MiB
2026/09/24 07:26:41.161, 3, 100 %, 70102 MiB
2026/09/24 07:26:41.162, 4, 100 %, 70100 MiB
2026/09/24 07:26:41.162, 5, 100 %, 70102 MiB
2026/09/24 07:26:41.162, 6, 100 %, 69814 MiB
2026/09/24 07:26:41.163, 7, 100 %, 70102 MiB
2026/09/24 07:26:46.163, 0, 94 %, 70314 MiB
2026/09/24 07:26:46.163, 1, 95 %, 70100 MiB
2026/09/24 07:26:46.164, 2, 94 %, 70104 MiB
2026/09/24 07:26:46.164, 3, 96 %, 70102 MiB
2026/09/24 07:26:46.164, 4, 95 %, 70100 MiB
2026/09/24 07:26:46.164, 5, 95 %, 70102 MiB
2026/09/24 07:26:46.164, 6, 96 %, 69814 MiB
2026/09/24 07:26:46.164, 7, 95 %, 70102 MiB
2026/09/24 07:26:51.164, 0, 95 %, 70314 MiB
2026/09/24 07:26:51.164, 1, 95 %, 70100 MiB
2026/09/24 07:26:51.164, 2, 95 %, 70104 MiB
2026/09/24 07:26:51.165, 3, 93 %, 70102 MiB
2026/09/24 07:26:51.165, 4, 95 %, 70100 MiB
2026/09/24 07:26:51.165, 5, 94 %, 70102 MiB
2026/09/24 07:26:51.166, 6, 94 %, 69814 MiB
2026/09/24 07:26:51.166, 7, 94 %, 70102 MiB
2026/09/24 07:26:56.166, 0, 97 %, 70314 MiB
2026/09/24 07:26:56.167, 1, 98 %, 70100 MiB
2026/09/24 07:26:56.167, 2, 97 %, 70104 MiB
2026/09/24 07:26:56.167, 3, 98 %, 70102 MiB
2026/09/24 07:26:56.168, 4, 97 %, 70100 MiB
2026/09/24 07:26:56.168, 5, 98 %, 70102 MiB
2026/09/24 07:26:56.168, 6, 98 %, 69814 MiB
2026/09/24 07:26:56.169, 7, 98 %, 70102 MiB
2026/09/24 07:27:01.170, 0, 95 %, 70314 MiB
2026/09/24 07:27:01.170, 1, 95 %, 70100 MiB
2026/09/24 07:27:01.170, 2, 94 %, 70104 MiB
2026/09/24 07:27:01.170, 3, 95 %, 70102 MiB
2026/09/24 07:27:01.170, 4, 94 %, 70100 MiB
2026/09/24 07:27:01.170, 5, 95 %, 70102 MiB
2026/09/24 07:27:01.170, 6, 95 %, 69814 MiB
2026/09/24 07:27:01.170, 7, 95 %, 70102 MiB
2026/09/24 07:27:06.171, 0, 94 %, 70314 MiB
2026/09/24 07:27:06.171, 1, 95 %, 70100 MiB
2026/09/24 07:27:06.171, 2, 94 %, 70104 MiB
2026/09/24 07:27:06.171, 3, 95 %, 70102 MiB
2026/09/24 07:27:06.171, 4, 95 %, 70100 MiB
2026/09/24 07:27:06.171, 5, 95 %, 70102 MiB
2026/09/24 07:27:06.171, 6, 95 %, 69814 MiB
2026/09/24 07:27:06.171, 7, 95 %, 70102 MiB
2026/09/24 07:27:11.171, 0, 95 %, 70314 MiB
2026/09/24 07:27:11.172, 1, 95 %, 70100 MiB
2026/09/24 07:27:11.172, 2, 93 %, 70104 MiB
2026/09/24 07:27:11.172, 3, 95 %, 70102 MiB
2026/09/24 07:27:11.173, 4, 95 %, 70100 MiB
2026/09/24 07:27:11.173, 5, 96 %, 70102 MiB
2026/09/24 07:27:11.173, 6, 95 %, 69814 MiB
2026/09/24 07:27:11.174, 7, 95 %, 70102 MiB
2026/09/24 07:27:16.174, 0, 95 %, 70314 MiB
2026/09/24 07:27:16.174, 1, 95 %, 70100 MiB
2026/09/24 07:27:16.175, 2, 95 %, 70104 MiB
2026/09/24 07:27:16.175, 3, 94 %, 70102 MiB
2026/09/24 07:27:16.175, 4, 95 %, 70100 MiB
2026/09/24 07:27:16.175, 5, 95 %, 70102 MiB
2026/09/24 07:27:16.176, 6, 95 %, 69814 MiB
2026/09/24 07:27:16.176, 7, 95 %, 70102 MiB
2026/09/24 07:27:21.177, 0, 96 %, 70314 MiB
2026/09/24 07:27:21.177, 1, 99 %, 70100 MiB
2026/09/24 07:27:21.177, 2, 98 %, 70104 MiB
2026/09/24 07:27:21.177, 3, 98 %, 70102 MiB
2026/09/24 07:27:21.177, 4, 98 %, 70100 MiB
2026/09/24 07:27:21.177, 5, 99 %, 70102 MiB
2026/09/24 07:27:21.177, 6, 99 %, 69814 MiB
2026/09/24 07:27:21.177, 7, 96 %, 70102 MiB
2026/09/24 07:27:26.177, 0, 100 %, 70314 MiB
2026/09/24 07:27:26.177, 1, 100 %, 70100 MiB
2026/09/24 07:27:26.177, 2, 100 %, 70104 MiB
2026/09/24 07:27:26.177, 3, 100 %, 70102 MiB
2026/09/24 07:27:26.177, 4, 100 %, 70100 MiB
2026/09/24 07:27:26.177, 5, 100 %, 70102 MiB
2026/09/24 07:27:26.177, 6, 100 %, 69814 MiB
2026/09/24 07:27:26.177, 7, 100 %, 70102 MiB
2026/09/24 07:27:31.178, 0, 95 %, 70314 MiB
2026/09/24 07:27:31.178, 1, 95 %, 70100 MiB
2026/09/24 07:27:31.178, 2, 95 %, 70104 MiB
2026/09/24 07:27:31.178, 3, 97 %, 70102 MiB
2026/09/24 07:27:31.178, 4, 96 %, 70100 MiB
2026/09/24 07:27:31.178, 5, 96 %, 70102 MiB
2026/09/24 07:27:31.178, 6, 96 %, 69814 MiB
2026/09/24 07:27:31.178, 7, 95 %, 70102 MiB
2026/09/24 07:27:36.178, 0, 96 %, 70314 MiB
2026/09/24 07:27:36.178, 1, 96 %, 70100 MiB
2026/09/24 07:27:36.178, 2, 96 %, 70104 MiB
2026/09/24 07:27:36.178, 3, 96 %, 70102 MiB
2026/09/24 07:27:36.178, 4, 97 %, 70100 MiB
2026/09/24 07:27:36.179, 5, 96 %, 70102 MiB
2026/09/24 07:27:36.179, 6, 96 %, 69814 MiB
2026/09/24 07:27:36.179, 7, 96 %, 70102 MiB
2026/09/24 07:27:41.179, 0, 100 %, 70314 MiB
2026/09/24 07:27:41.179, 1, 100 %, 70100 MiB
2026/09/24 07:27:41.179, 2, 100 %, 70104 MiB
2026/09/24 07:27:41.179, 3, 100 %, 70102 MiB
2026/09/24 07:27:41.179, 4, 100 %, 70100 MiB
2026/09/24 07:27:41.179, 5, 100 %, 70102 MiB
2026/09/24 07:27:41.179, 6, 100 %, 69814 MiB
2026/09/24 07:27:41.179, 7, 100 %, 70102 MiB
2026/09/24 07:27:46.179, 0, 94 %, 70314 MiB
2026/09/24 07:27:46.180, 1, 95 %, 70100 MiB
2026/09/24 07:27:46.180, 2, 95 %, 70104 MiB
2026/09/24 07:27:46.180, 3, 95 %, 70102 MiB
2026/09/24 07:27:46.180, 4, 95 %, 70100 MiB
2026/09/24 07:27:46.180, 5, 95 %, 70102 MiB
2026/09/24 07:27:46.180, 6, 96 %, 69814 MiB
2026/09/24 07:27:46.180, 7, 95 %, 70102 MiB
2026/09/24 07:27:51.180, 0, 99 %, 70314 MiB
2026/09/24 07:27:51.180, 1, 96 %, 70100 MiB
2026/09/24 07:27:51.180, 2, 99 %, 70104 MiB
2026/09/24 07:27:51.180, 3, 99 %, 70102 MiB
2026/09/24 07:27:51.180, 4, 99 %, 70100 MiB
2026/09/24 07:27:51.180, 5, 96 %, 70102 MiB
2026/09/24 07:27:51.180, 6, 99 %, 69814 MiB
2026/09/24 07:27:51.181, 7, 99 %, 70102 MiB
2026/09/24 07:27:56.181, 0, 95 %, 70314 MiB
2026/09/24 07:27:56.182, 1, 95 %, 70100 MiB
2026/09/24 07:27:56.182, 2, 95 %, 70104 MiB
2026/09/24 07:27:56.182, 3, 94 %, 70102 MiB
2026/09/24 07:27:56.183, 4, 96 %, 70100 MiB
2026/09/24 07:27:56.183, 5, 96 %, 70102 MiB
2026/09/24 07:27:56.183, 6, 95 %, 69814 MiB
2026/09/24 07:27:56.184, 7, 95 %, 70102 MiB
2026/09/24 07:28:01.184, 0, 94 %, 70314 MiB
2026/09/24 07:28:01.184, 1, 94 %, 70100 MiB
2026/09/24 07:28:01.184, 2, 95 %, 70104 MiB
2026/09/24 07:28:01.184, 3, 95 %, 70102 MiB
2026/09/24 07:28:01.185, 4, 95 %, 70100 MiB
2026/09/24 07:28:01.185, 5, 97 %, 70102 MiB
2026/09/24 07:28:01.185, 6, 96 %, 69814 MiB
2026/09/24 07:28:01.185, 7, 96 %, 70102 MiB
2026/09/24 07:28:06.185, 0, 94 %, 70314 MiB
2026/09/24 07:28:06.185, 1, 97 %, 70100 MiB
2026/09/24 07:28:06.185, 2, 95 %, 70104 MiB
2026/09/24 07:28:06.186, 3, 95 %, 70102 MiB
2026/09/24 07:28:06.186, 4, 94 %, 70100 MiB
2026/09/24 07:28:06.186, 5, 95 %, 70102 MiB
2026/09/24 07:28:06.187, 6, 94 %, 69814 MiB
2026/09/24 07:28:06.187, 7, 95 %, 70102 MiB
2026/09/24 07:28:11.188, 0, 95 %, 70314 MiB
2026/09/24 07:28:11.188, 1, 96 %, 70100 MiB
2026/09/24 07:28:11.188, 2, 95 %, 70104 MiB
2026/09/24 07:28:11.188, 3, 95 %, 70102 MiB
2026/09/24 07:28:11.188, 4, 95 %, 70100 MiB
2026/09/24 07:28:11.188, 5, 96 %, 70102 MiB
2026/09/24 07:28:11.188, 6, 97 %, 69814 MiB
2026/09/24 07:28:11.188, 7, 96 %, 70102 MiB
2026/09/24 07:28:16.189, 0, 95 %, 70314 MiB
2026/09/24 07:28:16.189, 1, 95 %, 70100 MiB
2026/09/24 07:28:16.189, 2, 95 %, 70104 MiB
2026/09/24 07:28:16.190, 3, 94 %, 70102 MiB
2026/09/24 07:28:16.190, 4, 95 %, 70100 MiB
2026/09/24 07:28:16.190, 5, 95 %, 70102 MiB
2026/09/24 07:28:16.190, 6, 94 %, 69814 MiB
2026/09/24 07:28:16.190, 7, 95 %, 70102 MiB
2026/09/24 07:28:21.190, 0, 95 %, 70314 MiB
2026/09/24 07:28:21.190, 1, 97 %, 70100 MiB
2026/09/24 07:28:21.190, 2, 95 %, 70104 MiB
2026/09/24 07:28:21.190, 3, 95 %, 70102 MiB
2026/09/24 07:28:21.190, 4, 95 %, 70100 MiB
2026/09/24 07:28:21.191, 5, 95 %, 70102 MiB
2026/09/24 07:28:21.191, 6, 95 %, 69814 MiB
2026/09/24 07:28:21.191, 7, 97 %, 70102 MiB
2026/09/24 07:28:26.191, 0, 96 %, 70314 MiB
2026/09/24 07:28:26.191, 1, 95 %, 70100 MiB
2026/09/24 07:28:26.191, 2, 95 %, 70104 MiB
2026/09/24 07:28:26.192, 3, 95 %, 70102 MiB
2026/09/24 07:28:26.192, 4, 95 %, 70100 MiB
2026/09/24 07:28:26.193, 5, 95 %, 70102 MiB
2026/09/24 07:28:26.193, 6, 95 %, 69814 MiB
2026/09/24 07:28:26.193, 7, 95 %, 70102 MiB
2026/09/24 07:28:31.194, 0, 94 %, 70314 MiB
2026/09/24 07:28:31.194, 1, 94 %, 70100 MiB
2026/09/24 07:28:31.195, 2, 95 %, 70104 MiB
2026/09/24 07:28:31.195, 3, 95 %, 70102 MiB
2026/09/24 07:28:31.196, 4, 95 %, 70100 MiB
2026/09/24 07:28:31.196, 5, 95 %, 70102 MiB
2026/09/24 07:28:31.196, 6, 95 %, 69814 MiB
2026/09/24 07:28:31.197, 7, 95 %, 70102 MiB
2026/09/24 07:28:36.197, 0, 89 %, 70314 MiB
2026/09/24 07:28:36.197, 1, 77 %, 70100 MiB
2026/09/24 07:28:36.197, 2, 88 %, 70104 MiB
2026/09/24 07:28:36.197, 3, 84 %, 70102 MiB
2026/09/24 07:28:36.197, 4, 88 %, 70100 MiB
2026/09/24 07:28:36.197, 5, 80 %, 70102 MiB
2026/09/24 07:28:36.197, 6, 78 %, 69814 MiB
2026/09/24 07:28:36.197, 7, 80 %, 70102 MiB
2026/09/24 07:28:41.198, 0, 95 %, 70314 MiB
2026/09/24 07:28:41.198, 1, 95 %, 70100 MiB
2026/09/24 07:28:41.198, 2, 95 %, 70104 MiB
2026/09/24 07:28:41.198, 3, 94 %, 70102 MiB
2026/09/24 07:28:41.198, 4, 95 %, 70100 MiB
2026/09/24 07:28:41.198, 5, 95 %, 70102 MiB
2026/09/24 07:28:41.198, 6, 94 %, 69814 MiB
2026/09/24 07:28:41.198, 7, 95 %, 70102 MiB
2026/09/24 07:28:46.198, 0, 96 %, 70314 MiB
2026/09/24 07:28:46.198, 1, 95 %, 70100 MiB
2026/09/24 07:28:46.198, 2, 94 %, 70104 MiB
2026/09/24 07:28:46.198, 3, 95 %, 70102 MiB
2026/09/24 07:28:46.198, 4, 96 %, 70100 MiB
2026/09/24 07:28:46.198, 5, 95 %, 70102 MiB
2026/09/24 07:28:46.198, 6, 95 %, 69814 MiB
2026/09/24 07:28:46.198, 7, 95 %, 70102 MiB
2026/09/24 07:28:51.199, 0, 94 %, 70314 MiB
2026/09/24 07:28:51.199, 1, 95 %, 70100 MiB
2026/09/24 07:28:51.199, 2, 95 %, 70104 MiB
2026/09/24 07:28:51.200, 3, 95 %, 70102 MiB
2026/09/24 07:28:51.200, 4, 94 %, 70100 MiB
2026/09/24 07:28:51.200, 5, 95 %, 70102 MiB
2026/09/24 07:28:51.201, 6, 95 %, 69814 MiB
2026/09/24 07:28:51.201, 7, 95 %, 70102 MiB
2026/09/24 07:28:56.201, 0, 95 %, 70314 MiB
2026/09/24 07:28:56.201, 1, 95 %, 70100 MiB
2026/09/24 07:28:56.201, 2, 95 %, 70104 MiB
2026/09/24 07:28:56.201, 3, 96 %, 70102 MiB
2026/09/24 07:28:56.201, 4, 95 %, 70100 MiB
2026/09/24 07:28:56.201, 5, 95 %, 70102 MiB
2026/09/24 07:28:56.201, 6, 94 %, 69814 MiB
2026/09/24 07:28:56.201, 7, 95 %, 70102 MiB
2026/09/24 07:29:01.202, 0, 95 %, 70314 MiB
2026/09/24 07:29:01.202, 1, 95 %, 70100 MiB
2026/09/24 07:29:01.202, 2, 95 %, 70104 MiB
2026/09/24 07:29:01.202, 3, 95 %, 70102 MiB
2026/09/24 07:29:01.202, 4, 95 %, 70100 MiB
2026/09/24 07:29:01.202, 5, 95 %, 70102 MiB
2026/09/24 07:29:01.202, 6, 95 %, 69814 MiB
2026/09/24 07:29:01.202, 7, 95 %, 70102 MiB
2026/09/24 07:29:06.203, 0, 95 %, 70314 MiB
2026/09/24 07:29:06.203, 1, 94 %, 70100 MiB
2026/09/24 07:29:06.203, 2, 94 %, 70104 MiB
2026/09/24 07:29:06.203, 3, 94 %, 70102 MiB
2026/09/24 07:29:06.203, 4, 95 %, 70100 MiB
2026/09/24 07:29:06.203, 5, 95 %, 70102 MiB
2026/09/24 07:29:06.203, 6, 94 %, 69814 MiB
2026/09/24 07:29:06.203, 7, 95 %, 70102 MiB
2026/09/24 07:29:11.203, 0, 95 %, 70314 MiB
2026/09/24 07:29:11.203, 1, 95 %, 70100 MiB
2026/09/24 07:29:11.203, 2, 95 %, 70104 MiB
2026/09/24 07:29:11.203, 3, 95 %, 70102 MiB
2026/09/24 07:29:11.203, 4, 95 %, 70100 MiB
2026/09/24 07:29:11.203, 5, 95 %, 70102 MiB
2026/09/24 07:29:11.203, 6, 94 %, 69814 MiB
2026/09/24 07:29:11.203, 7, 95 %, 70102 MiB
2026/09/24 07:29:16.204, 0, 93 %, 70314 MiB
2026/09/24 07:29:16.204, 1, 95 %, 70100 MiB
2026/09/24 07:29:16.204, 2, 93 %, 70104 MiB
2026/09/24 07:29:16.205, 3, 95 %, 70102 MiB
2026/09/24 07:29:16.205, 4, 96 %, 70100 MiB
2026/09/24 07:29:16.205, 5, 94 %, 70102 MiB
2026/09/24 07:29:16.206, 6, 94 %, 69814 MiB
2026/09/24 07:29:16.206, 7, 94 %, 70102 MiB
2026/09/24 07:29:21.207, 0, 94 %, 70314 MiB
2026/09/24 07:29:21.207, 1, 94 %, 70100 MiB
2026/09/24 07:29:21.207, 2, 93 %, 70104 MiB
2026/09/24 07:29:21.207, 3, 95 %, 70102 MiB
2026/09/24 07:29:21.207, 4, 97 %, 70100 MiB
2026/09/24 07:29:21.207, 5, 94 %, 70102 MiB
2026/09/24 07:29:21.207, 6, 94 %, 69814 MiB
2026/09/24 07:29:21.207, 7, 94 %, 70102 MiB
2026/09/24 07:29:26.208, 0, 95 %, 70314 MiB
2026/09/24 07:29:26.208, 1, 95 %, 70100 MiB
2026/09/24 07:29:26.210, 2, 94 %, 70104 MiB
2026/09/24 07:29:26.213, 3, 96 %, 70102 MiB
2026/09/24 07:29:26.213, 4, 95 %, 70100 MiB
2026/09/24 07:29:26.215, 5, 95 %, 70102 MiB
2026/09/24 07:29:26.217, 6, 96 %, 69814 MiB
2026/09/24 07:29:26.217, 7, 95 %, 70102 MiB
2026/09/24 07:29:31.218, 0, 94 %, 70314 MiB
2026/09/24 07:29:31.218, 1, 94 %, 70100 MiB
2026/09/24 07:29:31.218, 2, 95 %, 70104 MiB
2026/09/24 07:29:31.220, 3, 95 %, 70102 MiB
2026/09/24 07:29:31.221, 4, 95 %, 70100 MiB
2026/09/24 07:29:31.221, 5, 94 %, 70102 MiB
2026/09/24 07:29:31.223, 6, 94 %, 69814 MiB
2026/09/24 07:29:31.223, 7, 94 %, 70102 MiB
2026/09/24 07:29:36.224, 0, 94 %, 70314 MiB
2026/09/24 07:29:36.224, 1, 96 %, 70100 MiB
2026/09/24 07:29:36.224, 2, 95 %, 70104 MiB
2026/09/24 07:29:36.224, 3, 95 %, 70102 MiB
2026/09/24 07:29:36.224, 4, 95 %, 70100 MiB
2026/09/24 07:29:36.224, 5, 93 %, 70102 MiB
2026/09/24 07:29:36.224, 6, 93 %, 69814 MiB
2026/09/24 07:29:36.224, 7, 93 %, 70102 MiB
2026/09/24 07:29:41.224, 0, 95 %, 70314 MiB
2026/09/24 07:29:41.224, 1, 94 %, 70100 MiB
2026/09/24 07:29:41.224, 2, 96 %, 70104 MiB
2026/09/24 07:29:41.224, 3, 95 %, 70102 MiB
2026/09/24 07:29:41.224, 4, 96 %, 70100 MiB
2026/09/24 07:29:41.224, 5, 95 %, 70102 MiB
2026/09/24 07:29:41.224, 6, 95 %, 69814 MiB
2026/09/24 07:29:41.224, 7, 95 %, 70102 MiB
2026/09/24 07:29:46.225, 0, 96 %, 70314 MiB
2026/09/24 07:29:46.602, 1, 94 %, 70100 MiB
2026/09/24 07:29:46.603, 2, 95 %, 70104 MiB
2026/09/24 07:29:46.603, 3, 95 %, 70102 MiB
2026/09/24 07:29:46.604, 4, 94 %, 70100 MiB
2026/09/24 07:29:46.604, 5, 96 %, 70102 MiB
2026/09/24 07:29:46.605, 6, 96 %, 69814 MiB
2026/09/24 07:29:46.606, 7, 94 %, 70102 MiB
2026/09/24 07:29:51.610, 0, 98 %, 70314 MiB
2026/09/24 07:29:51.959, 1, 98 %, 70100 MiB
2026/09/24 07:29:51.965, 2, 99 %, 70104 MiB
2026/09/24 07:29:51.972, 3, 99 %, 70102 MiB
2026/09/24 07:29:51.974, 4, 99 %, 70100 MiB
2026/09/24 07:29:51.976, 5, 99 %, 70102 MiB
2026/09/24 07:29:51.983, 6, 99 %, 69814 MiB
2026/09/24 07:29:51.983, 7, 99 %, 70102 MiB
2026/09/24 07:29:56.985, 0, 94 %, 70314 MiB
2026/09/24 07:29:56.985, 1, 94 %, 70100 MiB
2026/09/24 07:29:56.985, 2, 96 %, 70104 MiB
2026/09/24 07:29:56.985, 3, 95 %, 70102 MiB
2026/09/24 07:29:56.985, 4, 96 %, 70100 MiB
2026/09/24 07:29:56.985, 5, 94 %, 70102 MiB
2026/09/24 07:29:56.985, 6, 94 %, 69814 MiB
2026/09/24 07:29:56.985, 7, 94 %, 70102 MiB
2026/09/24 07:30:01.985, 0, 95 %, 70314 MiB
2026/09/24 07:30:01.985, 1, 95 %, 70100 MiB
2026/09/24 07:30:01.985, 2, 95 %, 70104 MiB
2026/09/24 07:30:01.985, 3, 96 %, 70102 MiB
2026/09/24 07:30:01.985, 4, 95 %, 70100 MiB
2026/09/24 07:30:01.985, 5, 95 %, 70102 MiB
2026/09/24 07:30:01.985, 6, 95 %, 69814 MiB
2026/09/24 07:30:01.985, 7, 95 %, 70102 MiB
2026/09/24 07:30:06.986, 0, 95 %, 70314 MiB
2026/09/24 07:30:06.986, 1, 95 %, 70100 MiB
2026/09/24 07:30:06.986, 2, 95 %, 70104 MiB
2026/09/24 07:30:06.986, 3, 94 %, 70102 MiB
2026/09/24 07:30:06.986, 4, 95 %, 70100 MiB
2026/09/24 07:30:06.986, 5, 95 %, 70102 MiB
2026/09/24 07:30:06.986, 6, 94 %, 69814 MiB
2026/09/24 07:30:06.986, 7, 94 %, 70102 MiB
2026/09/24 07:30:11.986, 0, 95 %, 70314 MiB
2026/09/24 07:30:11.986, 1, 96 %, 70100 MiB
2026/09/24 07:30:11.986, 2, 95 %, 70104 MiB
2026/09/24 07:30:11.986, 3, 95 %, 70102 MiB
2026/09/24 07:30:11.986, 4, 95 %, 70100 MiB
2026/09/24 07:30:11.986, 5, 95 %, 70102 MiB
2026/09/24 07:30:11.986, 6, 94 %, 69814 MiB
2026/09/24 07:30:11.986, 7, 93 %, 70102 MiB
2026/09/24 07:30:16.987, 0, 93 %, 70314 MiB
2026/09/24 07:30:16.987, 1, 93 %, 70100 MiB
2026/09/24 07:30:16.987, 2, 95 %, 70104 MiB
2026/09/24 07:30:16.987, 3, 95 %, 70102 MiB
2026/09/24 07:30:16.987, 4, 95 %, 70100 MiB
2026/09/24 07:30:16.987, 5, 93 %, 70102 MiB
2026/09/24 07:30:16.987, 6, 95 %, 69814 MiB
2026/09/24 07:30:16.987, 7, 95 %, 70102 MiB
2026/09/24 07:30:21.987, 0, 94 %, 70314 MiB
2026/09/24 07:30:21.987, 1, 96 %, 70100 MiB
2026/09/24 07:30:21.988, 2, 94 %, 70104 MiB
2026/09/24 07:30:21.990, 3, 95 %, 70102 MiB
2026/09/24 07:30:21.993, 4, 94 %, 70100 MiB
2026/09/24 07:30:21.996, 5, 95 %, 70102 MiB
2026/09/24 07:30:21.998, 6, 94 %, 69814 MiB
2026/09/24 07:30:21.998, 7, 93 %, 70102 MiB
2026/09/24 07:30:26.999, 0, 93 %, 70314 MiB
2026/09/24 07:30:26.999, 1, 94 %, 70100 MiB
2026/09/24 07:30:26.999, 2, 93 %, 70104 MiB
2026/09/24 07:30:26.999, 3, 94 %, 70102 MiB
2026/09/24 07:30:26.999, 4, 95 %, 70100 MiB
2026/09/24 07:30:26.999, 5, 94 %, 70102 MiB
2026/09/24 07:30:26.999, 6, 94 %, 69814 MiB
2026/09/24 07:30:27.000, 7, 94 %, 70102 MiB
2026/09/24 07:30:32.000, 0, 95 %, 70314 MiB
2026/09/24 07:30:32.000, 1, 94 %, 70100 MiB
2026/09/24 07:30:32.000, 2, 95 %, 70104 MiB
2026/09/24 07:30:32.000, 3, 93 %, 70102 MiB
2026/09/24 07:30:32.000, 4, 94 %, 70100 MiB
2026/09/24 07:30:32.000, 5, 94 %, 70102 MiB
2026/09/24 07:30:32.000, 6, 94 %, 69814 MiB
2026/09/24 07:30:32.000, 7, 94 %, 70102 MiB
2026/09/24 07:30:37.001, 0, 96 %, 70314 MiB
2026/09/24 07:30:37.001, 1, 94 %, 70100 MiB
2026/09/24 07:30:37.001, 2, 96 %, 70104 MiB
2026/09/24 07:30:37.001, 3, 94 %, 70102 MiB
2026/09/24 07:30:37.001, 4, 95 %, 70100 MiB
2026/09/24 07:30:37.001, 5, 94 %, 70102 MiB
2026/09/24 07:30:37.001, 6, 94 %, 69814 MiB
2026/09/24 07:30:37.001, 7, 94 %, 70102 MiB
2026/09/24 07:30:42.001, 0, 94 %, 70314 MiB
2026/09/24 07:30:42.001, 1, 93 %, 70100 MiB
2026/09/24 07:30:42.002, 2, 95 %, 70104 MiB
2026/09/24 07:30:42.002, 3, 93 %, 70102 MiB
2026/09/24 07:30:42.002, 4, 96 %, 70100 MiB
2026/09/24 07:30:42.003, 5, 93 %, 70102 MiB
2026/09/24 07:30:42.003, 6, 93 %, 69814 MiB
2026/09/24 07:30:42.004, 7, 93 %, 70102 MiB
2026/09/24 07:30:47.004, 0, 93 %, 70314 MiB
2026/09/24 07:30:47.004, 1, 95 %, 70100 MiB
2026/09/24 07:30:47.005, 2, 93 %, 70104 MiB
2026/09/24 07:30:47.005, 3, 95 %, 70102 MiB
2026/09/24 07:30:47.005, 4, 93 %, 70100 MiB
2026/09/24 07:30:47.006, 5, 93 %, 70102 MiB
2026/09/24 07:30:47.006, 6, 95 %, 69814 MiB
2026/09/24 07:30:47.006, 7, 95 %, 70102 MiB
2026/09/24 07:30:52.007, 0, 93 %, 70314 MiB
2026/09/24 07:30:52.007, 1, 94 %, 70100 MiB
2026/09/24 07:30:52.007, 2, 92 %, 70104 MiB
2026/09/24 07:30:52.007, 3, 93 %, 70102 MiB
2026/09/24 07:30:52.007, 4, 93 %, 70100 MiB
2026/09/24 07:30:52.007, 5, 95 %, 70102 MiB
2026/09/24 07:30:52.007, 6, 93 %, 69814 MiB
2026/09/24 07:30:52.007, 7, 92 %, 70102 MiB
2026/09/24 07:30:57.007, 0, 97 %, 70314 MiB
2026/09/24 07:30:57.008, 1, 98 %, 70100 MiB
2026/09/24 07:30:57.008, 2, 97 %, 70104 MiB
2026/09/24 07:30:57.008, 3, 95 %, 70102 MiB
2026/09/24 07:30:57.008, 4, 97 %, 70100 MiB
2026/09/24 07:30:57.008, 5, 96 %, 70102 MiB
2026/09/24 07:30:57.008, 6, 96 %, 69814 MiB
2026/09/24 07:30:57.008, 7, 96 %, 70102 MiB
2026/09/24 07:31:02.008, 0, 95 %, 70314 MiB
2026/09/24 07:31:02.008, 1, 94 %, 70100 MiB
2026/09/24 07:31:02.008, 2, 94 %, 70104 MiB
2026/09/24 07:31:02.008, 3, 95 %, 70102 MiB
2026/09/24 07:31:02.008, 4, 95 %, 70100 MiB
2026/09/24 07:31:02.008, 5, 95 %, 70102 MiB
2026/09/24 07:31:02.008, 6, 95 %, 69814 MiB
2026/09/24 07:31:02.008, 7, 94 %, 70102 MiB
2026/09/24 07:31:07.008, 0, 94 %, 70314 MiB
2026/09/24 07:31:07.009, 1, 95 %, 70100 MiB
2026/09/24 07:31:07.009, 2, 94 %, 70104 MiB
2026/09/24 07:31:07.009, 3, 95 %, 70102 MiB
2026/09/24 07:31:07.009, 4, 94 %, 70100 MiB
2026/09/24 07:31:07.009, 5, 95 %, 70102 MiB
2026/09/24 07:31:07.009, 6, 95 %, 69814 MiB
2026/09/24 07:31:07.009, 7, 95 %, 70102 MiB
2026/09/24 07:31:12.009, 0, 95 %, 70314 MiB
2026/09/24 07:31:12.009, 1, 95 %, 70100 MiB
2026/09/24 07:31:12.010, 2, 95 %, 70104 MiB
2026/09/24 07:31:12.010, 3, 95 %, 70102 MiB
2026/09/24 07:31:12.010, 4, 95 %, 70100 MiB
2026/09/24 07:31:12.011, 5, 95 %, 70102 MiB
2026/09/24 07:31:12.011, 6, 95 %, 69814 MiB
2026/09/24 07:31:12.011, 7, 95 %, 70102 MiB
2026/09/24 07:31:17.012, 0, 94 %, 70314 MiB
2026/09/24 07:31:17.012, 1, 94 %, 70100 MiB
2026/09/24 07:31:17.012, 2, 94 %, 70104 MiB
2026/09/24 07:31:17.012, 3, 94 %, 70102 MiB
2026/09/24 07:31:17.012, 4, 95 %, 70100 MiB
2026/09/24 07:31:17.012, 5, 94 %, 70102 MiB
2026/09/24 07:31:17.012, 6, 95 %, 69814 MiB
2026/09/24 07:31:17.012, 7, 95 %, 70102 MiB
2026/09/24 07:31:22.012, 0, 96 %, 70314 MiB
2026/09/24 07:31:22.012, 1, 95 %, 70100 MiB
2026/09/24 07:31:22.013, 2, 95 %, 70104 MiB
2026/09/24 07:31:22.013, 3, 95 %, 70102 MiB
2026/09/24 07:31:22.013, 4, 95 %, 70100 MiB
2026/09/24 07:31:22.014, 5, 95 %, 70102 MiB
2026/09/24 07:31:22.014, 6, 94 %, 69814 MiB
2026/09/24 07:31:22.014, 7, 94 %, 70102 MiB
2026/09/24 07:31:27.015, 0, 95 %, 70314 MiB
2026/09/24 07:31:27.015, 1, 94 %, 70100 MiB
2026/09/24 07:31:27.015, 2, 94 %, 70104 MiB
2026/09/24 07:31:27.015, 3, 96 %, 70102 MiB
2026/09/24 07:31:27.015, 4, 95 %, 70100 MiB
2026/09/24 07:31:27.015, 5, 95 %, 70102 MiB
2026/09/24 07:31:27.015, 6, 95 %, 69814 MiB
2026/09/24 07:31:27.015, 7, 95 %, 70102 MiB
2026/09/24 07:31:32.016, 0, 95 %, 70314 MiB
2026/09/24 07:31:32.016, 1, 95 %, 70100 MiB
2026/09/24 07:31:32.016, 2, 95 %, 70104 MiB
2026/09/24 07:31:32.017, 3, 95 %, 70102 MiB
2026/09/24 07:31:32.017, 4, 95 %, 70100 MiB
2026/09/24 07:31:32.017, 5, 93 %, 70102 MiB
2026/09/24 07:31:32.020, 6, 95 %, 69814 MiB
2026/09/24 07:31:32.023, 7, 95 %, 70102 MiB
2026/09/24 07:31:37.023, 0, 94 %, 70314 MiB
2026/09/24 07:31:37.024, 1, 94 %, 70100 MiB
2026/09/24 07:31:37.024, 2, 94 %, 70104 MiB
2026/09/24 07:31:37.024, 3, 96 %, 70102 MiB
2026/09/24 07:31:37.024, 4, 94 %, 70100 MiB
2026/09/24 07:31:37.024, 5, 95 %, 70102 MiB
2026/09/24 07:31:37.024, 6, 94 %, 69814 MiB
2026/09/24 07:31:37.024, 7, 95 %, 70102 MiB
2026/09/24 07:31:42.024, 0, 95 %, 70314 MiB
2026/09/24 07:31:42.024, 1, 95 %, 70100 MiB
2026/09/24 07:31:42.025, 2, 95 %, 70104 MiB
2026/09/24 07:31:42.025, 3, 95 %, 70102 MiB
2026/09/24 07:31:42.025, 4, 94 %, 70100 MiB
2026/09/24 07:31:42.025, 5, 95 %, 70102 MiB
2026/09/24 07:31:42.026, 6, 95 %, 69814 MiB
2026/09/24 07:31:42.026, 7, 95 %, 70102 MiB
2026/09/24 07:31:47.027, 0, 95 %, 70314 MiB
2026/09/24 07:31:47.027, 1, 94 %, 70100 MiB
2026/09/24 07:31:47.027, 2, 94 %, 70104 MiB
2026/09/24 07:31:47.027, 3, 95 %, 70102 MiB
2026/09/24 07:31:47.027, 4, 95 %, 70100 MiB
2026/09/24 07:31:47.027, 5, 94 %, 70102 MiB
2026/09/24 07:31:47.027, 6, 95 %, 69814 MiB
2026/09/24 07:31:47.027, 7, 95 %, 70102 MiB
2026/09/24 07:31:52.027, 0, 95 %, 70314 MiB
2026/09/24 07:31:52.028, 1, 96 %, 70100 MiB
2026/09/24 07:31:52.032, 2, 95 %, 70104 MiB
2026/09/24 07:31:52.033, 3, 96 %, 70102 MiB
2026/09/24 07:31:52.034, 4, 95 %, 70100 MiB
2026/09/24 07:31:52.035, 5, 95 %, 70102 MiB
2026/09/24 07:31:52.038, 6, 95 %, 69814 MiB
2026/09/24 07:31:52.038, 7, 95 %, 70102 MiB
2026/09/24 07:31:57.040, 0, 94 %, 70314 MiB
2026/09/24 07:31:57.040, 1, 93 %, 70100 MiB
2026/09/24 07:31:57.040, 2, 95 %, 70104 MiB
2026/09/24 07:31:57.040, 3, 94 %, 70102 MiB
2026/09/24 07:31:57.040, 4, 94 %, 70100 MiB
2026/09/24 07:31:57.040, 5, 95 %, 70102 MiB
2026/09/24 07:31:57.040, 6, 95 %, 69814 MiB
2026/09/24 07:31:57.040, 7, 95 %, 70102 MiB
2026/09/24 07:32:02.041, 0, 95 %, 70314 MiB
2026/09/24 07:32:02.041, 1, 95 %, 70100 MiB
2026/09/24 07:32:02.041, 2, 95 %, 70104 MiB
2026/09/24 07:32:02.041, 3, 94 %, 70102 MiB
2026/09/24 07:32:02.041, 4, 94 %, 70100 MiB
2026/09/24 07:32:02.041, 5, 95 %, 70102 MiB
2026/09/24 07:32:02.041, 6, 95 %, 69814 MiB
2026/09/24 07:32:02.041, 7, 95 %, 70102 MiB
2026/09/24 07:32:07.041, 0, 100 %, 70314 MiB
2026/09/24 07:32:07.041, 1, 96 %, 70100 MiB
2026/09/24 07:32:07.042, 2, 100 %, 70104 MiB
2026/09/24 07:32:07.042, 3, 94 %, 70102 MiB
2026/09/24 07:32:07.043, 4, 100 %, 70100 MiB
2026/09/24 07:32:07.043, 5, 97 %, 70102 MiB
2026/09/24 07:32:07.043, 6, 100 %, 69814 MiB
2026/09/24 07:32:07.044, 7, 100 %, 70102 MiB
2026/09/24 07:32:12.044, 0, 96 %, 70314 MiB
2026/09/24 07:32:12.045, 1, 95 %, 70100 MiB
2026/09/24 07:32:12.047, 2, 95 %, 70104 MiB
2026/09/24 07:32:12.049, 3, 94 %, 70102 MiB
2026/09/24 07:32:12.049, 4, 96 %, 70100 MiB
2026/09/24 07:32:12.049, 5, 95 %, 70102 MiB
2026/09/24 07:32:12.050, 6, 96 %, 69814 MiB
2026/09/24 07:32:12.050, 7, 96 %, 70102 MiB
2026/09/24 07:32:17.050, 0, 99 %, 70314 MiB
2026/09/24 07:32:17.050, 1, 99 %, 70100 MiB
2026/09/24 07:32:17.051, 2, 99 %, 70104 MiB
2026/09/24 07:32:17.051, 3, 99 %, 70102 MiB
2026/09/24 07:32:17.051, 4, 99 %, 70100 MiB
2026/09/24 07:32:17.051, 5, 99 %, 70102 MiB
2026/09/24 07:32:17.051, 6, 99 %, 69814 MiB
2026/09/24 07:32:17.051, 7, 99 %, 70102 MiB
2026/09/24 07:32:22.052, 0, 100 %, 70314 MiB
2026/09/24 07:32:22.052, 1, 100 %, 70100 MiB
2026/09/24 07:32:22.054, 2, 100 %, 70104 MiB
2026/09/24 07:32:22.055, 3, 99 %, 70102 MiB
2026/09/24 07:32:22.057, 4, 100 %, 70100 MiB
2026/09/24 07:32:22.058, 5, 100 %, 70102 MiB
2026/09/24 07:32:22.058, 6, 100 %, 69814 MiB
2026/09/24 07:32:22.058, 7, 100 %, 70102 MiB
2026/09/24 07:32:27.059, 0, 99 %, 70314 MiB
2026/09/24 07:32:27.059, 1, 99 %, 70100 MiB
2026/09/24 07:32:27.059, 2, 99 %, 70104 MiB
2026/09/24 07:32:27.060, 3, 100 %, 70102 MiB
2026/09/24 07:32:27.060, 4, 100 %, 70100 MiB
2026/09/24 07:32:27.060, 5, 100 %, 70102 MiB
2026/09/24 07:32:27.061, 6, 99 %, 69814 MiB
2026/09/24 07:32:27.061, 7, 99 %, 70102 MiB
2026/09/24 07:32:32.062, 0, 99 %, 70314 MiB
2026/09/24 07:32:32.062, 1, 100 %, 70100 MiB
2026/09/24 07:32:32.062, 2, 99 %, 70104 MiB
2026/09/24 07:32:32.062, 3, 100 %, 70102 MiB
2026/09/24 07:32:32.062, 4, 99 %, 70100 MiB
2026/09/24 07:32:32.062, 5, 99 %, 70102 MiB
2026/09/24 07:32:32.062, 6, 100 %, 69814 MiB
2026/09/24 07:32:32.062, 7, 99 %, 70102 MiB
2026/09/24 07:32:37.062, 0, 99 %, 70314 MiB
2026/09/24 07:32:37.062, 1, 98 %, 70100 MiB
2026/09/24 07:32:37.062, 2, 98 %, 70104 MiB
2026/09/24 07:32:37.062, 3, 98 %, 70102 MiB
2026/09/24 07:32:37.062, 4, 98 %, 70100 MiB
2026/09/24 07:32:37.062, 5, 99 %, 70102 MiB
2026/09/24 07:32:37.062, 6, 98 %, 69814 MiB
2026/09/24 07:32:37.062, 7, 97 %, 70102 MiB
2026/09/24 07:32:42.063, 0, 0 %, 70314 MiB
2026/09/24 07:32:42.063, 1, 0 %, 70100 MiB
2026/09/24 07:32:42.063, 2, 0 %, 70104 MiB
2026/09/24 07:32:42.064, 3, 0 %, 70102 MiB
2026/09/24 07:32:42.064, 4, 0 %, 70100 MiB
2026/09/24 07:32:42.064, 5, 0 %, 70102 MiB
2026/09/24 07:32:42.064, 6, 0 %, 69814 MiB
2026/09/24 07:32:42.065, 7, 0 %, 70102 MiB
