2026/09/24 04:46:13.466, 0, 98 %, 68246 MiB
2026/09/24 04:46:13.470, 1, 98 %, 68034 MiB
2026/09/24 04:46:13.472, 2, 98 %, 68034 MiB
2026/09/24 04:46:13.476, 3, 98 %, 68034 MiB
2026/09/24 04:46:13.478, 4, 98 %, 68034 MiB
2026/09/24 04:46:13.486, 5, 98 %, 68034 MiB
2026/09/24 04:46:13.488, 6, 98 %, 67746 MiB
2026/09/24 04:46:13.489, 7, 98 %, 68034 MiB
2026/09/24 04:46:18.491, 0, 0 %, 68246 MiB
2026/09/24 04:46:18.491, 1, 0 %, 68034 MiB
2026/09/24 04:46:18.491, 2, 0 %, 68034 MiB
2026/09/24 04:46:18.491, 3, 0 %, 68034 MiB
2026/09/24 04:46:18.491, 4, 0 %, 68034 MiB
2026/09/24 04:46:18.491, 5, 0 %, 68034 MiB
2026/09/24 04:46:18.491, 6, 0 %, 67746 MiB
2026/09/24 04:46:18.491, 7, 0 %, 68034 MiB
2026/09/24 04:46:23.491, 0, 93 %, 69820 MiB
2026/09/24 04:46:23.719, 1, 97 %, 69608 MiB
2026/09/24 04:46:23.724, 2, 98 %, 69608 MiB
2026/09/24 04:46:23.727, 3, 98 %, 69608 MiB
2026/09/24 04:46:23.731, 4, 98 %, 69608 MiB
2026/09/24 04:46:23.738, 5, 98 %, 69608 MiB
2026/09/24 04:46:23.740, 6, 98 %, 69320 MiB
2026/09/24 04:46:23.742, 7, 98 %, 69608 MiB
2026/09/24 04:46:28.742, 0, 0 %, 69820 MiB
2026/09/24 04:46:28.743, 1, 0 %, 69608 MiB
2026/09/24 04:46:28.743, 2, 0 %, 69608 MiB
2026/09/24 04:46:28.743, 3, 0 %, 69608 MiB
2026/09/24 04:46:28.743, 4, 0 %, 69608 MiB
2026/09/24 04:46:28.744, 5, 0 %, 69608 MiB
2026/09/24 04:46:28.744, 6, 0 %, 69320 MiB
2026/09/24 04:46:28.744, 7, 0 %, 69608 MiB
2026/09/24 04:46:33.745, 0, 0 %, 69824 MiB
2026/09/24 04:46:33.745, 1, 0 %, 69612 MiB
2026/09/24 04:46:33.745, 2, 4 %, 69612 MiB
2026/09/24 04:46:33.745, 3, 0 %, 69612 MiB
2026/09/24 04:46:33.745, 4, 0 %, 69612 MiB
2026/09/24 04:46:33.745, 5, 0 %, 69612 MiB
2026/09/24 04:46:33.745, 6, 0 %, 69324 MiB
2026/09/24 04:46:33.745, 7, 0 %, 69612 MiB
2026/09/24 04:46:38.746, 0, 99 %, 69826 MiB
2026/09/24 04:46:38.746, 1, 97 %, 69614 MiB
2026/09/24 04:46:38.746, 2, 97 %, 69614 MiB
2026/09/24 04:46:38.746, 3, 99 %, 69614 MiB
2026/09/24 04:46:38.746, 4, 99 %, 69614 MiB
2026/09/24 04:46:38.746, 5, 99 %, 69614 MiB
2026/09/24 04:46:38.746, 6, 97 %, 69326 MiB
2026/09/24 04:46:38.746, 7, 99 %, 69614 MiB
2026/09/24 04:46:43.746, 0, 99 %, 69828 MiB
2026/09/24 04:46:43.746, 1, 98 %, 69616 MiB
2026/09/24 04:46:43.746, 2, 98 %, 69616 MiB
2026/09/24 04:46:43.746, 3, 96 %, 69616 MiB
2026/09/24 04:46:43.746, 4, 96 %, 69616 MiB
2026/09/24 04:46:43.746, 5, 99 %, 69616 MiB
2026/09/24 04:46:43.746, 6, 97 %, 69328 MiB
2026/09/24 04:46:43.746, 7, 97 %, 69616 MiB
2026/09/24 04:46:48.747, 0, 99 %, 69830 MiB
2026/09/24 04:46:48.747, 1, 99 %, 69618 MiB
2026/09/24 04:46:48.747, 2, 99 %, 69618 MiB
2026/09/24 04:46:48.747, 3, 99 %, 69618 MiB
2026/09/24 04:46:48.747, 4, 99 %, 69618 MiB
2026/09/24 04:46:48.747, 5, 99 %, 69618 MiB
2026/09/24 04:46:48.747, 6, 99 %, 69330 MiB
2026/09/24 04:46:48.747, 7, 97 %, 69618 MiB
2026/09/24 04:46:53.747, 0, 99 %, 69832 MiB
2026/09/24 04:46:53.770, 1, 99 %, 69620 MiB
2026/09/24 04:46:53.770, 2, 99 %, 69620 MiB
2026/09/24 04:46:53.776, 3, 98 %, 69620 MiB
2026/09/24 04:46:53.777, 4, 99 %, 69620 MiB
2026/09/24 04:46:53.777, 5, 98 %, 69620 MiB
2026/09/24 04:46:53.779, 6, 98 %, 69332 MiB
2026/09/24 04:46:53.780, 7, 98 %, 69620 MiB
2026/09/24 04:46:58.787, 0, 99 %, 69852 MiB
2026/09/24 04:46:58.787, 1, 99 %, 69640 MiB
2026/09/24 04:46:58.788, 2, 97 %, 69640 MiB
2026/09/24 04:46:58.788, 3, 98 %, 69640 MiB
2026/09/24 04:46:58.788, 4, 99 %, 69640 MiB
2026/09/24 04:46:58.789, 5, 99 %, 69640 MiB
2026/09/24 04:46:58.789, 6, 97 %, 69352 MiB
2026/09/24 04:46:58.790, 7, 99 %, 69640 MiB
2026/09/24 04:47:03.791, 0, 99 %, 69852 MiB
2026/09/24 04:47:03.791, 1, 99 %, 69640 MiB
2026/09/24 04:47:03.791, 2, 99 %, 69640 MiB
2026/09/24 04:47:03.792, 3, 99 %, 69640 MiB
2026/09/24 04:47:03.792, 4, 99 %, 69640 MiB
2026/09/24 04:47:03.792, 5, 99 %, 69640 MiB
2026/09/24 04:47:03.793, 6, 99 %, 69352 MiB
2026/09/24 04:47:03.793, 7, 98 %, 69640 MiB
2026/09/24 04:47:08.793, 0, 98 %, 69854 MiB
2026/09/24 04:47:08.793, 1, 98 %, 69642 MiB
2026/09/24 04:47:08.793, 2, 99 %, 69642 MiB
2026/09/24 04:47:08.793, 3, 99 %, 69644 MiB
2026/09/24 04:47:08.793, 4, 99 %, 69644 MiB
2026/09/24 04:47:08.793, 5, 99 %, 69644 MiB
2026/09/24 04:47:08.793, 6, 99 %, 69356 MiB
2026/09/24 04:47:08.793, 7, 99 %, 69644 MiB
2026/09/24 04:47:13.794, 0, 97 %, 69854 MiB
2026/09/24 04:47:13.798, 1, 97 %, 69642 MiB
2026/09/24 04:47:13.799, 2, 97 %, 69642 MiB
2026/09/24 04:47:13.811, 3, 99 %, 69644 MiB
2026/09/24 04:47:13.812, 4, 97 %, 69644 MiB
2026/09/24 04:47:13.813, 5, 99 %, 69644 MiB
2026/09/24 04:47:13.814, 6, 97 %, 69356 MiB
2026/09/24 04:47:13.814, 7, 99 %, 69644 MiB
2026/09/24 04:47:18.814, 0, 97 %, 69854 MiB
2026/09/24 04:47:18.814, 1, 97 %, 69642 MiB
2026/09/24 04:47:18.814, 2, 99 %, 69642 MiB
2026/09/24 04:47:18.814, 3, 97 %, 69644 MiB
2026/09/24 04:47:18.814, 4, 97 %, 69644 MiB
2026/09/24 04:47:18.814, 5, 97 %, 69644 MiB
2026/09/24 04:47:18.814, 6, 97 %, 69356 MiB
2026/09/24 04:47:18.814, 7, 97 %, 69644 MiB
2026/09/24 04:47:23.815, 0, 99 %, 69858 MiB
2026/09/24 04:47:23.816, 1, 98 %, 69646 MiB
2026/09/24 04:47:23.817, 2, 100 %, 69646 MiB
2026/09/24 04:47:23.817, 3, 100 %, 69648 MiB
2026/09/24 04:47:23.818, 4, 99 %, 69648 MiB
2026/09/24 04:47:23.819, 5, 100 %, 69648 MiB
2026/09/24 04:47:23.819, 6, 100 %, 69360 MiB
2026/09/24 04:47:23.820, 7, 100 %, 69648 MiB
2026/09/24 04:47:28.820, 0, 97 %, 69858 MiB
2026/09/24 04:47:28.820, 1, 97 %, 69646 MiB
2026/09/24 04:47:28.820, 2, 97 %, 69646 MiB
2026/09/24 04:47:28.820, 3, 97 %, 69648 MiB
2026/09/24 04:47:28.820, 4, 64 %, 69648 MiB
2026/09/24 04:47:28.820, 5, 88 %, 69648 MiB
2026/09/24 04:47:28.821, 6, 77 %, 69360 MiB
2026/09/24 04:47:28.821, 7, 88 %, 69648 MiB
2026/09/24 04:47:33.821, 0, 98 %, 69858 MiB
2026/09/24 04:47:33.821, 1, 98 %, 69646 MiB
2026/09/24 04:47:33.821, 2, 99 %, 69646 MiB
2026/09/24 04:47:33.821, 3, 99 %, 69648 MiB
2026/09/24 04:47:33.821, 4, 99 %, 69648 MiB
2026/09/24 04:47:33.821, 5, 99 %, 69648 MiB
2026/09/24 04:47:33.821, 6, 99 %, 69360 MiB
2026/09/24 04:47:33.821, 7, 99 %, 69648 MiB
2026/09/24 04:47:38.821, 0, 99 %, 69858 MiB
2026/09/24 04:47:38.823, 1, 99 %, 69646 MiB
2026/09/24 04:47:38.826, 2, 99 %, 69646 MiB
2026/09/24 04:47:38.826, 3, 99 %, 69648 MiB
2026/09/24 04:47:38.826, 4, 99 %, 69648 MiB
2026/09/24 04:47:38.827, 5, 99 %, 69648 MiB
2026/09/24 04:47:38.827, 6, 99 %, 69360 MiB
2026/09/24 04:47:38.827, 7, 99 %, 69648 MiB
2026/09/24 04:47:43.828, 0, 99 %, 69858 MiB
2026/09/24 04:47:43.828, 1, 97 %, 69646 MiB
2026/09/24 04:47:43.829, 2, 99 %, 69646 MiB
2026/09/24 04:47:43.829, 3, 98 %, 69648 MiB
2026/09/24 04:47:43.829, 4, 100 %, 69648 MiB
2026/09/24 04:47:43.830, 5, 97 %, 69648 MiB
2026/09/24 04:47:43.830, 6, 98 %, 69360 MiB
2026/09/24 04:47:43.830, 7, 97 %, 69648 MiB
2026/09/24 04:47:48.831, 0, 99 %, 69858 MiB
2026/09/24 04:47:48.831, 1, 96 %, 69646 MiB
2026/09/24 04:47:48.832, 2, 98 %, 69646 MiB
2026/09/24 04:47:48.832, 3, 99 %, 69648 MiB
2026/09/24 04:47:48.832, 4, 96 %, 69648 MiB
2026/09/24 04:47:48.833, 5, 98 %, 69648 MiB
2026/09/24 04:47:48.833, 6, 99 %, 69360 MiB
2026/09/24 04:47:48.833, 7, 99 %, 69648 MiB
2026/09/24 04:47:53.834, 0, 98 %, 69858 MiB
2026/09/24 04:47:53.835, 1, 99 %, 69646 MiB
2026/09/24 04:47:53.836, 2, 97 %, 69646 MiB
2026/09/24 04:47:53.836, 3, 97 %, 69648 MiB
2026/09/24 04:47:53.836, 4, 97 %, 69648 MiB
2026/09/24 04:47:53.837, 5, 98 %, 69648 MiB
2026/09/24 04:47:53.837, 6, 97 %, 69360 MiB
2026/09/24 04:47:53.837, 7, 98 %, 69648 MiB
2026/09/24 04:47:58.838, 0, 97 %, 69858 MiB
2026/09/24 04:47:58.838, 1, 99 %, 69646 MiB
2026/09/24 04:47:58.838, 2, 99 %, 69646 MiB
2026/09/24 04:47:58.838, 3, 99 %, 69648 MiB
2026/09/24 04:47:58.838, 4, 99 %, 69648 MiB
2026/09/24 04:47:58.838, 5, 97 %, 69648 MiB
2026/09/24 04:47:58.838, 6, 98 %, 69360 MiB
2026/09/24 04:47:58.838, 7, 97 %, 69648 MiB
2026/09/24 04:48:03.839, 0, 98 %, 69858 MiB
2026/09/24 04:48:03.839, 1, 98 %, 69646 MiB
2026/09/24 04:48:03.839, 2, 99 %, 69648 MiB
2026/09/24 04:48:03.839, 3, 99 %, 69648 MiB
2026/09/24 04:48:03.839, 4, 99 %, 69648 MiB
2026/09/24 04:48:03.839, 5, 98 %, 69650 MiB
2026/09/24 04:48:03.839, 6, 99 %, 69360 MiB
2026/09/24 04:48:03.839, 7, 98 %, 69648 MiB
2026/09/24 04:48:08.839, 0, 99 %, 69858 MiB
2026/09/24 04:48:08.840, 1, 99 %, 69646 MiB
2026/09/24 04:48:08.840, 2, 99 %, 69648 MiB
2026/09/24 04:48:08.840, 3, 98 %, 69648 MiB
2026/09/24 04:48:08.841, 4, 99 %, 69648 MiB
2026/09/24 04:48:08.841, 5, 99 %, 69650 MiB
2026/09/24 04:48:08.841, 6, 98 %, 69360 MiB
2026/09/24 04:48:08.842, 7, 99 %, 69648 MiB
2026/09/24 04:48:13.842, 0, 99 %, 69860 MiB
2026/09/24 04:48:14.123, 1, 99 %, 69650 MiB
2026/09/24 04:48:14.127, 2, 99 %, 69648 MiB
2026/09/24 04:48:14.127, 3, 99 %, 69652 MiB
2026/09/24 04:48:14.135, 4, 99 %, 69650 MiB
2026/09/24 04:48:14.140, 5, 99 %, 69652 MiB
2026/09/24 04:48:14.145, 6, 97 %, 69362 MiB
2026/09/24 04:48:14.146, 7, 99 %, 69652 MiB
2026/09/24 04:48:19.148, 0, 99 %, 69862 MiB
2026/09/24 04:48:19.149, 1, 97 %, 69650 MiB
2026/09/24 04:48:19.149, 2, 99 %, 69648 MiB
2026/09/24 04:48:19.149, 3, 99 %, 69652 MiB
2026/09/24 04:48:19.149, 4, 97 %, 69650 MiB
2026/09/24 04:48:19.149, 5, 97 %, 69652 MiB
2026/09/24 04:48:19.149, 6, 97 %, 69362 MiB
2026/09/24 04:48:19.149, 7, 97 %, 69652 MiB
2026/09/24 04:48:24.149, 0, 97 %, 69862 MiB
2026/09/24 04:48:24.149, 1, 97 %, 69650 MiB
2026/09/24 04:48:24.150, 2, 99 %, 69650 MiB
2026/09/24 04:48:24.150, 3, 97 %, 69652 MiB
2026/09/24 04:48:24.150, 4, 96 %, 69650 MiB
2026/09/24 04:48:24.151, 5, 97 %, 69652 MiB
2026/09/24 04:48:24.151, 6, 97 %, 69362 MiB
2026/09/24 04:48:24.151, 7, 97 %, 69652 MiB
2026/09/24 04:48:29.152, 0, 96 %, 69862 MiB
2026/09/24 04:48:29.152, 1, 99 %, 69650 MiB
2026/09/24 04:48:29.152, 2, 99 %, 69650 MiB
2026/09/24 04:48:29.152, 3, 97 %, 69652 MiB
2026/09/24 04:48:29.152, 4, 97 %, 69650 MiB
2026/09/24 04:48:29.152, 5, 92 %, 69652 MiB
2026/09/24 04:48:29.152, 6, 93 %, 69362 MiB
2026/09/24 04:48:29.152, 7, 98 %, 69652 MiB
2026/09/24 04:48:34.153, 0, 98 %, 69862 MiB
2026/09/24 04:48:34.153, 1, 98 %, 69650 MiB
2026/09/24 04:48:34.154, 2, 97 %, 69650 MiB
2026/09/24 04:48:34.155, 3, 97 %, 69652 MiB
2026/09/24 04:48:34.156, 4, 97 %, 69652 MiB
2026/09/24 04:48:34.156, 5, 99 %, 69652 MiB
2026/09/24 04:48:34.156, 6, 97 %, 69364 MiB
2026/09/24 04:48:34.157, 7, 99 %, 69652 MiB
2026/09/24 04:48:39.161, 0, 99 %, 69864 MiB
2026/09/24 04:48:39.161, 1, 97 %, 69650 MiB
2026/09/24 04:48:39.161, 2, 99 %, 69650 MiB
2026/09/24 04:48:39.161, 3, 99 %, 69652 MiB
2026/09/24 04:48:39.161, 4, 99 %, 69654 MiB
2026/09/24 04:48:39.161, 5, 99 %, 69654 MiB
2026/09/24 04:48:39.161, 6, 99 %, 69366 MiB
2026/09/24 04:48:39.161, 7, 97 %, 69652 MiB
2026/09/24 04:48:44.161, 0, 98 %, 69864 MiB
2026/09/24 04:48:44.161, 1, 99 %, 69652 MiB
2026/09/24 04:48:44.161, 2, 98 %, 69650 MiB
2026/09/24 04:48:44.161, 3, 97 %, 69654 MiB
2026/09/24 04:48:44.161, 4, 98 %, 69654 MiB
2026/09/24 04:48:44.161, 5, 99 %, 69654 MiB
2026/09/24 04:48:44.161, 6, 97 %, 69366 MiB
2026/09/24 04:48:44.161, 7, 100 %, 69654 MiB
2026/09/24 04:48:49.162, 0, 82 %, 69864 MiB
2026/09/24 04:48:49.162, 1, 77 %, 69652 MiB
2026/09/24 04:48:49.162, 2, 88 %, 69650 MiB
2026/09/24 04:48:49.162, 3, 79 %, 69654 MiB
2026/09/24 04:48:49.162, 4, 83 %, 69654 MiB
2026/09/24 04:48:49.162, 5, 77 %, 69654 MiB
2026/09/24 04:48:49.162, 6, 93 %, 69366 MiB
2026/09/24 04:48:49.162, 7, 79 %, 69654 MiB
2026/09/24 04:48:54.162, 0, 99 %, 69864 MiB
2026/09/24 04:48:54.162, 1, 99 %, 69652 MiB
2026/09/24 04:48:54.162, 2, 99 %, 69650 MiB
2026/09/24 04:48:54.162, 3, 99 %, 69654 MiB
2026/09/24 04:48:54.162, 4, 99 %, 69654 MiB
2026/09/24 04:48:54.162, 5, 99 %, 69654 MiB
2026/09/24 04:48:54.162, 6, 99 %, 69366 MiB
2026/09/24 04:48:54.162, 7, 99 %, 69654 MiB
2026/09/24 04:48:59.163, 0, 99 %, 69864 MiB
2026/09/24 04:48:59.163, 1, 99 %, 69652 MiB
2026/09/24 04:48:59.163, 2, 99 %, 69650 MiB
2026/09/24 04:48:59.163, 3, 99 %, 69654 MiB
2026/09/24 04:48:59.163, 4, 99 %, 69654 MiB
2026/09/24 04:48:59.163, 5, 99 %, 69654 MiB
2026/09/24 04:48:59.163, 6, 99 %, 69366 MiB
2026/09/24 04:48:59.163, 7, 99 %, 69654 MiB
2026/09/24 04:49:04.163, 0, 99 %, 69864 MiB
2026/09/24 04:49:04.164, 1, 98 %, 69652 MiB
2026/09/24 04:49:04.170, 2, 99 %, 69652 MiB
2026/09/24 04:49:04.170, 3, 97 %, 69654 MiB
2026/09/24 04:49:04.170, 4, 98 %, 69654 MiB
2026/09/24 04:49:04.170, 5, 98 %, 69654 MiB
2026/09/24 04:49:04.170, 6, 99 %, 69366 MiB
2026/09/24 04:49:04.170, 7, 99 %, 69654 MiB
2026/09/24 04:49:09.170, 0, 99 %, 69864 MiB
2026/09/24 04:49:09.170, 1, 99 %, 69652 MiB
2026/09/24 04:49:09.170, 2, 98 %, 69652 MiB
2026/09/24 04:49:09.170, 3, 99 %, 69654 MiB
2026/09/24 04:49:09.171, 4, 98 %, 69654 MiB
2026/09/24 04:49:09.171, 5, 99 %, 69654 MiB
2026/09/24 04:49:09.171, 6, 99 %, 69366 MiB
2026/09/24 04:49:09.171, 7, 99 %, 69654 MiB
2026/09/24 04:49:14.171, 0, 97 %, 69864 MiB
2026/09/24 04:49:14.171, 1, 99 %, 69652 MiB
2026/09/24 04:49:14.172, 2, 96 %, 69652 MiB
2026/09/24 04:49:14.172, 3, 98 %, 69654 MiB
2026/09/24 04:49:14.172, 4, 97 %, 69654 MiB
2026/09/24 04:49:14.175, 5, 97 %, 69654 MiB
2026/09/24 04:49:14.176, 6, 99 %, 69366 MiB
2026/09/24 04:49:14.178, 7, 99 %, 69654 MiB
2026/09/24 04:49:19.178, 0, 93 %, 69864 MiB
2026/09/24 04:49:19.178, 1, 99 %, 69652 MiB
2026/09/24 04:49:19.178, 2, 97 %, 69652 MiB
2026/09/24 04:49:19.178, 3, 98 %, 69654 MiB
2026/09/24 04:49:19.178, 4, 98 %, 69654 MiB
2026/09/24 04:49:19.178, 5, 98 %, 69654 MiB
2026/09/24 04:49:19.178, 6, 99 %, 69366 MiB
2026/09/24 04:49:19.178, 7, 97 %, 69654 MiB
2026/09/24 04:49:24.179, 0, 99 %, 69864 MiB
2026/09/24 04:49:24.179, 1, 100 %, 69652 MiB
2026/09/24 04:49:24.184, 2, 97 %, 69652 MiB
2026/09/24 04:49:24.184, 3, 98 %, 69654 MiB
2026/09/24 04:49:24.184, 4, 98 %, 69654 MiB
2026/09/24 04:49:24.185, 5, 97 %, 69654 MiB
2026/09/24 04:49:24.185, 6, 96 %, 69366 MiB
2026/09/24 04:49:24.185, 7, 97 %, 69654 MiB
2026/09/24 04:49:29.186, 0, 98 %, 69864 MiB
2026/09/24 04:49:29.186, 1, 99 %, 69652 MiB
2026/09/24 04:49:29.186, 2, 97 %, 69652 MiB
2026/09/24 04:49:29.186, 3, 100 %, 69654 MiB
2026/09/24 04:49:29.186, 4, 100 %, 69654 MiB
2026/09/24 04:49:29.186, 5, 100 %, 69654 MiB
2026/09/24 04:49:29.187, 6, 99 %, 69366 MiB
2026/09/24 04:49:29.187, 7, 99 %, 69654 MiB
2026/09/24 04:49:34.187, 0, 99 %, 69864 MiB
2026/09/24 04:49:34.187, 1, 98 %, 69652 MiB
2026/09/24 04:49:34.187, 2, 98 %, 69652 MiB
2026/09/24 04:49:34.187, 3, 99 %, 69654 MiB
2026/09/24 04:49:34.187, 4, 99 %, 69654 MiB
2026/09/24 04:49:34.187, 5, 99 %, 69654 MiB
2026/09/24 04:49:34.187, 6, 98 %, 69366 MiB
2026/09/24 04:49:34.187, 7, 99 %, 69654 MiB
2026/09/24 04:49:39.188, 0, 99 %, 69864 MiB
2026/09/24 04:49:39.188, 1, 99 %, 69652 MiB
2026/09/24 04:49:39.188, 2, 99 %, 69652 MiB
2026/09/24 04:49:39.189, 3, 99 %, 69654 MiB
2026/09/24 04:49:39.189, 4, 99 %, 69654 MiB
2026/09/24 04:49:39.189, 5, 99 %, 69654 MiB
2026/09/24 04:49:39.190, 6, 99 %, 69366 MiB
2026/09/24 04:49:39.190, 7, 98 %, 69654 MiB
2026/09/24 04:49:44.191, 0, 97 %, 69864 MiB
2026/09/24 04:49:44.191, 1, 99 %, 69652 MiB
2026/09/24 04:49:44.191, 2, 99 %, 69652 MiB
2026/09/24 04:49:44.191, 3, 97 %, 69654 MiB
2026/09/24 04:49:44.191, 4, 97 %, 69654 MiB
2026/09/24 04:49:44.191, 5, 99 %, 69654 MiB
2026/09/24 04:49:44.191, 6, 99 %, 69366 MiB
2026/09/24 04:49:44.191, 7, 97 %, 69654 MiB
2026/09/24 04:49:49.192, 0, 99 %, 70376 MiB
2026/09/24 04:49:49.192, 1, 99 %, 70164 MiB
2026/09/24 04:49:49.192, 2, 98 %, 70164 MiB
2026/09/24 04:49:49.192, 3, 99 %, 70166 MiB
2026/09/24 04:49:49.192, 4, 98 %, 70166 MiB
2026/09/24 04:49:49.192, 5, 97 %, 70166 MiB
2026/09/24 04:49:49.192, 6, 98 %, 69878 MiB
2026/09/24 04:49:49.192, 7, 99 %, 70166 MiB
2026/09/24 04:49:54.192, 0, 100 %, 70376 MiB
2026/09/24 04:49:54.192, 1, 97 %, 70164 MiB
2026/09/24 04:49:54.193, 2, 99 %, 70164 MiB
2026/09/24 04:49:54.193, 3, 97 %, 70166 MiB
2026/09/24 04:49:54.194, 4, 97 %, 70166 MiB
2026/09/24 04:49:54.194, 5, 97 %, 70166 MiB
2026/09/24 04:49:54.195, 6, 97 %, 69878 MiB
2026/09/24 04:49:54.195, 7, 100 %, 70166 MiB
2026/09/24 04:49:59.196, 0, 70 %, 70376 MiB
2026/09/24 04:49:59.196, 1, 74 %, 70164 MiB
2026/09/24 04:49:59.196, 2, 65 %, 70164 MiB
2026/09/24 04:49:59.196, 3, 82 %, 70166 MiB
2026/09/24 04:49:59.196, 4, 89 %, 70166 MiB
2026/09/24 04:49:59.196, 5, 88 %, 70166 MiB
2026/09/24 04:49:59.196, 6, 81 %, 69878 MiB
2026/09/24 04:49:59.196, 7, 96 %, 70166 MiB
2026/09/24 04:50:04.197, 0, 97 %, 70376 MiB
2026/09/24 04:50:04.198, 1, 96 %, 70164 MiB
2026/09/24 04:50:04.198, 2, 98 %, 70164 MiB
2026/09/24 04:50:04.202, 3, 96 %, 70166 MiB
2026/09/24 04:50:04.203, 4, 97 %, 70166 MiB
2026/09/24 04:50:04.203, 5, 97 %, 70166 MiB
2026/09/24 04:50:04.203, 6, 96 %, 69878 MiB
2026/09/24 04:50:04.203, 7, 95 %, 70166 MiB
2026/09/24 04:50:09.204, 0, 99 %, 70376 MiB
2026/09/24 04:50:09.204, 1, 99 %, 70164 MiB
2026/09/24 04:50:09.204, 2, 97 %, 70164 MiB
2026/09/24 04:50:09.204, 3, 97 %, 70166 MiB
2026/09/24 04:50:09.204, 4, 97 %, 70166 MiB
2026/09/24 04:50:09.204, 5, 99 %, 70166 MiB
2026/09/24 04:50:09.204, 6, 99 %, 69878 MiB
2026/09/24 04:50:09.204, 7, 97 %, 70166 MiB
2026/09/24 04:50:14.204, 0, 98 %, 70376 MiB
2026/09/24 04:50:14.204, 1, 99 %, 70164 MiB
2026/09/24 04:50:14.204, 2, 99 %, 70164 MiB
2026/09/24 04:50:14.204, 3, 99 %, 70166 MiB
2026/09/24 04:50:14.204, 4, 99 %, 70166 MiB
2026/09/24 04:50:14.204, 5, 99 %, 70166 MiB
2026/09/24 04:50:14.205, 6, 99 %, 69878 MiB
2026/09/24 04:50:14.205, 7, 99 %, 70166 MiB
2026/09/24 04:50:19.205, 0, 99 %, 70376 MiB
2026/09/24 04:50:19.205, 1, 99 %, 70164 MiB
2026/09/24 04:50:19.205, 2, 99 %, 70164 MiB
2026/09/24 04:50:19.205, 3, 99 %, 70166 MiB
2026/09/24 04:50:19.205, 4, 99 %, 70166 MiB
2026/09/24 04:50:19.205, 5, 99 %, 70166 MiB
2026/09/24 04:50:19.205, 6, 99 %, 69878 MiB
2026/09/24 04:50:19.205, 7, 99 %, 70166 MiB
2026/09/24 04:50:24.205, 0, 89 %, 70376 MiB
2026/09/24 04:50:24.588, 1, 99 %, 70166 MiB
2026/09/24 04:50:24.971, 2, 98 %, 70164 MiB
2026/09/24 04:50:24.972, 3, 98 %, 70168 MiB
2026/09/24 04:50:24.973, 4, 99 %, 70168 MiB
2026/09/24 04:50:24.974, 5, 97 %, 70166 MiB
2026/09/24 04:50:24.974, 6, 99 %, 69880 MiB
2026/09/24 04:50:24.975, 7, 97 %, 70168 MiB
2026/09/24 04:50:29.976, 0, 98 %, 70376 MiB
2026/09/24 04:50:29.976, 1, 99 %, 70166 MiB
2026/09/24 04:50:29.976, 2, 99 %, 70166 MiB
2026/09/24 04:50:29.976, 3, 99 %, 70168 MiB
2026/09/24 04:50:29.976, 4, 99 %, 70168 MiB
2026/09/24 04:50:29.976, 5, 99 %, 70166 MiB
2026/09/24 04:50:29.976, 6, 99 %, 69880 MiB
2026/09/24 04:50:29.976, 7, 99 %, 70168 MiB
2026/09/24 04:50:34.976, 0, 97 %, 70376 MiB
2026/09/24 04:50:34.977, 1, 98 %, 70166 MiB
2026/09/24 04:50:34.977, 2, 98 %, 70166 MiB
2026/09/24 04:50:34.978, 3, 99 %, 70168 MiB
2026/09/24 04:50:34.978, 4, 97 %, 70168 MiB
2026/09/24 04:50:34.979, 5, 97 %, 70166 MiB
2026/09/24 04:50:34.979, 6, 97 %, 69880 MiB
2026/09/24 04:50:34.982, 7, 97 %, 70168 MiB
2026/09/24 04:50:39.983, 0, 96 %, 70376 MiB
2026/09/24 04:50:39.983, 1, 97 %, 70166 MiB
2026/09/24 04:50:39.984, 2, 97 %, 70166 MiB
2026/09/24 04:50:39.984, 3, 97 %, 70168 MiB
2026/09/24 04:50:39.984, 4, 96 %, 70168 MiB
2026/09/24 04:50:39.985, 5, 96 %, 70166 MiB
2026/09/24 04:50:39.985, 6, 98 %, 69880 MiB
2026/09/24 04:50:39.985, 7, 96 %, 70168 MiB
2026/09/24 04:50:44.986, 0, 92 %, 70376 MiB
2026/09/24 04:50:44.986, 1, 92 %, 70166 MiB
2026/09/24 04:50:44.986, 2, 92 %, 70166 MiB
2026/09/24 04:50:44.986, 3, 91 %, 70168 MiB
2026/09/24 04:50:44.986, 4, 93 %, 70168 MiB
2026/09/24 04:50:44.986, 5, 92 %, 70166 MiB
2026/09/24 04:50:44.986, 6, 91 %, 69880 MiB
2026/09/24 04:50:44.986, 7, 94 %, 70168 MiB
2026/09/24 04:50:49.986, 0, 99 %, 70376 MiB
2026/09/24 04:50:49.988, 1, 99 %, 70166 MiB
2026/09/24 04:50:49.989, 2, 99 %, 70166 MiB
2026/09/24 04:50:49.990, 3, 99 %, 70168 MiB
2026/09/24 04:50:49.990, 4, 99 %, 70168 MiB
2026/09/24 04:50:49.990, 5, 99 %, 70166 MiB
2026/09/24 04:50:49.991, 6, 99 %, 69880 MiB
2026/09/24 04:50:49.991, 7, 99 %, 70168 MiB
2026/09/24 04:50:54.992, 0, 99 %, 70376 MiB
2026/09/24 04:50:54.992, 1, 96 %, 70166 MiB
2026/09/24 04:50:54.992, 2, 96 %, 70166 MiB
2026/09/24 04:50:54.993, 3, 97 %, 70168 MiB
2026/09/24 04:50:54.993, 4, 99 %, 70168 MiB
2026/09/24 04:50:54.993, 5, 98 %, 70166 MiB
2026/09/24 04:50:54.994, 6, 97 %, 69880 MiB
2026/09/24 04:50:54.994, 7, 96 %, 70168 MiB
2026/09/24 04:50:59.995, 0, 99 %, 70376 MiB
2026/09/24 04:50:59.995, 1, 99 %, 70166 MiB
2026/09/24 04:50:59.995, 2, 99 %, 70166 MiB
2026/09/24 04:50:59.995, 3, 99 %, 70168 MiB
2026/09/24 04:50:59.995, 4, 99 %, 70168 MiB
2026/09/24 04:50:59.995, 5, 99 %, 70166 MiB
2026/09/24 04:50:59.995, 6, 99 %, 69880 MiB
2026/09/24 04:50:59.995, 7, 99 %, 70168 MiB
2026/09/24 04:51:04.996, 0, 98 %, 70376 MiB
2026/09/24 04:51:04.996, 1, 98 %, 70166 MiB
2026/09/24 04:51:04.996, 2, 98 %, 70166 MiB
2026/09/24 04:51:04.996, 3, 98 %, 70168 MiB
2026/09/24 04:51:04.996, 4, 98 %, 70168 MiB
2026/09/24 04:51:04.996, 5, 98 %, 70166 MiB
2026/09/24 04:51:04.996, 6, 98 %, 69880 MiB
2026/09/24 04:51:04.996, 7, 98 %, 70168 MiB
2026/09/24 04:51:09.996, 0, 99 %, 70376 MiB
2026/09/24 04:51:09.996, 1, 99 %, 70166 MiB
2026/09/24 04:51:09.996, 2, 99 %, 70166 MiB
2026/09/24 04:51:09.996, 3, 99 %, 70168 MiB
2026/09/24 04:51:09.996, 4, 99 %, 70168 MiB
2026/09/24 04:51:09.996, 5, 99 %, 70166 MiB
2026/09/24 04:51:09.996, 6, 99 %, 69880 MiB
2026/09/24 04:51:09.996, 7, 99 %, 70168 MiB
2026/09/24 04:51:14.997, 0, 97 %, 70376 MiB
2026/09/24 04:51:14.997, 1, 100 %, 70166 MiB
2026/09/24 04:51:14.997, 2, 98 %, 70166 MiB
2026/09/24 04:51:14.997, 3, 97 %, 70168 MiB
2026/09/24 04:51:14.997, 4, 97 %, 70168 MiB
2026/09/24 04:51:14.999, 5, 97 %, 70166 MiB
2026/09/24 04:51:14.999, 6, 97 %, 69880 MiB
2026/09/24 04:51:15.000, 7, 97 %, 70168 MiB
2026/09/24 04:51:20.001, 0, 98 %, 70376 MiB
2026/09/24 04:51:20.001, 1, 99 %, 70166 MiB
2026/09/24 04:51:20.001, 2, 94 %, 70166 MiB
2026/09/24 04:51:20.002, 3, 99 %, 70168 MiB
2026/09/24 04:51:20.002, 4, 99 %, 70168 MiB
2026/09/24 04:51:20.003, 5, 98 %, 70166 MiB
2026/09/24 04:51:20.003, 6, 98 %, 69880 MiB
2026/09/24 04:51:20.003, 7, 99 %, 70168 MiB
2026/09/24 04:51:25.003, 0, 98 %, 70376 MiB
2026/09/24 04:51:25.006, 1, 97 %, 70166 MiB
2026/09/24 04:51:25.008, 2, 98 %, 70166 MiB
2026/09/24 04:51:25.011, 3, 99 %, 70168 MiB
2026/09/24 04:51:25.012, 4, 97 %, 70168 MiB
2026/09/24 04:51:25.012, 5, 99 %, 70166 MiB
2026/09/24 04:51:25.013, 6, 99 %, 69880 MiB
2026/09/24 04:51:25.016, 7, 97 %, 70168 MiB
2026/09/24 04:51:30.016, 0, 100 %, 70376 MiB
2026/09/24 04:51:30.016, 1, 100 %, 70166 MiB
2026/09/24 04:51:30.016, 2, 100 %, 70166 MiB
2026/09/24 04:51:30.016, 3, 100 %, 70168 MiB
2026/09/24 04:51:30.016, 4, 100 %, 70168 MiB
2026/09/24 04:51:30.016, 5, 100 %, 70166 MiB
2026/09/24 04:51:30.016, 6, 100 %, 69880 MiB
2026/09/24 04:51:30.016, 7, 100 %, 70168 MiB
2026/09/24 04:51:35.017, 0, 99 %, 70376 MiB
2026/09/24 04:51:35.017, 1, 95 %, 70166 MiB
2026/09/24 04:51:35.020, 2, 99 %, 70166 MiB
2026/09/24 04:51:35.023, 3, 99 %, 70168 MiB
2026/09/24 04:51:35.024, 4, 99 %, 70168 MiB
2026/09/24 04:51:35.024, 5, 99 %, 70166 MiB
2026/09/24 04:51:35.024, 6, 95 %, 69880 MiB
2026/09/24 04:51:35.024, 7, 99 %, 70168 MiB
2026/09/24 04:51:40.024, 0, 99 %, 70376 MiB
2026/09/24 04:51:40.024, 1, 99 %, 70166 MiB
2026/09/24 04:51:40.025, 2, 99 %, 70166 MiB
2026/09/24 04:51:40.027, 3, 99 %, 70168 MiB
2026/09/24 04:51:40.027, 4, 99 %, 70168 MiB
2026/09/24 04:51:40.028, 5, 99 %, 70166 MiB
2026/09/24 04:51:40.028, 6, 99 %, 69880 MiB
2026/09/24 04:51:40.029, 7, 99 %, 70168 MiB
2026/09/24 04:51:45.029, 0, 99 %, 70376 MiB
2026/09/24 04:51:45.029, 1, 99 %, 70166 MiB
2026/09/24 04:51:45.029, 2, 99 %, 70166 MiB
2026/09/24 04:51:45.029, 3, 99 %, 70168 MiB
2026/09/24 04:51:45.029, 4, 99 %, 70168 MiB
2026/09/24 04:51:45.029, 5, 99 %, 70166 MiB
2026/09/24 04:51:45.030, 6, 99 %, 69880 MiB
2026/09/24 04:51:45.030, 7, 99 %, 70168 MiB
2026/09/24 04:51:50.030, 0, 75 %, 70376 MiB
2026/09/24 04:51:50.030, 1, 82 %, 70166 MiB
2026/09/24 04:51:50.030, 2, 83 %, 70166 MiB
2026/09/24 04:51:50.030, 3, 63 %, 70168 MiB
2026/09/24 04:51:50.030, 4, 66 %, 70168 MiB
2026/09/24 04:51:50.030, 5, 69 %, 70166 MiB
2026/09/24 04:51:50.030, 6, 61 %, 69880 MiB
2026/09/24 04:51:50.030, 7, 88 %, 70168 MiB
2026/09/24 04:51:55.030, 0, 99 %, 70376 MiB
2026/09/24 04:51:55.031, 1, 99 %, 70166 MiB
2026/09/24 04:51:55.036, 2, 98 %, 70166 MiB
2026/09/24 04:51:55.036, 3, 97 %, 70168 MiB
2026/09/24 04:51:55.036, 4, 98 %, 70168 MiB
2026/09/24 04:51:55.036, 5, 97 %, 70166 MiB
2026/09/24 04:51:55.036, 6, 97 %, 69880 MiB
2026/09/24 04:51:55.036, 7, 99 %, 70168 MiB
2026/09/24 04:52:00.036, 0, 97 %, 70376 MiB
2026/09/24 04:52:00.039, 1, 97 %, 70166 MiB
2026/09/24 04:52:00.039, 2, 99 %, 70166 MiB
2026/09/24 04:52:00.040, 3, 97 %, 70168 MiB
2026/09/24 04:52:00.040, 4, 99 %, 70168 MiB
2026/09/24 04:52:00.040, 5, 97 %, 70166 MiB
2026/09/24 04:52:00.041, 6, 99 %, 69880 MiB
2026/09/24 04:52:00.041, 7, 97 %, 70168 MiB
2026/09/24 04:52:05.042, 0, 99 %, 70376 MiB
2026/09/24 04:52:05.042, 1, 99 %, 70166 MiB
2026/09/24 04:52:05.042, 2, 99 %, 70166 MiB
2026/09/24 04:52:05.042, 3, 97 %, 70168 MiB
2026/09/24 04:52:05.042, 4, 99 %, 70168 MiB
2026/09/24 04:52:05.042, 5, 97 %, 70166 MiB
2026/09/24 04:52:05.042, 6, 99 %, 69880 MiB
2026/09/24 04:52:05.042, 7, 99 %, 70168 MiB
2026/09/24 04:52:10.042, 0, 98 %, 70376 MiB
2026/09/24 04:52:10.043, 1, 98 %, 70166 MiB
2026/09/24 04:52:10.043, 2, 98 %, 70166 MiB
2026/09/24 04:52:10.044, 3, 99 %, 70168 MiB
2026/09/24 04:52:10.044, 4, 97 %, 70168 MiB
2026/09/24 04:52:10.044, 5, 99 %, 70166 MiB
2026/09/24 04:52:10.045, 6, 99 %, 69880 MiB
2026/09/24 04:52:10.046, 7, 98 %, 70168 MiB
2026/09/24 04:52:15.047, 0, 98 %, 70376 MiB
2026/09/24 04:52:15.047, 1, 98 %, 70166 MiB
2026/09/24 04:52:15.048, 2, 98 %, 70166 MiB
2026/09/24 04:52:15.048, 3, 98 %, 70168 MiB
2026/09/24 04:52:15.048, 4, 98 %, 70168 MiB
2026/09/24 04:52:15.049, 5, 98 %, 70166 MiB
2026/09/24 04:52:15.049, 6, 98 %, 69880 MiB
2026/09/24 04:52:15.050, 7, 98 %, 70168 MiB
2026/09/24 04:52:20.050, 0, 97 %, 70376 MiB
2026/09/24 04:52:20.050, 1, 97 %, 70168 MiB
2026/09/24 04:52:20.050, 2, 97 %, 70166 MiB
2026/09/24 04:52:20.050, 3, 97 %, 70168 MiB
2026/09/24 04:52:20.053, 4, 98 %, 70168 MiB
2026/09/24 04:52:20.053, 5, 97 %, 70166 MiB
2026/09/24 04:52:20.053, 6, 98 %, 69880 MiB
2026/09/24 04:52:20.053, 7, 97 %, 70168 MiB
2026/09/24 04:52:25.053, 0, 99 %, 70376 MiB
2026/09/24 04:52:25.054, 1, 89 %, 70168 MiB
2026/09/24 04:52:25.054, 2, 82 %, 70166 MiB
2026/09/24 04:52:25.054, 3, 93 %, 70168 MiB
2026/09/24 04:52:25.054, 4, 98 %, 70168 MiB
2026/09/24 04:52:25.054, 5, 90 %, 70166 MiB
2026/09/24 04:52:25.055, 6, 95 %, 69880 MiB
2026/09/24 04:52:25.055, 7, 99 %, 70168 MiB
2026/09/24 04:52:30.056, 0, 99 %, 70376 MiB
2026/09/24 04:52:30.056, 1, 98 %, 70168 MiB
2026/09/24 04:52:30.056, 2, 91 %, 70166 MiB
2026/09/24 04:52:30.056, 3, 99 %, 70168 MiB
2026/09/24 04:52:30.056, 4, 99 %, 70168 MiB
2026/09/24 04:52:30.056, 5, 99 %, 70166 MiB
2026/09/24 04:52:30.056, 6, 99 %, 69880 MiB
2026/09/24 04:52:30.056, 7, 99 %, 70168 MiB
2026/09/24 04:52:35.056, 0, 97 %, 70376 MiB
2026/09/24 04:52:35.057, 1, 98 %, 70168 MiB
2026/09/24 04:52:35.057, 2, 97 %, 70166 MiB
2026/09/24 04:52:35.058, 3, 99 %, 70168 MiB
2026/09/24 04:52:35.058, 4, 99 %, 70168 MiB
2026/09/24 04:52:35.058, 5, 99 %, 70166 MiB
2026/09/24 04:52:35.059, 6, 97 %, 69880 MiB
2026/09/24 04:52:35.059, 7, 99 %, 70168 MiB
2026/09/24 04:52:40.060, 0, 99 %, 70376 MiB
2026/09/24 04:52:40.060, 1, 98 %, 70168 MiB
2026/09/24 04:52:40.060, 2, 99 %, 70166 MiB
2026/09/24 04:52:40.060, 3, 98 %, 70168 MiB
2026/09/24 04:52:40.060, 4, 99 %, 70168 MiB
2026/09/24 04:52:40.060, 5, 98 %, 70166 MiB
2026/09/24 04:52:40.060, 6, 99 %, 69880 MiB
2026/09/24 04:52:40.060, 7, 99 %, 70168 MiB
2026/09/24 04:52:45.060, 0, 99 %, 70376 MiB
2026/09/24 04:52:45.064, 1, 98 %, 70168 MiB
2026/09/24 04:52:45.064, 2, 99 %, 70166 MiB
2026/09/24 04:52:45.064, 3, 97 %, 70168 MiB
2026/09/24 04:52:45.064, 4, 98 %, 70168 MiB
2026/09/24 04:52:45.064, 5, 98 %, 70166 MiB
2026/09/24 04:52:45.064, 6, 98 %, 69880 MiB
2026/09/24 04:52:45.064, 7, 99 %, 70168 MiB
2026/09/24 04:52:50.065, 0, 44 %, 70378 MiB
2026/09/24 04:52:50.065, 1, 63 %, 70168 MiB
2026/09/24 04:52:50.065, 2, 100 %, 70166 MiB
2026/09/24 04:52:50.065, 3, 59 %, 70168 MiB
2026/09/24 04:52:50.065, 4, 50 %, 70168 MiB
2026/09/24 04:52:50.065, 5, 77 %, 70168 MiB
2026/09/24 04:52:50.065, 6, 55 %, 69880 MiB
2026/09/24 04:52:50.065, 7, 36 %, 70170 MiB
2026/09/24 04:52:55.065, 0, 99 %, 70378 MiB
2026/09/24 04:52:55.065, 1, 99 %, 70168 MiB
2026/09/24 04:52:55.065, 2, 99 %, 70166 MiB
2026/09/24 04:52:55.065, 3, 99 %, 70168 MiB
2026/09/24 04:52:55.065, 4, 99 %, 70168 MiB
2026/09/24 04:52:55.065, 5, 99 %, 70168 MiB
2026/09/24 04:52:55.065, 6, 99 %, 69880 MiB
2026/09/24 04:52:55.066, 7, 99 %, 70170 MiB
2026/09/24 04:53:00.066, 0, 99 %, 70378 MiB
2026/09/24 04:53:00.066, 1, 96 %, 70168 MiB
2026/09/24 04:53:00.066, 2, 98 %, 70166 MiB
2026/09/24 04:53:00.066, 3, 97 %, 70168 MiB
2026/09/24 04:53:00.066, 4, 98 %, 70168 MiB
2026/09/24 04:53:00.066, 5, 97 %, 70168 MiB
2026/09/24 04:53:00.066, 6, 97 %, 69880 MiB
2026/09/24 04:53:00.066, 7, 97 %, 70170 MiB
2026/09/24 04:53:05.066, 0, 100 %, 70378 MiB
2026/09/24 04:53:05.067, 1, 100 %, 70168 MiB
2026/09/24 04:53:05.067, 2, 100 %, 70166 MiB
2026/09/24 04:53:05.067, 3, 100 %, 70168 MiB
2026/09/24 04:53:05.067, 4, 100 %, 70168 MiB
2026/09/24 04:53:05.067, 5, 100 %, 70168 MiB
2026/09/24 04:53:05.067, 6, 100 %, 69880 MiB
2026/09/24 04:53:05.067, 7, 100 %, 70170 MiB
2026/09/24 04:53:10.067, 0, 100 %, 70378 MiB
2026/09/24 04:53:10.067, 1, 100 %, 70168 MiB
2026/09/24 04:53:10.067, 2, 100 %, 70166 MiB
2026/09/24 04:53:10.067, 3, 100 %, 70168 MiB
2026/09/24 04:53:10.067, 4, 100 %, 70168 MiB
2026/09/24 04:53:10.067, 5, 100 %, 70168 MiB
2026/09/24 04:53:10.067, 6, 100 %, 69880 MiB
2026/09/24 04:53:10.067, 7, 100 %, 70170 MiB
2026/09/24 04:53:15.068, 0, 100 %, 70378 MiB
2026/09/24 04:53:15.068, 1, 96 %, 70168 MiB
2026/09/24 04:53:15.069, 2, 98 %, 70166 MiB
2026/09/24 04:53:15.071, 3, 100 %, 70168 MiB
2026/09/24 04:53:15.071, 4, 100 %, 70168 MiB
2026/09/24 04:53:15.071, 5, 100 %, 70168 MiB
2026/09/24 04:53:15.071, 6, 96 %, 69880 MiB
2026/09/24 04:53:15.071, 7, 97 %, 70170 MiB
2026/09/24 04:53:20.071, 0, 99 %, 70378 MiB
2026/09/24 04:53:20.072, 1, 99 %, 70168 MiB
2026/09/24 04:53:20.075, 2, 98 %, 70166 MiB
2026/09/24 04:53:20.075, 3, 99 %, 70168 MiB
2026/09/24 04:53:20.075, 4, 99 %, 70168 MiB
2026/09/24 04:53:20.075, 5, 99 %, 70168 MiB
2026/09/24 04:53:20.080, 6, 99 %, 69880 MiB
2026/09/24 04:53:20.087, 7, 99 %, 70170 MiB
2026/09/24 04:53:25.087, 0, 100 %, 70378 MiB
2026/09/24 04:53:25.088, 1, 100 %, 70168 MiB
2026/09/24 04:53:25.088, 2, 100 %, 70166 MiB
2026/09/24 04:53:25.088, 3, 100 %, 70168 MiB
2026/09/24 04:53:25.088, 4, 100 %, 70168 MiB
2026/09/24 04:53:25.088, 5, 100 %, 70168 MiB
2026/09/24 04:53:25.088, 6, 100 %, 69880 MiB
2026/09/24 04:53:25.088, 7, 100 %, 70170 MiB
2026/09/24 04:53:30.088, 0, 100 %, 70378 MiB
2026/09/24 04:53:30.091, 1, 100 %, 70168 MiB
2026/09/24 04:53:30.092, 2, 100 %, 70166 MiB
2026/09/24 04:53:30.095, 3, 100 %, 70168 MiB
2026/09/24 04:53:30.099, 4, 100 %, 70168 MiB
2026/09/24 04:53:30.100, 5, 100 %, 70168 MiB
2026/09/24 04:53:30.101, 6, 100 %, 69880 MiB
2026/09/24 04:53:30.101, 7, 100 %, 70170 MiB
2026/09/24 04:53:35.103, 0, 100 %, 70378 MiB
2026/09/24 04:53:35.103, 1, 100 %, 70168 MiB
2026/09/24 04:53:35.105, 2, 100 %, 70166 MiB
2026/09/24 04:53:35.105, 3, 100 %, 70168 MiB
2026/09/24 04:53:35.105, 4, 100 %, 70168 MiB
2026/09/24 04:53:35.105, 5, 100 %, 70168 MiB
2026/09/24 04:53:35.105, 6, 100 %, 69880 MiB
2026/09/24 04:53:35.105, 7, 100 %, 70170 MiB
2026/09/24 04:53:40.105, 0, 100 %, 70378 MiB
2026/09/24 04:53:40.106, 1, 100 %, 70168 MiB
2026/09/24 04:53:40.106, 2, 100 %, 70166 MiB
2026/09/24 04:53:40.106, 3, 100 %, 70168 MiB
2026/09/24 04:53:40.106, 4, 100 %, 70168 MiB
2026/09/24 04:53:40.106, 5, 100 %, 70168 MiB
2026/09/24 04:53:40.106, 6, 100 %, 69880 MiB
2026/09/24 04:53:40.106, 7, 100 %, 70170 MiB
2026/09/24 04:53:45.106, 0, 99 %, 70378 MiB
2026/09/24 04:53:45.106, 1, 98 %, 70168 MiB
2026/09/24 04:53:45.107, 2, 99 %, 70166 MiB
2026/09/24 04:53:45.107, 3, 99 %, 70168 MiB
2026/09/24 04:53:45.108, 4, 98 %, 70168 MiB
2026/09/24 04:53:45.108, 5, 99 %, 70168 MiB
2026/09/24 04:53:45.108, 6, 99 %, 69880 MiB
2026/09/24 04:53:45.108, 7, 98 %, 70170 MiB
2026/09/24 04:53:50.108, 0, 100 %, 70378 MiB
2026/09/24 04:53:50.108, 1, 100 %, 70168 MiB
2026/09/24 04:53:50.108, 2, 100 %, 70166 MiB
2026/09/24 04:53:50.108, 3, 100 %, 70168 MiB
2026/09/24 04:53:50.108, 4, 100 %, 70168 MiB
2026/09/24 04:53:50.108, 5, 100 %, 70168 MiB
2026/09/24 04:53:50.108, 6, 99 %, 69880 MiB
2026/09/24 04:53:50.108, 7, 100 %, 70170 MiB
2026/09/24 04:53:55.108, 0, 100 %, 70378 MiB
2026/09/24 04:53:55.109, 1, 99 %, 70168 MiB
2026/09/24 04:53:55.109, 2, 100 %, 70166 MiB
2026/09/24 04:53:55.109, 3, 100 %, 70168 MiB
2026/09/24 04:53:55.109, 4, 100 %, 70168 MiB
2026/09/24 04:53:55.109, 5, 100 %, 70168 MiB
2026/09/24 04:53:55.109, 6, 100 %, 69880 MiB
2026/09/24 04:53:55.109, 7, 100 %, 70170 MiB
2026/09/24 04:54:00.109, 0, 100 %, 70378 MiB
2026/09/24 04:54:00.109, 1, 99 %, 70168 MiB
2026/09/24 04:54:00.109, 2, 100 %, 70166 MiB
2026/09/24 04:54:00.109, 3, 99 %, 70168 MiB
2026/09/24 04:54:00.109, 4, 100 %, 70168 MiB
2026/09/24 04:54:00.109, 5, 100 %, 70168 MiB
2026/09/24 04:54:00.109, 6, 99 %, 69880 MiB
2026/09/24 04:54:00.109, 7, 100 %, 70170 MiB
2026/09/24 04:54:05.110, 0, 100 %, 70378 MiB
2026/09/24 04:54:05.110, 1, 99 %, 70168 MiB
2026/09/24 04:54:05.110, 2, 100 %, 70166 MiB
2026/09/24 04:54:05.110, 3, 100 %, 70168 MiB
2026/09/24 04:54:05.111, 4, 100 %, 70168 MiB
2026/09/24 04:54:05.111, 5, 99 %, 70168 MiB
2026/09/24 04:54:05.111, 6, 99 %, 69880 MiB
2026/09/24 04:54:05.111, 7, 100 %, 70170 MiB
2026/09/24 04:54:10.112, 0, 98 %, 70378 MiB
2026/09/24 04:54:10.112, 1, 98 %, 70168 MiB
2026/09/24 04:54:10.112, 2, 98 %, 70166 MiB
2026/09/24 04:54:10.112, 3, 98 %, 70168 MiB
2026/09/24 04:54:10.112, 4, 99 %, 70168 MiB
2026/09/24 04:54:10.112, 5, 98 %, 70168 MiB
2026/09/24 04:54:10.112, 6, 98 %, 69880 MiB
2026/09/24 04:54:10.112, 7, 98 %, 70170 MiB
2026/09/24 04:54:15.112, 0, 99 %, 70378 MiB
2026/09/24 04:54:15.113, 1, 98 %, 70168 MiB
2026/09/24 04:54:15.113, 2, 98 %, 70166 MiB
2026/09/24 04:54:15.114, 3, 98 %, 70168 MiB
2026/09/24 04:54:15.114, 4, 99 %, 70168 MiB
2026/09/24 04:54:15.114, 5, 98 %, 70168 MiB
2026/09/24 04:54:15.114, 6, 98 %, 69880 MiB
2026/09/24 04:54:15.114, 7, 98 %, 70170 MiB
2026/09/24 04:54:20.114, 0, 24 %, 67992 MiB
2026/09/24 04:54:20.114, 1, 0 %, 67780 MiB
2026/09/24 04:54:20.114, 2, 29 %, 67778 MiB
2026/09/24 04:54:20.115, 3, 32 %, 67782 MiB
2026/09/24 04:54:20.115, 4, 0 %, 67778 MiB
2026/09/24 04:54:20.115, 5, 4 %, 67780 MiB
2026/09/24 04:54:20.115, 6, 0 %, 67490 MiB
2026/09/24 04:54:20.116, 7, 32 %, 67778 MiB
2026/09/24 04:54:25.116, 0, 0 %, 67992 MiB
2026/09/24 04:54:25.117, 1, 0 %, 67780 MiB
2026/09/24 04:54:25.117, 2, 0 %, 67778 MiB
2026/09/24 04:54:25.117, 3, 0 %, 67782 MiB
2026/09/24 04:54:25.117, 4, 0 %, 67778 MiB
2026/09/24 04:54:25.117, 5, 0 %, 67780 MiB
2026/09/24 04:54:25.118, 6, 0 %, 67490 MiB
2026/09/24 04:54:25.118, 7, 0 %, 67778 MiB
2026/09/24 04:54:30.119, 0, 99 %, 70434 MiB
2026/09/24 04:54:30.121, 1, 99 %, 70222 MiB
2026/09/24 04:54:30.125, 2, 98 %, 70220 MiB
2026/09/24 04:54:30.126, 3, 99 %, 70224 MiB
2026/09/24 04:54:30.128, 4, 99 %, 70220 MiB
2026/09/24 04:54:30.132, 5, 99 %, 70222 MiB
2026/09/24 04:54:30.132, 6, 96 %, 69932 MiB
2026/09/24 04:54:30.135, 7, 98 %, 70220 MiB
2026/09/24 04:54:35.135, 0, 98 %, 70434 MiB
2026/09/24 04:54:35.135, 1, 99 %, 70222 MiB
2026/09/24 04:54:35.135, 2, 95 %, 70220 MiB
2026/09/24 04:54:35.135, 3, 99 %, 70224 MiB
2026/09/24 04:54:35.135, 4, 95 %, 70220 MiB
2026/09/24 04:54:35.135, 5, 99 %, 70222 MiB
2026/09/24 04:54:35.135, 6, 95 %, 69932 MiB
2026/09/24 04:54:35.135, 7, 95 %, 70220 MiB
2026/09/24 04:54:40.136, 0, 98 %, 70434 MiB
2026/09/24 04:54:40.136, 1, 99 %, 70222 MiB
2026/09/24 04:54:40.136, 2, 97 %, 70220 MiB
2026/09/24 04:54:40.136, 3, 97 %, 70224 MiB
2026/09/24 04:54:40.136, 4, 99 %, 70220 MiB
2026/09/24 04:54:40.136, 5, 98 %, 70222 MiB
2026/09/24 04:54:40.136, 6, 97 %, 69932 MiB
2026/09/24 04:54:40.137, 7, 99 %, 70220 MiB
2026/09/24 04:54:45.137, 0, 97 %, 70434 MiB
2026/09/24 04:54:45.137, 1, 97 %, 70222 MiB
2026/09/24 04:54:45.137, 2, 97 %, 70222 MiB
2026/09/24 04:54:45.137, 3, 97 %, 70224 MiB
2026/09/24 04:54:45.137, 4, 97 %, 70220 MiB
2026/09/24 04:54:45.137, 5, 97 %, 70222 MiB
2026/09/24 04:54:45.138, 6, 97 %, 69932 MiB
2026/09/24 04:54:45.138, 7, 97 %, 70224 MiB
2026/09/24 04:54:50.138, 0, 98 %, 70434 MiB
2026/09/24 04:54:50.138, 1, 97 %, 70222 MiB
2026/09/24 04:54:50.138, 2, 98 %, 70222 MiB
2026/09/24 04:54:50.138, 3, 97 %, 70224 MiB
2026/09/24 04:54:50.138, 4, 97 %, 70220 MiB
2026/09/24 04:54:50.138, 5, 97 %, 70222 MiB
2026/09/24 04:54:50.138, 6, 97 %, 69932 MiB
2026/09/24 04:54:50.138, 7, 97 %, 70224 MiB
2026/09/24 04:54:55.138, 0, 99 %, 70434 MiB
2026/09/24 04:54:55.177, 1, 87 %, 70224 MiB
2026/09/24 04:54:55.199, 2, 99 %, 70222 MiB
2026/09/24 04:54:55.257, 3, 73 %, 70224 MiB
2026/09/24 04:54:55.262, 4, 99 %, 70222 MiB
2026/09/24 04:54:55.313, 5, 39 %, 70224 MiB
2026/09/24 04:54:55.319, 6, 0 %, 69934 MiB
2026/09/24 04:54:55.323, 7, 0 %, 70224 MiB
2026/09/24 04:55:00.328, 0, 99 %, 70456 MiB
2026/09/24 04:55:00.329, 1, 99 %, 70244 MiB
2026/09/24 04:55:00.329, 2, 99 %, 70242 MiB
2026/09/24 04:55:00.329, 3, 99 %, 70246 MiB
2026/09/24 04:55:00.329, 4, 99 %, 70242 MiB
2026/09/24 04:55:00.329, 5, 99 %, 70244 MiB
2026/09/24 04:55:00.329, 6, 99 %, 69954 MiB
2026/09/24 04:55:00.329, 7, 99 %, 70244 MiB
2026/09/24 04:55:05.329, 0, 96 %, 70456 MiB
2026/09/24 04:55:05.330, 1, 98 %, 70244 MiB
2026/09/24 04:55:05.331, 2, 98 %, 70242 MiB
2026/09/24 04:55:05.333, 3, 96 %, 70246 MiB
2026/09/24 04:55:05.334, 4, 96 %, 70242 MiB
2026/09/24 04:55:05.335, 5, 99 %, 70244 MiB
2026/09/24 04:55:05.336, 6, 96 %, 69954 MiB
2026/09/24 04:55:05.336, 7, 98 %, 70244 MiB
2026/09/24 04:55:10.339, 0, 97 %, 70456 MiB
2026/09/24 04:55:10.339, 1, 99 %, 70244 MiB
2026/09/24 04:55:10.340, 2, 99 %, 70244 MiB
2026/09/24 04:55:10.340, 3, 98 %, 70246 MiB
2026/09/24 04:55:10.340, 4, 98 %, 70242 MiB
2026/09/24 04:55:10.340, 5, 98 %, 70244 MiB
2026/09/24 04:55:10.341, 6, 98 %, 69954 MiB
2026/09/24 04:55:10.341, 7, 99 %, 70244 MiB
2026/09/24 04:55:15.342, 0, 98 %, 70456 MiB
2026/09/24 04:55:15.343, 1, 97 %, 70244 MiB
2026/09/24 04:55:15.344, 2, 97 %, 70244 MiB
2026/09/24 04:55:15.344, 3, 99 %, 70246 MiB
2026/09/24 04:55:15.348, 4, 99 %, 70244 MiB
2026/09/24 04:55:15.348, 5, 99 %, 70244 MiB
2026/09/24 04:55:15.351, 6, 99 %, 69956 MiB
2026/09/24 04:55:15.352, 7, 97 %, 70244 MiB
2026/09/24 04:55:20.352, 0, 99 %, 70456 MiB
2026/09/24 04:55:20.650, 1, 99 %, 70244 MiB
2026/09/24 04:55:20.651, 2, 99 %, 70244 MiB
2026/09/24 04:55:20.654, 3, 99 %, 70246 MiB
2026/09/24 04:55:20.654, 4, 99 %, 70244 MiB
2026/09/24 04:55:20.655, 5, 99 %, 70244 MiB
2026/09/24 04:55:20.656, 6, 99 %, 69956 MiB
2026/09/24 04:55:20.656, 7, 99 %, 70244 MiB
2026/09/24 04:55:25.657, 0, 99 %, 70462 MiB
2026/09/24 04:55:26.041, 1, 99 %, 70250 MiB
2026/09/24 04:55:26.050, 2, 98 %, 70252 MiB
2026/09/24 04:55:26.054, 3, 99 %, 70252 MiB
2026/09/24 04:55:26.061, 4, 99 %, 70250 MiB
2026/09/24 04:55:26.068, 5, 99 %, 70250 MiB
2026/09/24 04:55:26.072, 6, 99 %, 69962 MiB
2026/09/24 04:55:26.078, 7, 97 %, 70250 MiB
2026/09/24 04:55:31.080, 0, 99 %, 70462 MiB
2026/09/24 04:55:31.080, 1, 99 %, 70250 MiB
2026/09/24 04:55:31.080, 2, 98 %, 70252 MiB
2026/09/24 04:55:31.080, 3, 99 %, 70252 MiB
2026/09/24 04:55:31.080, 4, 99 %, 70250 MiB
2026/09/24 04:55:31.080, 5, 99 %, 70250 MiB
2026/09/24 04:55:31.080, 6, 99 %, 69962 MiB
2026/09/24 04:55:31.080, 7, 99 %, 70250 MiB
2026/09/24 04:55:36.080, 0, 99 %, 70462 MiB
2026/09/24 04:55:36.080, 1, 99 %, 70252 MiB
2026/09/24 04:55:36.081, 2, 99 %, 70252 MiB
2026/09/24 04:55:36.081, 3, 99 %, 70252 MiB
2026/09/24 04:55:36.081, 4, 99 %, 70252 MiB
2026/09/24 04:55:36.082, 5, 99 %, 70252 MiB
2026/09/24 04:55:36.082, 6, 97 %, 69964 MiB
2026/09/24 04:55:36.082, 7, 99 %, 70252 MiB
2026/09/24 04:55:41.083, 0, 99 %, 70464 MiB
2026/09/24 04:55:41.083, 1, 99 %, 70252 MiB
2026/09/24 04:55:41.083, 2, 99 %, 70252 MiB
2026/09/24 04:55:41.083, 3, 99 %, 70252 MiB
2026/09/24 04:55:41.083, 4, 99 %, 70252 MiB
2026/09/24 04:55:41.083, 5, 99 %, 70252 MiB
2026/09/24 04:55:41.083, 6, 99 %, 69964 MiB
2026/09/24 04:55:41.083, 7, 99 %, 70252 MiB
2026/09/24 04:55:46.084, 0, 98 %, 70468 MiB
2026/09/24 04:55:46.084, 1, 98 %, 70256 MiB
2026/09/24 04:55:46.084, 2, 98 %, 70256 MiB
2026/09/24 04:55:46.084, 3, 99 %, 70256 MiB
2026/09/24 04:55:46.084, 4, 98 %, 70258 MiB
2026/09/24 04:55:46.084, 5, 98 %, 70256 MiB
2026/09/24 04:55:46.084, 6, 99 %, 69970 MiB
2026/09/24 04:55:46.084, 7, 98 %, 70256 MiB
2026/09/24 04:55:51.084, 0, 98 %, 70468 MiB
2026/09/24 04:55:51.084, 1, 99 %, 70256 MiB
2026/09/24 04:55:51.084, 2, 99 %, 70256 MiB
2026/09/24 04:55:51.084, 3, 99 %, 70256 MiB
2026/09/24 04:55:51.084, 4, 98 %, 70258 MiB
2026/09/24 04:55:51.084, 5, 98 %, 70256 MiB
2026/09/24 04:55:51.084, 6, 99 %, 69970 MiB
2026/09/24 04:55:51.084, 7, 99 %, 70256 MiB
2026/09/24 04:55:56.085, 0, 97 %, 70468 MiB
2026/09/24 04:55:56.085, 1, 97 %, 70256 MiB
2026/09/24 04:55:56.085, 2, 97 %, 70256 MiB
2026/09/24 04:55:56.085, 3, 97 %, 70256 MiB
2026/09/24 04:55:56.085, 4, 97 %, 70258 MiB
2026/09/24 04:55:56.085, 5, 97 %, 70256 MiB
2026/09/24 04:55:56.085, 6, 97 %, 69970 MiB
2026/09/24 04:55:56.085, 7, 99 %, 70256 MiB
2026/09/24 04:56:01.085, 0, 95 %, 70468 MiB
2026/09/24 04:56:01.085, 1, 95 %, 70256 MiB
2026/09/24 04:56:01.085, 2, 95 %, 70256 MiB
2026/09/24 04:56:01.085, 3, 95 %, 70256 MiB
2026/09/24 04:56:01.085, 4, 95 %, 70258 MiB
2026/09/24 04:56:01.085, 5, 97 %, 70256 MiB
2026/09/24 04:56:01.085, 6, 95 %, 69970 MiB
2026/09/24 04:56:01.085, 7, 95 %, 70256 MiB
2026/09/24 04:56:06.086, 0, 95 %, 70468 MiB
2026/09/24 04:56:06.086, 1, 95 %, 70256 MiB
2026/09/24 04:56:06.086, 2, 95 %, 70256 MiB
2026/09/24 04:56:06.086, 3, 96 %, 70256 MiB
2026/09/24 04:56:06.086, 4, 96 %, 70258 MiB
2026/09/24 04:56:06.086, 5, 95 %, 70256 MiB
2026/09/24 04:56:06.086, 6, 95 %, 69970 MiB
2026/09/24 04:56:06.086, 7, 96 %, 70256 MiB
2026/09/24 04:56:11.086, 0, 98 %, 70468 MiB
2026/09/24 04:56:11.086, 1, 98 %, 70256 MiB
2026/09/24 04:56:11.086, 2, 98 %, 70256 MiB
2026/09/24 04:56:11.086, 3, 99 %, 70256 MiB
2026/09/24 04:56:11.086, 4, 98 %, 70258 MiB
2026/09/24 04:56:11.086, 5, 98 %, 70256 MiB
2026/09/24 04:56:11.086, 6, 100 %, 69970 MiB
2026/09/24 04:56:11.086, 7, 99 %, 70256 MiB
2026/09/24 04:56:16.087, 0, 98 %, 70468 MiB
2026/09/24 04:56:16.087, 1, 98 %, 70256 MiB
2026/09/24 04:56:16.087, 2, 97 %, 70256 MiB
2026/09/24 04:56:16.087, 3, 100 %, 70256 MiB
2026/09/24 04:56:16.087, 4, 98 %, 70258 MiB
2026/09/24 04:56:16.087, 5, 97 %, 70256 MiB
2026/09/24 04:56:16.087, 6, 98 %, 69970 MiB
2026/09/24 04:56:16.087, 7, 100 %, 70256 MiB
2026/09/24 04:56:21.087, 0, 97 %, 70468 MiB
2026/09/24 04:56:21.087, 1, 96 %, 70256 MiB
2026/09/24 04:56:21.087, 2, 97 %, 70256 MiB
2026/09/24 04:56:21.088, 3, 97 %, 70256 MiB
2026/09/24 04:56:21.089, 4, 97 %, 70258 MiB
2026/09/24 04:56:21.090, 5, 97 %, 70256 MiB
2026/09/24 04:56:21.090, 6, 98 %, 69970 MiB
2026/09/24 04:56:21.090, 7, 97 %, 70256 MiB
2026/09/24 04:56:26.093, 0, 99 %, 70468 MiB
2026/09/24 04:56:26.093, 1, 99 %, 70256 MiB
2026/09/24 04:56:26.093, 2, 99 %, 70256 MiB
2026/09/24 04:56:26.093, 3, 99 %, 70256 MiB
2026/09/24 04:56:26.093, 4, 99 %, 70258 MiB
2026/09/24 04:56:26.093, 5, 98 %, 70256 MiB
2026/09/24 04:56:26.093, 6, 98 %, 69970 MiB
2026/09/24 04:56:26.093, 7, 98 %, 70258 MiB
2026/09/24 04:56:31.094, 0, 97 %, 70468 MiB
2026/09/24 04:56:31.094, 1, 97 %, 70256 MiB
2026/09/24 04:56:31.094, 2, 97 %, 70256 MiB
2026/09/24 04:56:31.094, 3, 98 %, 70256 MiB
2026/09/24 04:56:31.094, 4, 97 %, 70258 MiB
2026/09/24 04:56:31.094, 5, 99 %, 70256 MiB
2026/09/24 04:56:31.094, 6, 98 %, 69970 MiB
2026/09/24 04:56:31.094, 7, 99 %, 70258 MiB
2026/09/24 04:56:36.094, 0, 98 %, 70468 MiB
2026/09/24 04:56:36.094, 1, 98 %, 70256 MiB
2026/09/24 04:56:36.094, 2, 98 %, 70256 MiB
2026/09/24 04:56:36.094, 3, 99 %, 70256 MiB
2026/09/24 04:56:36.094, 4, 98 %, 70258 MiB
2026/09/24 04:56:36.094, 5, 98 %, 70256 MiB
2026/09/24 04:56:36.094, 6, 99 %, 69970 MiB
2026/09/24 04:56:36.094, 7, 99 %, 70258 MiB
2026/09/24 04:56:41.095, 0, 98 %, 70468 MiB
2026/09/24 04:56:41.095, 1, 98 %, 70256 MiB
2026/09/24 04:56:41.096, 2, 97 %, 70256 MiB
2026/09/24 04:56:41.096, 3, 99 %, 70256 MiB
2026/09/24 04:56:41.096, 4, 98 %, 70258 MiB
2026/09/24 04:56:41.096, 5, 98 %, 70256 MiB
2026/09/24 04:56:41.096, 6, 97 %, 69970 MiB
2026/09/24 04:56:41.097, 7, 99 %, 70258 MiB
2026/09/24 04:56:46.098, 0, 97 %, 70470 MiB
2026/09/24 04:56:46.098, 1, 97 %, 70256 MiB
2026/09/24 04:56:46.098, 2, 97 %, 70258 MiB
2026/09/24 04:56:46.098, 3, 98 %, 70256 MiB
2026/09/24 04:56:46.098, 4, 99 %, 70258 MiB
2026/09/24 04:56:46.098, 5, 97 %, 70256 MiB
2026/09/24 04:56:46.098, 6, 99 %, 69970 MiB
2026/09/24 04:56:46.098, 7, 98 %, 70258 MiB
2026/09/24 04:56:51.098, 0, 97 %, 70470 MiB
2026/09/24 04:56:51.100, 1, 97 %, 70256 MiB
2026/09/24 04:56:51.100, 2, 98 %, 70258 MiB
2026/09/24 04:56:51.100, 3, 99 %, 70256 MiB
2026/09/24 04:56:51.102, 4, 99 %, 70258 MiB
2026/09/24 04:56:51.102, 5, 97 %, 70256 MiB
2026/09/24 04:56:51.102, 6, 99 %, 69970 MiB
2026/09/24 04:56:51.104, 7, 97 %, 70258 MiB
2026/09/24 04:56:56.104, 0, 99 %, 70470 MiB
2026/09/24 04:56:56.105, 1, 99 %, 70256 MiB
2026/09/24 04:56:56.105, 2, 98 %, 70258 MiB
2026/09/24 04:56:56.105, 3, 99 %, 70256 MiB
2026/09/24 04:56:56.105, 4, 98 %, 70258 MiB
2026/09/24 04:56:56.105, 5, 99 %, 70256 MiB
2026/09/24 04:56:56.105, 6, 99 %, 69970 MiB
2026/09/24 04:56:56.105, 7, 99 %, 70258 MiB
2026/09/24 04:57:01.105, 0, 97 %, 70470 MiB
2026/09/24 04:57:01.425, 1, 99 %, 70256 MiB
2026/09/24 04:57:01.427, 2, 99 %, 70258 MiB
2026/09/24 04:57:01.428, 3, 98 %, 70256 MiB
2026/09/24 04:57:01.429, 4, 99 %, 70258 MiB
2026/09/24 04:57:01.429, 5, 100 %, 70256 MiB
2026/09/24 04:57:01.430, 6, 99 %, 69970 MiB
2026/09/24 04:57:01.430, 7, 99 %, 70258 MiB
2026/09/24 04:57:06.434, 0, 99 %, 70470 MiB
2026/09/24 04:57:06.434, 1, 99 %, 70256 MiB
2026/09/24 04:57:06.434, 2, 99 %, 70258 MiB
2026/09/24 04:57:06.436, 3, 99 %, 70256 MiB
2026/09/24 04:57:06.436, 4, 99 %, 70258 MiB
2026/09/24 04:57:06.437, 5, 99 %, 70256 MiB
2026/09/24 04:57:06.437, 6, 99 %, 69970 MiB
2026/09/24 04:57:06.438, 7, 99 %, 70258 MiB
2026/09/24 04:57:11.438, 0, 97 %, 70470 MiB
2026/09/24 04:57:11.438, 1, 97 %, 70256 MiB
2026/09/24 04:57:11.438, 2, 97 %, 70258 MiB
2026/09/24 04:57:11.438, 3, 99 %, 70256 MiB
2026/09/24 04:57:11.438, 4, 98 %, 70258 MiB
2026/09/24 04:57:11.438, 5, 97 %, 70256 MiB
2026/09/24 04:57:11.438, 6, 98 %, 69970 MiB
2026/09/24 04:57:11.438, 7, 99 %, 70258 MiB
2026/09/24 04:57:16.439, 0, 99 %, 70470 MiB
2026/09/24 04:57:16.439, 1, 99 %, 70256 MiB
2026/09/24 04:57:16.439, 2, 99 %, 70258 MiB
2026/09/24 04:57:16.440, 3, 99 %, 70256 MiB
2026/09/24 04:57:16.440, 4, 98 %, 70258 MiB
2026/09/24 04:57:16.441, 5, 98 %, 70256 MiB
2026/09/24 04:57:16.441, 6, 99 %, 69970 MiB
2026/09/24 04:57:16.441, 7, 99 %, 70258 MiB
2026/09/24 04:57:21.442, 0, 99 %, 70470 MiB
2026/09/24 04:57:21.752, 1, 100 %, 70256 MiB
2026/09/24 04:57:21.754, 2, 99 %, 70258 MiB
2026/09/24 04:57:21.754, 3, 100 %, 70256 MiB
2026/09/24 04:57:21.755, 4, 96 %, 70258 MiB
2026/09/24 04:57:21.755, 5, 100 %, 70256 MiB
2026/09/24 04:57:21.755, 6, 97 %, 69970 MiB
2026/09/24 04:57:21.756, 7, 97 %, 70258 MiB
2026/09/24 04:57:26.756, 0, 98 %, 70470 MiB
2026/09/24 04:57:26.757, 1, 97 %, 70256 MiB
2026/09/24 04:57:26.757, 2, 99 %, 70258 MiB
2026/09/24 04:57:26.757, 3, 98 %, 70256 MiB
2026/09/24 04:57:26.757, 4, 98 %, 70258 MiB
2026/09/24 04:57:26.757, 5, 97 %, 70256 MiB
2026/09/24 04:57:26.757, 6, 98 %, 69970 MiB
2026/09/24 04:57:26.757, 7, 98 %, 70258 MiB
2026/09/24 04:57:31.757, 0, 97 %, 70470 MiB
2026/09/24 04:57:32.040, 1, 99 %, 70256 MiB
2026/09/24 04:57:32.047, 2, 97 %, 70258 MiB
2026/09/24 04:57:32.052, 3, 99 %, 70256 MiB
2026/09/24 04:57:32.053, 4, 99 %, 70258 MiB
2026/09/24 04:57:32.053, 5, 99 %, 70256 MiB
2026/09/24 04:57:32.054, 6, 99 %, 69970 MiB
2026/09/24 04:57:32.054, 7, 99 %, 70258 MiB
2026/09/24 04:57:37.055, 0, 98 %, 70472 MiB
2026/09/24 04:57:37.055, 1, 98 %, 70258 MiB
2026/09/24 04:57:37.055, 2, 99 %, 70260 MiB
2026/09/24 04:57:37.056, 3, 97 %, 70258 MiB
2026/09/24 04:57:37.056, 4, 97 %, 70258 MiB
2026/09/24 04:57:37.056, 5, 98 %, 70258 MiB
2026/09/24 04:57:37.057, 6, 97 %, 69970 MiB
2026/09/24 04:57:37.057, 7, 97 %, 70258 MiB
2026/09/24 04:57:42.058, 0, 95 %, 70472 MiB
2026/09/24 04:57:42.058, 1, 99 %, 70258 MiB
2026/09/24 04:57:42.058, 2, 88 %, 70260 MiB
2026/09/24 04:57:42.058, 3, 98 %, 70260 MiB
2026/09/24 04:57:42.059, 4, 88 %, 70258 MiB
2026/09/24 04:57:42.059, 5, 94 %, 70260 MiB
2026/09/24 04:57:42.059, 6, 99 %, 69970 MiB
2026/09/24 04:57:42.059, 7, 82 %, 70260 MiB
2026/09/24 04:57:47.059, 0, 96 %, 70472 MiB
2026/09/24 04:57:47.059, 1, 100 %, 70258 MiB
2026/09/24 04:57:47.064, 2, 93 %, 70260 MiB
2026/09/24 04:57:47.064, 3, 100 %, 70260 MiB
2026/09/24 04:57:47.065, 4, 93 %, 70258 MiB
2026/09/24 04:57:47.065, 5, 96 %, 70260 MiB
2026/09/24 04:57:47.065, 6, 100 %, 69970 MiB
2026/09/24 04:57:47.066, 7, 100 %, 70260 MiB
2026/09/24 04:57:52.066, 0, 96 %, 70472 MiB
2026/09/24 04:57:52.066, 1, 96 %, 70258 MiB
2026/09/24 04:57:52.066, 2, 96 %, 70260 MiB
2026/09/24 04:57:52.066, 3, 96 %, 70260 MiB
2026/09/24 04:57:52.066, 4, 96 %, 70258 MiB
2026/09/24 04:57:52.066, 5, 96 %, 70260 MiB
2026/09/24 04:57:52.066, 6, 95 %, 69970 MiB
2026/09/24 04:57:52.066, 7, 96 %, 70260 MiB
2026/09/24 04:57:57.067, 0, 97 %, 70472 MiB
2026/09/24 04:57:57.067, 1, 99 %, 70258 MiB
2026/09/24 04:57:57.067, 2, 99 %, 70260 MiB
2026/09/24 04:57:57.067, 3, 97 %, 70260 MiB
2026/09/24 04:57:57.067, 4, 99 %, 70258 MiB
2026/09/24 04:57:57.067, 5, 99 %, 70260 MiB
2026/09/24 04:57:57.067, 6, 99 %, 69970 MiB
2026/09/24 04:57:57.067, 7, 99 %, 70260 MiB
2026/09/24 04:58:02.067, 0, 99 %, 70472 MiB
2026/09/24 04:58:02.067, 1, 99 %, 70258 MiB
2026/09/24 04:58:02.068, 2, 97 %, 70260 MiB
2026/09/24 04:58:02.069, 3, 97 %, 70260 MiB
2026/09/24 04:58:02.069, 4, 97 %, 70258 MiB
2026/09/24 04:58:02.070, 5, 97 %, 70260 MiB
2026/09/24 04:58:02.070, 6, 99 %, 69970 MiB
2026/09/24 04:58:02.070, 7, 99 %, 70260 MiB
2026/09/24 04:58:07.070, 0, 96 %, 70472 MiB
2026/09/24 04:58:07.071, 1, 72 %, 70258 MiB
2026/09/24 04:58:07.075, 2, 97 %, 70260 MiB
2026/09/24 04:58:07.075, 3, 95 %, 70260 MiB
2026/09/24 04:58:07.075, 4, 95 %, 70258 MiB
2026/09/24 04:58:07.076, 5, 96 %, 70260 MiB
2026/09/24 04:58:07.076, 6, 96 %, 69970 MiB
2026/09/24 04:58:07.076, 7, 81 %, 70260 MiB
2026/09/24 04:58:12.077, 0, 100 %, 70472 MiB
2026/09/24 04:58:12.077, 1, 100 %, 70258 MiB
2026/09/24 04:58:12.077, 2, 100 %, 70260 MiB
2026/09/24 04:58:12.077, 3, 100 %, 70260 MiB
2026/09/24 04:58:12.077, 4, 100 %, 70258 MiB
2026/09/24 04:58:12.077, 5, 100 %, 70260 MiB
2026/09/24 04:58:12.077, 6, 100 %, 69970 MiB
2026/09/24 04:58:12.077, 7, 100 %, 70260 MiB
2026/09/24 04:58:17.077, 0, 99 %, 70472 MiB
2026/09/24 04:58:17.078, 1, 99 %, 70258 MiB
2026/09/24 04:58:17.081, 2, 99 %, 70260 MiB
2026/09/24 04:58:17.086, 3, 99 %, 70260 MiB
2026/09/24 04:58:17.096, 4, 99 %, 70258 MiB
2026/09/24 04:58:17.096, 5, 99 %, 70260 MiB
2026/09/24 04:58:17.096, 6, 99 %, 69970 MiB
2026/09/24 04:58:17.096, 7, 99 %, 70260 MiB
2026/09/24 04:58:22.097, 0, 99 %, 70472 MiB
2026/09/24 04:58:22.097, 1, 99 %, 70258 MiB
2026/09/24 04:58:22.097, 2, 99 %, 70260 MiB
2026/09/24 04:58:22.097, 3, 99 %, 70260 MiB
2026/09/24 04:58:22.097, 4, 99 %, 70258 MiB
2026/09/24 04:58:22.097, 5, 99 %, 70260 MiB
2026/09/24 04:58:22.097, 6, 99 %, 69970 MiB
2026/09/24 04:58:22.097, 7, 99 %, 70260 MiB
2026/09/24 04:58:27.097, 0, 97 %, 70472 MiB
2026/09/24 04:58:27.097, 1, 99 %, 70258 MiB
2026/09/24 04:58:27.097, 2, 99 %, 70260 MiB
2026/09/24 04:58:27.097, 3, 98 %, 70260 MiB
2026/09/24 04:58:27.097, 4, 99 %, 70258 MiB
2026/09/24 04:58:27.097, 5, 99 %, 70260 MiB
2026/09/24 04:58:27.097, 6, 99 %, 69970 MiB
2026/09/24 04:58:27.097, 7, 99 %, 70260 MiB
2026/09/24 04:58:32.098, 0, 99 %, 70472 MiB
2026/09/24 04:58:32.098, 1, 99 %, 70260 MiB
2026/09/24 04:58:32.098, 2, 99 %, 70260 MiB
2026/09/24 04:58:32.098, 3, 99 %, 70260 MiB
2026/09/24 04:58:32.098, 4, 99 %, 70258 MiB
2026/09/24 04:58:32.098, 5, 99 %, 70260 MiB
2026/09/24 04:58:32.098, 6, 99 %, 69970 MiB
2026/09/24 04:58:32.098, 7, 99 %, 70260 MiB
2026/09/24 04:58:37.098, 0, 97 %, 70472 MiB
2026/09/24 04:58:37.099, 1, 99 %, 70260 MiB
2026/09/24 04:58:37.101, 2, 97 %, 70260 MiB
2026/09/24 04:58:37.101, 3, 97 %, 70260 MiB
2026/09/24 04:58:37.101, 4, 97 %, 70258 MiB
2026/09/24 04:58:37.101, 5, 97 %, 70260 MiB
2026/09/24 04:58:37.101, 6, 99 %, 69970 MiB
2026/09/24 04:58:37.101, 7, 99 %, 70260 MiB
2026/09/24 04:58:42.102, 0, 99 %, 70472 MiB
2026/09/24 04:58:42.102, 1, 98 %, 70260 MiB
2026/09/24 04:58:42.102, 2, 99 %, 70260 MiB
2026/09/24 04:58:42.102, 3, 99 %, 70260 MiB
2026/09/24 04:58:42.102, 4, 99 %, 70258 MiB
2026/09/24 04:58:42.102, 5, 99 %, 70260 MiB
2026/09/24 04:58:42.102, 6, 99 %, 69970 MiB
2026/09/24 04:58:42.102, 7, 99 %, 70260 MiB
2026/09/24 04:58:47.102, 0, 99 %, 70472 MiB
2026/09/24 04:58:47.102, 1, 98 %, 70260 MiB
2026/09/24 04:58:47.106, 2, 97 %, 70260 MiB
2026/09/24 04:58:47.106, 3, 98 %, 70260 MiB
2026/09/24 04:58:47.106, 4, 98 %, 70258 MiB
2026/09/24 04:58:47.107, 5, 96 %, 70260 MiB
2026/09/24 04:58:47.107, 6, 99 %, 69970 MiB
2026/09/24 04:58:47.108, 7, 96 %, 70260 MiB
2026/09/24 04:58:52.108, 0, 56 %, 70472 MiB
2026/09/24 04:58:52.108, 1, 74 %, 70260 MiB
2026/09/24 04:58:52.108, 2, 57 %, 70260 MiB
2026/09/24 04:58:52.108, 3, 71 %, 70260 MiB
2026/09/24 04:58:52.108, 4, 70 %, 70258 MiB
2026/09/24 04:58:52.108, 5, 91 %, 70260 MiB
2026/09/24 04:58:52.108, 6, 79 %, 69970 MiB
2026/09/24 04:58:52.108, 7, 71 %, 70260 MiB
2026/09/24 04:58:57.109, 0, 53 %, 70474 MiB
2026/09/24 04:58:57.109, 1, 60 %, 70262 MiB
2026/09/24 04:58:57.111, 2, 85 %, 70262 MiB
2026/09/24 04:58:57.112, 3, 62 %, 70262 MiB
2026/09/24 04:58:57.112, 4, 62 %, 70260 MiB
2026/09/24 04:58:57.112, 5, 46 %, 70262 MiB
2026/09/24 04:58:57.113, 6, 74 %, 69972 MiB
2026/09/24 04:58:57.113, 7, 55 %, 70262 MiB
2026/09/24 04:59:02.113, 0, 99 %, 70474 MiB
2026/09/24 04:59:02.114, 1, 100 %, 70262 MiB
2026/09/24 04:59:02.114, 2, 99 %, 70262 MiB
2026/09/24 04:59:02.114, 3, 97 %, 70262 MiB
2026/09/24 04:59:02.115, 4, 97 %, 70260 MiB
2026/09/24 04:59:02.115, 5, 97 %, 70262 MiB
2026/09/24 04:59:02.115, 6, 99 %, 69972 MiB
2026/09/24 04:59:02.115, 7, 98 %, 70262 MiB
2026/09/24 04:59:07.116, 0, 97 %, 70474 MiB
2026/09/24 04:59:07.116, 1, 97 %, 70262 MiB
2026/09/24 04:59:07.116, 2, 97 %, 70262 MiB
2026/09/24 04:59:07.116, 3, 97 %, 70262 MiB
2026/09/24 04:59:07.116, 4, 96 %, 70260 MiB
2026/09/24 04:59:07.116, 5, 97 %, 70262 MiB
2026/09/24 04:59:07.116, 6, 99 %, 69972 MiB
2026/09/24 04:59:07.116, 7, 98 %, 70262 MiB
2026/09/24 04:59:12.116, 0, 97 %, 70474 MiB
2026/09/24 04:59:12.117, 1, 98 %, 70262 MiB
2026/09/24 04:59:12.117, 2, 99 %, 70262 MiB
2026/09/24 04:59:12.117, 3, 99 %, 70262 MiB
2026/09/24 04:59:12.117, 4, 98 %, 70260 MiB
2026/09/24 04:59:12.117, 5, 97 %, 70262 MiB
2026/09/24 04:59:12.118, 6, 98 %, 69972 MiB
2026/09/24 04:59:12.118, 7, 97 %, 70262 MiB
2026/09/24 04:59:17.118, 0, 98 %, 70474 MiB
2026/09/24 04:59:17.118, 1, 97 %, 70262 MiB
2026/09/24 04:59:17.118, 2, 99 %, 70262 MiB
2026/09/24 04:59:17.118, 3, 97 %, 70262 MiB
2026/09/24 04:59:17.118, 4, 97 %, 70260 MiB
2026/09/24 04:59:17.118, 5, 98 %, 70262 MiB
2026/09/24 04:59:17.119, 6, 99 %, 69972 MiB
2026/09/24 04:59:17.119, 7, 99 %, 70262 MiB
2026/09/24 04:59:22.119, 0, 99 %, 70476 MiB
2026/09/24 04:59:22.119, 1, 99 %, 70262 MiB
2026/09/24 04:59:22.121, 2, 99 %, 70262 MiB
2026/09/24 04:59:22.121, 3, 99 %, 70262 MiB
2026/09/24 04:59:22.121, 4, 99 %, 70262 MiB
2026/09/24 04:59:22.123, 5, 99 %, 70262 MiB
2026/09/24 04:59:22.124, 6, 99 %, 69972 MiB
2026/09/24 04:59:22.124, 7, 99 %, 70262 MiB
2026/09/24 04:59:27.127, 0, 99 %, 70476 MiB
2026/09/24 04:59:27.127, 1, 99 %, 70262 MiB
2026/09/24 04:59:27.131, 2, 99 %, 70262 MiB
2026/09/24 04:59:27.131, 3, 99 %, 70262 MiB
2026/09/24 04:59:27.131, 4, 99 %, 70262 MiB
2026/09/24 04:59:27.131, 5, 99 %, 70262 MiB
2026/09/24 04:59:27.131, 6, 99 %, 69972 MiB
2026/09/24 04:59:27.131, 7, 99 %, 70262 MiB
2026/09/24 04:59:32.131, 0, 97 %, 70476 MiB
2026/09/24 04:59:32.131, 1, 99 %, 70262 MiB
2026/09/24 04:59:32.135, 2, 97 %, 70262 MiB
2026/09/24 04:59:32.135, 3, 99 %, 70262 MiB
2026/09/24 04:59:32.136, 4, 99 %, 70262 MiB
2026/09/24 04:59:32.136, 5, 99 %, 70262 MiB
2026/09/24 04:59:32.139, 6, 99 %, 69972 MiB
2026/09/24 04:59:32.139, 7, 99 %, 70262 MiB
2026/09/24 04:59:37.139, 0, 99 %, 70476 MiB
2026/09/24 04:59:37.139, 1, 97 %, 70262 MiB
2026/09/24 04:59:37.144, 2, 97 %, 70262 MiB
2026/09/24 04:59:37.144, 3, 97 %, 70262 MiB
2026/09/24 04:59:37.144, 4, 97 %, 70262 MiB
2026/09/24 04:59:37.144, 5, 96 %, 70262 MiB
2026/09/24 04:59:37.144, 6, 97 %, 69972 MiB
2026/09/24 04:59:37.144, 7, 97 %, 70262 MiB
2026/09/24 04:59:42.144, 0, 99 %, 70476 MiB
2026/09/24 04:59:42.145, 1, 99 %, 70262 MiB
2026/09/24 04:59:42.145, 2, 99 %, 70262 MiB
2026/09/24 04:59:42.145, 3, 99 %, 70262 MiB
2026/09/24 04:59:42.145, 4, 99 %, 70262 MiB
2026/09/24 04:59:42.145, 5, 99 %, 70262 MiB
2026/09/24 04:59:42.145, 6, 99 %, 69972 MiB
2026/09/24 04:59:42.145, 7, 99 %, 70262 MiB
2026/09/24 04:59:47.145, 0, 99 %, 70476 MiB
2026/09/24 04:59:47.145, 1, 99 %, 70262 MiB
2026/09/24 04:59:47.145, 2, 99 %, 70262 MiB
2026/09/24 04:59:47.145, 3, 98 %, 70262 MiB
2026/09/24 04:59:47.145, 4, 99 %, 70262 MiB
2026/09/24 04:59:47.145, 5, 99 %, 70262 MiB
2026/09/24 04:59:47.145, 6, 98 %, 69972 MiB
2026/09/24 04:59:47.145, 7, 99 %, 70262 MiB
2026/09/24 04:59:52.145, 0, 98 %, 70476 MiB
2026/09/24 04:59:52.146, 1, 95 %, 70262 MiB
2026/09/24 04:59:52.146, 2, 95 %, 70262 MiB
2026/09/24 04:59:52.146, 3, 96 %, 70262 MiB
2026/09/24 04:59:52.146, 4, 97 %, 70262 MiB
2026/09/24 04:59:52.146, 5, 98 %, 70262 MiB
2026/09/24 04:59:52.146, 6, 97 %, 69972 MiB
2026/09/24 04:59:52.146, 7, 97 %, 70262 MiB
2026/09/24 04:59:57.146, 0, 99 %, 70476 MiB
2026/09/24 04:59:57.146, 1, 99 %, 70262 MiB
2026/09/24 04:59:57.151, 2, 99 %, 70262 MiB
2026/09/24 04:59:57.151, 3, 99 %, 70262 MiB
2026/09/24 04:59:57.151, 4, 99 %, 70262 MiB
2026/09/24 04:59:57.151, 5, 99 %, 70262 MiB
2026/09/24 04:59:57.151, 6, 99 %, 69972 MiB
2026/09/24 04:59:57.151, 7, 99 %, 70262 MiB
2026/09/24 05:00:02.151, 0, 99 %, 70476 MiB
2026/09/24 05:00:02.152, 1, 98 %, 70262 MiB
2026/09/24 05:00:02.160, 2, 98 %, 70262 MiB
2026/09/24 05:00:02.162, 3, 98 %, 70262 MiB
2026/09/24 05:00:02.164, 4, 96 %, 70262 MiB
2026/09/24 05:00:02.169, 5, 99 %, 70262 MiB
2026/09/24 05:00:02.169, 6, 96 %, 69972 MiB
2026/09/24 05:00:02.170, 7, 97 %, 70262 MiB
2026/09/24 05:00:07.170, 0, 98 %, 70476 MiB
2026/09/24 05:00:07.170, 1, 99 %, 70262 MiB
2026/09/24 05:00:07.170, 2, 99 %, 70262 MiB
2026/09/24 05:00:07.170, 3, 99 %, 70262 MiB
2026/09/24 05:00:07.170, 4, 99 %, 70262 MiB
2026/09/24 05:00:07.170, 5, 98 %, 70262 MiB
2026/09/24 05:00:07.170, 6, 99 %, 69972 MiB
2026/09/24 05:00:07.170, 7, 99 %, 70262 MiB
2026/09/24 05:00:12.171, 0, 89 %, 70476 MiB
2026/09/24 05:00:12.171, 1, 89 %, 70262 MiB
2026/09/24 05:00:12.171, 2, 90 %, 70262 MiB
2026/09/24 05:00:12.171, 3, 93 %, 70262 MiB
2026/09/24 05:00:12.171, 4, 90 %, 70262 MiB
2026/09/24 05:00:12.171, 5, 89 %, 70262 MiB
2026/09/24 05:00:12.171, 6, 95 %, 69972 MiB
2026/09/24 05:00:12.171, 7, 88 %, 70262 MiB
2026/09/24 05:00:17.171, 0, 95 %, 70476 MiB
2026/09/24 05:00:17.171, 1, 98 %, 70262 MiB
2026/09/24 05:00:17.171, 2, 100 %, 70262 MiB
2026/09/24 05:00:17.171, 3, 100 %, 70262 MiB
2026/09/24 05:00:17.171, 4, 91 %, 70262 MiB
2026/09/24 05:00:17.171, 5, 95 %, 70262 MiB
2026/09/24 05:00:17.171, 6, 91 %, 69972 MiB
2026/09/24 05:00:17.171, 7, 92 %, 70262 MiB
2026/09/24 05:00:22.172, 0, 94 %, 70476 MiB
2026/09/24 05:00:22.172, 1, 100 %, 70262 MiB
2026/09/24 05:00:22.176, 2, 100 %, 70262 MiB
2026/09/24 05:00:22.176, 3, 70 %, 70262 MiB
2026/09/24 05:00:22.176, 4, 84 %, 70262 MiB
2026/09/24 05:00:22.177, 5, 94 %, 70262 MiB
2026/09/24 05:00:22.177, 6, 81 %, 69972 MiB
2026/09/24 05:00:22.177, 7, 84 %, 70262 MiB
2026/09/24 05:00:27.177, 0, 83 %, 70476 MiB
2026/09/24 05:00:27.177, 1, 84 %, 70262 MiB
2026/09/24 05:00:27.178, 2, 78 %, 70262 MiB
2026/09/24 05:00:27.178, 3, 71 %, 70262 MiB
2026/09/24 05:00:27.178, 4, 76 %, 70262 MiB
2026/09/24 05:00:27.178, 5, 87 %, 70262 MiB
2026/09/24 05:00:27.178, 6, 73 %, 69972 MiB
2026/09/24 05:00:27.178, 7, 76 %, 70262 MiB
2026/09/24 05:00:32.178, 0, 97 %, 70476 MiB
2026/09/24 05:00:32.178, 1, 99 %, 70262 MiB
2026/09/24 05:00:32.178, 2, 97 %, 70262 MiB
2026/09/24 05:00:32.178, 3, 99 %, 70262 MiB
2026/09/24 05:00:32.178, 4, 99 %, 70262 MiB
2026/09/24 05:00:32.178, 5, 97 %, 70262 MiB
2026/09/24 05:00:32.178, 6, 98 %, 69972 MiB
2026/09/24 05:00:32.178, 7, 99 %, 70262 MiB
2026/09/24 05:00:37.178, 0, 100 %, 70476 MiB
2026/09/24 05:00:37.178, 1, 100 %, 70262 MiB
2026/09/24 05:00:37.178, 2, 100 %, 70262 MiB
2026/09/24 05:00:37.178, 3, 100 %, 70262 MiB
2026/09/24 05:00:37.178, 4, 100 %, 70262 MiB
2026/09/24 05:00:37.179, 5, 100 %, 70262 MiB
2026/09/24 05:00:37.179, 6, 96 %, 69972 MiB
2026/09/24 05:00:37.179, 7, 100 %, 70262 MiB
2026/09/24 05:00:42.179, 0, 99 %, 70476 MiB
2026/09/24 05:00:42.179, 1, 99 %, 70262 MiB
2026/09/24 05:00:42.184, 2, 99 %, 70262 MiB
2026/09/24 05:00:42.184, 3, 99 %, 70262 MiB
2026/09/24 05:00:42.184, 4, 99 %, 70262 MiB
2026/09/24 05:00:42.184, 5, 99 %, 70262 MiB
2026/09/24 05:00:42.184, 6, 99 %, 69972 MiB
2026/09/24 05:00:42.184, 7, 99 %, 70262 MiB
2026/09/24 05:00:47.184, 0, 99 %, 70476 MiB
2026/09/24 05:00:47.184, 1, 99 %, 70262 MiB
2026/09/24 05:00:47.189, 2, 99 %, 70262 MiB
2026/09/24 05:00:47.189, 3, 99 %, 70262 MiB
2026/09/24 05:00:47.189, 4, 99 %, 70262 MiB
2026/09/24 05:00:47.190, 5, 99 %, 70262 MiB
2026/09/24 05:00:47.190, 6, 98 %, 69972 MiB
2026/09/24 05:00:47.190, 7, 99 %, 70262 MiB
2026/09/24 05:00:52.190, 0, 99 %, 70476 MiB
2026/09/24 05:00:52.191, 1, 99 %, 70262 MiB
2026/09/24 05:00:52.192, 2, 99 %, 70262 MiB
2026/09/24 05:00:52.192, 3, 99 %, 70262 MiB
2026/09/24 05:00:52.192, 4, 99 %, 70262 MiB
2026/09/24 05:00:52.192, 5, 99 %, 70262 MiB
2026/09/24 05:00:52.192, 6, 99 %, 69972 MiB
2026/09/24 05:00:52.192, 7, 99 %, 70262 MiB
2026/09/24 05:00:57.193, 0, 97 %, 70476 MiB
2026/09/24 05:00:57.193, 1, 97 %, 70262 MiB
2026/09/24 05:00:57.196, 2, 97 %, 70262 MiB
2026/09/24 05:00:57.196, 3, 97 %, 70262 MiB
2026/09/24 05:00:57.197, 4, 97 %, 70262 MiB
2026/09/24 05:00:57.198, 5, 96 %, 70262 MiB
2026/09/24 05:00:57.198, 6, 97 %, 69972 MiB
2026/09/24 05:00:57.202, 7, 97 %, 70262 MiB
2026/09/24 05:01:02.203, 0, 99 %, 70476 MiB
2026/09/24 05:01:02.203, 1, 99 %, 70262 MiB
2026/09/24 05:01:02.203, 2, 99 %, 70262 MiB
2026/09/24 05:01:02.203, 3, 99 %, 70262 MiB
2026/09/24 05:01:02.203, 4, 99 %, 70262 MiB
2026/09/24 05:01:02.203, 5, 99 %, 70262 MiB
2026/09/24 05:01:02.203, 6, 99 %, 69972 MiB
2026/09/24 05:01:02.203, 7, 99 %, 70262 MiB
2026/09/24 05:01:07.203, 0, 99 %, 70476 MiB
2026/09/24 05:01:07.204, 1, 99 %, 70262 MiB
2026/09/24 05:01:07.209, 2, 99 %, 70262 MiB
2026/09/24 05:01:07.209, 3, 99 %, 70262 MiB
2026/09/24 05:01:07.210, 4, 99 %, 70262 MiB
2026/09/24 05:01:07.210, 5, 99 %, 70262 MiB
2026/09/24 05:01:07.210, 6, 97 %, 69972 MiB
2026/09/24 05:01:07.211, 7, 97 %, 70262 MiB
2026/09/24 05:01:12.211, 0, 97 %, 70476 MiB
2026/09/24 05:01:12.211, 1, 97 %, 70262 MiB
2026/09/24 05:01:12.211, 2, 99 %, 70262 MiB
2026/09/24 05:01:12.211, 3, 99 %, 70262 MiB
2026/09/24 05:01:12.211, 4, 97 %, 70262 MiB
2026/09/24 05:01:12.211, 5, 96 %, 70262 MiB
2026/09/24 05:01:12.211, 6, 97 %, 69972 MiB
2026/09/24 05:01:12.211, 7, 97 %, 70262 MiB
2026/09/24 05:01:17.212, 0, 99 %, 70476 MiB
2026/09/24 05:01:17.213, 1, 99 %, 70262 MiB
2026/09/24 05:01:17.216, 2, 99 %, 70262 MiB
2026/09/24 05:01:17.221, 3, 99 %, 70262 MiB
2026/09/24 05:01:17.221, 4, 99 %, 70262 MiB
2026/09/24 05:01:17.222, 5, 99 %, 70262 MiB
2026/09/24 05:01:17.232, 6, 99 %, 69972 MiB
2026/09/24 05:01:17.237, 7, 99 %, 70262 MiB
2026/09/24 05:01:22.238, 0, 91 %, 70476 MiB
2026/09/24 05:01:22.240, 1, 95 %, 70262 MiB
2026/09/24 05:01:22.240, 2, 82 %, 70262 MiB
2026/09/24 05:01:22.240, 3, 93 %, 70262 MiB
2026/09/24 05:01:22.240, 4, 95 %, 70262 MiB
2026/09/24 05:01:22.240, 5, 52 %, 70262 MiB
2026/09/24 05:01:22.240, 6, 94 %, 69972 MiB
2026/09/24 05:01:22.240, 7, 95 %, 70262 MiB
2026/09/24 05:01:27.240, 0, 97 %, 70476 MiB
2026/09/24 05:01:27.242, 1, 97 %, 70262 MiB
2026/09/24 05:01:27.250, 2, 99 %, 70262 MiB
2026/09/24 05:01:27.254, 3, 97 %, 70262 MiB
2026/09/24 05:01:27.255, 4, 99 %, 70262 MiB
2026/09/24 05:01:27.258, 5, 97 %, 70262 MiB
2026/09/24 05:01:27.258, 6, 99 %, 69972 MiB
2026/09/24 05:01:27.259, 7, 99 %, 70262 MiB
2026/09/24 05:01:32.259, 0, 97 %, 70476 MiB
2026/09/24 05:01:32.260, 1, 97 %, 70262 MiB
2026/09/24 05:01:32.265, 2, 96 %, 70262 MiB
2026/09/24 05:01:32.265, 3, 97 %, 70262 MiB
2026/09/24 05:01:32.265, 4, 97 %, 70262 MiB
2026/09/24 05:01:32.265, 5, 97 %, 70262 MiB
2026/09/24 05:01:32.265, 6, 97 %, 69972 MiB
2026/09/24 05:01:32.265, 7, 97 %, 70262 MiB
2026/09/24 05:01:37.265, 0, 98 %, 70476 MiB
2026/09/24 05:01:37.265, 1, 99 %, 70262 MiB
2026/09/24 05:01:37.265, 2, 99 %, 70264 MiB
2026/09/24 05:01:37.265, 3, 99 %, 70264 MiB
2026/09/24 05:01:37.265, 4, 98 %, 70264 MiB
2026/09/24 05:01:37.265, 5, 98 %, 70262 MiB
2026/09/24 05:01:37.265, 6, 99 %, 69976 MiB
2026/09/24 05:01:37.265, 7, 98 %, 70262 MiB
2026/09/24 05:01:42.266, 0, 98 %, 70476 MiB
2026/09/24 05:01:42.267, 1, 97 %, 70262 MiB
2026/09/24 05:01:42.267, 2, 98 %, 70264 MiB
2026/09/24 05:01:42.268, 3, 99 %, 70264 MiB
2026/09/24 05:01:42.268, 4, 98 %, 70264 MiB
2026/09/24 05:01:42.272, 5, 98 %, 70262 MiB
2026/09/24 05:01:42.272, 6, 97 %, 69976 MiB
2026/09/24 05:01:42.272, 7, 97 %, 70262 MiB
2026/09/24 05:01:47.273, 0, 99 %, 70476 MiB
2026/09/24 05:01:47.273, 1, 99 %, 70262 MiB
2026/09/24 05:01:47.274, 2, 99 %, 70264 MiB
2026/09/24 05:01:47.274, 3, 98 %, 70264 MiB
2026/09/24 05:01:47.274, 4, 99 %, 70264 MiB
2026/09/24 05:01:47.274, 5, 99 %, 70262 MiB
2026/09/24 05:01:47.274, 6, 99 %, 69976 MiB
2026/09/24 05:01:47.274, 7, 99 %, 70262 MiB
2026/09/24 05:01:52.274, 0, 99 %, 70476 MiB
2026/09/24 05:01:52.274, 1, 99 %, 70262 MiB
2026/09/24 05:01:52.274, 2, 99 %, 70264 MiB
2026/09/24 05:01:52.274, 3, 98 %, 70264 MiB
2026/09/24 05:01:52.274, 4, 99 %, 70264 MiB
2026/09/24 05:01:52.274, 5, 99 %, 70262 MiB
2026/09/24 05:01:52.274, 6, 99 %, 69976 MiB
2026/09/24 05:01:52.274, 7, 99 %, 70262 MiB
2026/09/24 05:01:57.275, 0, 99 %, 70476 MiB
2026/09/24 05:01:57.275, 1, 98 %, 70262 MiB
2026/09/24 05:01:57.275, 2, 99 %, 70264 MiB
2026/09/24 05:01:57.275, 3, 99 %, 70264 MiB
2026/09/24 05:01:57.276, 4, 98 %, 70264 MiB
2026/09/24 05:01:57.276, 5, 98 %, 70262 MiB
2026/09/24 05:01:57.276, 6, 98 %, 69976 MiB
2026/09/24 05:01:57.277, 7, 98 %, 70262 MiB
2026/09/24 05:02:02.277, 0, 96 %, 70476 MiB
2026/09/24 05:02:02.277, 1, 98 %, 70262 MiB
2026/09/24 05:02:02.277, 2, 99 %, 70264 MiB
2026/09/24 05:02:02.277, 3, 99 %, 70264 MiB
2026/09/24 05:02:02.277, 4, 98 %, 70264 MiB
2026/09/24 05:02:02.277, 5, 98 %, 70262 MiB
2026/09/24 05:02:02.277, 6, 98 %, 69976 MiB
2026/09/24 05:02:02.277, 7, 98 %, 70262 MiB
2026/09/24 05:02:07.278, 0, 99 %, 70476 MiB
2026/09/24 05:02:07.278, 1, 99 %, 70262 MiB
2026/09/24 05:02:07.278, 2, 96 %, 70264 MiB
2026/09/24 05:02:07.278, 3, 96 %, 70264 MiB
2026/09/24 05:02:07.278, 4, 99 %, 70264 MiB
2026/09/24 05:02:07.278, 5, 97 %, 70262 MiB
2026/09/24 05:02:07.278, 6, 97 %, 69976 MiB
2026/09/24 05:02:07.278, 7, 99 %, 70262 MiB
2026/09/24 05:02:12.278, 0, 99 %, 70476 MiB
2026/09/24 05:02:12.278, 1, 99 %, 70262 MiB
2026/09/24 05:02:12.279, 2, 97 %, 70264 MiB
2026/09/24 05:02:12.279, 3, 97 %, 70264 MiB
2026/09/24 05:02:12.280, 4, 97 %, 70264 MiB
2026/09/24 05:02:12.281, 5, 98 %, 70262 MiB
2026/09/24 05:02:12.282, 6, 98 %, 69976 MiB
2026/09/24 05:02:12.282, 7, 98 %, 70262 MiB
2026/09/24 05:02:17.283, 0, 99 %, 70476 MiB
2026/09/24 05:02:17.283, 1, 97 %, 70262 MiB
2026/09/24 05:02:17.283, 2, 97 %, 70264 MiB
2026/09/24 05:02:17.283, 3, 97 %, 70264 MiB
2026/09/24 05:02:17.283, 4, 97 %, 70264 MiB
2026/09/24 05:02:17.283, 5, 97 %, 70262 MiB
2026/09/24 05:02:17.283, 6, 97 %, 69976 MiB
2026/09/24 05:02:17.283, 7, 97 %, 70262 MiB
2026/09/24 05:02:22.283, 0, 99 %, 70476 MiB
2026/09/24 05:02:22.283, 1, 99 %, 70262 MiB
2026/09/24 05:02:22.283, 2, 99 %, 70264 MiB
2026/09/24 05:02:22.283, 3, 99 %, 70264 MiB
2026/09/24 05:02:22.283, 4, 99 %, 70264 MiB
2026/09/24 05:02:22.283, 5, 99 %, 70262 MiB
2026/09/24 05:02:22.283, 6, 99 %, 69976 MiB
2026/09/24 05:02:22.283, 7, 99 %, 70262 MiB
2026/09/24 05:02:27.283, 0, 99 %, 70476 MiB
2026/09/24 05:02:27.284, 1, 97 %, 70262 MiB
2026/09/24 05:02:27.284, 2, 98 %, 70264 MiB
2026/09/24 05:02:27.284, 3, 97 %, 70264 MiB
2026/09/24 05:02:27.284, 4, 99 %, 70264 MiB
2026/09/24 05:02:27.284, 5, 97 %, 70262 MiB
2026/09/24 05:02:27.284, 6, 97 %, 69976 MiB
2026/09/24 05:02:27.284, 7, 98 %, 70262 MiB
2026/09/24 05:02:32.284, 0, 99 %, 70476 MiB
2026/09/24 05:02:32.284, 1, 99 %, 70262 MiB
2026/09/24 05:02:32.285, 2, 99 %, 70264 MiB
2026/09/24 05:02:32.285, 3, 99 %, 70264 MiB
2026/09/24 05:02:32.285, 4, 99 %, 70264 MiB
2026/09/24 05:02:32.286, 5, 99 %, 70262 MiB
2026/09/24 05:02:32.286, 6, 99 %, 69976 MiB
2026/09/24 05:02:32.286, 7, 99 %, 70262 MiB
2026/09/24 05:02:37.287, 0, 98 %, 70476 MiB
2026/09/24 05:02:37.289, 1, 100 %, 70262 MiB
2026/09/24 05:02:37.292, 2, 99 %, 70264 MiB
2026/09/24 05:02:37.292, 3, 100 %, 70264 MiB
2026/09/24 05:02:37.294, 4, 99 %, 70264 MiB
2026/09/24 05:02:37.296, 5, 99 %, 70262 MiB
2026/09/24 05:02:37.297, 6, 100 %, 69976 MiB
2026/09/24 05:02:37.297, 7, 99 %, 70262 MiB
2026/09/24 05:02:42.298, 0, 99 %, 70476 MiB
2026/09/24 05:02:42.298, 1, 97 %, 70262 MiB
2026/09/24 05:02:42.298, 2, 98 %, 70266 MiB
2026/09/24 05:02:42.298, 3, 97 %, 70264 MiB
2026/09/24 05:02:42.298, 4, 98 %, 70264 MiB
2026/09/24 05:02:42.298, 5, 99 %, 70262 MiB
2026/09/24 05:02:42.298, 6, 97 %, 69976 MiB
2026/09/24 05:02:42.301, 7, 98 %, 70262 MiB
2026/09/24 05:02:47.301, 0, 99 %, 70476 MiB
2026/09/24 05:02:47.313, 1, 99 %, 70262 MiB
2026/09/24 05:02:47.317, 2, 99 %, 70266 MiB
2026/09/24 05:02:47.318, 3, 99 %, 70264 MiB
2026/09/24 05:02:47.318, 4, 99 %, 70264 MiB
2026/09/24 05:02:47.319, 5, 97 %, 70262 MiB
2026/09/24 05:02:47.320, 6, 97 %, 69976 MiB
2026/09/24 05:02:47.321, 7, 97 %, 70262 MiB
2026/09/24 05:02:52.323, 0, 97 %, 70476 MiB
2026/09/24 05:02:52.323, 1, 98 %, 70262 MiB
2026/09/24 05:02:52.323, 2, 97 %, 70266 MiB
2026/09/24 05:02:52.323, 3, 97 %, 70264 MiB
2026/09/24 05:02:52.323, 4, 97 %, 70264 MiB
2026/09/24 05:02:52.323, 5, 98 %, 70262 MiB
2026/09/24 05:02:52.323, 6, 99 %, 69976 MiB
2026/09/24 05:02:52.325, 7, 99 %, 70262 MiB
2026/09/24 05:02:57.325, 0, 99 %, 70476 MiB
2026/09/24 05:02:57.325, 1, 99 %, 70262 MiB
2026/09/24 05:02:57.325, 2, 99 %, 70266 MiB
2026/09/24 05:02:57.325, 3, 99 %, 70264 MiB
2026/09/24 05:02:57.325, 4, 99 %, 70264 MiB
2026/09/24 05:02:57.325, 5, 99 %, 70262 MiB
2026/09/24 05:02:57.325, 6, 99 %, 69976 MiB
2026/09/24 05:02:57.325, 7, 99 %, 70264 MiB
2026/09/24 05:03:02.326, 0, 99 %, 70476 MiB
2026/09/24 05:03:02.326, 1, 99 %, 70262 MiB
2026/09/24 05:03:02.326, 2, 99 %, 70266 MiB
2026/09/24 05:03:02.326, 3, 99 %, 70264 MiB
2026/09/24 05:03:02.326, 4, 99 %, 70264 MiB
2026/09/24 05:03:02.326, 5, 99 %, 70262 MiB
2026/09/24 05:03:02.326, 6, 99 %, 69976 MiB
2026/09/24 05:03:02.326, 7, 99 %, 70264 MiB
2026/09/24 05:03:07.326, 0, 97 %, 70476 MiB
2026/09/24 05:03:07.327, 1, 98 %, 70262 MiB
2026/09/24 05:03:07.327, 2, 100 %, 70266 MiB
2026/09/24 05:03:07.328, 3, 99 %, 70266 MiB
2026/09/24 05:03:07.328, 4, 98 %, 70264 MiB
2026/09/24 05:03:07.329, 5, 97 %, 70264 MiB
2026/09/24 05:03:07.329, 6, 97 %, 69976 MiB
2026/09/24 05:03:07.329, 7, 97 %, 70264 MiB
2026/09/24 05:03:12.330, 0, 97 %, 70476 MiB
2026/09/24 05:03:12.330, 1, 97 %, 70262 MiB
2026/09/24 05:03:12.330, 2, 97 %, 70266 MiB
2026/09/24 05:03:12.330, 3, 98 %, 70266 MiB
2026/09/24 05:03:12.330, 4, 97 %, 70264 MiB
2026/09/24 05:03:12.330, 5, 97 %, 70264 MiB
2026/09/24 05:03:12.330, 6, 97 %, 69976 MiB
2026/09/24 05:03:12.330, 7, 98 %, 70264 MiB
2026/09/24 05:03:17.330, 0, 99 %, 70476 MiB
2026/09/24 05:03:17.330, 1, 99 %, 70264 MiB
2026/09/24 05:03:17.330, 2, 99 %, 70266 MiB
2026/09/24 05:03:17.330, 3, 99 %, 70266 MiB
2026/09/24 05:03:17.330, 4, 99 %, 70264 MiB
2026/09/24 05:03:17.330, 5, 99 %, 70264 MiB
2026/09/24 05:03:17.330, 6, 99 %, 69976 MiB
2026/09/24 05:03:17.330, 7, 99 %, 70264 MiB
2026/09/24 05:03:22.331, 0, 98 %, 70476 MiB
2026/09/24 05:03:22.331, 1, 97 %, 70264 MiB
2026/09/24 05:03:22.331, 2, 97 %, 70266 MiB
2026/09/24 05:03:22.331, 3, 99 %, 70266 MiB
2026/09/24 05:03:22.331, 4, 97 %, 70264 MiB
2026/09/24 05:03:22.331, 5, 99 %, 70264 MiB
2026/09/24 05:03:22.331, 6, 99 %, 69976 MiB
2026/09/24 05:03:22.331, 7, 99 %, 70264 MiB
2026/09/24 05:03:27.331, 0, 99 %, 70476 MiB
2026/09/24 05:03:27.331, 1, 99 %, 70264 MiB
2026/09/24 05:03:27.332, 2, 99 %, 70266 MiB
2026/09/24 05:03:27.332, 3, 99 %, 70266 MiB
2026/09/24 05:03:27.332, 4, 99 %, 70264 MiB
2026/09/24 05:03:27.333, 5, 98 %, 70266 MiB
2026/09/24 05:03:27.333, 6, 99 %, 69976 MiB
2026/09/24 05:03:27.334, 7, 99 %, 70264 MiB
2026/09/24 05:03:32.334, 0, 98 %, 70476 MiB
2026/09/24 05:03:32.585, 1, 99 %, 70264 MiB
2026/09/24 05:03:32.973, 2, 98 %, 70266 MiB
2026/09/24 05:03:33.776, 3, 99 %, 70266 MiB
2026/09/24 05:03:33.779, 4, 96 %, 70264 MiB
2026/09/24 05:03:33.779, 5, 98 %, 70266 MiB
2026/09/24 05:03:33.779, 6, 98 %, 69976 MiB
2026/09/24 05:03:33.787, 7, 97 %, 70264 MiB
2026/09/24 05:03:38.796, 0, 55 %, 70476 MiB
2026/09/24 05:03:38.797, 1, 74 %, 70264 MiB
2026/09/24 05:03:38.797, 2, 58 %, 70266 MiB
2026/09/24 05:03:38.797, 3, 70 %, 70266 MiB
2026/09/24 05:03:38.797, 4, 77 %, 70264 MiB
2026/09/24 05:03:38.797, 5, 56 %, 70266 MiB
2026/09/24 05:03:38.797, 6, 65 %, 69976 MiB
2026/09/24 05:03:38.797, 7, 72 %, 70264 MiB
2026/09/24 05:03:43.797, 0, 96 %, 70476 MiB
2026/09/24 05:03:43.798, 1, 62 %, 70264 MiB
2026/09/24 05:03:43.798, 2, 42 %, 70266 MiB
2026/09/24 05:03:43.798, 3, 81 %, 70266 MiB
2026/09/24 05:03:43.799, 4, 77 %, 70264 MiB
2026/09/24 05:03:43.799, 5, 96 %, 70266 MiB
2026/09/24 05:03:43.799, 6, 92 %, 69976 MiB
2026/09/24 05:03:43.799, 7, 96 %, 70264 MiB
2026/09/24 05:03:48.799, 0, 74 %, 70476 MiB
2026/09/24 05:03:48.799, 1, 73 %, 70264 MiB
2026/09/24 05:03:48.799, 2, 73 %, 70266 MiB
2026/09/24 05:03:48.799, 3, 57 %, 70266 MiB
2026/09/24 05:03:48.799, 4, 56 %, 70264 MiB
2026/09/24 05:03:48.799, 5, 70 %, 70266 MiB
2026/09/24 05:03:48.799, 6, 37 %, 69976 MiB
2026/09/24 05:03:48.799, 7, 71 %, 70264 MiB
2026/09/24 05:03:53.800, 0, 99 %, 70476 MiB
2026/09/24 05:03:53.811, 1, 99 %, 70264 MiB
2026/09/24 05:03:54.193, 2, 98 %, 70266 MiB
2026/09/24 05:03:54.195, 3, 99 %, 70266 MiB
2026/09/24 05:03:54.196, 4, 98 %, 70264 MiB
2026/09/24 05:03:54.197, 5, 99 %, 70266 MiB
2026/09/24 05:03:54.198, 6, 99 %, 69976 MiB
2026/09/24 05:03:54.198, 7, 99 %, 70264 MiB
2026/09/24 05:03:59.199, 0, 97 %, 70476 MiB
2026/09/24 05:03:59.199, 1, 98 %, 70264 MiB
2026/09/24 05:03:59.199, 2, 98 %, 70266 MiB
2026/09/24 05:03:59.199, 3, 98 %, 70266 MiB
2026/09/24 05:03:59.199, 4, 96 %, 70264 MiB
2026/09/24 05:03:59.199, 5, 97 %, 70266 MiB
2026/09/24 05:03:59.199, 6, 98 %, 69976 MiB
2026/09/24 05:03:59.199, 7, 98 %, 70264 MiB
2026/09/24 05:04:04.199, 0, 98 %, 70476 MiB
2026/09/24 05:04:04.419, 1, 99 %, 70264 MiB
2026/09/24 05:04:04.424, 2, 99 %, 70266 MiB
2026/09/24 05:04:04.430, 3, 99 %, 70266 MiB
2026/09/24 05:04:04.431, 4, 99 %, 70264 MiB
2026/09/24 05:04:04.432, 5, 99 %, 70266 MiB
2026/09/24 05:04:04.432, 6, 99 %, 69976 MiB
2026/09/24 05:04:04.432, 7, 99 %, 70264 MiB
2026/09/24 05:04:09.433, 0, 98 %, 70476 MiB
2026/09/24 05:04:09.435, 1, 97 %, 70264 MiB
2026/09/24 05:04:09.435, 2, 97 %, 70266 MiB
2026/09/24 05:04:09.435, 3, 98 %, 70266 MiB
2026/09/24 05:04:09.436, 4, 97 %, 70264 MiB
2026/09/24 05:04:09.437, 5, 97 %, 70266 MiB
2026/09/24 05:04:09.440, 6, 97 %, 69976 MiB
2026/09/24 05:04:09.441, 7, 97 %, 70264 MiB
2026/09/24 05:04:14.442, 0, 99 %, 70476 MiB
2026/09/24 05:04:14.442, 1, 97 %, 70264 MiB
2026/09/24 05:04:14.442, 2, 99 %, 70266 MiB
2026/09/24 05:04:14.442, 3, 99 %, 70266 MiB
2026/09/24 05:04:14.442, 4, 98 %, 70264 MiB
2026/09/24 05:04:14.442, 5, 99 %, 70266 MiB
2026/09/24 05:04:14.442, 6, 98 %, 69976 MiB
2026/09/24 05:04:14.442, 7, 99 %, 70264 MiB
2026/09/24 05:04:19.442, 0, 99 %, 70476 MiB
2026/09/24 05:04:19.442, 1, 99 %, 70264 MiB
2026/09/24 05:04:19.442, 2, 99 %, 70266 MiB
2026/09/24 05:04:19.442, 3, 99 %, 70266 MiB
2026/09/24 05:04:19.442, 4, 99 %, 70264 MiB
2026/09/24 05:04:19.442, 5, 99 %, 70266 MiB
2026/09/24 05:04:19.442, 6, 99 %, 69976 MiB
2026/09/24 05:04:19.442, 7, 99 %, 70264 MiB
2026/09/24 05:04:24.443, 0, 99 %, 70476 MiB
2026/09/24 05:04:24.443, 1, 99 %, 70264 MiB
2026/09/24 05:04:24.443, 2, 99 %, 70266 MiB
2026/09/24 05:04:24.444, 3, 99 %, 70266 MiB
2026/09/24 05:04:24.444, 4, 99 %, 70264 MiB
2026/09/24 05:04:24.444, 5, 99 %, 70266 MiB
2026/09/24 05:04:24.444, 6, 98 %, 69976 MiB
2026/09/24 05:04:24.444, 7, 98 %, 70264 MiB
2026/09/24 05:04:29.445, 0, 99 %, 70476 MiB
2026/09/24 05:04:29.445, 1, 99 %, 70264 MiB
2026/09/24 05:04:29.446, 2, 99 %, 70266 MiB
2026/09/24 05:04:29.446, 3, 99 %, 70266 MiB
2026/09/24 05:04:29.447, 4, 99 %, 70264 MiB
2026/09/24 05:04:29.447, 5, 99 %, 70266 MiB
2026/09/24 05:04:29.447, 6, 99 %, 69976 MiB
2026/09/24 05:04:29.449, 7, 99 %, 70264 MiB
2026/09/24 05:04:34.450, 0, 99 %, 70476 MiB
2026/09/24 05:04:34.452, 1, 99 %, 70264 MiB
2026/09/24 05:04:34.452, 2, 98 %, 70266 MiB
2026/09/24 05:04:34.453, 3, 98 %, 70266 MiB
2026/09/24 05:04:34.453, 4, 98 %, 70264 MiB
2026/09/24 05:04:34.455, 5, 99 %, 70266 MiB
2026/09/24 05:04:34.456, 6, 99 %, 69976 MiB
2026/09/24 05:04:34.456, 7, 99 %, 70264 MiB
2026/09/24 05:04:39.456, 0, 99 %, 70476 MiB
2026/09/24 05:04:39.456, 1, 99 %, 70264 MiB
2026/09/24 05:04:39.456, 2, 97 %, 70266 MiB
2026/09/24 05:04:39.456, 3, 99 %, 70266 MiB
2026/09/24 05:04:39.456, 4, 99 %, 70264 MiB
2026/09/24 05:04:39.456, 5, 99 %, 70266 MiB
2026/09/24 05:04:39.456, 6, 99 %, 69976 MiB
2026/09/24 05:04:39.456, 7, 99 %, 70264 MiB
2026/09/24 05:04:44.457, 0, 99 %, 70476 MiB
2026/09/24 05:04:44.458, 1, 99 %, 70264 MiB
2026/09/24 05:04:44.458, 2, 99 %, 70266 MiB
2026/09/24 05:04:44.459, 3, 97 %, 70266 MiB
2026/09/24 05:04:44.460, 4, 98 %, 70264 MiB
2026/09/24 05:04:44.460, 5, 98 %, 70266 MiB
2026/09/24 05:04:44.460, 6, 99 %, 69976 MiB
2026/09/24 05:04:44.461, 7, 98 %, 70264 MiB
2026/09/24 05:04:49.462, 0, 99 %, 70476 MiB
2026/09/24 05:04:49.462, 1, 98 %, 70264 MiB
2026/09/24 05:04:49.463, 2, 97 %, 70266 MiB
2026/09/24 05:04:49.464, 3, 97 %, 70266 MiB
2026/09/24 05:04:49.464, 4, 97 %, 70264 MiB
2026/09/24 05:04:49.465, 5, 99 %, 70266 MiB
2026/09/24 05:04:49.468, 6, 99 %, 69976 MiB
2026/09/24 05:04:49.468, 7, 99 %, 70264 MiB
2026/09/24 05:04:54.469, 0, 99 %, 70476 MiB
2026/09/24 05:04:54.469, 1, 99 %, 70264 MiB
2026/09/24 05:04:54.469, 2, 99 %, 70266 MiB
2026/09/24 05:04:54.469, 3, 99 %, 70266 MiB
2026/09/24 05:04:54.469, 4, 99 %, 70264 MiB
2026/09/24 05:04:54.470, 5, 99 %, 70266 MiB
2026/09/24 05:04:54.470, 6, 99 %, 69976 MiB
2026/09/24 05:04:54.470, 7, 99 %, 70264 MiB
2026/09/24 05:04:59.470, 0, 98 %, 70476 MiB
2026/09/24 05:04:59.470, 1, 96 %, 70264 MiB
2026/09/24 05:04:59.470, 2, 96 %, 70266 MiB
2026/09/24 05:04:59.470, 3, 96 %, 70266 MiB
2026/09/24 05:04:59.470, 4, 96 %, 70264 MiB
2026/09/24 05:04:59.470, 5, 96 %, 70266 MiB
2026/09/24 05:04:59.470, 6, 96 %, 69976 MiB
2026/09/24 05:04:59.470, 7, 96 %, 70264 MiB
2026/09/24 05:05:04.470, 0, 100 %, 70476 MiB
2026/09/24 05:05:04.471, 1, 100 %, 70264 MiB
2026/09/24 05:05:04.471, 2, 100 %, 70266 MiB
2026/09/24 05:05:04.471, 3, 100 %, 70266 MiB
2026/09/24 05:05:04.472, 4, 100 %, 70264 MiB
2026/09/24 05:05:04.472, 5, 100 %, 70266 MiB
2026/09/24 05:05:04.472, 6, 100 %, 69976 MiB
2026/09/24 05:05:04.472, 7, 100 %, 70264 MiB
2026/09/24 05:05:09.473, 0, 98 %, 70476 MiB
2026/09/24 05:05:09.473, 1, 97 %, 70264 MiB
2026/09/24 05:05:09.473, 2, 100 %, 70266 MiB
2026/09/24 05:05:09.473, 3, 93 %, 70266 MiB
2026/09/24 05:05:09.473, 4, 93 %, 70264 MiB
2026/09/24 05:05:09.473, 5, 97 %, 70266 MiB
2026/09/24 05:05:09.473, 6, 96 %, 69976 MiB
2026/09/24 05:05:09.473, 7, 98 %, 70264 MiB
2026/09/24 05:05:14.473, 0, 99 %, 70476 MiB
2026/09/24 05:05:14.474, 1, 99 %, 70264 MiB
2026/09/24 05:05:14.477, 2, 97 %, 70266 MiB
2026/09/24 05:05:14.478, 3, 97 %, 70266 MiB
2026/09/24 05:05:14.479, 4, 97 %, 70264 MiB
2026/09/24 05:05:14.480, 5, 99 %, 70266 MiB
2026/09/24 05:05:14.480, 6, 99 %, 69976 MiB
2026/09/24 05:05:14.480, 7, 99 %, 70264 MiB
2026/09/24 05:05:19.480, 0, 99 %, 70476 MiB
2026/09/24 05:05:19.480, 1, 99 %, 70264 MiB
2026/09/24 05:05:19.480, 2, 99 %, 70266 MiB
2026/09/24 05:05:19.480, 3, 99 %, 70266 MiB
2026/09/24 05:05:19.480, 4, 99 %, 70264 MiB
2026/09/24 05:05:19.480, 5, 99 %, 70266 MiB
2026/09/24 05:05:19.480, 6, 99 %, 69976 MiB
2026/09/24 05:05:19.480, 7, 99 %, 70264 MiB
2026/09/24 05:05:24.480, 0, 99 %, 70476 MiB
2026/09/24 05:05:24.480, 1, 99 %, 70264 MiB
2026/09/24 05:05:24.481, 2, 98 %, 70266 MiB
2026/09/24 05:05:24.481, 3, 99 %, 70266 MiB
2026/09/24 05:05:24.481, 4, 99 %, 70264 MiB
2026/09/24 05:05:24.481, 5, 97 %, 70266 MiB
2026/09/24 05:05:24.481, 6, 97 %, 69976 MiB
2026/09/24 05:05:24.481, 7, 97 %, 70264 MiB
2026/09/24 05:05:29.481, 0, 47 %, 70476 MiB
2026/09/24 05:05:29.481, 1, 52 %, 70264 MiB
2026/09/24 05:05:29.481, 2, 65 %, 70266 MiB
2026/09/24 05:05:29.481, 3, 72 %, 70266 MiB
2026/09/24 05:05:29.481, 4, 70 %, 70264 MiB
2026/09/24 05:05:29.481, 5, 58 %, 70266 MiB
2026/09/24 05:05:29.481, 6, 64 %, 69976 MiB
2026/09/24 05:05:29.481, 7, 65 %, 70264 MiB
2026/09/24 05:05:34.481, 0, 57 %, 70480 MiB
2026/09/24 05:05:34.482, 1, 62 %, 70264 MiB
2026/09/24 05:05:34.482, 2, 49 %, 70266 MiB
2026/09/24 05:05:34.482, 3, 51 %, 70266 MiB
2026/09/24 05:05:34.482, 4, 71 %, 70266 MiB
2026/09/24 05:05:34.482, 5, 53 %, 70268 MiB
2026/09/24 05:05:34.483, 6, 67 %, 69980 MiB
2026/09/24 05:05:34.483, 7, 56 %, 70264 MiB
2026/09/24 05:05:39.485, 0, 100 %, 70480 MiB
2026/09/24 05:05:39.485, 1, 100 %, 70264 MiB
2026/09/24 05:05:39.485, 2, 100 %, 70266 MiB
2026/09/24 05:05:39.485, 3, 100 %, 70266 MiB
2026/09/24 05:05:39.485, 4, 100 %, 70266 MiB
2026/09/24 05:05:39.485, 5, 100 %, 70268 MiB
2026/09/24 05:05:39.485, 6, 100 %, 69980 MiB
2026/09/24 05:05:39.485, 7, 100 %, 70264 MiB
2026/09/24 05:05:44.485, 0, 99 %, 70480 MiB
2026/09/24 05:05:44.485, 1, 97 %, 70264 MiB
2026/09/24 05:05:44.485, 2, 98 %, 70266 MiB
2026/09/24 05:05:44.485, 3, 98 %, 70266 MiB
2026/09/24 05:05:44.485, 4, 99 %, 70266 MiB
2026/09/24 05:05:44.485, 5, 98 %, 70268 MiB
2026/09/24 05:05:44.485, 6, 99 %, 69980 MiB
2026/09/24 05:05:44.485, 7, 98 %, 70264 MiB
2026/09/24 05:05:49.486, 0, 99 %, 70480 MiB
2026/09/24 05:05:49.486, 1, 83 %, 70264 MiB
2026/09/24 05:05:49.486, 2, 93 %, 70266 MiB
2026/09/24 05:05:49.486, 3, 90 %, 70266 MiB
2026/09/24 05:05:49.486, 4, 88 %, 70266 MiB
2026/09/24 05:05:49.486, 5, 83 %, 70268 MiB
2026/09/24 05:05:49.486, 6, 84 %, 69980 MiB
2026/09/24 05:05:49.486, 7, 84 %, 70264 MiB
2026/09/24 05:05:54.486, 0, 98 %, 70480 MiB
2026/09/24 05:05:54.489, 1, 99 %, 70264 MiB
2026/09/24 05:05:54.489, 2, 98 %, 70266 MiB
2026/09/24 05:05:54.494, 3, 97 %, 70266 MiB
2026/09/24 05:05:54.494, 4, 97 %, 70266 MiB
2026/09/24 05:05:54.495, 5, 98 %, 70268 MiB
2026/09/24 05:05:54.496, 6, 100 %, 69980 MiB
2026/09/24 05:05:54.497, 7, 98 %, 70264 MiB
2026/09/24 05:05:59.500, 0, 99 %, 70480 MiB
2026/09/24 05:05:59.500, 1, 99 %, 70264 MiB
2026/09/24 05:05:59.500, 2, 98 %, 70266 MiB
2026/09/24 05:05:59.500, 3, 98 %, 70266 MiB
2026/09/24 05:05:59.500, 4, 99 %, 70266 MiB
2026/09/24 05:05:59.500, 5, 99 %, 70268 MiB
2026/09/24 05:05:59.500, 6, 99 %, 69980 MiB
2026/09/24 05:05:59.500, 7, 99 %, 70264 MiB
2026/09/24 05:06:04.500, 0, 98 %, 70480 MiB
2026/09/24 05:06:04.502, 1, 98 %, 70264 MiB
2026/09/24 05:06:04.507, 2, 98 %, 70266 MiB
2026/09/24 05:06:04.510, 3, 98 %, 70266 MiB
2026/09/24 05:06:04.512, 4, 98 %, 70266 MiB
2026/09/24 05:06:04.513, 5, 98 %, 70268 MiB
2026/09/24 05:06:04.517, 6, 98 %, 69980 MiB
2026/09/24 05:06:04.517, 7, 99 %, 70264 MiB
2026/09/24 05:06:09.518, 0, 98 %, 70480 MiB
2026/09/24 05:06:09.909, 1, 97 %, 70264 MiB
2026/09/24 05:06:09.909, 2, 98 %, 70266 MiB
2026/09/24 05:06:09.915, 3, 99 %, 70266 MiB
2026/09/24 05:06:09.921, 4, 97 %, 70266 MiB
2026/09/24 05:06:09.927, 5, 98 %, 70268 MiB
2026/09/24 05:06:09.934, 6, 97 %, 69980 MiB
2026/09/24 05:06:09.939, 7, 99 %, 70264 MiB
2026/09/24 05:06:14.948, 0, 99 %, 70480 MiB
2026/09/24 05:06:15.103, 1, 99 %, 70264 MiB
2026/09/24 05:06:15.105, 2, 99 %, 70266 MiB
2026/09/24 05:06:15.106, 3, 99 %, 70266 MiB
2026/09/24 05:06:15.106, 4, 97 %, 70266 MiB
2026/09/24 05:06:15.106, 5, 99 %, 70268 MiB
2026/09/24 05:06:15.107, 6, 99 %, 69980 MiB
2026/09/24 05:06:15.109, 7, 99 %, 70264 MiB
2026/09/24 05:06:20.113, 0, 96 %, 70480 MiB
2026/09/24 05:06:20.113, 1, 99 %, 70264 MiB
2026/09/24 05:06:20.114, 2, 87 %, 70266 MiB
2026/09/24 05:06:20.114, 3, 87 %, 70266 MiB
2026/09/24 05:06:20.115, 4, 99 %, 70266 MiB
2026/09/24 05:06:20.115, 5, 97 %, 70268 MiB
2026/09/24 05:06:20.115, 6, 97 %, 69980 MiB
2026/09/24 05:06:20.115, 7, 97 %, 70264 MiB
2026/09/24 05:06:25.116, 0, 98 %, 70480 MiB
2026/09/24 05:06:25.119, 1, 99 %, 70264 MiB
2026/09/24 05:06:25.119, 2, 99 %, 70266 MiB
2026/09/24 05:06:25.119, 3, 99 %, 70266 MiB
2026/09/24 05:06:25.120, 4, 99 %, 70266 MiB
2026/09/24 05:06:25.120, 5, 99 %, 70268 MiB
2026/09/24 05:06:25.120, 6, 99 %, 69980 MiB
2026/09/24 05:06:25.120, 7, 97 %, 70264 MiB
2026/09/24 05:06:30.120, 0, 98 %, 70480 MiB
2026/09/24 05:06:30.120, 1, 99 %, 70264 MiB
2026/09/24 05:06:30.121, 2, 99 %, 70266 MiB
2026/09/24 05:06:30.121, 3, 99 %, 70266 MiB
2026/09/24 05:06:30.121, 4, 99 %, 70266 MiB
2026/09/24 05:06:30.122, 5, 99 %, 70268 MiB
2026/09/24 05:06:30.122, 6, 99 %, 69980 MiB
2026/09/24 05:06:30.122, 7, 99 %, 70264 MiB
2026/09/24 05:06:35.123, 0, 98 %, 70480 MiB
2026/09/24 05:06:35.123, 1, 98 %, 70264 MiB
2026/09/24 05:06:35.124, 2, 98 %, 70266 MiB
2026/09/24 05:06:35.124, 3, 98 %, 70266 MiB
2026/09/24 05:06:35.125, 4, 98 %, 70266 MiB
2026/09/24 05:06:35.125, 5, 96 %, 70268 MiB
2026/09/24 05:06:35.127, 6, 95 %, 69980 MiB
2026/09/24 05:06:35.128, 7, 98 %, 70264 MiB
2026/09/24 05:06:40.131, 0, 97 %, 70480 MiB
2026/09/24 05:06:40.132, 1, 99 %, 70264 MiB
2026/09/24 05:06:40.132, 2, 99 %, 70266 MiB
2026/09/24 05:06:40.132, 3, 99 %, 70266 MiB
2026/09/24 05:06:40.132, 4, 99 %, 70266 MiB
2026/09/24 05:06:40.132, 5, 97 %, 70268 MiB
2026/09/24 05:06:40.132, 6, 97 %, 69980 MiB
2026/09/24 05:06:40.132, 7, 99 %, 70264 MiB
2026/09/24 05:06:45.132, 0, 99 %, 70480 MiB
2026/09/24 05:06:45.132, 1, 99 %, 70264 MiB
2026/09/24 05:06:45.135, 2, 99 %, 70266 MiB
2026/09/24 05:06:45.135, 3, 99 %, 70266 MiB
2026/09/24 05:06:45.136, 4, 99 %, 70266 MiB
2026/09/24 05:06:45.137, 5, 99 %, 70268 MiB
2026/09/24 05:06:45.137, 6, 99 %, 69980 MiB
2026/09/24 05:06:45.138, 7, 99 %, 70264 MiB
2026/09/24 05:06:50.138, 0, 99 %, 70480 MiB
2026/09/24 05:06:50.138, 1, 98 %, 70264 MiB
2026/09/24 05:06:50.138, 2, 99 %, 70266 MiB
2026/09/24 05:06:50.138, 3, 99 %, 70266 MiB
2026/09/24 05:06:50.138, 4, 98 %, 70266 MiB
2026/09/24 05:06:50.138, 5, 99 %, 70268 MiB
2026/09/24 05:06:50.138, 6, 99 %, 69980 MiB
2026/09/24 05:06:50.138, 7, 99 %, 70264 MiB
2026/09/24 05:06:55.139, 0, 99 %, 70480 MiB
2026/09/24 05:06:55.139, 1, 98 %, 70264 MiB
2026/09/24 05:06:55.140, 2, 97 %, 70266 MiB
2026/09/24 05:06:55.140, 3, 99 %, 70266 MiB
2026/09/24 05:06:55.143, 4, 98 %, 70266 MiB
2026/09/24 05:06:55.143, 5, 99 %, 70268 MiB
2026/09/24 05:06:55.143, 6, 98 %, 69980 MiB
2026/09/24 05:06:55.143, 7, 99 %, 70264 MiB
2026/09/24 05:07:00.143, 0, 99 %, 70480 MiB
2026/09/24 05:07:00.143, 1, 98 %, 70264 MiB
2026/09/24 05:07:00.143, 2, 98 %, 70266 MiB
2026/09/24 05:07:00.143, 3, 98 %, 70266 MiB
2026/09/24 05:07:00.143, 4, 99 %, 70266 MiB
2026/09/24 05:07:00.143, 5, 99 %, 70268 MiB
2026/09/24 05:07:00.143, 6, 99 %, 69980 MiB
2026/09/24 05:07:00.143, 7, 98 %, 70264 MiB
2026/09/24 05:07:05.144, 0, 99 %, 70480 MiB
2026/09/24 05:07:05.145, 1, 99 %, 70264 MiB
2026/09/24 05:07:05.146, 2, 99 %, 70266 MiB
2026/09/24 05:07:05.147, 3, 99 %, 70266 MiB
2026/09/24 05:07:05.147, 4, 99 %, 70266 MiB
2026/09/24 05:07:05.147, 5, 99 %, 70268 MiB
2026/09/24 05:07:05.147, 6, 99 %, 69980 MiB
2026/09/24 05:07:05.147, 7, 99 %, 70264 MiB
2026/09/24 05:07:10.147, 0, 99 %, 70480 MiB
2026/09/24 05:07:10.147, 1, 99 %, 70264 MiB
2026/09/24 05:07:10.147, 2, 99 %, 70266 MiB
2026/09/24 05:07:10.147, 3, 99 %, 70266 MiB
2026/09/24 05:07:10.147, 4, 98 %, 70266 MiB
2026/09/24 05:07:10.147, 5, 99 %, 70268 MiB
2026/09/24 05:07:10.147, 6, 99 %, 69980 MiB
2026/09/24 05:07:10.147, 7, 99 %, 70264 MiB
2026/09/24 05:07:15.148, 0, 98 %, 70480 MiB
2026/09/24 05:07:15.148, 1, 99 %, 70264 MiB
2026/09/24 05:07:15.154, 2, 99 %, 70266 MiB
2026/09/24 05:07:15.159, 3, 99 %, 70266 MiB
2026/09/24 05:07:15.159, 4, 98 %, 70266 MiB
2026/09/24 05:07:15.161, 5, 99 %, 70268 MiB
2026/09/24 05:07:15.161, 6, 98 %, 69980 MiB
2026/09/24 05:07:15.162, 7, 99 %, 70264 MiB
2026/09/24 05:07:20.162, 0, 99 %, 70480 MiB
2026/09/24 05:07:20.212, 1, 99 %, 70264 MiB
2026/09/24 05:07:20.212, 2, 99 %, 70266 MiB
2026/09/24 05:07:20.213, 3, 99 %, 70266 MiB
2026/09/24 05:07:20.214, 4, 99 %, 70266 MiB
2026/09/24 05:07:20.214, 5, 99 %, 70268 MiB
2026/09/24 05:07:20.215, 6, 98 %, 69980 MiB
2026/09/24 05:07:20.219, 7, 99 %, 70264 MiB
2026/09/24 05:07:25.219, 0, 99 %, 70480 MiB
2026/09/24 05:07:25.219, 1, 99 %, 70264 MiB
2026/09/24 05:07:25.219, 2, 99 %, 70266 MiB
2026/09/24 05:07:25.219, 3, 97 %, 70266 MiB
2026/09/24 05:07:25.219, 4, 99 %, 70266 MiB
2026/09/24 05:07:25.219, 5, 99 %, 70268 MiB
2026/09/24 05:07:25.219, 6, 99 %, 69980 MiB
2026/09/24 05:07:25.220, 7, 99 %, 70264 MiB
2026/09/24 05:07:30.220, 0, 100 %, 70480 MiB
2026/09/24 05:07:30.220, 1, 95 %, 70264 MiB
2026/09/24 05:07:30.220, 2, 96 %, 70266 MiB
2026/09/24 05:07:30.220, 3, 98 %, 70266 MiB
2026/09/24 05:07:30.220, 4, 100 %, 70266 MiB
2026/09/24 05:07:30.220, 5, 100 %, 70268 MiB
2026/09/24 05:07:30.220, 6, 100 %, 69980 MiB
2026/09/24 05:07:30.220, 7, 100 %, 70264 MiB
2026/09/24 05:07:35.221, 0, 97 %, 70480 MiB
2026/09/24 05:07:35.221, 1, 100 %, 70264 MiB
2026/09/24 05:07:35.221, 2, 68 %, 70266 MiB
2026/09/24 05:07:35.221, 3, 100 %, 70266 MiB
2026/09/24 05:07:35.221, 4, 85 %, 70266 MiB
2026/09/24 05:07:35.221, 5, 82 %, 70268 MiB
2026/09/24 05:07:35.221, 6, 87 %, 69980 MiB
2026/09/24 05:07:35.221, 7, 99 %, 70264 MiB
2026/09/24 05:07:40.221, 0, 97 %, 70480 MiB
2026/09/24 05:07:40.221, 1, 97 %, 70264 MiB
2026/09/24 05:07:40.221, 2, 98 %, 70266 MiB
2026/09/24 05:07:40.222, 3, 97 %, 70266 MiB
2026/09/24 05:07:40.222, 4, 96 %, 70266 MiB
2026/09/24 05:07:40.222, 5, 97 %, 70268 MiB
2026/09/24 05:07:40.223, 6, 96 %, 69980 MiB
2026/09/24 05:07:40.223, 7, 97 %, 70264 MiB
2026/09/24 05:07:45.224, 0, 99 %, 70480 MiB
2026/09/24 05:07:45.224, 1, 100 %, 70264 MiB
2026/09/24 05:07:45.229, 2, 100 %, 70266 MiB
2026/09/24 05:07:45.229, 3, 100 %, 70266 MiB
2026/09/24 05:07:45.229, 4, 99 %, 70266 MiB
2026/09/24 05:07:45.229, 5, 97 %, 70268 MiB
2026/09/24 05:07:45.229, 6, 97 %, 69980 MiB
2026/09/24 05:07:45.229, 7, 100 %, 70264 MiB
2026/09/24 05:07:50.230, 0, 98 %, 70480 MiB
2026/09/24 05:07:50.231, 1, 97 %, 70264 MiB
2026/09/24 05:07:50.232, 2, 97 %, 70266 MiB
2026/09/24 05:07:50.232, 3, 97 %, 70266 MiB
2026/09/24 05:07:50.235, 4, 98 %, 70266 MiB
2026/09/24 05:07:50.235, 5, 99 %, 70268 MiB
2026/09/24 05:07:50.236, 6, 99 %, 69980 MiB
2026/09/24 05:07:50.236, 7, 97 %, 70264 MiB
2026/09/24 05:07:55.237, 0, 97 %, 70480 MiB
2026/09/24 05:07:55.237, 1, 96 %, 70264 MiB
2026/09/24 05:07:55.237, 2, 99 %, 70266 MiB
2026/09/24 05:07:55.237, 3, 99 %, 70266 MiB
2026/09/24 05:07:55.237, 4, 97 %, 70266 MiB
2026/09/24 05:07:55.237, 5, 97 %, 70268 MiB
2026/09/24 05:07:55.237, 6, 99 %, 69980 MiB
2026/09/24 05:07:55.237, 7, 97 %, 70264 MiB
2026/09/24 05:08:00.237, 0, 99 %, 70480 MiB
2026/09/24 05:08:00.237, 1, 99 %, 70264 MiB
2026/09/24 05:08:00.237, 2, 99 %, 70266 MiB
2026/09/24 05:08:00.237, 3, 99 %, 70266 MiB
2026/09/24 05:08:00.237, 4, 99 %, 70266 MiB
2026/09/24 05:08:00.237, 5, 99 %, 70268 MiB
2026/09/24 05:08:00.237, 6, 99 %, 69980 MiB
2026/09/24 05:08:00.237, 7, 99 %, 70264 MiB
2026/09/24 05:08:05.238, 0, 99 %, 70480 MiB
2026/09/24 05:08:05.238, 1, 99 %, 70264 MiB
2026/09/24 05:08:05.238, 2, 99 %, 70266 MiB
2026/09/24 05:08:05.238, 3, 99 %, 70266 MiB
2026/09/24 05:08:05.238, 4, 99 %, 70266 MiB
2026/09/24 05:08:05.238, 5, 99 %, 70268 MiB
2026/09/24 05:08:05.238, 6, 99 %, 69980 MiB
2026/09/24 05:08:05.238, 7, 99 %, 70264 MiB
2026/09/24 05:08:10.238, 0, 99 %, 70480 MiB
2026/09/24 05:08:10.238, 1, 99 %, 70264 MiB
2026/09/24 05:08:10.238, 2, 99 %, 70266 MiB
2026/09/24 05:08:10.238, 3, 99 %, 70266 MiB
2026/09/24 05:08:10.238, 4, 99 %, 70266 MiB
2026/09/24 05:08:10.238, 5, 99 %, 70268 MiB
2026/09/24 05:08:10.238, 6, 99 %, 69980 MiB
2026/09/24 05:08:10.238, 7, 99 %, 70264 MiB
2026/09/24 05:08:15.239, 0, 98 %, 70480 MiB
2026/09/24 05:08:15.241, 1, 98 %, 70264 MiB
2026/09/24 05:08:15.242, 2, 99 %, 70266 MiB
2026/09/24 05:08:15.243, 3, 97 %, 70266 MiB
2026/09/24 05:08:15.245, 4, 98 %, 70266 MiB
2026/09/24 05:08:15.245, 5, 98 %, 70268 MiB
2026/09/24 05:08:15.246, 6, 98 %, 69980 MiB
2026/09/24 05:08:15.247, 7, 99 %, 70264 MiB
2026/09/24 05:08:20.249, 0, 99 %, 70480 MiB
2026/09/24 05:08:20.312, 1, 100 %, 70264 MiB
2026/09/24 05:08:20.312, 2, 98 %, 70266 MiB
2026/09/24 05:08:20.314, 3, 98 %, 70266 MiB
2026/09/24 05:08:20.314, 4, 100 %, 70266 MiB
2026/09/24 05:08:20.315, 5, 99 %, 70268 MiB
2026/09/24 05:08:20.720, 6, 99 %, 69980 MiB
2026/09/24 05:08:21.112, 7, 98 %, 70264 MiB
2026/09/24 05:08:26.113, 0, 97 %, 70480 MiB
2026/09/24 05:08:26.379, 1, 99 %, 70264 MiB
2026/09/24 05:08:26.384, 2, 99 %, 70266 MiB
2026/09/24 05:08:26.385, 3, 99 %, 70266 MiB
2026/09/24 05:08:26.390, 4, 99 %, 70266 MiB
2026/09/24 05:08:26.391, 5, 99 %, 70268 MiB
2026/09/24 05:08:26.397, 6, 99 %, 69980 MiB
2026/09/24 05:08:26.401, 7, 99 %, 70264 MiB
2026/09/24 05:08:31.408, 0, 99 %, 70480 MiB
2026/09/24 05:08:31.408, 1, 99 %, 70264 MiB
2026/09/24 05:08:31.411, 2, 97 %, 70266 MiB
2026/09/24 05:08:31.411, 3, 98 %, 70266 MiB
2026/09/24 05:08:31.411, 4, 97 %, 70266 MiB
2026/09/24 05:08:31.411, 5, 99 %, 70268 MiB
2026/09/24 05:08:31.411, 6, 97 %, 69980 MiB
2026/09/24 05:08:31.411, 7, 98 %, 70264 MiB
2026/09/24 05:08:36.411, 0, 99 %, 70480 MiB
2026/09/24 05:08:36.411, 1, 99 %, 70264 MiB
2026/09/24 05:08:36.412, 2, 99 %, 70266 MiB
2026/09/24 05:08:36.412, 3, 99 %, 70266 MiB
2026/09/24 05:08:36.412, 4, 99 %, 70266 MiB
2026/09/24 05:08:36.412, 5, 99 %, 70268 MiB
2026/09/24 05:08:36.412, 6, 99 %, 69980 MiB
2026/09/24 05:08:36.412, 7, 99 %, 70264 MiB
2026/09/24 05:08:41.412, 0, 98 %, 70480 MiB
2026/09/24 05:08:41.413, 1, 99 %, 70264 MiB
2026/09/24 05:08:41.413, 2, 99 %, 70266 MiB
2026/09/24 05:08:41.414, 3, 99 %, 70266 MiB
2026/09/24 05:08:41.414, 4, 99 %, 70266 MiB
2026/09/24 05:08:41.414, 5, 99 %, 70268 MiB
2026/09/24 05:08:41.414, 6, 99 %, 69980 MiB
2026/09/24 05:08:41.415, 7, 99 %, 70264 MiB
2026/09/24 05:08:46.415, 0, 84 %, 70480 MiB
2026/09/24 05:08:46.415, 1, 85 %, 70264 MiB
2026/09/24 05:08:46.415, 2, 85 %, 70266 MiB
2026/09/24 05:08:46.415, 3, 84 %, 70266 MiB
2026/09/24 05:08:46.415, 4, 82 %, 70266 MiB
2026/09/24 05:08:46.415, 5, 83 %, 70268 MiB
2026/09/24 05:08:46.415, 6, 85 %, 69980 MiB
2026/09/24 05:08:46.415, 7, 84 %, 70264 MiB
2026/09/24 05:08:51.416, 0, 100 %, 70480 MiB
2026/09/24 05:08:51.417, 1, 97 %, 70264 MiB
2026/09/24 05:08:51.417, 2, 98 %, 70266 MiB
2026/09/24 05:08:51.417, 3, 98 %, 70266 MiB
2026/09/24 05:08:51.417, 4, 100 %, 70266 MiB
2026/09/24 05:08:51.417, 5, 100 %, 70268 MiB
2026/09/24 05:08:51.417, 6, 100 %, 69980 MiB
2026/09/24 05:08:51.417, 7, 98 %, 70264 MiB
2026/09/24 05:08:56.417, 0, 98 %, 70480 MiB
2026/09/24 05:08:56.417, 1, 99 %, 70264 MiB
2026/09/24 05:08:56.418, 2, 98 %, 70266 MiB
2026/09/24 05:08:56.418, 3, 98 %, 70266 MiB
2026/09/24 05:08:56.418, 4, 98 %, 70266 MiB
2026/09/24 05:08:56.418, 5, 98 %, 70268 MiB
2026/09/24 05:08:56.418, 6, 99 %, 69980 MiB
2026/09/24 05:08:56.418, 7, 96 %, 70264 MiB
2026/09/24 05:09:01.419, 0, 98 %, 70480 MiB
2026/09/24 05:09:01.420, 1, 98 %, 70264 MiB
2026/09/24 05:09:01.420, 2, 100 %, 70266 MiB
2026/09/24 05:09:01.422, 3, 100 %, 70266 MiB
2026/09/24 05:09:01.422, 4, 97 %, 70266 MiB
2026/09/24 05:09:01.423, 5, 99 %, 70268 MiB
2026/09/24 05:09:01.424, 6, 98 %, 69980 MiB
2026/09/24 05:09:01.425, 7, 100 %, 70264 MiB
2026/09/24 05:09:06.425, 0, 97 %, 70480 MiB
2026/09/24 05:09:06.425, 1, 97 %, 70264 MiB
2026/09/24 05:09:06.426, 2, 100 %, 70266 MiB
2026/09/24 05:09:06.426, 3, 100 %, 70266 MiB
2026/09/24 05:09:06.426, 4, 97 %, 70266 MiB
2026/09/24 05:09:06.426, 5, 99 %, 70268 MiB
2026/09/24 05:09:06.426, 6, 97 %, 69980 MiB
2026/09/24 05:09:06.426, 7, 100 %, 70264 MiB
2026/09/24 05:09:11.426, 0, 97 %, 70480 MiB
2026/09/24 05:09:11.426, 1, 97 %, 70264 MiB
2026/09/24 05:09:11.427, 2, 97 %, 70266 MiB
2026/09/24 05:09:11.429, 3, 97 %, 70266 MiB
2026/09/24 05:09:11.430, 4, 99 %, 70266 MiB
2026/09/24 05:09:11.430, 5, 98 %, 70268 MiB
2026/09/24 05:09:11.430, 6, 98 %, 69980 MiB
2026/09/24 05:09:11.431, 7, 97 %, 70264 MiB
2026/09/24 05:09:16.432, 0, 100 %, 70480 MiB
2026/09/24 05:09:16.432, 1, 97 %, 70264 MiB
2026/09/24 05:09:16.432, 2, 98 %, 70266 MiB
2026/09/24 05:09:16.432, 3, 99 %, 70266 MiB
2026/09/24 05:09:16.432, 4, 98 %, 70266 MiB
2026/09/24 05:09:16.432, 5, 100 %, 70268 MiB
2026/09/24 05:09:16.432, 6, 99 %, 69980 MiB
2026/09/24 05:09:16.432, 7, 98 %, 70264 MiB
2026/09/24 05:09:21.432, 0, 97 %, 70480 MiB
2026/09/24 05:09:21.432, 1, 99 %, 70264 MiB
2026/09/24 05:09:21.434, 2, 96 %, 70266 MiB
2026/09/24 05:09:21.434, 3, 99 %, 70266 MiB
2026/09/24 05:09:21.434, 4, 96 %, 70266 MiB
2026/09/24 05:09:21.434, 5, 97 %, 70268 MiB
2026/09/24 05:09:21.434, 6, 97 %, 69980 MiB
2026/09/24 05:09:21.434, 7, 96 %, 70264 MiB
2026/09/24 05:09:26.434, 0, 97 %, 70480 MiB
2026/09/24 05:09:26.434, 1, 99 %, 70264 MiB
2026/09/24 05:09:26.437, 2, 100 %, 70266 MiB
2026/09/24 05:09:26.438, 3, 98 %, 70266 MiB
2026/09/24 05:09:26.438, 4, 97 %, 70266 MiB
2026/09/24 05:09:26.438, 5, 97 %, 70268 MiB
2026/09/24 05:09:26.438, 6, 97 %, 69980 MiB
2026/09/24 05:09:26.439, 7, 99 %, 70264 MiB
2026/09/24 05:09:31.440, 0, 99 %, 70480 MiB
2026/09/24 05:09:31.440, 1, 99 %, 70264 MiB
2026/09/24 05:09:31.440, 2, 97 %, 70266 MiB
2026/09/24 05:09:31.440, 3, 97 %, 70266 MiB
2026/09/24 05:09:31.440, 4, 99 %, 70266 MiB
2026/09/24 05:09:31.440, 5, 99 %, 70268 MiB
2026/09/24 05:09:31.440, 6, 99 %, 69980 MiB
2026/09/24 05:09:31.440, 7, 98 %, 70264 MiB
2026/09/24 05:09:36.441, 0, 99 %, 70480 MiB
2026/09/24 05:09:36.441, 1, 99 %, 70264 MiB
2026/09/24 05:09:36.441, 2, 99 %, 70266 MiB
2026/09/24 05:09:36.441, 3, 99 %, 70266 MiB
2026/09/24 05:09:36.441, 4, 99 %, 70266 MiB
2026/09/24 05:09:36.441, 5, 99 %, 70268 MiB
2026/09/24 05:09:36.441, 6, 99 %, 69980 MiB
2026/09/24 05:09:36.441, 7, 99 %, 70264 MiB
2026/09/24 05:09:41.441, 0, 99 %, 70480 MiB
2026/09/24 05:09:41.441, 1, 99 %, 70264 MiB
2026/09/24 05:09:41.443, 2, 99 %, 70266 MiB
2026/09/24 05:09:41.443, 3, 99 %, 70266 MiB
2026/09/24 05:09:41.444, 4, 99 %, 70266 MiB
2026/09/24 05:09:41.444, 5, 98 %, 70268 MiB
2026/09/24 05:09:41.444, 6, 99 %, 69980 MiB
2026/09/24 05:09:41.445, 7, 99 %, 70264 MiB
2026/09/24 05:09:46.446, 0, 98 %, 70480 MiB
2026/09/24 05:09:46.446, 1, 96 %, 70264 MiB
2026/09/24 05:09:46.446, 2, 95 %, 70266 MiB
2026/09/24 05:09:46.446, 3, 99 %, 70266 MiB
2026/09/24 05:09:46.446, 4, 95 %, 70266 MiB
2026/09/24 05:09:46.446, 5, 98 %, 70268 MiB
2026/09/24 05:09:46.446, 6, 97 %, 69980 MiB
2026/09/24 05:09:46.446, 7, 99 %, 70264 MiB
2026/09/24 05:09:51.446, 0, 97 %, 70480 MiB
2026/09/24 05:09:51.450, 1, 96 %, 70264 MiB
2026/09/24 05:09:51.455, 2, 99 %, 70266 MiB
2026/09/24 05:09:51.460, 3, 96 %, 70266 MiB
2026/09/24 05:09:51.460, 4, 96 %, 70266 MiB
2026/09/24 05:09:51.463, 5, 97 %, 70268 MiB
2026/09/24 05:09:51.465, 6, 97 %, 69980 MiB
2026/09/24 05:09:51.465, 7, 99 %, 70264 MiB
2026/09/24 05:09:56.466, 0, 97 %, 70480 MiB
2026/09/24 05:09:56.468, 1, 97 %, 70264 MiB
2026/09/24 05:09:56.470, 2, 97 %, 70266 MiB
2026/09/24 05:09:56.470, 3, 97 %, 70266 MiB
2026/09/24 05:09:56.471, 4, 97 %, 70266 MiB
2026/09/24 05:09:56.471, 5, 97 %, 70268 MiB
2026/09/24 05:09:56.472, 6, 99 %, 69980 MiB
2026/09/24 05:09:56.473, 7, 99 %, 70264 MiB
2026/09/24 05:10:01.480, 0, 99 %, 70480 MiB
2026/09/24 05:10:01.480, 1, 97 %, 70264 MiB
2026/09/24 05:10:01.481, 2, 99 %, 70266 MiB
2026/09/24 05:10:01.481, 3, 99 %, 70266 MiB
2026/09/24 05:10:01.481, 4, 99 %, 70266 MiB
2026/09/24 05:10:01.482, 5, 99 %, 70268 MiB
2026/09/24 05:10:01.482, 6, 98 %, 69980 MiB
2026/09/24 05:10:01.483, 7, 99 %, 70264 MiB
2026/09/24 05:10:06.484, 0, 98 %, 70480 MiB
2026/09/24 05:10:06.484, 1, 98 %, 70264 MiB
2026/09/24 05:10:06.484, 2, 98 %, 70266 MiB
2026/09/24 05:10:06.484, 3, 97 %, 70266 MiB
2026/09/24 05:10:06.484, 4, 98 %, 70266 MiB
2026/09/24 05:10:06.484, 5, 98 %, 70268 MiB
2026/09/24 05:10:06.484, 6, 99 %, 69980 MiB
2026/09/24 05:10:06.484, 7, 97 %, 70264 MiB
2026/09/24 05:10:11.484, 0, 98 %, 70480 MiB
2026/09/24 05:10:11.484, 1, 97 %, 70264 MiB
2026/09/24 05:10:11.488, 2, 97 %, 70266 MiB
2026/09/24 05:10:11.488, 3, 97 %, 70266 MiB
2026/09/24 05:10:11.489, 4, 98 %, 70266 MiB
2026/09/24 05:10:11.492, 5, 98 %, 70268 MiB
2026/09/24 05:10:11.493, 6, 99 %, 69980 MiB
2026/09/24 05:10:11.495, 7, 97 %, 70264 MiB
2026/09/24 05:10:16.495, 0, 99 %, 70480 MiB
2026/09/24 05:10:16.495, 1, 99 %, 70264 MiB
2026/09/24 05:10:16.495, 2, 99 %, 70266 MiB
2026/09/24 05:10:16.495, 3, 99 %, 70266 MiB
2026/09/24 05:10:16.495, 4, 99 %, 70266 MiB
2026/09/24 05:10:16.495, 5, 99 %, 70268 MiB
2026/09/24 05:10:16.495, 6, 99 %, 69980 MiB
2026/09/24 05:10:16.495, 7, 99 %, 70264 MiB
2026/09/24 05:10:21.496, 0, 97 %, 70480 MiB
2026/09/24 05:10:21.497, 1, 97 %, 70264 MiB
2026/09/24 05:10:21.497, 2, 97 %, 70266 MiB
2026/09/24 05:10:21.497, 3, 97 %, 70266 MiB
2026/09/24 05:10:21.498, 4, 97 %, 70266 MiB
2026/09/24 05:10:21.498, 5, 97 %, 70268 MiB
2026/09/24 05:10:21.499, 6, 97 %, 69980 MiB
2026/09/24 05:10:21.499, 7, 99 %, 70264 MiB
2026/09/24 05:10:26.499, 0, 98 %, 70480 MiB
2026/09/24 05:10:26.499, 1, 99 %, 70264 MiB
2026/09/24 05:10:26.503, 2, 97 %, 70266 MiB
2026/09/24 05:10:26.503, 3, 97 %, 70266 MiB
2026/09/24 05:10:26.503, 4, 97 %, 70266 MiB
2026/09/24 05:10:26.504, 5, 98 %, 70268 MiB
2026/09/24 05:10:26.504, 6, 100 %, 69980 MiB
2026/09/24 05:10:26.504, 7, 97 %, 70264 MiB
2026/09/24 05:10:31.504, 0, 99 %, 70480 MiB
2026/09/24 05:10:31.505, 1, 97 %, 70264 MiB
2026/09/24 05:10:31.509, 2, 99 %, 70266 MiB
2026/09/24 05:10:31.510, 3, 99 %, 70266 MiB
2026/09/24 05:10:31.510, 4, 99 %, 70266 MiB
2026/09/24 05:10:31.511, 5, 97 %, 70268 MiB
2026/09/24 05:10:31.511, 6, 97 %, 69980 MiB
2026/09/24 05:10:31.512, 7, 99 %, 70264 MiB
2026/09/24 05:10:36.513, 0, 99 %, 70480 MiB
2026/09/24 05:10:36.513, 1, 99 %, 70264 MiB
2026/09/24 05:10:36.513, 2, 96 %, 70266 MiB
2026/09/24 05:10:36.513, 3, 99 %, 70266 MiB
2026/09/24 05:10:36.513, 4, 97 %, 70266 MiB
2026/09/24 05:10:36.513, 5, 95 %, 70268 MiB
2026/09/24 05:10:36.513, 6, 96 %, 69980 MiB
2026/09/24 05:10:36.513, 7, 99 %, 70264 MiB
2026/09/24 05:10:41.513, 0, 99 %, 70480 MiB
2026/09/24 05:10:41.514, 1, 99 %, 70264 MiB
2026/09/24 05:10:41.514, 2, 99 %, 70266 MiB
2026/09/24 05:10:41.514, 3, 99 %, 70266 MiB
2026/09/24 05:10:41.514, 4, 99 %, 70266 MiB
2026/09/24 05:10:41.514, 5, 99 %, 70268 MiB
2026/09/24 05:10:41.514, 6, 99 %, 69980 MiB
2026/09/24 05:10:41.514, 7, 99 %, 70264 MiB
2026/09/24 05:10:46.514, 0, 98 %, 70480 MiB
2026/09/24 05:10:46.514, 1, 98 %, 70264 MiB
2026/09/24 05:10:46.514, 2, 99 %, 70266 MiB
2026/09/24 05:10:46.515, 3, 99 %, 70266 MiB
2026/09/24 05:10:46.518, 4, 99 %, 70266 MiB
2026/09/24 05:10:46.518, 5, 97 %, 70268 MiB
2026/09/24 05:10:46.518, 6, 98 %, 69980 MiB
2026/09/24 05:10:46.518, 7, 99 %, 70264 MiB
2026/09/24 05:10:51.518, 0, 97 %, 70480 MiB
2026/09/24 05:10:51.518, 1, 97 %, 70264 MiB
2026/09/24 05:10:51.518, 2, 97 %, 70266 MiB
2026/09/24 05:10:51.519, 3, 97 %, 70266 MiB
2026/09/24 05:10:51.519, 4, 99 %, 70266 MiB
2026/09/24 05:10:51.519, 5, 99 %, 70268 MiB
2026/09/24 05:10:51.520, 6, 97 %, 69980 MiB
2026/09/24 05:10:51.520, 7, 97 %, 70264 MiB
2026/09/24 05:10:56.521, 0, 99 %, 70480 MiB
2026/09/24 05:10:56.521, 1, 99 %, 70264 MiB
2026/09/24 05:10:56.521, 2, 99 %, 70266 MiB
2026/09/24 05:10:56.522, 3, 99 %, 70266 MiB
2026/09/24 05:10:56.522, 4, 99 %, 70266 MiB
2026/09/24 05:10:56.522, 5, 99 %, 70268 MiB
2026/09/24 05:10:56.523, 6, 99 %, 69980 MiB
2026/09/24 05:10:56.523, 7, 99 %, 70264 MiB
2026/09/24 05:11:01.524, 0, 97 %, 70480 MiB
2026/09/24 05:11:01.524, 1, 97 %, 70264 MiB
2026/09/24 05:11:01.526, 2, 97 %, 70266 MiB
2026/09/24 05:11:01.526, 3, 97 %, 70266 MiB
2026/09/24 05:11:01.527, 4, 99 %, 70266 MiB
2026/09/24 05:11:01.527, 5, 97 %, 70268 MiB
2026/09/24 05:11:01.527, 6, 98 %, 69980 MiB
2026/09/24 05:11:01.528, 7, 99 %, 70264 MiB
2026/09/24 05:11:06.528, 0, 99 %, 70480 MiB
2026/09/24 05:11:06.528, 1, 99 %, 70264 MiB
2026/09/24 05:11:06.528, 2, 99 %, 70266 MiB
2026/09/24 05:11:06.528, 3, 99 %, 70266 MiB
2026/09/24 05:11:06.528, 4, 99 %, 70266 MiB
2026/09/24 05:11:06.528, 5, 99 %, 70268 MiB
2026/09/24 05:11:06.528, 6, 99 %, 69980 MiB
2026/09/24 05:11:06.528, 7, 99 %, 70264 MiB
2026/09/24 05:11:11.529, 0, 98 %, 70480 MiB
2026/09/24 05:11:11.529, 1, 97 %, 70264 MiB
2026/09/24 05:11:11.529, 2, 98 %, 70266 MiB
2026/09/24 05:11:11.529, 3, 98 %, 70266 MiB
2026/09/24 05:11:11.529, 4, 96 %, 70266 MiB
2026/09/24 05:11:11.529, 5, 98 %, 70268 MiB
2026/09/24 05:11:11.529, 6, 96 %, 69980 MiB
2026/09/24 05:11:11.529, 7, 96 %, 70264 MiB
2026/09/24 05:11:16.529, 0, 99 %, 70480 MiB
2026/09/24 05:11:16.529, 1, 98 %, 70264 MiB
2026/09/24 05:11:16.529, 2, 99 %, 70266 MiB
2026/09/24 05:11:16.529, 3, 99 %, 70266 MiB
2026/09/24 05:11:16.529, 4, 99 %, 70266 MiB
2026/09/24 05:11:16.529, 5, 99 %, 70268 MiB
2026/09/24 05:11:16.529, 6, 99 %, 69980 MiB
2026/09/24 05:11:16.529, 7, 99 %, 70264 MiB
2026/09/24 05:11:21.530, 0, 99 %, 70480 MiB
2026/09/24 05:11:21.530, 1, 99 %, 70264 MiB
2026/09/24 05:11:21.530, 2, 99 %, 70266 MiB
2026/09/24 05:11:21.531, 3, 99 %, 70266 MiB
2026/09/24 05:11:21.531, 4, 99 %, 70266 MiB
2026/09/24 05:11:21.531, 5, 99 %, 70268 MiB
2026/09/24 05:11:21.532, 6, 99 %, 69980 MiB
2026/09/24 05:11:21.532, 7, 99 %, 70264 MiB
2026/09/24 05:11:26.533, 0, 96 %, 70480 MiB
2026/09/24 05:11:26.533, 1, 99 %, 70264 MiB
2026/09/24 05:11:26.534, 2, 96 %, 70266 MiB
2026/09/24 05:11:26.534, 3, 96 %, 70266 MiB
2026/09/24 05:11:26.534, 4, 98 %, 70266 MiB
2026/09/24 05:11:26.535, 5, 96 %, 70268 MiB
2026/09/24 05:11:26.535, 6, 98 %, 69980 MiB
2026/09/24 05:11:26.535, 7, 98 %, 70264 MiB
2026/09/24 05:11:31.536, 0, 99 %, 70480 MiB
2026/09/24 05:11:31.537, 1, 96 %, 70264 MiB
2026/09/24 05:11:31.537, 2, 99 %, 70266 MiB
2026/09/24 05:11:31.542, 3, 97 %, 70266 MiB
2026/09/24 05:11:31.543, 4, 97 %, 70266 MiB
2026/09/24 05:11:31.544, 5, 99 %, 70268 MiB
2026/09/24 05:11:31.545, 6, 97 %, 69980 MiB
2026/09/24 05:11:31.549, 7, 97 %, 70264 MiB
2026/09/24 05:11:36.551, 0, 97 %, 70480 MiB
2026/09/24 05:11:36.551, 1, 97 %, 70264 MiB
2026/09/24 05:11:36.551, 2, 97 %, 70266 MiB
2026/09/24 05:11:36.551, 3, 98 %, 70266 MiB
2026/09/24 05:11:36.551, 4, 97 %, 70266 MiB
2026/09/24 05:11:36.551, 5, 98 %, 70268 MiB
2026/09/24 05:11:36.551, 6, 97 %, 69980 MiB
2026/09/24 05:11:36.551, 7, 99 %, 70264 MiB
2026/09/24 05:11:41.551, 0, 99 %, 70480 MiB
2026/09/24 05:11:41.551, 1, 99 %, 70264 MiB
2026/09/24 05:11:41.552, 2, 99 %, 70266 MiB
2026/09/24 05:11:41.552, 3, 99 %, 70266 MiB
2026/09/24 05:11:41.552, 4, 99 %, 70266 MiB
2026/09/24 05:11:41.553, 5, 99 %, 70268 MiB
2026/09/24 05:11:41.553, 6, 99 %, 69980 MiB
2026/09/24 05:11:41.553, 7, 99 %, 70264 MiB
2026/09/24 05:11:46.554, 0, 98 %, 70480 MiB
2026/09/24 05:11:46.554, 1, 96 %, 70264 MiB
2026/09/24 05:11:46.554, 2, 98 %, 70266 MiB
2026/09/24 05:11:46.554, 3, 98 %, 70266 MiB
2026/09/24 05:11:46.554, 4, 99 %, 70266 MiB
2026/09/24 05:11:46.554, 5, 98 %, 70268 MiB
2026/09/24 05:11:46.554, 6, 96 %, 69980 MiB
2026/09/24 05:11:46.554, 7, 97 %, 70264 MiB
2026/09/24 05:11:51.554, 0, 97 %, 70480 MiB
2026/09/24 05:11:51.554, 1, 98 %, 70264 MiB
2026/09/24 05:11:51.555, 2, 97 %, 70266 MiB
2026/09/24 05:11:51.555, 3, 97 %, 70266 MiB
2026/09/24 05:11:51.555, 4, 97 %, 70266 MiB
2026/09/24 05:11:51.555, 5, 97 %, 70268 MiB
2026/09/24 05:11:51.555, 6, 99 %, 69980 MiB
2026/09/24 05:11:51.557, 7, 98 %, 70264 MiB
2026/09/24 05:11:56.558, 0, 99 %, 70480 MiB
2026/09/24 05:11:56.558, 1, 99 %, 70264 MiB
2026/09/24 05:11:56.559, 2, 98 %, 70266 MiB
2026/09/24 05:11:56.559, 3, 98 %, 70266 MiB
2026/09/24 05:11:56.560, 4, 99 %, 70266 MiB
2026/09/24 05:11:56.560, 5, 99 %, 70268 MiB
2026/09/24 05:11:56.560, 6, 99 %, 69980 MiB
2026/09/24 05:11:56.561, 7, 99 %, 70264 MiB
2026/09/24 05:12:01.561, 0, 99 %, 70480 MiB
2026/09/24 05:12:01.562, 1, 99 %, 70264 MiB
2026/09/24 05:12:01.562, 2, 99 %, 70266 MiB
2026/09/24 05:12:01.563, 3, 99 %, 70266 MiB
2026/09/24 05:12:01.563, 4, 99 %, 70266 MiB
2026/09/24 05:12:01.564, 5, 99 %, 70268 MiB
2026/09/24 05:12:01.564, 6, 99 %, 69980 MiB
2026/09/24 05:12:01.564, 7, 99 %, 70264 MiB
2026/09/24 05:12:06.565, 0, 97 %, 70480 MiB
2026/09/24 05:12:06.567, 1, 96 %, 70264 MiB
2026/09/24 05:12:06.567, 2, 97 %, 70266 MiB
2026/09/24 05:12:06.567, 3, 99 %, 70266 MiB
2026/09/24 05:12:06.568, 4, 98 %, 70266 MiB
2026/09/24 05:12:06.568, 5, 98 %, 70268 MiB
2026/09/24 05:12:06.568, 6, 99 %, 69980 MiB
2026/09/24 05:12:06.568, 7, 96 %, 70264 MiB
2026/09/24 05:12:11.568, 0, 99 %, 70480 MiB
2026/09/24 05:12:11.568, 1, 99 %, 70264 MiB
2026/09/24 05:12:11.568, 2, 99 %, 70266 MiB
2026/09/24 05:12:11.568, 3, 99 %, 70266 MiB
2026/09/24 05:12:11.568, 4, 99 %, 70266 MiB
2026/09/24 05:12:11.568, 5, 99 %, 70268 MiB
2026/09/24 05:12:11.568, 6, 97 %, 69980 MiB
2026/09/24 05:12:11.568, 7, 97 %, 70264 MiB
2026/09/24 05:12:16.568, 0, 98 %, 70480 MiB
2026/09/24 05:12:16.571, 1, 97 %, 70264 MiB
2026/09/24 05:12:16.572, 2, 97 %, 70266 MiB
2026/09/24 05:12:16.572, 3, 97 %, 70266 MiB
2026/09/24 05:12:16.572, 4, 97 %, 70266 MiB
2026/09/24 05:12:16.573, 5, 97 %, 70268 MiB
2026/09/24 05:12:16.573, 6, 97 %, 69980 MiB
2026/09/24 05:12:16.573, 7, 99 %, 70264 MiB
2026/09/24 05:12:21.573, 0, 99 %, 70480 MiB
2026/09/24 05:12:21.574, 1, 99 %, 70264 MiB
2026/09/24 05:12:21.574, 2, 99 %, 70266 MiB
2026/09/24 05:12:21.574, 3, 99 %, 70266 MiB
2026/09/24 05:12:21.574, 4, 99 %, 70266 MiB
2026/09/24 05:12:21.575, 5, 99 %, 70268 MiB
2026/09/24 05:12:21.575, 6, 99 %, 69980 MiB
2026/09/24 05:12:21.575, 7, 99 %, 70264 MiB
2026/09/24 05:12:26.575, 0, 96 %, 70480 MiB
2026/09/24 05:12:26.575, 1, 97 %, 70264 MiB
2026/09/24 05:12:26.575, 2, 97 %, 70266 MiB
2026/09/24 05:12:26.576, 3, 97 %, 70266 MiB
2026/09/24 05:12:26.576, 4, 96 %, 70266 MiB
2026/09/24 05:12:26.576, 5, 96 %, 70268 MiB
2026/09/24 05:12:26.576, 6, 96 %, 69980 MiB
2026/09/24 05:12:26.576, 7, 99 %, 70264 MiB
2026/09/24 05:12:31.576, 0, 93 %, 70480 MiB
2026/09/24 05:12:31.576, 1, 100 %, 70264 MiB
2026/09/24 05:12:31.576, 2, 98 %, 70266 MiB
2026/09/24 05:12:31.576, 3, 78 %, 70266 MiB
2026/09/24 05:12:31.576, 4, 81 %, 70266 MiB
2026/09/24 05:12:31.576, 5, 95 %, 70268 MiB
2026/09/24 05:12:31.576, 6, 89 %, 69980 MiB
2026/09/24 05:12:31.576, 7, 100 %, 70264 MiB
2026/09/24 05:12:36.577, 0, 100 %, 70480 MiB
2026/09/24 05:12:36.577, 1, 99 %, 70264 MiB
2026/09/24 05:12:36.578, 2, 97 %, 70266 MiB
2026/09/24 05:12:36.579, 3, 100 %, 70266 MiB
2026/09/24 05:12:36.580, 4, 100 %, 70266 MiB
2026/09/24 05:12:36.580, 5, 97 %, 70268 MiB
2026/09/24 05:12:36.580, 6, 100 %, 69980 MiB
2026/09/24 05:12:36.580, 7, 99 %, 70264 MiB
2026/09/24 05:12:41.581, 0, 100 %, 70480 MiB
2026/09/24 05:12:41.581, 1, 99 %, 70264 MiB
2026/09/24 05:12:41.581, 2, 99 %, 70266 MiB
2026/09/24 05:12:41.581, 3, 100 %, 70266 MiB
2026/09/24 05:12:41.581, 4, 100 %, 70266 MiB
2026/09/24 05:12:41.581, 5, 99 %, 70268 MiB
2026/09/24 05:12:41.581, 6, 100 %, 69980 MiB
2026/09/24 05:12:41.581, 7, 100 %, 70264 MiB
2026/09/24 05:12:46.581, 0, 99 %, 70480 MiB
2026/09/24 05:12:46.582, 1, 99 %, 70264 MiB
2026/09/24 05:12:46.582, 2, 99 %, 70266 MiB
2026/09/24 05:12:46.582, 3, 99 %, 70266 MiB
2026/09/24 05:12:46.582, 4, 100 %, 70266 MiB
2026/09/24 05:12:46.582, 5, 99 %, 70268 MiB
2026/09/24 05:12:46.582, 6, 100 %, 69980 MiB
2026/09/24 05:12:46.582, 7, 99 %, 70264 MiB
2026/09/24 05:12:51.582, 0, 99 %, 70480 MiB
2026/09/24 05:12:51.582, 1, 95 %, 70264 MiB
2026/09/24 05:12:51.583, 2, 95 %, 70266 MiB
2026/09/24 05:12:51.583, 3, 99 %, 70266 MiB
2026/09/24 05:12:51.583, 4, 99 %, 70266 MiB
2026/09/24 05:12:51.583, 5, 98 %, 70268 MiB
2026/09/24 05:12:51.584, 6, 99 %, 69980 MiB
2026/09/24 05:12:51.584, 7, 95 %, 70264 MiB
2026/09/24 05:12:56.584, 0, 98 %, 70480 MiB
2026/09/24 05:12:56.857, 1, 99 %, 70264 MiB
2026/09/24 05:12:56.860, 2, 97 %, 70266 MiB
2026/09/24 05:12:56.861, 3, 97 %, 70266 MiB
2026/09/24 05:12:56.864, 4, 97 %, 70266 MiB
2026/09/24 05:12:56.864, 5, 97 %, 70268 MiB
2026/09/24 05:12:56.867, 6, 99 %, 69980 MiB
2026/09/24 05:12:56.868, 7, 96 %, 70264 MiB
2026/09/24 05:13:01.868, 0, 98 %, 70480 MiB
2026/09/24 05:13:01.868, 1, 97 %, 70264 MiB
2026/09/24 05:13:01.868, 2, 98 %, 70266 MiB
2026/09/24 05:13:01.869, 3, 98 %, 70266 MiB
2026/09/24 05:13:01.869, 4, 99 %, 70266 MiB
2026/09/24 05:13:01.869, 5, 98 %, 70268 MiB
2026/09/24 05:13:01.870, 6, 98 %, 69980 MiB
2026/09/24 05:13:01.870, 7, 93 %, 70264 MiB
2026/09/24 05:13:06.871, 0, 0 %, 70480 MiB
2026/09/24 05:13:06.871, 1, 0 %, 70264 MiB
2026/09/24 05:13:06.871, 2, 0 %, 70266 MiB
2026/09/24 05:13:06.871, 3, 0 %, 70266 MiB
2026/09/24 05:13:06.871, 4, 0 %, 70266 MiB
2026/09/24 05:13:06.871, 5, 0 %, 70268 MiB
2026/09/24 05:13:06.871, 6, 0 %, 69980 MiB
2026/09/24 05:13:06.871, 7, 0 %, 70264 MiB
2026/09/24 05:13:11.871, 0, 98 %, 70480 MiB
2026/09/24 05:13:11.871, 1, 98 %, 70264 MiB
2026/09/24 05:13:11.872, 2, 97 %, 70266 MiB
2026/09/24 05:13:11.872, 3, 100 %, 70266 MiB
2026/09/24 05:13:11.872, 4, 98 %, 70266 MiB
2026/09/24 05:13:11.873, 5, 98 %, 70268 MiB
2026/09/24 05:13:11.873, 6, 98 %, 69980 MiB
2026/09/24 05:13:11.873, 7, 99 %, 70264 MiB
