2026/09/24 11:00:47.506, 0, 44 %, 67350 MiB
2026/09/24 11:00:47.512, 1, 60 %, 66994 MiB
2026/09/24 11:00:47.516, 2, 63 %, 66994 MiB
2026/09/24 11:00:47.520, 3, 61 %, 66994 MiB
2026/09/24 11:00:47.524, 4, 62 %, 66994 MiB
2026/09/24 11:00:47.527, 5, 1 %, 66994 MiB
2026/09/24 11:00:47.531, 6, 75 %, 66850 MiB
2026/09/24 11:00:47.533, 7, 41 %, 66994 MiB
2026/09/24 11:00:52.537, 0, 93 %, 67610 MiB
2026/09/24 11:00:52.537, 1, 93 %, 67254 MiB
2026/09/24 11:00:52.537, 2, 93 %, 67254 MiB
2026/09/24 11:00:52.537, 3, 93 %, 67254 MiB
2026/09/24 11:00:52.537, 4, 94 %, 67254 MiB
2026/09/24 11:00:52.537, 5, 89 %, 67254 MiB
2026/09/24 11:00:52.537, 6, 95 %, 67110 MiB
2026/09/24 11:00:52.537, 7, 93 %, 67254 MiB
2026/09/24 11:00:57.537, 0, 0 %, 68302 MiB
2026/09/24 11:00:57.538, 1, 0 %, 68090 MiB
2026/09/24 11:00:57.538, 2, 0 %, 68090 MiB
2026/09/24 11:00:57.539, 3, 0 %, 68090 MiB
2026/09/24 11:00:57.539, 4, 0 %, 68090 MiB
2026/09/24 11:00:57.539, 5, 0 %, 68090 MiB
2026/09/24 11:00:57.539, 6, 0 %, 67802 MiB
2026/09/24 11:00:57.539, 7, 0 %, 68090 MiB
2026/09/24 11:01:02.539, 0, 0 %, 69878 MiB
2026/09/24 11:01:02.540, 1, 0 %, 69666 MiB
2026/09/24 11:01:02.540, 2, 0 %, 69666 MiB
2026/09/24 11:01:02.540, 3, 0 %, 69666 MiB
2026/09/24 11:01:02.540, 4, 0 %, 69666 MiB
2026/09/24 11:01:02.540, 5, 0 %, 69666 MiB
2026/09/24 11:01:02.540, 6, 0 %, 69378 MiB
2026/09/24 11:01:02.540, 7, 0 %, 69666 MiB
2026/09/24 11:01:07.540, 0, 98 %, 69880 MiB
2026/09/24 11:01:07.540, 1, 96 %, 69668 MiB
2026/09/24 11:01:07.540, 2, 96 %, 69668 MiB
2026/09/24 11:01:07.540, 3, 77 %, 69668 MiB
2026/09/24 11:01:07.540, 4, 96 %, 69668 MiB
2026/09/24 11:01:07.540, 5, 96 %, 69668 MiB
2026/09/24 11:01:07.540, 6, 97 %, 69380 MiB
2026/09/24 11:01:07.540, 7, 98 %, 69668 MiB
2026/09/24 11:01:12.541, 0, 98 %, 69880 MiB
2026/09/24 11:01:12.541, 1, 98 %, 69668 MiB
2026/09/24 11:01:12.541, 2, 98 %, 69668 MiB
2026/09/24 11:01:12.541, 3, 98 %, 69668 MiB
2026/09/24 11:01:12.541, 4, 98 %, 69668 MiB
2026/09/24 11:01:12.541, 5, 98 %, 69668 MiB
2026/09/24 11:01:12.541, 6, 98 %, 69380 MiB
2026/09/24 11:01:12.541, 7, 98 %, 69668 MiB
2026/09/24 11:01:17.541, 0, 99 %, 69880 MiB
2026/09/24 11:01:17.542, 1, 98 %, 69668 MiB
2026/09/24 11:01:17.543, 2, 98 %, 69668 MiB
2026/09/24 11:01:17.543, 3, 98 %, 69668 MiB
2026/09/24 11:01:17.543, 4, 98 %, 69668 MiB
2026/09/24 11:01:17.544, 5, 98 %, 69668 MiB
2026/09/24 11:01:17.544, 6, 99 %, 69380 MiB
2026/09/24 11:01:17.544, 7, 98 %, 69668 MiB
2026/09/24 11:01:22.545, 0, 98 %, 69880 MiB
2026/09/24 11:01:22.545, 1, 98 %, 69668 MiB
2026/09/24 11:01:22.545, 2, 98 %, 69668 MiB
2026/09/24 11:01:22.545, 3, 98 %, 69668 MiB
2026/09/24 11:01:22.545, 4, 98 %, 69668 MiB
2026/09/24 11:01:22.545, 5, 98 %, 69668 MiB
2026/09/24 11:01:22.545, 6, 98 %, 69380 MiB
2026/09/24 11:01:22.545, 7, 98 %, 69668 MiB
2026/09/24 11:01:27.545, 0, 98 %, 69884 MiB
2026/09/24 11:01:27.545, 1, 98 %, 69672 MiB
2026/09/24 11:01:27.545, 2, 98 %, 69672 MiB
2026/09/24 11:01:27.545, 3, 84 %, 69672 MiB
2026/09/24 11:01:27.545, 4, 98 %, 69672 MiB
2026/09/24 11:01:27.545, 5, 90 %, 69672 MiB
2026/09/24 11:01:27.545, 6, 85 %, 69384 MiB
2026/09/24 11:01:27.546, 7, 98 %, 69672 MiB
2026/09/24 11:01:32.546, 0, 0 %, 69884 MiB
2026/09/24 11:01:32.547, 1, 0 %, 69672 MiB
2026/09/24 11:01:32.547, 2, 0 %, 69672 MiB
2026/09/24 11:01:32.548, 3, 0 %, 69672 MiB
2026/09/24 11:01:32.548, 4, 0 %, 69672 MiB
2026/09/24 11:01:32.549, 5, 0 %, 69672 MiB
2026/09/24 11:01:32.550, 6, 0 %, 69384 MiB
2026/09/24 11:01:32.550, 7, 0 %, 69672 MiB
2026/09/24 11:01:37.551, 0, 0 %, 69884 MiB
2026/09/24 11:01:37.551, 1, 0 %, 69672 MiB
2026/09/24 11:01:37.556, 2, 0 %, 69672 MiB
2026/09/24 11:01:37.557, 3, 0 %, 69672 MiB
2026/09/24 11:01:37.558, 4, 0 %, 69672 MiB
2026/09/24 11:01:37.559, 5, 0 %, 69672 MiB
2026/09/24 11:01:37.559, 6, 0 %, 69384 MiB
2026/09/24 11:01:37.559, 7, 0 %, 69672 MiB
2026/09/24 11:01:42.559, 0, 99 %, 69884 MiB
2026/09/24 11:01:42.559, 1, 99 %, 69672 MiB
2026/09/24 11:01:42.559, 2, 99 %, 69672 MiB
2026/09/24 11:01:42.559, 3, 99 %, 69672 MiB
2026/09/24 11:01:42.559, 4, 99 %, 69672 MiB
2026/09/24 11:01:42.559, 5, 99 %, 69672 MiB
2026/09/24 11:01:42.597, 6, 98 %, 69384 MiB
2026/09/24 11:01:42.597, 7, 99 %, 69672 MiB
2026/09/24 11:01:47.598, 0, 99 %, 69886 MiB
2026/09/24 11:01:47.601, 1, 99 %, 69674 MiB
2026/09/24 11:01:47.603, 2, 99 %, 69674 MiB
2026/09/24 11:01:47.608, 3, 99 %, 69674 MiB
2026/09/24 11:01:47.608, 4, 98 %, 69674 MiB
2026/09/24 11:01:47.608, 5, 99 %, 69674 MiB
2026/09/24 11:01:47.608, 6, 99 %, 69386 MiB
2026/09/24 11:01:47.608, 7, 99 %, 69674 MiB
2026/09/24 11:01:52.608, 0, 99 %, 69890 MiB
2026/09/24 11:01:52.608, 1, 99 %, 69678 MiB
2026/09/24 11:01:52.609, 2, 99 %, 69678 MiB
2026/09/24 11:01:52.609, 3, 99 %, 69678 MiB
2026/09/24 11:01:52.609, 4, 99 %, 69678 MiB
2026/09/24 11:01:52.610, 5, 99 %, 69678 MiB
2026/09/24 11:01:52.610, 6, 99 %, 69390 MiB
2026/09/24 11:01:52.610, 7, 99 %, 69678 MiB
2026/09/24 11:01:57.611, 0, 99 %, 69890 MiB
2026/09/24 11:01:57.611, 1, 99 %, 69678 MiB
2026/09/24 11:01:57.611, 2, 99 %, 69678 MiB
2026/09/24 11:01:57.611, 3, 99 %, 69678 MiB
2026/09/24 11:01:57.611, 4, 99 %, 69678 MiB
2026/09/24 11:01:57.611, 5, 99 %, 69678 MiB
2026/09/24 11:01:57.611, 6, 99 %, 69390 MiB
2026/09/24 11:01:57.611, 7, 99 %, 69678 MiB
2026/09/24 11:02:02.611, 0, 99 %, 69890 MiB
2026/09/24 11:02:02.611, 1, 99 %, 69678 MiB
2026/09/24 11:02:02.612, 2, 99 %, 69678 MiB
2026/09/24 11:02:02.612, 3, 99 %, 69678 MiB
2026/09/24 11:02:02.612, 4, 93 %, 69678 MiB
2026/09/24 11:02:02.613, 5, 97 %, 69678 MiB
2026/09/24 11:02:02.613, 6, 94 %, 69390 MiB
2026/09/24 11:02:02.613, 7, 99 %, 69678 MiB
2026/09/24 11:02:07.613, 0, 97 %, 69890 MiB
2026/09/24 11:02:07.614, 1, 98 %, 69678 MiB
2026/09/24 11:02:07.614, 2, 99 %, 69678 MiB
2026/09/24 11:02:07.614, 3, 97 %, 69678 MiB
2026/09/24 11:02:07.614, 4, 97 %, 69678 MiB
2026/09/24 11:02:07.614, 5, 97 %, 69678 MiB
2026/09/24 11:02:07.614, 6, 97 %, 69390 MiB
2026/09/24 11:02:07.614, 7, 97 %, 69678 MiB
2026/09/24 11:02:12.614, 0, 98 %, 69890 MiB
2026/09/24 11:02:12.614, 1, 99 %, 69678 MiB
2026/09/24 11:02:12.614, 2, 98 %, 69678 MiB
2026/09/24 11:02:12.614, 3, 99 %, 69678 MiB
2026/09/24 11:02:12.614, 4, 98 %, 69678 MiB
2026/09/24 11:02:12.614, 5, 98 %, 69678 MiB
2026/09/24 11:02:12.614, 6, 99 %, 69390 MiB
2026/09/24 11:02:12.614, 7, 98 %, 69678 MiB
2026/09/24 11:02:17.614, 0, 99 %, 69894 MiB
2026/09/24 11:02:17.615, 1, 99 %, 69682 MiB
2026/09/24 11:02:17.615, 2, 99 %, 69682 MiB
2026/09/24 11:02:17.615, 3, 99 %, 69682 MiB
2026/09/24 11:02:17.615, 4, 97 %, 69682 MiB
2026/09/24 11:02:17.615, 5, 99 %, 69682 MiB
2026/09/24 11:02:17.615, 6, 99 %, 69394 MiB
2026/09/24 11:02:17.615, 7, 99 %, 69682 MiB
2026/09/24 11:02:22.615, 0, 99 %, 69916 MiB
2026/09/24 11:02:22.615, 1, 99 %, 69704 MiB
2026/09/24 11:02:22.615, 2, 99 %, 69704 MiB
2026/09/24 11:02:22.615, 3, 99 %, 69704 MiB
2026/09/24 11:02:22.615, 4, 97 %, 69704 MiB
2026/09/24 11:02:22.615, 5, 99 %, 69704 MiB
2026/09/24 11:02:22.615, 6, 99 %, 69416 MiB
2026/09/24 11:02:22.615, 7, 99 %, 69704 MiB
2026/09/24 11:02:27.615, 0, 97 %, 69916 MiB
2026/09/24 11:02:27.832, 1, 99 %, 69704 MiB
2026/09/24 11:02:27.837, 2, 99 %, 69704 MiB
2026/09/24 11:02:27.837, 3, 99 %, 69704 MiB
2026/09/24 11:02:27.838, 4, 99 %, 69704 MiB
2026/09/24 11:02:27.838, 5, 99 %, 69704 MiB
2026/09/24 11:02:27.839, 6, 99 %, 69416 MiB
2026/09/24 11:02:27.839, 7, 99 %, 69704 MiB
2026/09/24 11:02:32.840, 0, 99 %, 70428 MiB
2026/09/24 11:02:32.840, 1, 99 %, 70216 MiB
2026/09/24 11:02:32.840, 2, 99 %, 70216 MiB
2026/09/24 11:02:32.840, 3, 99 %, 70216 MiB
2026/09/24 11:02:32.840, 4, 99 %, 70216 MiB
2026/09/24 11:02:32.840, 5, 99 %, 70216 MiB
2026/09/24 11:02:32.840, 6, 99 %, 69928 MiB
2026/09/24 11:02:32.840, 7, 99 %, 70216 MiB
2026/09/24 11:02:37.840, 0, 99 %, 70428 MiB
2026/09/24 11:02:37.840, 1, 99 %, 70216 MiB
2026/09/24 11:02:37.840, 2, 97 %, 70216 MiB
2026/09/24 11:02:37.841, 3, 99 %, 70216 MiB
2026/09/24 11:02:37.841, 4, 99 %, 70216 MiB
2026/09/24 11:02:37.842, 5, 97 %, 70216 MiB
2026/09/24 11:02:37.842, 6, 99 %, 69928 MiB
2026/09/24 11:02:37.842, 7, 97 %, 70216 MiB
2026/09/24 11:02:42.843, 0, 97 %, 70430 MiB
2026/09/24 11:02:42.843, 1, 97 %, 70218 MiB
2026/09/24 11:02:42.843, 2, 98 %, 70218 MiB
2026/09/24 11:02:42.843, 3, 98 %, 70218 MiB
2026/09/24 11:02:42.843, 4, 97 %, 70218 MiB
2026/09/24 11:02:42.843, 5, 98 %, 70218 MiB
2026/09/24 11:02:42.843, 6, 98 %, 69930 MiB
2026/09/24 11:02:42.843, 7, 98 %, 70218 MiB
2026/09/24 11:02:47.843, 0, 99 %, 70430 MiB
2026/09/24 11:02:47.843, 1, 99 %, 70218 MiB
2026/09/24 11:02:47.843, 2, 99 %, 70218 MiB
2026/09/24 11:02:47.843, 3, 99 %, 70218 MiB
2026/09/24 11:02:47.843, 4, 99 %, 70218 MiB
2026/09/24 11:02:47.843, 5, 99 %, 70218 MiB
2026/09/24 11:02:47.843, 6, 99 %, 69930 MiB
2026/09/24 11:02:47.843, 7, 99 %, 70218 MiB
2026/09/24 11:02:52.844, 0, 98 %, 70430 MiB
2026/09/24 11:02:52.844, 1, 99 %, 70218 MiB
2026/09/24 11:02:52.844, 2, 97 %, 70218 MiB
2026/09/24 11:02:52.844, 3, 96 %, 70218 MiB
2026/09/24 11:02:52.844, 4, 97 %, 70218 MiB
2026/09/24 11:02:52.845, 5, 96 %, 70218 MiB
2026/09/24 11:02:52.845, 6, 97 %, 69930 MiB
2026/09/24 11:02:52.846, 7, 96 %, 70218 MiB
2026/09/24 11:02:57.846, 0, 79 %, 70430 MiB
2026/09/24 11:02:57.873, 1, 79 %, 70218 MiB
2026/09/24 11:02:57.873, 2, 84 %, 70218 MiB
2026/09/24 11:02:57.873, 3, 79 %, 70218 MiB
2026/09/24 11:02:57.873, 4, 99 %, 70218 MiB
2026/09/24 11:02:57.873, 5, 93 %, 70218 MiB
2026/09/24 11:02:57.873, 6, 82 %, 69930 MiB
2026/09/24 11:02:57.873, 7, 100 %, 70218 MiB
2026/09/24 11:03:02.874, 0, 99 %, 70430 MiB
2026/09/24 11:03:02.874, 1, 99 %, 70218 MiB
2026/09/24 11:03:02.874, 2, 98 %, 70218 MiB
2026/09/24 11:03:02.874, 3, 99 %, 70218 MiB
2026/09/24 11:03:02.874, 4, 99 %, 70218 MiB
2026/09/24 11:03:02.874, 5, 99 %, 70218 MiB
2026/09/24 11:03:02.874, 6, 98 %, 69930 MiB
2026/09/24 11:03:02.874, 7, 99 %, 70218 MiB
2026/09/24 11:03:07.874, 0, 99 %, 70430 MiB
2026/09/24 11:03:07.874, 1, 97 %, 70218 MiB
2026/09/24 11:03:07.875, 2, 99 %, 70218 MiB
2026/09/24 11:03:07.875, 3, 99 %, 70218 MiB
2026/09/24 11:03:07.875, 4, 99 %, 70218 MiB
2026/09/24 11:03:07.876, 5, 99 %, 70218 MiB
2026/09/24 11:03:07.876, 6, 99 %, 69930 MiB
2026/09/24 11:03:07.877, 7, 99 %, 70218 MiB
2026/09/24 11:03:12.877, 0, 99 %, 70432 MiB
2026/09/24 11:03:12.877, 1, 99 %, 70220 MiB
2026/09/24 11:03:12.877, 2, 98 %, 70220 MiB
2026/09/24 11:03:12.877, 3, 97 %, 70220 MiB
2026/09/24 11:03:12.877, 4, 97 %, 70220 MiB
2026/09/24 11:03:12.877, 5, 98 %, 70220 MiB
2026/09/24 11:03:12.877, 6, 98 %, 69932 MiB
2026/09/24 11:03:12.877, 7, 97 %, 70220 MiB
2026/09/24 11:03:17.878, 0, 92 %, 70432 MiB
2026/09/24 11:03:17.878, 1, 93 %, 70220 MiB
2026/09/24 11:03:17.878, 2, 95 %, 70220 MiB
2026/09/24 11:03:17.878, 3, 92 %, 70220 MiB
2026/09/24 11:03:17.878, 4, 95 %, 70220 MiB
2026/09/24 11:03:17.878, 5, 95 %, 70220 MiB
2026/09/24 11:03:17.878, 6, 91 %, 69932 MiB
2026/09/24 11:03:17.878, 7, 95 %, 70220 MiB
2026/09/24 11:03:22.878, 0, 99 %, 70432 MiB
2026/09/24 11:03:22.881, 1, 99 %, 70220 MiB
2026/09/24 11:03:22.881, 2, 99 %, 70220 MiB
2026/09/24 11:03:22.883, 3, 99 %, 70220 MiB
2026/09/24 11:03:22.884, 4, 99 %, 70220 MiB
2026/09/24 11:03:22.884, 5, 99 %, 70220 MiB
2026/09/24 11:03:22.885, 6, 99 %, 69932 MiB
2026/09/24 11:03:22.886, 7, 99 %, 70220 MiB
2026/09/24 11:03:27.887, 0, 99 %, 70434 MiB
2026/09/24 11:03:27.887, 1, 99 %, 70222 MiB
2026/09/24 11:03:27.887, 2, 99 %, 70222 MiB
2026/09/24 11:03:27.887, 3, 98 %, 70222 MiB
2026/09/24 11:03:27.887, 4, 98 %, 70222 MiB
2026/09/24 11:03:27.887, 5, 99 %, 70222 MiB
2026/09/24 11:03:27.887, 6, 98 %, 69934 MiB
2026/09/24 11:03:27.887, 7, 98 %, 70222 MiB
2026/09/24 11:03:32.888, 0, 100 %, 70434 MiB
2026/09/24 11:03:33.166, 1, 100 %, 70222 MiB
2026/09/24 11:03:33.540, 2, 100 %, 70222 MiB
2026/09/24 11:03:33.542, 3, 100 %, 70222 MiB
2026/09/24 11:03:33.916, 4, 95 %, 70222 MiB
2026/09/24 11:03:33.916, 5, 97 %, 70222 MiB
2026/09/24 11:03:33.923, 6, 94 %, 69934 MiB
2026/09/24 11:03:33.932, 7, 100 %, 70222 MiB
2026/09/24 11:03:38.934, 0, 99 %, 70436 MiB
2026/09/24 11:03:38.934, 1, 99 %, 70224 MiB
2026/09/24 11:03:38.934, 2, 99 %, 70224 MiB
2026/09/24 11:03:38.934, 3, 99 %, 70224 MiB
2026/09/24 11:03:38.935, 4, 99 %, 70224 MiB
2026/09/24 11:03:38.935, 5, 99 %, 70224 MiB
2026/09/24 11:03:38.935, 6, 99 %, 69936 MiB
2026/09/24 11:03:38.936, 7, 99 %, 70224 MiB
2026/09/24 11:03:43.937, 0, 95 %, 70436 MiB
2026/09/24 11:03:43.937, 1, 94 %, 70224 MiB
2026/09/24 11:03:43.937, 2, 96 %, 70224 MiB
2026/09/24 11:03:43.937, 3, 94 %, 70224 MiB
2026/09/24 11:03:43.938, 4, 95 %, 70224 MiB
2026/09/24 11:03:43.938, 5, 94 %, 70224 MiB
2026/09/24 11:03:43.939, 6, 93 %, 69936 MiB
2026/09/24 11:03:43.939, 7, 95 %, 70224 MiB
2026/09/24 11:03:48.939, 0, 100 %, 70436 MiB
2026/09/24 11:03:48.940, 1, 100 %, 70224 MiB
2026/09/24 11:03:48.940, 2, 100 %, 70224 MiB
2026/09/24 11:03:48.940, 3, 100 %, 70224 MiB
2026/09/24 11:03:48.940, 4, 100 %, 70224 MiB
2026/09/24 11:03:48.940, 5, 100 %, 70224 MiB
2026/09/24 11:03:48.940, 6, 99 %, 69936 MiB
2026/09/24 11:03:48.940, 7, 100 %, 70224 MiB
2026/09/24 11:03:53.940, 0, 96 %, 70436 MiB
2026/09/24 11:03:53.940, 1, 96 %, 70224 MiB
2026/09/24 11:03:53.940, 2, 90 %, 70224 MiB
2026/09/24 11:03:53.940, 3, 100 %, 70224 MiB
2026/09/24 11:03:53.940, 4, 95 %, 70224 MiB
2026/09/24 11:03:53.940, 5, 91 %, 70224 MiB
2026/09/24 11:03:53.940, 6, 89 %, 69936 MiB
2026/09/24 11:03:53.940, 7, 88 %, 70224 MiB
2026/09/24 11:03:58.941, 0, 92 %, 70436 MiB
2026/09/24 11:03:59.165, 1, 100 %, 70224 MiB
2026/09/24 11:03:59.172, 2, 100 %, 70224 MiB
2026/09/24 11:03:59.172, 3, 100 %, 70224 MiB
2026/09/24 11:03:59.176, 4, 100 %, 70224 MiB
2026/09/24 11:03:59.178, 5, 100 %, 70224 MiB
2026/09/24 11:03:59.181, 6, 100 %, 69936 MiB
2026/09/24 11:03:59.186, 7, 100 %, 70224 MiB
2026/09/24 11:04:04.188, 0, 82 %, 70436 MiB
2026/09/24 11:04:04.188, 1, 94 %, 70224 MiB
2026/09/24 11:04:04.188, 2, 91 %, 70224 MiB
2026/09/24 11:04:04.188, 3, 89 %, 70224 MiB
2026/09/24 11:04:04.191, 4, 95 %, 70226 MiB
2026/09/24 11:04:04.193, 5, 91 %, 70224 MiB
2026/09/24 11:04:04.195, 6, 90 %, 69936 MiB
2026/09/24 11:04:04.196, 7, 93 %, 70226 MiB
2026/09/24 11:04:09.198, 0, 100 %, 70436 MiB
2026/09/24 11:04:09.198, 1, 100 %, 70224 MiB
2026/09/24 11:04:09.198, 2, 100 %, 70224 MiB
2026/09/24 11:04:09.198, 3, 100 %, 70224 MiB
2026/09/24 11:04:09.198, 4, 100 %, 70226 MiB
2026/09/24 11:04:09.203, 5, 100 %, 70224 MiB
2026/09/24 11:04:09.206, 6, 100 %, 69936 MiB
2026/09/24 11:04:09.211, 7, 100 %, 70226 MiB
2026/09/24 11:04:14.214, 0, 100 %, 70436 MiB
2026/09/24 11:04:14.214, 1, 100 %, 70224 MiB
2026/09/24 11:04:14.214, 2, 96 %, 70224 MiB
2026/09/24 11:04:14.214, 3, 90 %, 70224 MiB
2026/09/24 11:04:14.214, 4, 100 %, 70226 MiB
2026/09/24 11:04:14.214, 5, 96 %, 70224 MiB
2026/09/24 11:04:14.214, 6, 82 %, 69936 MiB
2026/09/24 11:04:14.214, 7, 93 %, 70226 MiB
2026/09/24 11:04:19.215, 0, 70 %, 70436 MiB
2026/09/24 11:04:19.215, 1, 68 %, 70224 MiB
2026/09/24 11:04:19.215, 2, 81 %, 70224 MiB
2026/09/24 11:04:19.215, 3, 91 %, 70224 MiB
2026/09/24 11:04:19.216, 4, 100 %, 70226 MiB
2026/09/24 11:04:19.216, 5, 100 %, 70224 MiB
2026/09/24 11:04:19.216, 6, 100 %, 69936 MiB
2026/09/24 11:04:19.217, 7, 82 %, 70226 MiB
2026/09/24 11:04:24.217, 0, 94 %, 70436 MiB
2026/09/24 11:04:24.297, 1, 100 %, 70224 MiB
2026/09/24 11:04:24.297, 2, 97 %, 70224 MiB
2026/09/24 11:04:24.298, 3, 100 %, 70224 MiB
2026/09/24 11:04:24.298, 4, 94 %, 70226 MiB
2026/09/24 11:04:24.298, 5, 97 %, 70224 MiB
2026/09/24 11:04:24.298, 6, 98 %, 69936 MiB
2026/09/24 11:04:24.298, 7, 35 %, 70226 MiB
2026/09/24 11:04:29.298, 0, 100 %, 70436 MiB
2026/09/24 11:04:29.298, 1, 100 %, 70224 MiB
2026/09/24 11:04:29.298, 2, 100 %, 70224 MiB
2026/09/24 11:04:29.298, 3, 100 %, 70224 MiB
2026/09/24 11:04:29.298, 4, 100 %, 70226 MiB
2026/09/24 11:04:29.298, 5, 100 %, 70224 MiB
2026/09/24 11:04:29.298, 6, 100 %, 69936 MiB
2026/09/24 11:04:29.298, 7, 100 %, 70226 MiB
2026/09/24 11:04:34.299, 0, 70 %, 70436 MiB
2026/09/24 11:04:34.299, 1, 70 %, 70224 MiB
2026/09/24 11:04:34.299, 2, 78 %, 70224 MiB
2026/09/24 11:04:34.300, 3, 80 %, 70224 MiB
2026/09/24 11:04:34.300, 4, 71 %, 70226 MiB
2026/09/24 11:04:34.300, 5, 75 %, 70224 MiB
2026/09/24 11:04:34.301, 6, 78 %, 69936 MiB
2026/09/24 11:04:34.301, 7, 78 %, 70226 MiB
2026/09/24 11:04:39.302, 0, 99 %, 70436 MiB
2026/09/24 11:04:39.302, 1, 99 %, 70224 MiB
2026/09/24 11:04:39.302, 2, 99 %, 70224 MiB
2026/09/24 11:04:39.303, 3, 99 %, 70224 MiB
2026/09/24 11:04:39.303, 4, 99 %, 70226 MiB
2026/09/24 11:04:39.304, 5, 99 %, 70224 MiB
2026/09/24 11:04:39.304, 6, 99 %, 69936 MiB
2026/09/24 11:04:39.304, 7, 99 %, 70226 MiB
2026/09/24 11:04:44.306, 0, 100 %, 70436 MiB
2026/09/24 11:04:44.313, 1, 100 %, 70224 MiB
2026/09/24 11:04:44.318, 2, 100 %, 70224 MiB
2026/09/24 11:04:44.320, 3, 100 %, 70224 MiB
2026/09/24 11:04:44.325, 4, 100 %, 70226 MiB
2026/09/24 11:04:44.327, 5, 100 %, 70224 MiB
2026/09/24 11:04:44.716, 6, 100 %, 69936 MiB
2026/09/24 11:04:44.724, 7, 100 %, 70226 MiB
2026/09/24 11:04:49.724, 0, 81 %, 70436 MiB
2026/09/24 11:04:49.729, 1, 78 %, 70224 MiB
2026/09/24 11:04:49.733, 2, 92 %, 70224 MiB
2026/09/24 11:04:49.738, 3, 97 %, 70224 MiB
2026/09/24 11:04:49.741, 4, 82 %, 70226 MiB
2026/09/24 11:04:49.741, 5, 90 %, 70224 MiB
2026/09/24 11:04:49.741, 6, 93 %, 69936 MiB
2026/09/24 11:04:49.741, 7, 90 %, 70226 MiB
2026/09/24 11:04:54.741, 0, 100 %, 70438 MiB
2026/09/24 11:04:55.098, 1, 100 %, 70226 MiB
2026/09/24 11:04:55.103, 2, 100 %, 70226 MiB
2026/09/24 11:04:55.103, 3, 100 %, 70226 MiB
2026/09/24 11:04:55.103, 4, 100 %, 70228 MiB
2026/09/24 11:04:55.103, 5, 100 %, 70226 MiB
2026/09/24 11:04:55.103, 6, 100 %, 69938 MiB
2026/09/24 11:04:55.103, 7, 100 %, 70228 MiB
2026/09/24 11:05:00.103, 0, 80 %, 70438 MiB
2026/09/24 11:05:00.329, 1, 90 %, 70226 MiB
2026/09/24 11:05:00.330, 2, 92 %, 70226 MiB
2026/09/24 11:05:00.330, 3, 94 %, 70226 MiB
2026/09/24 11:05:00.330, 4, 78 %, 70228 MiB
2026/09/24 11:05:00.330, 5, 84 %, 70226 MiB
2026/09/24 11:05:00.330, 6, 92 %, 69938 MiB
2026/09/24 11:05:00.330, 7, 92 %, 70228 MiB
2026/09/24 11:05:05.330, 0, 99 %, 70438 MiB
2026/09/24 11:05:05.330, 1, 99 %, 70226 MiB
2026/09/24 11:05:05.330, 2, 99 %, 70226 MiB
2026/09/24 11:05:05.330, 3, 99 %, 70226 MiB
2026/09/24 11:05:05.330, 4, 97 %, 70228 MiB
2026/09/24 11:05:05.330, 5, 99 %, 70226 MiB
2026/09/24 11:05:05.330, 6, 99 %, 69938 MiB
2026/09/24 11:05:05.330, 7, 99 %, 70228 MiB
2026/09/24 11:05:10.331, 0, 100 %, 70438 MiB
2026/09/24 11:05:10.331, 1, 86 %, 70226 MiB
2026/09/24 11:05:10.331, 2, 92 %, 70226 MiB
2026/09/24 11:05:10.331, 3, 98 %, 70226 MiB
2026/09/24 11:05:10.331, 4, 100 %, 70228 MiB
2026/09/24 11:05:10.331, 5, 92 %, 70226 MiB
2026/09/24 11:05:10.331, 6, 94 %, 69938 MiB
2026/09/24 11:05:10.331, 7, 92 %, 70228 MiB
2026/09/24 11:05:15.331, 0, 100 %, 70438 MiB
2026/09/24 11:05:15.331, 1, 98 %, 70226 MiB
2026/09/24 11:05:15.331, 2, 100 %, 70226 MiB
2026/09/24 11:05:15.331, 3, 100 %, 70226 MiB
2026/09/24 11:05:15.331, 4, 100 %, 70228 MiB
2026/09/24 11:05:15.331, 5, 100 %, 70226 MiB
2026/09/24 11:05:15.331, 6, 100 %, 69938 MiB
2026/09/24 11:05:15.331, 7, 100 %, 70228 MiB
2026/09/24 11:05:20.332, 0, 100 %, 70438 MiB
2026/09/24 11:05:20.333, 1, 100 %, 70226 MiB
2026/09/24 11:05:20.335, 2, 100 %, 70226 MiB
2026/09/24 11:05:20.336, 3, 100 %, 70226 MiB
2026/09/24 11:05:20.336, 4, 100 %, 70228 MiB
2026/09/24 11:05:20.340, 5, 100 %, 70226 MiB
2026/09/24 11:05:20.341, 6, 100 %, 69938 MiB
2026/09/24 11:05:20.341, 7, 100 %, 70228 MiB
2026/09/24 11:05:25.343, 0, 100 %, 70438 MiB
2026/09/24 11:05:25.343, 1, 100 %, 70226 MiB
2026/09/24 11:05:25.343, 2, 100 %, 70226 MiB
2026/09/24 11:05:25.343, 3, 100 %, 70226 MiB
2026/09/24 11:05:25.343, 4, 100 %, 70228 MiB
2026/09/24 11:05:25.343, 5, 100 %, 70226 MiB
2026/09/24 11:05:25.343, 6, 100 %, 69938 MiB
2026/09/24 11:05:25.343, 7, 100 %, 70228 MiB
2026/09/24 11:05:30.343, 0, 97 %, 70438 MiB
2026/09/24 11:05:30.348, 1, 99 %, 70226 MiB
2026/09/24 11:05:30.348, 2, 98 %, 70226 MiB
2026/09/24 11:05:30.349, 3, 98 %, 70226 MiB
2026/09/24 11:05:30.349, 4, 97 %, 70228 MiB
2026/09/24 11:05:30.349, 5, 98 %, 70226 MiB
2026/09/24 11:05:30.349, 6, 99 %, 69938 MiB
2026/09/24 11:05:30.349, 7, 97 %, 70228 MiB
2026/09/24 11:05:35.349, 0, 98 %, 70438 MiB
2026/09/24 11:05:35.349, 1, 98 %, 70226 MiB
2026/09/24 11:05:35.349, 2, 98 %, 70226 MiB
2026/09/24 11:05:35.349, 3, 99 %, 70226 MiB
2026/09/24 11:05:35.349, 4, 99 %, 70228 MiB
2026/09/24 11:05:35.349, 5, 98 %, 70226 MiB
2026/09/24 11:05:35.349, 6, 98 %, 69938 MiB
2026/09/24 11:05:35.349, 7, 98 %, 70228 MiB
2026/09/24 11:05:40.350, 0, 100 %, 70438 MiB
2026/09/24 11:05:40.350, 1, 100 %, 70226 MiB
2026/09/24 11:05:40.350, 2, 100 %, 70226 MiB
2026/09/24 11:05:40.350, 3, 100 %, 70226 MiB
2026/09/24 11:05:40.350, 4, 100 %, 70228 MiB
2026/09/24 11:05:40.350, 5, 100 %, 70226 MiB
2026/09/24 11:05:40.350, 6, 100 %, 69938 MiB
2026/09/24 11:05:40.350, 7, 100 %, 70228 MiB
2026/09/24 11:05:45.350, 0, 99 %, 70438 MiB
2026/09/24 11:05:45.350, 1, 99 %, 70226 MiB
2026/09/24 11:05:45.350, 2, 99 %, 70226 MiB
2026/09/24 11:05:45.350, 3, 99 %, 70226 MiB
2026/09/24 11:05:45.350, 4, 99 %, 70228 MiB
2026/09/24 11:05:45.350, 5, 99 %, 70226 MiB
2026/09/24 11:05:45.350, 6, 97 %, 69938 MiB
2026/09/24 11:05:45.350, 7, 99 %, 70228 MiB
2026/09/24 11:05:50.351, 0, 100 %, 70438 MiB
2026/09/24 11:05:50.351, 1, 100 %, 70226 MiB
2026/09/24 11:05:50.351, 2, 100 %, 70226 MiB
2026/09/24 11:05:50.351, 3, 100 %, 70226 MiB
2026/09/24 11:05:50.351, 4, 100 %, 70228 MiB
2026/09/24 11:05:50.351, 5, 100 %, 70226 MiB
2026/09/24 11:05:50.351, 6, 100 %, 69938 MiB
2026/09/24 11:05:50.351, 7, 100 %, 70228 MiB
2026/09/24 11:05:55.351, 0, 100 %, 70438 MiB
2026/09/24 11:05:55.352, 1, 100 %, 70226 MiB
2026/09/24 11:05:55.352, 2, 100 %, 70226 MiB
2026/09/24 11:05:55.352, 3, 100 %, 70226 MiB
2026/09/24 11:05:55.352, 4, 100 %, 70228 MiB
2026/09/24 11:05:55.352, 5, 100 %, 70226 MiB
2026/09/24 11:05:55.352, 6, 100 %, 69938 MiB
2026/09/24 11:05:55.352, 7, 100 %, 70228 MiB
2026/09/24 11:06:00.352, 0, 85 %, 70438 MiB
2026/09/24 11:06:00.354, 1, 94 %, 70226 MiB
2026/09/24 11:06:00.355, 2, 100 %, 70226 MiB
2026/09/24 11:06:00.357, 3, 100 %, 70226 MiB
2026/09/24 11:06:00.358, 4, 88 %, 70228 MiB
2026/09/24 11:06:00.358, 5, 69 %, 70226 MiB
2026/09/24 11:06:00.358, 6, 100 %, 69938 MiB
2026/09/24 11:06:00.359, 7, 69 %, 70228 MiB
2026/09/24 11:06:05.359, 0, 97 %, 70438 MiB
2026/09/24 11:06:05.359, 1, 98 %, 70226 MiB
2026/09/24 11:06:05.359, 2, 98 %, 70226 MiB
2026/09/24 11:06:05.360, 3, 98 %, 70226 MiB
2026/09/24 11:06:05.360, 4, 99 %, 70228 MiB
2026/09/24 11:06:05.360, 5, 98 %, 70226 MiB
2026/09/24 11:06:05.360, 6, 98 %, 69938 MiB
2026/09/24 11:06:05.360, 7, 98 %, 70228 MiB
2026/09/24 11:06:10.360, 0, 100 %, 70438 MiB
2026/09/24 11:06:10.360, 1, 94 %, 70226 MiB
2026/09/24 11:06:10.360, 2, 98 %, 70226 MiB
2026/09/24 11:06:10.361, 3, 100 %, 70226 MiB
2026/09/24 11:06:10.361, 4, 90 %, 70228 MiB
2026/09/24 11:06:10.361, 5, 98 %, 70226 MiB
2026/09/24 11:06:10.362, 6, 100 %, 69938 MiB
2026/09/24 11:06:10.362, 7, 96 %, 70228 MiB
2026/09/24 11:06:15.363, 0, 86 %, 70438 MiB
2026/09/24 11:06:15.363, 1, 79 %, 70226 MiB
2026/09/24 11:06:15.363, 2, 98 %, 70226 MiB
2026/09/24 11:06:15.363, 3, 94 %, 70226 MiB
2026/09/24 11:06:15.363, 4, 100 %, 70228 MiB
2026/09/24 11:06:15.363, 5, 98 %, 70226 MiB
2026/09/24 11:06:15.363, 6, 98 %, 69938 MiB
2026/09/24 11:06:15.363, 7, 100 %, 70228 MiB
2026/09/24 11:06:20.363, 0, 100 %, 70438 MiB
2026/09/24 11:06:20.363, 1, 100 %, 70226 MiB
2026/09/24 11:06:20.363, 2, 100 %, 70226 MiB
2026/09/24 11:06:20.363, 3, 100 %, 70226 MiB
2026/09/24 11:06:20.363, 4, 100 %, 70228 MiB
2026/09/24 11:06:20.363, 5, 100 %, 70226 MiB
2026/09/24 11:06:20.363, 6, 100 %, 69938 MiB
2026/09/24 11:06:20.363, 7, 100 %, 70228 MiB
2026/09/24 11:06:25.364, 0, 65 %, 70438 MiB
2026/09/24 11:06:25.364, 1, 86 %, 70226 MiB
2026/09/24 11:06:25.364, 2, 79 %, 70226 MiB
2026/09/24 11:06:25.364, 3, 70 %, 70226 MiB
2026/09/24 11:06:25.364, 4, 67 %, 70228 MiB
2026/09/24 11:06:25.364, 5, 81 %, 70226 MiB
2026/09/24 11:06:25.364, 6, 79 %, 69938 MiB
2026/09/24 11:06:25.364, 7, 79 %, 70228 MiB
2026/09/24 11:06:30.364, 0, 89 %, 70438 MiB
2026/09/24 11:06:30.365, 1, 100 %, 70226 MiB
2026/09/24 11:06:30.365, 2, 100 %, 70226 MiB
2026/09/24 11:06:30.366, 3, 100 %, 70226 MiB
2026/09/24 11:06:30.366, 4, 85 %, 70228 MiB
2026/09/24 11:06:30.367, 5, 100 %, 70226 MiB
2026/09/24 11:06:30.367, 6, 100 %, 69938 MiB
2026/09/24 11:06:30.368, 7, 100 %, 70228 MiB
2026/09/24 11:06:35.369, 0, 100 %, 70438 MiB
2026/09/24 11:06:35.369, 1, 100 %, 70226 MiB
2026/09/24 11:06:35.369, 2, 100 %, 70226 MiB
2026/09/24 11:06:35.369, 3, 100 %, 70226 MiB
2026/09/24 11:06:35.369, 4, 100 %, 70228 MiB
2026/09/24 11:06:35.370, 5, 100 %, 70226 MiB
2026/09/24 11:06:35.370, 6, 100 %, 69938 MiB
2026/09/24 11:06:35.370, 7, 100 %, 70228 MiB
2026/09/24 11:06:40.370, 0, 100 %, 70438 MiB
2026/09/24 11:06:40.479, 1, 100 %, 70226 MiB
2026/09/24 11:06:40.479, 2, 100 %, 70226 MiB
2026/09/24 11:06:40.480, 3, 100 %, 70226 MiB
2026/09/24 11:06:40.485, 4, 100 %, 70228 MiB
2026/09/24 11:06:40.485, 5, 100 %, 70226 MiB
2026/09/24 11:06:40.485, 6, 100 %, 69938 MiB
2026/09/24 11:06:40.490, 7, 100 %, 70228 MiB
2026/09/24 11:06:45.497, 0, 100 %, 70438 MiB
2026/09/24 11:06:45.497, 1, 100 %, 70226 MiB
2026/09/24 11:06:45.497, 2, 100 %, 70228 MiB
2026/09/24 11:06:45.497, 3, 100 %, 70228 MiB
2026/09/24 11:06:45.497, 4, 100 %, 70228 MiB
2026/09/24 11:06:45.497, 5, 100 %, 70226 MiB
2026/09/24 11:06:45.497, 6, 100 %, 69940 MiB
2026/09/24 11:06:45.497, 7, 100 %, 70228 MiB
2026/09/24 11:06:50.498, 0, 100 %, 70438 MiB
2026/09/24 11:06:50.498, 1, 100 %, 70226 MiB
2026/09/24 11:06:50.499, 2, 100 %, 70228 MiB
2026/09/24 11:06:50.499, 3, 100 %, 70228 MiB
2026/09/24 11:06:50.500, 4, 100 %, 70228 MiB
2026/09/24 11:06:50.500, 5, 100 %, 70226 MiB
2026/09/24 11:06:50.500, 6, 100 %, 69940 MiB
2026/09/24 11:06:50.500, 7, 100 %, 70228 MiB
2026/09/24 11:06:55.501, 0, 96 %, 70438 MiB
2026/09/24 11:06:55.501, 1, 74 %, 70226 MiB
2026/09/24 11:06:55.502, 2, 100 %, 70228 MiB
2026/09/24 11:06:55.502, 3, 100 %, 70228 MiB
2026/09/24 11:06:55.502, 4, 89 %, 70228 MiB
2026/09/24 11:06:55.503, 5, 100 %, 70226 MiB
2026/09/24 11:06:55.503, 6, 100 %, 69940 MiB
2026/09/24 11:06:55.503, 7, 100 %, 70228 MiB
2026/09/24 11:07:00.503, 0, 99 %, 70438 MiB
2026/09/24 11:07:00.504, 1, 98 %, 70226 MiB
2026/09/24 11:07:00.508, 2, 100 %, 70228 MiB
2026/09/24 11:07:00.510, 3, 100 %, 70228 MiB
2026/09/24 11:07:00.513, 4, 100 %, 70228 MiB
2026/09/24 11:07:00.513, 5, 97 %, 70226 MiB
2026/09/24 11:07:00.514, 6, 97 %, 69940 MiB
2026/09/24 11:07:00.514, 7, 97 %, 70228 MiB
2026/09/24 11:07:05.515, 0, 99 %, 70438 MiB
2026/09/24 11:07:05.516, 1, 99 %, 70226 MiB
2026/09/24 11:07:05.519, 2, 98 %, 70228 MiB
2026/09/24 11:07:05.523, 3, 98 %, 70228 MiB
2026/09/24 11:07:05.527, 4, 97 %, 70228 MiB
2026/09/24 11:07:05.528, 5, 99 %, 70226 MiB
2026/09/24 11:07:05.532, 6, 99 %, 69940 MiB
2026/09/24 11:07:05.535, 7, 98 %, 70228 MiB
2026/09/24 11:07:10.536, 0, 99 %, 70438 MiB
2026/09/24 11:07:10.536, 1, 99 %, 70226 MiB
2026/09/24 11:07:10.537, 2, 99 %, 70228 MiB
2026/09/24 11:07:10.537, 3, 99 %, 70228 MiB
2026/09/24 11:07:10.537, 4, 99 %, 70228 MiB
2026/09/24 11:07:10.538, 5, 99 %, 70226 MiB
2026/09/24 11:07:10.538, 6, 99 %, 69940 MiB
2026/09/24 11:07:10.539, 7, 99 %, 70228 MiB
2026/09/24 11:07:15.540, 0, 100 %, 70442 MiB
2026/09/24 11:07:15.540, 1, 100 %, 70230 MiB
2026/09/24 11:07:15.540, 2, 100 %, 70232 MiB
2026/09/24 11:07:15.541, 3, 100 %, 70230 MiB
2026/09/24 11:07:15.541, 4, 100 %, 70232 MiB
2026/09/24 11:07:15.541, 5, 100 %, 70230 MiB
2026/09/24 11:07:15.542, 6, 100 %, 69944 MiB
2026/09/24 11:07:15.542, 7, 100 %, 70232 MiB
2026/09/24 11:07:20.543, 0, 99 %, 70442 MiB
2026/09/24 11:07:20.543, 1, 97 %, 70230 MiB
2026/09/24 11:07:20.543, 2, 97 %, 70232 MiB
2026/09/24 11:07:20.544, 3, 97 %, 70230 MiB
2026/09/24 11:07:20.544, 4, 99 %, 70232 MiB
2026/09/24 11:07:20.544, 5, 97 %, 70230 MiB
2026/09/24 11:07:20.544, 6, 97 %, 69944 MiB
2026/09/24 11:07:20.544, 7, 97 %, 70232 MiB
2026/09/24 11:07:25.545, 0, 100 %, 70442 MiB
2026/09/24 11:07:25.545, 1, 100 %, 70230 MiB
2026/09/24 11:07:25.548, 2, 100 %, 70232 MiB
2026/09/24 11:07:25.548, 3, 100 %, 70230 MiB
2026/09/24 11:07:25.548, 4, 100 %, 70232 MiB
2026/09/24 11:07:25.548, 5, 100 %, 70230 MiB
2026/09/24 11:07:25.548, 6, 98 %, 69944 MiB
2026/09/24 11:07:25.548, 7, 100 %, 70232 MiB
2026/09/24 11:07:30.549, 0, 100 %, 70442 MiB
2026/09/24 11:07:30.549, 1, 100 %, 70230 MiB
2026/09/24 11:07:30.549, 2, 100 %, 70232 MiB
2026/09/24 11:07:30.549, 3, 100 %, 70230 MiB
2026/09/24 11:07:30.549, 4, 100 %, 70232 MiB
2026/09/24 11:07:30.549, 5, 100 %, 70230 MiB
2026/09/24 11:07:30.549, 6, 100 %, 69944 MiB
2026/09/24 11:07:30.549, 7, 100 %, 70232 MiB
2026/09/24 11:07:35.549, 0, 91 %, 70442 MiB
2026/09/24 11:07:35.550, 1, 88 %, 70230 MiB
2026/09/24 11:07:35.550, 2, 98 %, 70232 MiB
2026/09/24 11:07:35.550, 3, 89 %, 70230 MiB
2026/09/24 11:07:35.550, 4, 93 %, 70232 MiB
2026/09/24 11:07:35.550, 5, 88 %, 70230 MiB
2026/09/24 11:07:35.550, 6, 97 %, 69944 MiB
2026/09/24 11:07:35.550, 7, 88 %, 70232 MiB
2026/09/24 11:07:40.550, 0, 95 %, 70442 MiB
2026/09/24 11:07:40.550, 1, 87 %, 70230 MiB
2026/09/24 11:07:40.550, 2, 91 %, 70232 MiB
2026/09/24 11:07:40.550, 3, 92 %, 70232 MiB
2026/09/24 11:07:40.550, 4, 94 %, 70232 MiB
2026/09/24 11:07:40.550, 5, 92 %, 70230 MiB
2026/09/24 11:07:40.550, 6, 92 %, 69944 MiB
2026/09/24 11:07:40.550, 7, 88 %, 70232 MiB
2026/09/24 11:07:45.551, 0, 100 %, 70442 MiB
2026/09/24 11:07:45.551, 1, 100 %, 70230 MiB
2026/09/24 11:07:45.551, 2, 100 %, 70232 MiB
2026/09/24 11:07:45.551, 3, 100 %, 70232 MiB
2026/09/24 11:07:45.551, 4, 100 %, 70232 MiB
2026/09/24 11:07:45.551, 5, 100 %, 70230 MiB
2026/09/24 11:07:45.551, 6, 100 %, 69944 MiB
2026/09/24 11:07:45.551, 7, 100 %, 70232 MiB
2026/09/24 11:07:50.551, 0, 100 %, 70442 MiB
2026/09/24 11:07:50.551, 1, 100 %, 70230 MiB
2026/09/24 11:07:50.551, 2, 100 %, 70232 MiB
2026/09/24 11:07:50.551, 3, 100 %, 70232 MiB
2026/09/24 11:07:50.551, 4, 100 %, 70232 MiB
2026/09/24 11:07:50.551, 5, 100 %, 70230 MiB
2026/09/24 11:07:50.552, 6, 100 %, 69944 MiB
2026/09/24 11:07:50.552, 7, 100 %, 70232 MiB
2026/09/24 11:07:55.552, 0, 98 %, 70442 MiB
2026/09/24 11:07:55.552, 1, 100 %, 70230 MiB
2026/09/24 11:07:55.552, 2, 100 %, 70232 MiB
2026/09/24 11:07:55.552, 3, 100 %, 70232 MiB
2026/09/24 11:07:55.552, 4, 100 %, 70232 MiB
2026/09/24 11:07:55.552, 5, 100 %, 70230 MiB
2026/09/24 11:07:55.552, 6, 100 %, 69944 MiB
2026/09/24 11:07:55.552, 7, 100 %, 70232 MiB
2026/09/24 11:08:00.552, 0, 100 %, 70442 MiB
2026/09/24 11:08:00.554, 1, 100 %, 70230 MiB
2026/09/24 11:08:00.554, 2, 100 %, 70232 MiB
2026/09/24 11:08:00.556, 3, 100 %, 70232 MiB
2026/09/24 11:08:00.556, 4, 100 %, 70232 MiB
2026/09/24 11:08:00.557, 5, 100 %, 70230 MiB
2026/09/24 11:08:00.558, 6, 100 %, 69944 MiB
2026/09/24 11:08:00.560, 7, 100 %, 70232 MiB
2026/09/24 11:08:05.560, 0, 92 %, 70442 MiB
2026/09/24 11:08:05.561, 1, 100 %, 70230 MiB
2026/09/24 11:08:05.561, 2, 100 %, 70232 MiB
2026/09/24 11:08:05.561, 3, 100 %, 70232 MiB
2026/09/24 11:08:05.562, 4, 100 %, 70232 MiB
2026/09/24 11:08:05.562, 5, 66 %, 70230 MiB
2026/09/24 11:08:05.563, 6, 100 %, 69944 MiB
2026/09/24 11:08:05.563, 7, 100 %, 70232 MiB
2026/09/24 11:08:10.564, 0, 100 %, 70442 MiB
2026/09/24 11:08:10.564, 1, 100 %, 70230 MiB
2026/09/24 11:08:10.564, 2, 100 %, 70232 MiB
2026/09/24 11:08:10.565, 3, 100 %, 70232 MiB
2026/09/24 11:08:10.565, 4, 100 %, 70232 MiB
2026/09/24 11:08:10.565, 5, 100 %, 70230 MiB
2026/09/24 11:08:10.565, 6, 100 %, 69944 MiB
2026/09/24 11:08:10.565, 7, 100 %, 70232 MiB
2026/09/24 11:08:15.565, 0, 100 %, 70442 MiB
2026/09/24 11:08:15.565, 1, 100 %, 70230 MiB
2026/09/24 11:08:15.565, 2, 100 %, 70232 MiB
2026/09/24 11:08:15.565, 3, 100 %, 70232 MiB
2026/09/24 11:08:15.565, 4, 100 %, 70232 MiB
2026/09/24 11:08:15.565, 5, 100 %, 70230 MiB
2026/09/24 11:08:15.565, 6, 100 %, 69944 MiB
2026/09/24 11:08:15.565, 7, 100 %, 70232 MiB
2026/09/24 11:08:20.566, 0, 100 %, 70442 MiB
2026/09/24 11:08:20.566, 1, 100 %, 70230 MiB
2026/09/24 11:08:20.566, 2, 100 %, 70232 MiB
2026/09/24 11:08:20.566, 3, 100 %, 70232 MiB
2026/09/24 11:08:20.566, 4, 100 %, 70232 MiB
2026/09/24 11:08:20.566, 5, 100 %, 70230 MiB
2026/09/24 11:08:20.566, 6, 100 %, 69944 MiB
2026/09/24 11:08:20.566, 7, 100 %, 70232 MiB
2026/09/24 11:08:25.566, 0, 92 %, 70442 MiB
2026/09/24 11:08:25.566, 1, 93 %, 70230 MiB
2026/09/24 11:08:25.567, 2, 100 %, 70232 MiB
2026/09/24 11:08:25.567, 3, 99 %, 70232 MiB
2026/09/24 11:08:25.567, 4, 97 %, 70232 MiB
2026/09/24 11:08:25.568, 5, 92 %, 70230 MiB
2026/09/24 11:08:25.568, 6, 100 %, 69944 MiB
2026/09/24 11:08:25.569, 7, 93 %, 70232 MiB
2026/09/24 11:08:30.569, 0, 89 %, 70442 MiB
2026/09/24 11:08:30.569, 1, 82 %, 70230 MiB
2026/09/24 11:08:30.569, 2, 84 %, 70232 MiB
2026/09/24 11:08:30.569, 3, 87 %, 70232 MiB
2026/09/24 11:08:30.569, 4, 88 %, 70232 MiB
2026/09/24 11:08:30.569, 5, 84 %, 70230 MiB
2026/09/24 11:08:30.569, 6, 82 %, 69944 MiB
2026/09/24 11:08:30.569, 7, 81 %, 70232 MiB
2026/09/24 11:08:35.570, 0, 99 %, 70442 MiB
2026/09/24 11:08:35.571, 1, 99 %, 70230 MiB
2026/09/24 11:08:35.571, 2, 99 %, 70232 MiB
2026/09/24 11:08:35.572, 3, 98 %, 70232 MiB
2026/09/24 11:08:35.572, 4, 99 %, 70232 MiB
2026/09/24 11:08:35.572, 5, 99 %, 70230 MiB
2026/09/24 11:08:35.573, 6, 99 %, 69944 MiB
2026/09/24 11:08:35.573, 7, 99 %, 70232 MiB
2026/09/24 11:08:40.574, 0, 98 %, 70442 MiB
2026/09/24 11:08:40.574, 1, 99 %, 70230 MiB
2026/09/24 11:08:40.574, 2, 98 %, 70232 MiB
2026/09/24 11:08:40.575, 3, 98 %, 70232 MiB
2026/09/24 11:08:40.575, 4, 98 %, 70232 MiB
2026/09/24 11:08:40.576, 5, 98 %, 70230 MiB
2026/09/24 11:08:40.576, 6, 97 %, 69944 MiB
2026/09/24 11:08:40.576, 7, 97 %, 70232 MiB
2026/09/24 11:08:45.577, 0, 99 %, 70442 MiB
2026/09/24 11:08:45.577, 1, 99 %, 70230 MiB
2026/09/24 11:08:45.577, 2, 99 %, 70232 MiB
2026/09/24 11:08:45.579, 3, 99 %, 70234 MiB
2026/09/24 11:08:45.580, 4, 99 %, 70232 MiB
2026/09/24 11:08:45.581, 5, 99 %, 70230 MiB
2026/09/24 11:08:45.581, 6, 99 %, 69944 MiB
2026/09/24 11:08:45.581, 7, 99 %, 70232 MiB
2026/09/24 11:08:50.582, 0, 100 %, 70442 MiB
2026/09/24 11:08:50.582, 1, 100 %, 70230 MiB
2026/09/24 11:08:50.582, 2, 100 %, 70232 MiB
2026/09/24 11:08:50.582, 3, 100 %, 70234 MiB
2026/09/24 11:08:50.582, 4, 91 %, 70232 MiB
2026/09/24 11:08:50.582, 5, 100 %, 70230 MiB
2026/09/24 11:08:50.582, 6, 100 %, 69944 MiB
2026/09/24 11:08:50.582, 7, 100 %, 70232 MiB
2026/09/24 11:08:55.583, 0, 100 %, 70442 MiB
2026/09/24 11:08:55.583, 1, 100 %, 70230 MiB
2026/09/24 11:08:55.583, 2, 100 %, 70232 MiB
2026/09/24 11:08:55.583, 3, 100 %, 70234 MiB
2026/09/24 11:08:55.583, 4, 100 %, 70232 MiB
2026/09/24 11:08:55.583, 5, 100 %, 70230 MiB
2026/09/24 11:08:55.583, 6, 100 %, 69944 MiB
2026/09/24 11:08:55.583, 7, 100 %, 70232 MiB
2026/09/24 11:09:00.583, 0, 99 %, 70442 MiB
2026/09/24 11:09:00.583, 1, 99 %, 70230 MiB
2026/09/24 11:09:00.584, 2, 97 %, 70232 MiB
2026/09/24 11:09:00.585, 3, 99 %, 70234 MiB
2026/09/24 11:09:00.587, 4, 96 %, 70232 MiB
2026/09/24 11:09:00.588, 5, 97 %, 70230 MiB
2026/09/24 11:09:00.588, 6, 97 %, 69944 MiB
2026/09/24 11:09:00.588, 7, 97 %, 70232 MiB
2026/09/24 11:09:05.591, 0, 100 %, 70442 MiB
2026/09/24 11:09:05.591, 1, 100 %, 70230 MiB
2026/09/24 11:09:05.592, 2, 91 %, 70232 MiB
2026/09/24 11:09:05.592, 3, 100 %, 70234 MiB
2026/09/24 11:09:05.592, 4, 80 %, 70232 MiB
2026/09/24 11:09:05.592, 5, 89 %, 70230 MiB
2026/09/24 11:09:05.592, 6, 95 %, 69944 MiB
2026/09/24 11:09:05.592, 7, 97 %, 70232 MiB
2026/09/24 11:09:10.592, 0, 100 %, 70442 MiB
2026/09/24 11:09:10.593, 1, 100 %, 70230 MiB
2026/09/24 11:09:10.593, 2, 100 %, 70232 MiB
2026/09/24 11:09:10.593, 3, 100 %, 70234 MiB
2026/09/24 11:09:10.593, 4, 100 %, 70232 MiB
2026/09/24 11:09:10.593, 5, 100 %, 70230 MiB
2026/09/24 11:09:10.593, 6, 100 %, 69944 MiB
2026/09/24 11:09:10.593, 7, 100 %, 70232 MiB
2026/09/24 11:09:15.593, 0, 96 %, 70442 MiB
2026/09/24 11:09:15.593, 1, 96 %, 70230 MiB
2026/09/24 11:09:15.593, 2, 96 %, 70232 MiB
2026/09/24 11:09:15.593, 3, 96 %, 70234 MiB
2026/09/24 11:09:15.593, 4, 96 %, 70232 MiB
2026/09/24 11:09:15.593, 5, 96 %, 70230 MiB
2026/09/24 11:09:15.593, 6, 98 %, 69944 MiB
2026/09/24 11:09:15.593, 7, 97 %, 70232 MiB
2026/09/24 11:09:20.594, 0, 96 %, 70442 MiB
2026/09/24 11:09:20.789, 1, 100 %, 70230 MiB
2026/09/24 11:09:20.790, 2, 97 %, 70232 MiB
2026/09/24 11:09:20.790, 3, 100 %, 70234 MiB
2026/09/24 11:09:20.791, 4, 100 %, 70232 MiB
2026/09/24 11:09:20.794, 5, 97 %, 70230 MiB
2026/09/24 11:09:20.794, 6, 94 %, 69944 MiB
2026/09/24 11:09:20.794, 7, 97 %, 70232 MiB
2026/09/24 11:09:25.795, 0, 100 %, 70442 MiB
2026/09/24 11:09:25.795, 1, 100 %, 70230 MiB
2026/09/24 11:09:25.795, 2, 100 %, 70232 MiB
2026/09/24 11:09:25.795, 3, 100 %, 70234 MiB
2026/09/24 11:09:25.795, 4, 100 %, 70232 MiB
2026/09/24 11:09:25.795, 5, 100 %, 70230 MiB
2026/09/24 11:09:25.795, 6, 100 %, 69944 MiB
2026/09/24 11:09:25.795, 7, 100 %, 70232 MiB
2026/09/24 11:09:30.795, 0, 100 %, 70442 MiB
2026/09/24 11:09:30.795, 1, 100 %, 70230 MiB
2026/09/24 11:09:30.795, 2, 100 %, 70232 MiB
2026/09/24 11:09:30.795, 3, 100 %, 70234 MiB
2026/09/24 11:09:30.795, 4, 100 %, 70232 MiB
2026/09/24 11:09:30.795, 5, 100 %, 70230 MiB
2026/09/24 11:09:30.795, 6, 100 %, 69944 MiB
2026/09/24 11:09:30.795, 7, 100 %, 70232 MiB
2026/09/24 11:09:35.796, 0, 100 %, 70442 MiB
2026/09/24 11:09:35.796, 1, 100 %, 70230 MiB
2026/09/24 11:09:35.796, 2, 100 %, 70232 MiB
2026/09/24 11:09:35.796, 3, 100 %, 70234 MiB
2026/09/24 11:09:35.796, 4, 100 %, 70232 MiB
2026/09/24 11:09:35.797, 5, 100 %, 70230 MiB
2026/09/24 11:09:35.798, 6, 100 %, 69944 MiB
2026/09/24 11:09:35.798, 7, 100 %, 70232 MiB
2026/09/24 11:09:40.798, 0, 95 %, 70442 MiB
2026/09/24 11:09:40.798, 1, 97 %, 70230 MiB
2026/09/24 11:09:40.798, 2, 94 %, 70232 MiB
2026/09/24 11:09:40.798, 3, 97 %, 70234 MiB
2026/09/24 11:09:40.798, 4, 96 %, 70232 MiB
2026/09/24 11:09:40.798, 5, 66 %, 70230 MiB
2026/09/24 11:09:40.798, 6, 86 %, 69944 MiB
2026/09/24 11:09:40.798, 7, 94 %, 70232 MiB
2026/09/24 11:09:45.799, 0, 88 %, 70442 MiB
2026/09/24 11:09:45.799, 1, 100 %, 70230 MiB
2026/09/24 11:09:45.799, 2, 100 %, 70232 MiB
2026/09/24 11:09:45.811, 3, 100 %, 70234 MiB
2026/09/24 11:09:45.813, 4, 89 %, 70232 MiB
2026/09/24 11:09:45.815, 5, 100 %, 70230 MiB
2026/09/24 11:09:45.815, 6, 100 %, 69944 MiB
2026/09/24 11:09:45.816, 7, 100 %, 70232 MiB
2026/09/24 11:09:50.816, 0, 76 %, 70442 MiB
2026/09/24 11:09:50.816, 1, 89 %, 70230 MiB
2026/09/24 11:09:50.816, 2, 88 %, 70232 MiB
2026/09/24 11:09:50.816, 3, 90 %, 70234 MiB
2026/09/24 11:09:50.816, 4, 95 %, 70232 MiB
2026/09/24 11:09:50.816, 5, 89 %, 70230 MiB
2026/09/24 11:09:50.816, 6, 82 %, 69944 MiB
2026/09/24 11:09:50.816, 7, 78 %, 70232 MiB
2026/09/24 11:09:55.817, 0, 64 %, 70442 MiB
2026/09/24 11:09:55.817, 1, 75 %, 70230 MiB
2026/09/24 11:09:55.817, 2, 75 %, 70232 MiB
2026/09/24 11:09:55.817, 3, 75 %, 70234 MiB
2026/09/24 11:09:55.817, 4, 74 %, 70232 MiB
2026/09/24 11:09:55.817, 5, 73 %, 70230 MiB
2026/09/24 11:09:55.817, 6, 68 %, 69944 MiB
2026/09/24 11:09:55.817, 7, 64 %, 70232 MiB
2026/09/24 11:10:00.817, 0, 100 %, 70442 MiB
2026/09/24 11:10:00.817, 1, 100 %, 70230 MiB
2026/09/24 11:10:00.817, 2, 100 %, 70232 MiB
2026/09/24 11:10:00.817, 3, 100 %, 70234 MiB
2026/09/24 11:10:00.817, 4, 100 %, 70232 MiB
2026/09/24 11:10:00.817, 5, 100 %, 70230 MiB
2026/09/24 11:10:00.818, 6, 100 %, 69944 MiB
2026/09/24 11:10:00.818, 7, 100 %, 70232 MiB
2026/09/24 11:10:05.818, 0, 100 %, 70442 MiB
2026/09/24 11:10:05.819, 1, 100 %, 70230 MiB
2026/09/24 11:10:05.819, 2, 100 %, 70232 MiB
2026/09/24 11:10:05.820, 3, 100 %, 70234 MiB
2026/09/24 11:10:05.821, 4, 100 %, 70232 MiB
2026/09/24 11:10:05.821, 5, 100 %, 70230 MiB
2026/09/24 11:10:05.822, 6, 100 %, 69944 MiB
2026/09/24 11:10:05.822, 7, 100 %, 70232 MiB
2026/09/24 11:10:10.823, 0, 100 %, 70442 MiB
2026/09/24 11:10:10.823, 1, 100 %, 70230 MiB
2026/09/24 11:10:10.823, 2, 100 %, 70232 MiB
2026/09/24 11:10:10.823, 3, 100 %, 70234 MiB
2026/09/24 11:10:10.823, 4, 99 %, 70232 MiB
2026/09/24 11:10:10.823, 5, 100 %, 70230 MiB
2026/09/24 11:10:10.823, 6, 100 %, 69944 MiB
2026/09/24 11:10:10.823, 7, 100 %, 70232 MiB
2026/09/24 11:10:15.823, 0, 100 %, 70442 MiB
2026/09/24 11:10:15.824, 1, 100 %, 70230 MiB
2026/09/24 11:10:15.824, 2, 100 %, 70232 MiB
2026/09/24 11:10:15.824, 3, 100 %, 70234 MiB
2026/09/24 11:10:15.825, 4, 100 %, 70232 MiB
2026/09/24 11:10:15.825, 5, 100 %, 70230 MiB
2026/09/24 11:10:15.825, 6, 100 %, 69944 MiB
2026/09/24 11:10:15.826, 7, 100 %, 70232 MiB
2026/09/24 11:10:20.826, 0, 98 %, 70442 MiB
2026/09/24 11:10:20.827, 1, 99 %, 70230 MiB
2026/09/24 11:10:20.827, 2, 99 %, 70232 MiB
2026/09/24 11:10:20.827, 3, 99 %, 70234 MiB
2026/09/24 11:10:20.827, 4, 99 %, 70232 MiB
2026/09/24 11:10:20.829, 5, 99 %, 70230 MiB
2026/09/24 11:10:20.830, 6, 99 %, 69944 MiB
2026/09/24 11:10:20.830, 7, 99 %, 70232 MiB
2026/09/24 11:10:25.832, 0, 100 %, 70442 MiB
2026/09/24 11:10:25.832, 1, 100 %, 70230 MiB
2026/09/24 11:10:25.832, 2, 100 %, 70232 MiB
2026/09/24 11:10:25.832, 3, 100 %, 70234 MiB
2026/09/24 11:10:25.833, 4, 100 %, 70232 MiB
2026/09/24 11:10:25.833, 5, 100 %, 70230 MiB
2026/09/24 11:10:25.833, 6, 100 %, 69944 MiB
2026/09/24 11:10:25.833, 7, 100 %, 70232 MiB
2026/09/24 11:10:30.833, 0, 100 %, 70444 MiB
2026/09/24 11:10:30.834, 1, 100 %, 70232 MiB
2026/09/24 11:10:30.834, 2, 100 %, 70232 MiB
2026/09/24 11:10:30.834, 3, 100 %, 70234 MiB
2026/09/24 11:10:30.835, 4, 100 %, 70232 MiB
2026/09/24 11:10:30.835, 5, 100 %, 70232 MiB
2026/09/24 11:10:30.835, 6, 86 %, 69944 MiB
2026/09/24 11:10:30.836, 7, 90 %, 70232 MiB
2026/09/24 11:10:35.836, 0, 89 %, 70444 MiB
2026/09/24 11:10:35.837, 1, 90 %, 70232 MiB
2026/09/24 11:10:35.837, 2, 92 %, 70232 MiB
2026/09/24 11:10:35.837, 3, 90 %, 70234 MiB
2026/09/24 11:10:35.837, 4, 90 %, 70232 MiB
2026/09/24 11:10:35.837, 5, 91 %, 70232 MiB
2026/09/24 11:10:35.837, 6, 89 %, 69944 MiB
2026/09/24 11:10:35.837, 7, 89 %, 70232 MiB
2026/09/24 11:10:40.837, 0, 100 %, 70444 MiB
2026/09/24 11:10:40.838, 1, 100 %, 70232 MiB
2026/09/24 11:10:40.838, 2, 100 %, 70232 MiB
2026/09/24 11:10:40.839, 3, 100 %, 70234 MiB
2026/09/24 11:10:40.839, 4, 100 %, 70232 MiB
2026/09/24 11:10:40.839, 5, 100 %, 70232 MiB
2026/09/24 11:10:40.839, 6, 100 %, 69944 MiB
2026/09/24 11:10:40.839, 7, 100 %, 70232 MiB
2026/09/24 11:10:45.839, 0, 92 %, 70444 MiB
2026/09/24 11:10:45.839, 1, 64 %, 70232 MiB
2026/09/24 11:10:45.839, 2, 100 %, 70232 MiB
2026/09/24 11:10:45.839, 3, 100 %, 70234 MiB
2026/09/24 11:10:45.839, 4, 98 %, 70232 MiB
2026/09/24 11:10:45.839, 5, 100 %, 70232 MiB
2026/09/24 11:10:45.839, 6, 78 %, 69944 MiB
2026/09/24 11:10:45.839, 7, 80 %, 70232 MiB
2026/09/24 11:10:50.840, 0, 76 %, 70444 MiB
2026/09/24 11:10:50.840, 1, 88 %, 70232 MiB
2026/09/24 11:10:50.842, 2, 82 %, 70232 MiB
2026/09/24 11:10:50.842, 3, 81 %, 70234 MiB
2026/09/24 11:10:50.842, 4, 81 %, 70232 MiB
2026/09/24 11:10:50.842, 5, 83 %, 70232 MiB
2026/09/24 11:10:50.842, 6, 78 %, 69944 MiB
2026/09/24 11:10:50.842, 7, 77 %, 70232 MiB
2026/09/24 11:10:55.843, 0, 65 %, 70444 MiB
2026/09/24 11:10:55.843, 1, 91 %, 70232 MiB
2026/09/24 11:10:55.843, 2, 57 %, 70232 MiB
2026/09/24 11:10:55.843, 3, 91 %, 70234 MiB
2026/09/24 11:10:55.843, 4, 60 %, 70232 MiB
2026/09/24 11:10:55.843, 5, 92 %, 70232 MiB
2026/09/24 11:10:55.843, 6, 76 %, 69944 MiB
2026/09/24 11:10:55.843, 7, 74 %, 70232 MiB
2026/09/24 11:11:00.843, 0, 100 %, 70444 MiB
2026/09/24 11:11:00.843, 1, 100 %, 70232 MiB
2026/09/24 11:11:00.843, 2, 100 %, 70232 MiB
2026/09/24 11:11:00.843, 3, 100 %, 70234 MiB
2026/09/24 11:11:00.843, 4, 100 %, 70232 MiB
2026/09/24 11:11:00.843, 5, 100 %, 70232 MiB
2026/09/24 11:11:00.843, 6, 100 %, 69944 MiB
2026/09/24 11:11:00.843, 7, 100 %, 70232 MiB
2026/09/24 11:11:05.844, 0, 100 %, 70444 MiB
2026/09/24 11:11:05.844, 1, 100 %, 70232 MiB
2026/09/24 11:11:05.844, 2, 100 %, 70232 MiB
2026/09/24 11:11:05.844, 3, 100 %, 70234 MiB
2026/09/24 11:11:05.844, 4, 100 %, 70232 MiB
2026/09/24 11:11:05.844, 5, 100 %, 70232 MiB
2026/09/24 11:11:05.844, 6, 94 %, 69944 MiB
2026/09/24 11:11:05.844, 7, 93 %, 70232 MiB
2026/09/24 11:11:10.844, 0, 100 %, 70444 MiB
2026/09/24 11:11:10.844, 1, 100 %, 70232 MiB
2026/09/24 11:11:10.844, 2, 100 %, 70232 MiB
2026/09/24 11:11:10.844, 3, 100 %, 70234 MiB
2026/09/24 11:11:10.844, 4, 100 %, 70232 MiB
2026/09/24 11:11:10.844, 5, 100 %, 70232 MiB
2026/09/24 11:11:10.844, 6, 100 %, 69944 MiB
2026/09/24 11:11:10.844, 7, 100 %, 70232 MiB
2026/09/24 11:11:15.845, 0, 100 %, 70444 MiB
2026/09/24 11:11:15.845, 1, 100 %, 70232 MiB
2026/09/24 11:11:15.845, 2, 97 %, 70232 MiB
2026/09/24 11:11:15.845, 3, 100 %, 70234 MiB
2026/09/24 11:11:15.845, 4, 100 %, 70232 MiB
2026/09/24 11:11:15.845, 5, 100 %, 70232 MiB
2026/09/24 11:11:15.845, 6, 100 %, 69944 MiB
2026/09/24 11:11:15.845, 7, 100 %, 70232 MiB
2026/09/24 11:11:20.845, 0, 100 %, 70444 MiB
2026/09/24 11:11:20.848, 1, 100 %, 70232 MiB
2026/09/24 11:11:20.850, 2, 100 %, 70232 MiB
2026/09/24 11:11:20.852, 3, 100 %, 70234 MiB
2026/09/24 11:11:20.854, 4, 100 %, 70232 MiB
2026/09/24 11:11:20.854, 5, 100 %, 70232 MiB
2026/09/24 11:11:20.855, 6, 100 %, 69944 MiB
2026/09/24 11:11:20.855, 7, 100 %, 70232 MiB
2026/09/24 11:11:25.856, 0, 100 %, 70444 MiB
2026/09/24 11:11:25.856, 1, 100 %, 70232 MiB
2026/09/24 11:11:25.856, 2, 100 %, 70232 MiB
2026/09/24 11:11:25.856, 3, 100 %, 70234 MiB
2026/09/24 11:11:25.856, 4, 100 %, 70232 MiB
2026/09/24 11:11:25.856, 5, 100 %, 70232 MiB
2026/09/24 11:11:25.856, 6, 100 %, 69944 MiB
2026/09/24 11:11:25.856, 7, 100 %, 70232 MiB
2026/09/24 11:11:30.856, 0, 100 %, 70444 MiB
2026/09/24 11:11:30.856, 1, 100 %, 70232 MiB
2026/09/24 11:11:30.857, 2, 100 %, 70232 MiB
2026/09/24 11:11:30.857, 3, 100 %, 70234 MiB
2026/09/24 11:11:30.857, 4, 100 %, 70232 MiB
2026/09/24 11:11:30.858, 5, 100 %, 70232 MiB
2026/09/24 11:11:30.858, 6, 100 %, 69944 MiB
2026/09/24 11:11:30.858, 7, 100 %, 70232 MiB
2026/09/24 11:11:35.859, 0, 100 %, 70444 MiB
2026/09/24 11:11:36.123, 1, 100 %, 70232 MiB
2026/09/24 11:11:36.128, 2, 100 %, 70232 MiB
2026/09/24 11:11:36.129, 3, 100 %, 70234 MiB
2026/09/24 11:11:36.130, 4, 100 %, 70232 MiB
2026/09/24 11:11:36.135, 5, 100 %, 70232 MiB
2026/09/24 11:11:36.140, 6, 100 %, 69944 MiB
2026/09/24 11:11:36.140, 7, 100 %, 70232 MiB
2026/09/24 11:11:41.141, 0, 100 %, 70444 MiB
2026/09/24 11:11:41.141, 1, 100 %, 70232 MiB
2026/09/24 11:11:41.141, 2, 100 %, 70232 MiB
2026/09/24 11:11:41.141, 3, 100 %, 70234 MiB
2026/09/24 11:11:41.141, 4, 100 %, 70232 MiB
2026/09/24 11:11:41.141, 5, 100 %, 70232 MiB
2026/09/24 11:11:41.141, 6, 100 %, 69944 MiB
2026/09/24 11:11:41.141, 7, 100 %, 70232 MiB
2026/09/24 11:11:46.142, 0, 100 %, 70444 MiB
2026/09/24 11:11:46.213, 1, 86 %, 70232 MiB
2026/09/24 11:11:46.218, 2, 88 %, 70232 MiB
2026/09/24 11:11:46.219, 3, 85 %, 70234 MiB
2026/09/24 11:11:46.224, 4, 89 %, 70232 MiB
2026/09/24 11:11:46.224, 5, 100 %, 70232 MiB
2026/09/24 11:11:46.230, 6, 100 %, 69944 MiB
2026/09/24 11:11:46.230, 7, 99 %, 70232 MiB
2026/09/24 11:11:51.232, 0, 100 %, 70444 MiB
2026/09/24 11:11:51.233, 1, 100 %, 70232 MiB
2026/09/24 11:11:51.235, 2, 100 %, 70232 MiB
2026/09/24 11:11:51.235, 3, 100 %, 70234 MiB
2026/09/24 11:11:51.236, 4, 100 %, 70232 MiB
2026/09/24 11:11:51.236, 5, 100 %, 70232 MiB
2026/09/24 11:11:51.236, 6, 100 %, 69944 MiB
2026/09/24 11:11:51.237, 7, 100 %, 70232 MiB
2026/09/24 11:11:56.237, 0, 93 %, 70444 MiB
2026/09/24 11:11:56.239, 1, 95 %, 70232 MiB
2026/09/24 11:11:56.239, 2, 93 %, 70232 MiB
2026/09/24 11:11:56.240, 3, 95 %, 70234 MiB
2026/09/24 11:11:56.240, 4, 93 %, 70232 MiB
2026/09/24 11:11:56.240, 5, 93 %, 70232 MiB
2026/09/24 11:11:56.241, 6, 92 %, 69944 MiB
2026/09/24 11:11:56.241, 7, 92 %, 70232 MiB
2026/09/24 11:12:01.242, 0, 91 %, 70444 MiB
2026/09/24 11:12:01.244, 1, 86 %, 70232 MiB
2026/09/24 11:12:01.244, 2, 94 %, 70232 MiB
2026/09/24 11:12:01.245, 3, 85 %, 70234 MiB
2026/09/24 11:12:01.245, 4, 93 %, 70232 MiB
2026/09/24 11:12:01.246, 5, 93 %, 70232 MiB
2026/09/24 11:12:01.246, 6, 85 %, 69944 MiB
2026/09/24 11:12:01.246, 7, 87 %, 70232 MiB
2026/09/24 11:12:06.247, 0, 100 %, 70444 MiB
2026/09/24 11:12:06.247, 1, 100 %, 70232 MiB
2026/09/24 11:12:06.247, 2, 100 %, 70232 MiB
2026/09/24 11:12:06.247, 3, 100 %, 70234 MiB
2026/09/24 11:12:06.247, 4, 100 %, 70232 MiB
2026/09/24 11:12:06.247, 5, 100 %, 70232 MiB
2026/09/24 11:12:06.247, 6, 100 %, 69944 MiB
2026/09/24 11:12:06.247, 7, 100 %, 70232 MiB
2026/09/24 11:12:11.247, 0, 98 %, 70444 MiB
2026/09/24 11:12:11.248, 1, 98 %, 70232 MiB
2026/09/24 11:12:11.248, 2, 98 %, 70232 MiB
2026/09/24 11:12:11.248, 3, 99 %, 70234 MiB
2026/09/24 11:12:11.248, 4, 98 %, 70232 MiB
2026/09/24 11:12:11.248, 5, 98 %, 70232 MiB
2026/09/24 11:12:11.248, 6, 95 %, 69944 MiB
2026/09/24 11:12:11.248, 7, 99 %, 70232 MiB
2026/09/24 11:12:16.248, 0, 100 %, 70444 MiB
2026/09/24 11:12:16.248, 1, 100 %, 70232 MiB
2026/09/24 11:12:16.248, 2, 100 %, 70232 MiB
2026/09/24 11:12:16.249, 3, 100 %, 70234 MiB
2026/09/24 11:12:16.249, 4, 100 %, 70232 MiB
2026/09/24 11:12:16.250, 5, 100 %, 70232 MiB
2026/09/24 11:12:16.250, 6, 100 %, 69944 MiB
2026/09/24 11:12:16.250, 7, 100 %, 70232 MiB
2026/09/24 11:12:21.251, 0, 100 %, 70444 MiB
2026/09/24 11:12:21.251, 1, 100 %, 70232 MiB
2026/09/24 11:12:21.251, 2, 100 %, 70232 MiB
2026/09/24 11:12:21.251, 3, 100 %, 70234 MiB
2026/09/24 11:12:21.251, 4, 100 %, 70232 MiB
2026/09/24 11:12:21.251, 5, 100 %, 70232 MiB
2026/09/24 11:12:21.251, 6, 100 %, 69944 MiB
2026/09/24 11:12:21.251, 7, 100 %, 70232 MiB
2026/09/24 11:12:26.251, 0, 100 %, 70444 MiB
2026/09/24 11:12:26.252, 1, 100 %, 70232 MiB
2026/09/24 11:12:26.252, 2, 100 %, 70232 MiB
2026/09/24 11:12:26.252, 3, 100 %, 70234 MiB
2026/09/24 11:12:26.252, 4, 100 %, 70232 MiB
2026/09/24 11:12:26.252, 5, 100 %, 70232 MiB
2026/09/24 11:12:26.252, 6, 100 %, 69944 MiB
2026/09/24 11:12:26.252, 7, 100 %, 70232 MiB
2026/09/24 11:12:31.252, 0, 100 %, 70444 MiB
2026/09/24 11:12:31.254, 1, 100 %, 70232 MiB
2026/09/24 11:12:31.259, 2, 100 %, 70232 MiB
2026/09/24 11:12:31.263, 3, 100 %, 70234 MiB
2026/09/24 11:12:31.265, 4, 100 %, 70232 MiB
2026/09/24 11:12:31.265, 5, 100 %, 70232 MiB
2026/09/24 11:12:31.265, 6, 100 %, 69944 MiB
2026/09/24 11:12:31.265, 7, 100 %, 70232 MiB
2026/09/24 11:12:36.265, 0, 100 %, 70444 MiB
2026/09/24 11:12:36.265, 1, 100 %, 70232 MiB
2026/09/24 11:12:36.266, 2, 100 %, 70232 MiB
2026/09/24 11:12:36.266, 3, 100 %, 70234 MiB
2026/09/24 11:12:36.267, 4, 100 %, 70232 MiB
2026/09/24 11:12:36.267, 5, 100 %, 70232 MiB
2026/09/24 11:12:36.267, 6, 100 %, 69944 MiB
2026/09/24 11:12:36.268, 7, 100 %, 70232 MiB
2026/09/24 11:12:41.268, 0, 100 %, 70444 MiB
2026/09/24 11:12:41.268, 1, 100 %, 70232 MiB
2026/09/24 11:12:41.268, 2, 100 %, 70232 MiB
2026/09/24 11:12:41.268, 3, 100 %, 70234 MiB
2026/09/24 11:12:41.268, 4, 100 %, 70232 MiB
2026/09/24 11:12:41.268, 5, 100 %, 70232 MiB
2026/09/24 11:12:41.268, 6, 100 %, 69944 MiB
2026/09/24 11:12:41.268, 7, 100 %, 70232 MiB
2026/09/24 11:12:46.269, 0, 100 %, 70444 MiB
2026/09/24 11:12:46.269, 1, 100 %, 70232 MiB
2026/09/24 11:12:46.273, 2, 100 %, 70232 MiB
2026/09/24 11:12:46.276, 3, 100 %, 70234 MiB
2026/09/24 11:12:46.276, 4, 100 %, 70232 MiB
2026/09/24 11:12:46.277, 5, 100 %, 70232 MiB
2026/09/24 11:12:46.277, 6, 100 %, 69944 MiB
2026/09/24 11:12:46.277, 7, 100 %, 70232 MiB
2026/09/24 11:12:51.278, 0, 100 %, 70444 MiB
2026/09/24 11:12:51.278, 1, 100 %, 70232 MiB
2026/09/24 11:12:51.278, 2, 100 %, 70232 MiB
2026/09/24 11:12:51.278, 3, 100 %, 70234 MiB
2026/09/24 11:12:51.278, 4, 100 %, 70232 MiB
2026/09/24 11:12:51.278, 5, 100 %, 70232 MiB
2026/09/24 11:12:51.278, 6, 100 %, 69944 MiB
2026/09/24 11:12:51.278, 7, 100 %, 70232 MiB
2026/09/24 11:12:56.279, 0, 100 %, 70444 MiB
2026/09/24 11:12:56.279, 1, 100 %, 70232 MiB
2026/09/24 11:12:56.279, 2, 100 %, 70232 MiB
2026/09/24 11:12:56.279, 3, 100 %, 70234 MiB
2026/09/24 11:12:56.279, 4, 100 %, 70232 MiB
2026/09/24 11:12:56.279, 5, 100 %, 70232 MiB
2026/09/24 11:12:56.279, 6, 100 %, 69944 MiB
2026/09/24 11:12:56.279, 7, 100 %, 70232 MiB
2026/09/24 11:13:01.279, 0, 100 %, 70444 MiB
2026/09/24 11:13:01.279, 1, 100 %, 70232 MiB
2026/09/24 11:13:01.279, 2, 100 %, 70232 MiB
2026/09/24 11:13:01.279, 3, 100 %, 70234 MiB
2026/09/24 11:13:01.279, 4, 100 %, 70232 MiB
2026/09/24 11:13:01.279, 5, 100 %, 70232 MiB
2026/09/24 11:13:01.279, 6, 100 %, 69944 MiB
2026/09/24 11:13:01.279, 7, 100 %, 70232 MiB
2026/09/24 11:13:06.280, 0, 96 %, 70444 MiB
2026/09/24 11:13:06.280, 1, 100 %, 70232 MiB
2026/09/24 11:13:06.280, 2, 100 %, 70232 MiB
2026/09/24 11:13:06.281, 3, 69 %, 70234 MiB
2026/09/24 11:13:06.281, 4, 99 %, 70232 MiB
2026/09/24 11:13:06.281, 5, 100 %, 70232 MiB
2026/09/24 11:13:06.282, 6, 100 %, 69944 MiB
2026/09/24 11:13:06.282, 7, 100 %, 70232 MiB
2026/09/24 11:13:11.283, 0, 100 %, 70444 MiB
2026/09/24 11:13:11.283, 1, 100 %, 70232 MiB
2026/09/24 11:13:11.283, 2, 100 %, 70232 MiB
2026/09/24 11:13:11.284, 3, 100 %, 70234 MiB
2026/09/24 11:13:11.284, 4, 100 %, 70232 MiB
2026/09/24 11:13:11.284, 5, 100 %, 70232 MiB
2026/09/24 11:13:11.285, 6, 100 %, 69944 MiB
2026/09/24 11:13:11.285, 7, 100 %, 70232 MiB
2026/09/24 11:13:16.286, 0, 100 %, 70444 MiB
2026/09/24 11:13:16.286, 1, 100 %, 70232 MiB
2026/09/24 11:13:16.286, 2, 100 %, 70232 MiB
2026/09/24 11:13:16.286, 3, 100 %, 70236 MiB
2026/09/24 11:13:16.286, 4, 100 %, 70232 MiB
2026/09/24 11:13:16.286, 5, 100 %, 70232 MiB
2026/09/24 11:13:16.286, 6, 100 %, 69944 MiB
2026/09/24 11:13:16.286, 7, 100 %, 70232 MiB
2026/09/24 11:13:21.286, 0, 96 %, 70444 MiB
2026/09/24 11:13:21.286, 1, 100 %, 70232 MiB
2026/09/24 11:13:21.286, 2, 100 %, 70232 MiB
2026/09/24 11:13:21.286, 3, 100 %, 70236 MiB
2026/09/24 11:13:21.286, 4, 100 %, 70232 MiB
2026/09/24 11:13:21.286, 5, 87 %, 70232 MiB
2026/09/24 11:13:21.286, 6, 100 %, 69944 MiB
2026/09/24 11:13:21.286, 7, 100 %, 70232 MiB
2026/09/24 11:13:26.287, 0, 100 %, 70444 MiB
2026/09/24 11:13:26.287, 1, 100 %, 70232 MiB
2026/09/24 11:13:26.287, 2, 100 %, 70232 MiB
2026/09/24 11:13:26.287, 3, 100 %, 70236 MiB
2026/09/24 11:13:26.287, 4, 100 %, 70232 MiB
2026/09/24 11:13:26.287, 5, 100 %, 70232 MiB
2026/09/24 11:13:26.287, 6, 100 %, 69944 MiB
2026/09/24 11:13:26.287, 7, 100 %, 70232 MiB
2026/09/24 11:13:31.287, 0, 100 %, 70444 MiB
2026/09/24 11:13:31.287, 1, 100 %, 70232 MiB
2026/09/24 11:13:31.289, 2, 100 %, 70232 MiB
2026/09/24 11:13:31.290, 3, 100 %, 70236 MiB
2026/09/24 11:13:31.290, 4, 100 %, 70232 MiB
2026/09/24 11:13:31.290, 5, 100 %, 70232 MiB
2026/09/24 11:13:31.290, 6, 100 %, 69944 MiB
2026/09/24 11:13:31.290, 7, 100 %, 70232 MiB
2026/09/24 11:13:36.290, 0, 86 %, 70444 MiB
2026/09/24 11:13:36.290, 1, 73 %, 70232 MiB
2026/09/24 11:13:36.291, 2, 77 %, 70232 MiB
2026/09/24 11:13:36.291, 3, 72 %, 70236 MiB
2026/09/24 11:13:36.291, 4, 84 %, 70232 MiB
2026/09/24 11:13:36.292, 5, 85 %, 70232 MiB
2026/09/24 11:13:36.292, 6, 63 %, 69944 MiB
2026/09/24 11:13:36.292, 7, 100 %, 70232 MiB
2026/09/24 11:13:41.293, 0, 100 %, 70444 MiB
2026/09/24 11:13:41.294, 1, 100 %, 70232 MiB
2026/09/24 11:13:41.294, 2, 100 %, 70232 MiB
2026/09/24 11:13:41.294, 3, 100 %, 70236 MiB
2026/09/24 11:13:41.296, 4, 100 %, 70232 MiB
2026/09/24 11:13:41.296, 5, 100 %, 70232 MiB
2026/09/24 11:13:41.297, 6, 100 %, 69944 MiB
2026/09/24 11:13:41.298, 7, 100 %, 70232 MiB
2026/09/24 11:13:46.299, 0, 100 %, 70444 MiB
2026/09/24 11:13:46.618, 1, 100 %, 70232 MiB
2026/09/24 11:13:46.618, 2, 100 %, 70232 MiB
2026/09/24 11:13:46.619, 3, 100 %, 70236 MiB
2026/09/24 11:13:46.622, 4, 100 %, 70232 MiB
2026/09/24 11:13:46.623, 5, 100 %, 70232 MiB
2026/09/24 11:13:46.624, 6, 100 %, 69944 MiB
2026/09/24 11:13:46.625, 7, 100 %, 70232 MiB
2026/09/24 11:13:51.626, 0, 100 %, 70444 MiB
2026/09/24 11:13:51.629, 1, 100 %, 70232 MiB
2026/09/24 11:13:51.629, 2, 100 %, 70232 MiB
2026/09/24 11:13:51.629, 3, 100 %, 70236 MiB
2026/09/24 11:13:51.629, 4, 100 %, 70232 MiB
2026/09/24 11:13:51.629, 5, 100 %, 70232 MiB
2026/09/24 11:13:51.629, 6, 100 %, 69944 MiB
2026/09/24 11:13:51.629, 7, 100 %, 70232 MiB
2026/09/24 11:13:56.629, 0, 100 %, 70444 MiB
2026/09/24 11:13:56.630, 1, 89 %, 70232 MiB
2026/09/24 11:13:56.630, 2, 100 %, 70232 MiB
2026/09/24 11:13:56.631, 3, 100 %, 70236 MiB
2026/09/24 11:13:56.632, 4, 100 %, 70232 MiB
2026/09/24 11:13:56.632, 5, 100 %, 70232 MiB
2026/09/24 11:13:56.633, 6, 96 %, 69944 MiB
2026/09/24 11:13:56.634, 7, 100 %, 70232 MiB
2026/09/24 11:14:01.635, 0, 100 %, 70444 MiB
2026/09/24 11:14:01.635, 1, 100 %, 70232 MiB
2026/09/24 11:14:01.639, 2, 100 %, 70232 MiB
2026/09/24 11:14:01.639, 3, 100 %, 70236 MiB
2026/09/24 11:14:01.639, 4, 100 %, 70232 MiB
2026/09/24 11:14:01.639, 5, 100 %, 70232 MiB
2026/09/24 11:14:01.639, 6, 100 %, 69944 MiB
2026/09/24 11:14:01.639, 7, 100 %, 70232 MiB
2026/09/24 11:14:06.640, 0, 100 %, 70444 MiB
2026/09/24 11:14:06.640, 1, 100 %, 70232 MiB
2026/09/24 11:14:06.640, 2, 100 %, 70232 MiB
2026/09/24 11:14:06.641, 3, 100 %, 70236 MiB
2026/09/24 11:14:06.641, 4, 100 %, 70232 MiB
2026/09/24 11:14:06.641, 5, 100 %, 70232 MiB
2026/09/24 11:14:06.642, 6, 100 %, 69944 MiB
2026/09/24 11:14:06.642, 7, 100 %, 70232 MiB
2026/09/24 11:14:11.643, 0, 100 %, 70444 MiB
2026/09/24 11:14:11.643, 1, 100 %, 70232 MiB
2026/09/24 11:14:11.643, 2, 100 %, 70232 MiB
2026/09/24 11:14:11.643, 3, 100 %, 70236 MiB
2026/09/24 11:14:11.643, 4, 100 %, 70232 MiB
2026/09/24 11:14:11.643, 5, 100 %, 70232 MiB
2026/09/24 11:14:11.643, 6, 100 %, 69944 MiB
2026/09/24 11:14:11.643, 7, 100 %, 70232 MiB
2026/09/24 11:14:16.643, 0, 100 %, 70444 MiB
2026/09/24 11:14:16.643, 1, 100 %, 70232 MiB
2026/09/24 11:14:16.643, 2, 100 %, 70232 MiB
2026/09/24 11:14:16.643, 3, 100 %, 70236 MiB
2026/09/24 11:14:16.643, 4, 100 %, 70232 MiB
2026/09/24 11:14:16.643, 5, 100 %, 70232 MiB
2026/09/24 11:14:16.643, 6, 100 %, 69944 MiB
2026/09/24 11:14:16.643, 7, 100 %, 70232 MiB
2026/09/24 11:14:21.644, 0, 100 %, 70444 MiB
2026/09/24 11:14:21.644, 1, 100 %, 70232 MiB
2026/09/24 11:14:21.644, 2, 100 %, 70232 MiB
2026/09/24 11:14:21.644, 3, 100 %, 70236 MiB
2026/09/24 11:14:21.644, 4, 100 %, 70232 MiB
2026/09/24 11:14:21.644, 5, 100 %, 70232 MiB
2026/09/24 11:14:21.644, 6, 100 %, 69944 MiB
2026/09/24 11:14:21.644, 7, 100 %, 70232 MiB
2026/09/24 11:14:26.644, 0, 95 %, 70444 MiB
2026/09/24 11:14:26.644, 1, 100 %, 70232 MiB
2026/09/24 11:14:26.645, 2, 85 %, 70232 MiB
2026/09/24 11:14:26.645, 3, 79 %, 70236 MiB
2026/09/24 11:14:26.645, 4, 92 %, 70232 MiB
2026/09/24 11:14:26.646, 5, 83 %, 70232 MiB
2026/09/24 11:14:26.646, 6, 100 %, 69944 MiB
2026/09/24 11:14:26.646, 7, 57 %, 70232 MiB
2026/09/24 11:14:31.647, 0, 100 %, 70444 MiB
2026/09/24 11:14:31.647, 1, 100 %, 70232 MiB
2026/09/24 11:14:31.647, 2, 93 %, 70232 MiB
2026/09/24 11:14:31.647, 3, 100 %, 70236 MiB
2026/09/24 11:14:31.647, 4, 100 %, 70232 MiB
2026/09/24 11:14:31.647, 5, 92 %, 70232 MiB
2026/09/24 11:14:31.647, 6, 100 %, 69944 MiB
2026/09/24 11:14:31.647, 7, 100 %, 70232 MiB
2026/09/24 11:14:36.647, 0, 100 %, 70444 MiB
2026/09/24 11:14:36.648, 1, 100 %, 70232 MiB
2026/09/24 11:14:36.648, 2, 100 %, 70232 MiB
2026/09/24 11:14:36.648, 3, 100 %, 70236 MiB
2026/09/24 11:14:36.648, 4, 100 %, 70232 MiB
2026/09/24 11:14:36.648, 5, 100 %, 70232 MiB
2026/09/24 11:14:36.648, 6, 100 %, 69944 MiB
2026/09/24 11:14:36.648, 7, 100 %, 70232 MiB
2026/09/24 11:14:41.648, 0, 100 %, 70444 MiB
2026/09/24 11:14:41.648, 1, 100 %, 70232 MiB
2026/09/24 11:14:41.648, 2, 100 %, 70232 MiB
2026/09/24 11:14:41.649, 3, 100 %, 70236 MiB
2026/09/24 11:14:41.649, 4, 100 %, 70232 MiB
2026/09/24 11:14:41.649, 5, 100 %, 70232 MiB
2026/09/24 11:14:41.650, 6, 100 %, 69944 MiB
2026/09/24 11:14:41.650, 7, 100 %, 70232 MiB
2026/09/24 11:14:46.651, 0, 100 %, 70444 MiB
2026/09/24 11:14:46.651, 1, 100 %, 70232 MiB
2026/09/24 11:14:46.651, 2, 100 %, 70232 MiB
2026/09/24 11:14:46.651, 3, 100 %, 70236 MiB
2026/09/24 11:14:46.651, 4, 100 %, 70232 MiB
2026/09/24 11:14:46.651, 5, 100 %, 70232 MiB
2026/09/24 11:14:46.651, 6, 100 %, 69944 MiB
2026/09/24 11:14:46.651, 7, 100 %, 70232 MiB
2026/09/24 11:14:51.651, 0, 98 %, 70444 MiB
2026/09/24 11:14:51.652, 1, 99 %, 70232 MiB
2026/09/24 11:14:51.652, 2, 99 %, 70232 MiB
2026/09/24 11:14:51.652, 3, 96 %, 70236 MiB
2026/09/24 11:14:51.653, 4, 98 %, 70232 MiB
2026/09/24 11:14:51.653, 5, 99 %, 70232 MiB
2026/09/24 11:14:51.653, 6, 97 %, 69944 MiB
2026/09/24 11:14:51.654, 7, 98 %, 70232 MiB
2026/09/24 11:14:56.654, 0, 100 %, 70444 MiB
2026/09/24 11:14:56.654, 1, 100 %, 70232 MiB
2026/09/24 11:14:56.654, 2, 100 %, 70232 MiB
2026/09/24 11:14:56.655, 3, 100 %, 70236 MiB
2026/09/24 11:14:56.655, 4, 100 %, 70232 MiB
2026/09/24 11:14:56.655, 5, 99 %, 70232 MiB
2026/09/24 11:14:56.655, 6, 100 %, 69944 MiB
2026/09/24 11:14:56.655, 7, 100 %, 70232 MiB
2026/09/24 11:15:01.655, 0, 100 %, 70444 MiB
2026/09/24 11:15:01.656, 1, 98 %, 70232 MiB
2026/09/24 11:15:01.657, 2, 97 %, 70232 MiB
2026/09/24 11:15:01.657, 3, 100 %, 70236 MiB
2026/09/24 11:15:01.659, 4, 100 %, 70232 MiB
2026/09/24 11:15:01.659, 5, 97 %, 70232 MiB
2026/09/24 11:15:01.660, 6, 100 %, 69944 MiB
2026/09/24 11:15:01.660, 7, 99 %, 70232 MiB
2026/09/24 11:15:06.663, 0, 100 %, 70444 MiB
2026/09/24 11:15:06.663, 1, 100 %, 70232 MiB
2026/09/24 11:15:06.663, 2, 100 %, 70232 MiB
2026/09/24 11:15:06.664, 3, 100 %, 70236 MiB
2026/09/24 11:15:06.664, 4, 100 %, 70232 MiB
2026/09/24 11:15:06.664, 5, 100 %, 70232 MiB
2026/09/24 11:15:06.665, 6, 100 %, 69944 MiB
2026/09/24 11:15:06.665, 7, 100 %, 70232 MiB
2026/09/24 11:15:11.666, 0, 100 %, 70444 MiB
2026/09/24 11:15:11.666, 1, 100 %, 70232 MiB
2026/09/24 11:15:11.666, 2, 100 %, 70232 MiB
2026/09/24 11:15:11.666, 3, 100 %, 70236 MiB
2026/09/24 11:15:11.666, 4, 100 %, 70232 MiB
2026/09/24 11:15:11.666, 5, 100 %, 70232 MiB
2026/09/24 11:15:11.666, 6, 100 %, 69944 MiB
2026/09/24 11:15:11.666, 7, 100 %, 70232 MiB
2026/09/24 11:15:16.666, 0, 96 %, 70444 MiB
2026/09/24 11:15:16.666, 1, 97 %, 70232 MiB
2026/09/24 11:15:16.667, 2, 97 %, 70232 MiB
2026/09/24 11:15:16.667, 3, 97 %, 70236 MiB
2026/09/24 11:15:16.668, 4, 100 %, 70232 MiB
2026/09/24 11:15:16.668, 5, 97 %, 70232 MiB
2026/09/24 11:15:16.668, 6, 98 %, 69944 MiB
2026/09/24 11:15:16.669, 7, 99 %, 70232 MiB
2026/09/24 11:15:21.669, 0, 100 %, 70444 MiB
2026/09/24 11:15:21.671, 1, 100 %, 70232 MiB
2026/09/24 11:15:21.671, 2, 100 %, 70232 MiB
2026/09/24 11:15:21.672, 3, 100 %, 70236 MiB
2026/09/24 11:15:21.674, 4, 100 %, 70232 MiB
2026/09/24 11:15:21.674, 5, 100 %, 70232 MiB
2026/09/24 11:15:21.675, 6, 100 %, 69944 MiB
2026/09/24 11:15:21.675, 7, 100 %, 70232 MiB
2026/09/24 11:15:26.675, 0, 100 %, 70444 MiB
2026/09/24 11:15:26.675, 1, 100 %, 70232 MiB
2026/09/24 11:15:26.675, 2, 100 %, 70232 MiB
2026/09/24 11:15:26.675, 3, 100 %, 70236 MiB
2026/09/24 11:15:26.675, 4, 100 %, 70232 MiB
2026/09/24 11:15:26.675, 5, 100 %, 70232 MiB
2026/09/24 11:15:26.675, 6, 100 %, 69944 MiB
2026/09/24 11:15:26.675, 7, 100 %, 70232 MiB
2026/09/24 11:15:31.676, 0, 100 %, 70444 MiB
2026/09/24 11:15:31.676, 1, 100 %, 70232 MiB
2026/09/24 11:15:31.676, 2, 100 %, 70232 MiB
2026/09/24 11:15:31.677, 3, 100 %, 70236 MiB
2026/09/24 11:15:31.677, 4, 100 %, 70232 MiB
2026/09/24 11:15:31.677, 5, 100 %, 70232 MiB
2026/09/24 11:15:31.678, 6, 100 %, 69944 MiB
2026/09/24 11:15:31.678, 7, 100 %, 70232 MiB
2026/09/24 11:15:36.679, 0, 100 %, 70444 MiB
2026/09/24 11:15:36.679, 1, 100 %, 70232 MiB
2026/09/24 11:15:36.679, 2, 100 %, 70232 MiB
2026/09/24 11:15:36.679, 3, 100 %, 70236 MiB
2026/09/24 11:15:36.679, 4, 100 %, 70232 MiB
2026/09/24 11:15:36.679, 5, 100 %, 70232 MiB
2026/09/24 11:15:36.679, 6, 100 %, 69944 MiB
2026/09/24 11:15:36.679, 7, 100 %, 70232 MiB
2026/09/24 11:15:41.680, 0, 100 %, 70444 MiB
2026/09/24 11:15:41.680, 1, 100 %, 70232 MiB
2026/09/24 11:15:41.680, 2, 100 %, 70232 MiB
2026/09/24 11:15:41.681, 3, 100 %, 70236 MiB
2026/09/24 11:15:41.681, 4, 100 %, 70232 MiB
2026/09/24 11:15:41.681, 5, 100 %, 70232 MiB
2026/09/24 11:15:41.682, 6, 100 %, 69944 MiB
2026/09/24 11:15:41.682, 7, 100 %, 70232 MiB
2026/09/24 11:15:46.682, 0, 100 %, 70444 MiB
2026/09/24 11:15:46.682, 1, 100 %, 70232 MiB
2026/09/24 11:15:46.682, 2, 100 %, 70232 MiB
2026/09/24 11:15:46.682, 3, 100 %, 70236 MiB
2026/09/24 11:15:46.682, 4, 100 %, 70232 MiB
2026/09/24 11:15:46.682, 5, 100 %, 70232 MiB
2026/09/24 11:15:46.682, 6, 100 %, 69944 MiB
2026/09/24 11:15:46.682, 7, 100 %, 70232 MiB
2026/09/24 11:15:51.683, 0, 100 %, 70444 MiB
2026/09/24 11:15:51.684, 1, 100 %, 70232 MiB
2026/09/24 11:15:51.686, 2, 100 %, 70232 MiB
2026/09/24 11:15:51.686, 3, 100 %, 70236 MiB
2026/09/24 11:15:51.687, 4, 100 %, 70232 MiB
2026/09/24 11:15:51.687, 5, 100 %, 70232 MiB
2026/09/24 11:15:51.687, 6, 100 %, 69944 MiB
2026/09/24 11:15:51.688, 7, 100 %, 70232 MiB
2026/09/24 11:15:56.688, 0, 100 %, 70444 MiB
2026/09/24 11:15:56.689, 1, 100 %, 70232 MiB
2026/09/24 11:15:56.689, 2, 100 %, 70232 MiB
2026/09/24 11:15:56.689, 3, 100 %, 70236 MiB
2026/09/24 11:15:56.689, 4, 100 %, 70232 MiB
2026/09/24 11:15:56.690, 5, 100 %, 70232 MiB
2026/09/24 11:15:56.690, 6, 100 %, 69944 MiB
2026/09/24 11:15:56.691, 7, 100 %, 70232 MiB
2026/09/24 11:16:01.691, 0, 100 %, 70444 MiB
2026/09/24 11:16:01.795, 1, 100 %, 70232 MiB
2026/09/24 11:16:01.799, 2, 100 %, 70232 MiB
2026/09/24 11:16:01.800, 3, 100 %, 70236 MiB
2026/09/24 11:16:01.803, 4, 100 %, 70232 MiB
2026/09/24 11:16:01.808, 5, 100 %, 70232 MiB
2026/09/24 11:16:01.812, 6, 100 %, 69944 MiB
2026/09/24 11:16:01.813, 7, 100 %, 70232 MiB
2026/09/24 11:16:06.814, 0, 73 %, 70444 MiB
2026/09/24 11:16:06.815, 1, 97 %, 70232 MiB
2026/09/24 11:16:06.815, 2, 100 %, 70232 MiB
2026/09/24 11:16:06.815, 3, 74 %, 70236 MiB
2026/09/24 11:16:06.817, 4, 73 %, 70232 MiB
2026/09/24 11:16:06.817, 5, 71 %, 70232 MiB
2026/09/24 11:16:06.817, 6, 87 %, 69944 MiB
2026/09/24 11:16:06.819, 7, 83 %, 70232 MiB
2026/09/24 11:16:11.820, 0, 100 %, 70444 MiB
2026/09/24 11:16:11.820, 1, 100 %, 70232 MiB
2026/09/24 11:16:11.820, 2, 100 %, 70232 MiB
2026/09/24 11:16:11.820, 3, 100 %, 70236 MiB
2026/09/24 11:16:11.821, 4, 100 %, 70232 MiB
2026/09/24 11:16:11.821, 5, 100 %, 70232 MiB
2026/09/24 11:16:11.821, 6, 100 %, 69944 MiB
2026/09/24 11:16:11.821, 7, 100 %, 70232 MiB
2026/09/24 11:16:16.822, 0, 90 %, 70444 MiB
2026/09/24 11:16:16.822, 1, 77 %, 70232 MiB
2026/09/24 11:16:16.822, 2, 100 %, 70232 MiB
2026/09/24 11:16:16.822, 3, 78 %, 70236 MiB
2026/09/24 11:16:16.822, 4, 100 %, 70232 MiB
2026/09/24 11:16:16.822, 5, 79 %, 70232 MiB
2026/09/24 11:16:16.822, 6, 100 %, 69944 MiB
2026/09/24 11:16:16.822, 7, 100 %, 70232 MiB
2026/09/24 11:16:21.823, 0, 100 %, 70444 MiB
2026/09/24 11:16:21.823, 1, 100 %, 70232 MiB
2026/09/24 11:16:21.823, 2, 100 %, 70232 MiB
2026/09/24 11:16:21.823, 3, 100 %, 70236 MiB
2026/09/24 11:16:21.823, 4, 100 %, 70232 MiB
2026/09/24 11:16:21.824, 5, 100 %, 70232 MiB
2026/09/24 11:16:21.824, 6, 100 %, 69944 MiB
2026/09/24 11:16:21.825, 7, 100 %, 70232 MiB
2026/09/24 11:16:26.825, 0, 98 %, 70444 MiB
2026/09/24 11:16:26.826, 1, 69 %, 70232 MiB
2026/09/24 11:16:26.826, 2, 66 %, 70232 MiB
2026/09/24 11:16:26.826, 3, 70 %, 70236 MiB
2026/09/24 11:16:26.827, 4, 70 %, 70232 MiB
2026/09/24 11:16:26.828, 5, 100 %, 70232 MiB
2026/09/24 11:16:26.830, 6, 80 %, 69944 MiB
2026/09/24 11:16:26.831, 7, 85 %, 70232 MiB
2026/09/24 11:16:31.832, 0, 73 %, 70444 MiB
2026/09/24 11:16:31.832, 1, 100 %, 70232 MiB
2026/09/24 11:16:31.832, 2, 100 %, 70232 MiB
2026/09/24 11:16:31.832, 3, 100 %, 70236 MiB
2026/09/24 11:16:31.833, 4, 73 %, 70232 MiB
2026/09/24 11:16:31.833, 5, 100 %, 70232 MiB
2026/09/24 11:16:31.833, 6, 100 %, 69944 MiB
2026/09/24 11:16:31.833, 7, 85 %, 70232 MiB
2026/09/24 11:16:36.833, 0, 100 %, 70444 MiB
2026/09/24 11:16:36.835, 1, 100 %, 70232 MiB
2026/09/24 11:16:36.836, 2, 100 %, 70232 MiB
2026/09/24 11:16:36.836, 3, 100 %, 70236 MiB
2026/09/24 11:16:36.836, 4, 100 %, 70232 MiB
2026/09/24 11:16:36.837, 5, 100 %, 70232 MiB
2026/09/24 11:16:36.840, 6, 100 %, 69944 MiB
2026/09/24 11:16:36.840, 7, 100 %, 70232 MiB
2026/09/24 11:16:41.841, 0, 100 %, 70444 MiB
2026/09/24 11:16:41.841, 1, 100 %, 70232 MiB
2026/09/24 11:16:41.841, 2, 100 %, 70232 MiB
2026/09/24 11:16:41.842, 3, 100 %, 70236 MiB
2026/09/24 11:16:41.842, 4, 100 %, 70232 MiB
2026/09/24 11:16:41.842, 5, 100 %, 70232 MiB
2026/09/24 11:16:41.843, 6, 100 %, 69944 MiB
2026/09/24 11:16:41.843, 7, 100 %, 70232 MiB
2026/09/24 11:16:46.844, 0, 100 %, 70444 MiB
2026/09/24 11:16:46.847, 1, 100 %, 70232 MiB
2026/09/24 11:16:46.847, 2, 100 %, 70232 MiB
2026/09/24 11:16:46.847, 3, 100 %, 70236 MiB
2026/09/24 11:16:46.847, 4, 100 %, 70232 MiB
2026/09/24 11:16:46.847, 5, 100 %, 70232 MiB
2026/09/24 11:16:46.848, 6, 100 %, 69944 MiB
2026/09/24 11:16:46.848, 7, 100 %, 70232 MiB
2026/09/24 11:16:51.849, 0, 81 %, 70444 MiB
2026/09/24 11:16:51.849, 1, 72 %, 70232 MiB
2026/09/24 11:16:51.849, 2, 91 %, 70232 MiB
2026/09/24 11:16:51.849, 3, 69 %, 70236 MiB
2026/09/24 11:16:51.849, 4, 83 %, 70232 MiB
2026/09/24 11:16:51.849, 5, 74 %, 70232 MiB
2026/09/24 11:16:51.849, 6, 100 %, 69944 MiB
2026/09/24 11:16:51.849, 7, 69 %, 70232 MiB
2026/09/24 11:16:56.850, 0, 100 %, 70444 MiB
2026/09/24 11:16:56.850, 1, 100 %, 70232 MiB
2026/09/24 11:16:56.850, 2, 100 %, 70232 MiB
2026/09/24 11:16:56.850, 3, 97 %, 70236 MiB
2026/09/24 11:16:56.850, 4, 100 %, 70232 MiB
2026/09/24 11:16:56.850, 5, 96 %, 70232 MiB
2026/09/24 11:16:56.850, 6, 100 %, 69944 MiB
2026/09/24 11:16:56.850, 7, 100 %, 70232 MiB
2026/09/24 11:17:01.850, 0, 82 %, 70444 MiB
2026/09/24 11:17:01.851, 1, 100 %, 70232 MiB
2026/09/24 11:17:01.851, 2, 100 %, 70232 MiB
2026/09/24 11:17:01.851, 3, 100 %, 70236 MiB
2026/09/24 11:17:01.852, 4, 100 %, 70232 MiB
2026/09/24 11:17:01.852, 5, 100 %, 70232 MiB
2026/09/24 11:17:01.852, 6, 100 %, 69944 MiB
2026/09/24 11:17:01.853, 7, 100 %, 70232 MiB
2026/09/24 11:17:06.853, 0, 100 %, 70444 MiB
2026/09/24 11:17:06.854, 1, 100 %, 70232 MiB
2026/09/24 11:17:06.854, 2, 100 %, 70232 MiB
2026/09/24 11:17:06.854, 3, 100 %, 70236 MiB
2026/09/24 11:17:06.854, 4, 100 %, 70232 MiB
2026/09/24 11:17:06.855, 5, 100 %, 70232 MiB
2026/09/24 11:17:06.855, 6, 100 %, 69944 MiB
2026/09/24 11:17:06.855, 7, 100 %, 70232 MiB
2026/09/24 11:17:11.855, 0, 69 %, 70444 MiB
2026/09/24 11:17:11.856, 1, 76 %, 70232 MiB
2026/09/24 11:17:11.859, 2, 76 %, 70232 MiB
2026/09/24 11:17:11.861, 3, 77 %, 70236 MiB
2026/09/24 11:17:11.863, 4, 68 %, 70232 MiB
2026/09/24 11:17:11.865, 5, 76 %, 70232 MiB
2026/09/24 11:17:11.865, 6, 89 %, 69944 MiB
2026/09/24 11:17:11.865, 7, 94 %, 70232 MiB
2026/09/24 11:17:16.866, 0, 100 %, 70444 MiB
2026/09/24 11:17:16.866, 1, 100 %, 70232 MiB
2026/09/24 11:17:16.866, 2, 100 %, 70232 MiB
2026/09/24 11:17:16.867, 3, 100 %, 70236 MiB
2026/09/24 11:17:16.867, 4, 100 %, 70232 MiB
2026/09/24 11:17:16.867, 5, 100 %, 70232 MiB
2026/09/24 11:17:16.868, 6, 100 %, 69944 MiB
2026/09/24 11:17:16.868, 7, 100 %, 70232 MiB
2026/09/24 11:17:21.869, 0, 100 %, 70444 MiB
2026/09/24 11:17:21.869, 1, 100 %, 70232 MiB
2026/09/24 11:17:21.869, 2, 100 %, 70232 MiB
2026/09/24 11:17:21.869, 3, 100 %, 70236 MiB
2026/09/24 11:17:21.869, 4, 100 %, 70232 MiB
2026/09/24 11:17:21.869, 5, 100 %, 70232 MiB
2026/09/24 11:17:21.869, 6, 100 %, 69944 MiB
2026/09/24 11:17:21.869, 7, 100 %, 70232 MiB
2026/09/24 11:17:26.869, 0, 100 %, 70444 MiB
2026/09/24 11:17:26.869, 1, 100 %, 70232 MiB
2026/09/24 11:17:26.870, 2, 100 %, 70232 MiB
2026/09/24 11:17:26.870, 3, 100 %, 70236 MiB
2026/09/24 11:17:26.870, 4, 100 %, 70232 MiB
2026/09/24 11:17:26.871, 5, 100 %, 70232 MiB
2026/09/24 11:17:26.871, 6, 100 %, 69944 MiB
2026/09/24 11:17:26.871, 7, 100 %, 70232 MiB
2026/09/24 11:17:31.872, 0, 97 %, 70444 MiB
2026/09/24 11:17:31.873, 1, 100 %, 70232 MiB
2026/09/24 11:17:31.873, 2, 100 %, 70232 MiB
2026/09/24 11:17:31.873, 3, 100 %, 70236 MiB
2026/09/24 11:17:31.874, 4, 100 %, 70232 MiB
2026/09/24 11:17:31.874, 5, 100 %, 70232 MiB
2026/09/24 11:17:31.875, 6, 100 %, 69944 MiB
2026/09/24 11:17:31.875, 7, 100 %, 70232 MiB
2026/09/24 11:17:36.876, 0, 100 %, 70444 MiB
2026/09/24 11:17:36.876, 1, 100 %, 70232 MiB
2026/09/24 11:17:36.877, 2, 100 %, 70232 MiB
2026/09/24 11:17:36.877, 3, 100 %, 70236 MiB
2026/09/24 11:17:36.877, 4, 100 %, 70232 MiB
2026/09/24 11:17:36.877, 5, 100 %, 70232 MiB
2026/09/24 11:17:36.877, 6, 100 %, 69944 MiB
2026/09/24 11:17:36.877, 7, 100 %, 70232 MiB
2026/09/24 11:17:41.878, 0, 100 %, 70444 MiB
2026/09/24 11:17:41.878, 1, 100 %, 70232 MiB
2026/09/24 11:17:41.879, 2, 100 %, 70232 MiB
2026/09/24 11:17:41.879, 3, 100 %, 70236 MiB
2026/09/24 11:17:41.879, 4, 100 %, 70232 MiB
2026/09/24 11:17:41.880, 5, 100 %, 70232 MiB
2026/09/24 11:17:41.880, 6, 100 %, 69944 MiB
2026/09/24 11:17:41.880, 7, 100 %, 70232 MiB
2026/09/24 11:17:46.880, 0, 95 %, 70444 MiB
2026/09/24 11:17:46.881, 1, 95 %, 70232 MiB
2026/09/24 11:17:46.881, 2, 100 %, 70232 MiB
2026/09/24 11:17:46.881, 3, 95 %, 70236 MiB
2026/09/24 11:17:46.881, 4, 100 %, 70232 MiB
2026/09/24 11:17:46.881, 5, 95 %, 70232 MiB
2026/09/24 11:17:46.881, 6, 97 %, 69944 MiB
2026/09/24 11:17:46.881, 7, 98 %, 70232 MiB
2026/09/24 11:17:51.881, 0, 100 %, 70444 MiB
2026/09/24 11:17:51.881, 1, 93 %, 70232 MiB
2026/09/24 11:17:51.881, 2, 76 %, 70232 MiB
2026/09/24 11:17:51.882, 3, 93 %, 70236 MiB
2026/09/24 11:17:51.882, 4, 100 %, 70232 MiB
2026/09/24 11:17:51.882, 5, 95 %, 70232 MiB
2026/09/24 11:17:51.883, 6, 86 %, 69944 MiB
2026/09/24 11:17:51.883, 7, 100 %, 70232 MiB
2026/09/24 11:17:56.884, 0, 100 %, 70444 MiB
2026/09/24 11:17:56.884, 1, 100 %, 70232 MiB
2026/09/24 11:17:56.884, 2, 100 %, 70232 MiB
2026/09/24 11:17:56.884, 3, 100 %, 70236 MiB
2026/09/24 11:17:56.884, 4, 100 %, 70232 MiB
2026/09/24 11:17:56.884, 5, 100 %, 70232 MiB
2026/09/24 11:17:56.884, 6, 100 %, 69944 MiB
2026/09/24 11:17:56.884, 7, 100 %, 70232 MiB
2026/09/24 11:18:01.884, 0, 100 %, 70444 MiB
2026/09/24 11:18:01.884, 1, 100 %, 70232 MiB
2026/09/24 11:18:01.885, 2, 100 %, 70232 MiB
2026/09/24 11:18:01.885, 3, 100 %, 70236 MiB
2026/09/24 11:18:01.885, 4, 100 %, 70232 MiB
2026/09/24 11:18:01.885, 5, 100 %, 70232 MiB
2026/09/24 11:18:01.885, 6, 100 %, 69944 MiB
2026/09/24 11:18:01.885, 7, 100 %, 70232 MiB
2026/09/24 11:18:06.885, 0, 100 %, 70444 MiB
2026/09/24 11:18:06.885, 1, 100 %, 70232 MiB
2026/09/24 11:18:06.885, 2, 100 %, 70232 MiB
2026/09/24 11:18:06.885, 3, 100 %, 70236 MiB
2026/09/24 11:18:06.885, 4, 100 %, 70232 MiB
2026/09/24 11:18:06.885, 5, 100 %, 70232 MiB
2026/09/24 11:18:06.885, 6, 100 %, 69944 MiB
2026/09/24 11:18:06.885, 7, 100 %, 70232 MiB
2026/09/24 11:18:11.885, 0, 100 %, 70444 MiB
2026/09/24 11:18:11.885, 1, 100 %, 70232 MiB
2026/09/24 11:18:11.885, 2, 100 %, 70232 MiB
2026/09/24 11:18:11.886, 3, 100 %, 70236 MiB
2026/09/24 11:18:11.886, 4, 100 %, 70232 MiB
2026/09/24 11:18:11.886, 5, 100 %, 70232 MiB
2026/09/24 11:18:11.886, 6, 100 %, 69944 MiB
2026/09/24 11:18:11.886, 7, 100 %, 70232 MiB
2026/09/24 11:18:16.886, 0, 100 %, 70444 MiB
2026/09/24 11:18:16.886, 1, 100 %, 70232 MiB
2026/09/24 11:18:16.886, 2, 100 %, 70232 MiB
2026/09/24 11:18:16.887, 3, 100 %, 70236 MiB
2026/09/24 11:18:16.887, 4, 100 %, 70232 MiB
2026/09/24 11:18:16.887, 5, 100 %, 70232 MiB
2026/09/24 11:18:16.888, 6, 100 %, 69944 MiB
2026/09/24 11:18:16.888, 7, 100 %, 70232 MiB
2026/09/24 11:18:21.889, 0, 75 %, 70444 MiB
2026/09/24 11:18:21.912, 1, 72 %, 70232 MiB
2026/09/24 11:18:21.913, 2, 73 %, 70232 MiB
2026/09/24 11:18:21.914, 3, 99 %, 70236 MiB
2026/09/24 11:18:21.915, 4, 99 %, 70232 MiB
2026/09/24 11:18:21.916, 5, 73 %, 70232 MiB
2026/09/24 11:18:21.921, 6, 75 %, 69944 MiB
2026/09/24 11:18:21.922, 7, 85 %, 70232 MiB
2026/09/24 11:18:26.928, 0, 100 %, 70444 MiB
2026/09/24 11:18:26.934, 1, 100 %, 70232 MiB
2026/09/24 11:18:26.934, 2, 100 %, 70232 MiB
2026/09/24 11:18:26.934, 3, 100 %, 70236 MiB
2026/09/24 11:18:26.935, 4, 100 %, 70232 MiB
2026/09/24 11:18:26.938, 5, 100 %, 70232 MiB
2026/09/24 11:18:26.939, 6, 100 %, 69944 MiB
2026/09/24 11:18:26.939, 7, 100 %, 70232 MiB
2026/09/24 11:18:31.942, 0, 100 %, 70444 MiB
2026/09/24 11:18:31.942, 1, 100 %, 70232 MiB
2026/09/24 11:18:31.947, 2, 100 %, 70232 MiB
2026/09/24 11:18:31.947, 3, 100 %, 70236 MiB
2026/09/24 11:18:31.947, 4, 100 %, 70232 MiB
2026/09/24 11:18:31.947, 5, 100 %, 70232 MiB
2026/09/24 11:18:31.947, 6, 100 %, 69944 MiB
2026/09/24 11:18:31.947, 7, 100 %, 70232 MiB
2026/09/24 11:18:36.947, 0, 100 %, 70444 MiB
2026/09/24 11:18:36.948, 1, 100 %, 70232 MiB
2026/09/24 11:18:36.948, 2, 100 %, 70232 MiB
2026/09/24 11:18:36.948, 3, 100 %, 70236 MiB
2026/09/24 11:18:36.948, 4, 100 %, 70232 MiB
2026/09/24 11:18:36.948, 5, 100 %, 70232 MiB
2026/09/24 11:18:36.948, 6, 100 %, 69944 MiB
2026/09/24 11:18:36.948, 7, 100 %, 70232 MiB
2026/09/24 11:18:41.949, 0, 100 %, 70444 MiB
2026/09/24 11:18:41.950, 1, 100 %, 70232 MiB
2026/09/24 11:18:41.951, 2, 100 %, 70232 MiB
2026/09/24 11:18:41.951, 3, 100 %, 70236 MiB
2026/09/24 11:18:41.953, 4, 100 %, 70232 MiB
2026/09/24 11:18:41.953, 5, 100 %, 70232 MiB
2026/09/24 11:18:41.954, 6, 100 %, 69944 MiB
2026/09/24 11:18:41.955, 7, 99 %, 70232 MiB
2026/09/24 11:18:46.956, 0, 100 %, 70444 MiB
2026/09/24 11:18:46.956, 1, 100 %, 70232 MiB
2026/09/24 11:18:46.956, 2, 100 %, 70232 MiB
2026/09/24 11:18:46.956, 3, 100 %, 70236 MiB
2026/09/24 11:18:46.956, 4, 100 %, 70232 MiB
2026/09/24 11:18:46.956, 5, 100 %, 70232 MiB
2026/09/24 11:18:46.956, 6, 100 %, 69944 MiB
2026/09/24 11:18:46.956, 7, 100 %, 70232 MiB
2026/09/24 11:18:51.956, 0, 100 %, 70444 MiB
2026/09/24 11:18:51.956, 1, 100 %, 70232 MiB
2026/09/24 11:18:51.961, 2, 100 %, 70232 MiB
2026/09/24 11:18:51.961, 3, 100 %, 70236 MiB
2026/09/24 11:18:51.962, 4, 100 %, 70232 MiB
2026/09/24 11:18:51.962, 5, 100 %, 70232 MiB
2026/09/24 11:18:51.962, 6, 100 %, 69944 MiB
2026/09/24 11:18:51.963, 7, 100 %, 70232 MiB
2026/09/24 11:18:56.963, 0, 100 %, 70444 MiB
2026/09/24 11:18:56.963, 1, 100 %, 70232 MiB
2026/09/24 11:18:56.963, 2, 100 %, 70232 MiB
2026/09/24 11:18:56.963, 3, 100 %, 70236 MiB
2026/09/24 11:18:56.964, 4, 100 %, 70232 MiB
2026/09/24 11:18:56.964, 5, 100 %, 70232 MiB
2026/09/24 11:18:56.964, 6, 100 %, 69944 MiB
2026/09/24 11:18:56.964, 7, 100 %, 70232 MiB
2026/09/24 11:19:01.964, 0, 100 %, 70444 MiB
2026/09/24 11:19:01.964, 1, 100 %, 70232 MiB
2026/09/24 11:19:01.964, 2, 100 %, 70232 MiB
2026/09/24 11:19:01.964, 3, 100 %, 70236 MiB
2026/09/24 11:19:01.964, 4, 100 %, 70232 MiB
2026/09/24 11:19:01.964, 5, 100 %, 70232 MiB
2026/09/24 11:19:01.964, 6, 100 %, 69944 MiB
2026/09/24 11:19:01.964, 7, 100 %, 70232 MiB
2026/09/24 11:19:06.964, 0, 100 %, 70444 MiB
2026/09/24 11:19:06.965, 1, 100 %, 70232 MiB
2026/09/24 11:19:06.970, 2, 100 %, 70232 MiB
2026/09/24 11:19:06.970, 3, 100 %, 70236 MiB
2026/09/24 11:19:06.972, 4, 100 %, 70232 MiB
2026/09/24 11:19:06.973, 5, 100 %, 70232 MiB
2026/09/24 11:19:06.978, 6, 100 %, 69944 MiB
2026/09/24 11:19:06.979, 7, 100 %, 70232 MiB
2026/09/24 11:19:11.979, 0, 100 %, 70444 MiB
2026/09/24 11:19:11.979, 1, 100 %, 70232 MiB
2026/09/24 11:19:11.979, 2, 100 %, 70232 MiB
2026/09/24 11:19:11.979, 3, 100 %, 70236 MiB
2026/09/24 11:19:11.979, 4, 100 %, 70232 MiB
2026/09/24 11:19:11.979, 5, 100 %, 70232 MiB
2026/09/24 11:19:11.979, 6, 100 %, 69944 MiB
2026/09/24 11:19:11.979, 7, 100 %, 70232 MiB
2026/09/24 11:19:16.980, 0, 100 %, 70444 MiB
2026/09/24 11:19:16.980, 1, 100 %, 70232 MiB
2026/09/24 11:19:16.980, 2, 100 %, 70232 MiB
2026/09/24 11:19:16.980, 3, 100 %, 70236 MiB
2026/09/24 11:19:16.980, 4, 100 %, 70232 MiB
2026/09/24 11:19:16.980, 5, 100 %, 70232 MiB
2026/09/24 11:19:16.980, 6, 100 %, 69944 MiB
2026/09/24 11:19:16.980, 7, 100 %, 70232 MiB
2026/09/24 11:19:21.980, 0, 91 %, 70444 MiB
2026/09/24 11:19:21.980, 1, 96 %, 70232 MiB
2026/09/24 11:19:21.983, 2, 91 %, 70232 MiB
2026/09/24 11:19:21.989, 3, 90 %, 70236 MiB
2026/09/24 11:19:21.989, 4, 92 %, 70232 MiB
2026/09/24 11:19:21.989, 5, 91 %, 70232 MiB
2026/09/24 11:19:21.989, 6, 92 %, 69944 MiB
2026/09/24 11:19:21.989, 7, 92 %, 70232 MiB
2026/09/24 11:19:26.989, 0, 100 %, 70444 MiB
2026/09/24 11:19:26.990, 1, 100 %, 70232 MiB
2026/09/24 11:19:26.990, 2, 100 %, 70232 MiB
2026/09/24 11:19:26.990, 3, 100 %, 70236 MiB
2026/09/24 11:19:26.990, 4, 99 %, 70232 MiB
2026/09/24 11:19:26.990, 5, 100 %, 70232 MiB
2026/09/24 11:19:26.990, 6, 100 %, 69944 MiB
2026/09/24 11:19:26.990, 7, 96 %, 70232 MiB
2026/09/24 11:19:31.990, 0, 100 %, 70444 MiB
2026/09/24 11:19:31.990, 1, 100 %, 70232 MiB
2026/09/24 11:19:31.990, 2, 100 %, 70232 MiB
2026/09/24 11:19:31.990, 3, 100 %, 70236 MiB
2026/09/24 11:19:31.990, 4, 100 %, 70232 MiB
2026/09/24 11:19:31.990, 5, 100 %, 70232 MiB
2026/09/24 11:19:31.990, 6, 100 %, 69944 MiB
2026/09/24 11:19:31.990, 7, 100 %, 70232 MiB
2026/09/24 11:19:36.991, 0, 100 %, 70444 MiB
2026/09/24 11:19:36.991, 1, 100 %, 70232 MiB
2026/09/24 11:19:36.991, 2, 100 %, 70232 MiB
2026/09/24 11:19:36.991, 3, 100 %, 70236 MiB
2026/09/24 11:19:36.991, 4, 100 %, 70232 MiB
2026/09/24 11:19:36.991, 5, 100 %, 70232 MiB
2026/09/24 11:19:36.991, 6, 100 %, 69944 MiB
2026/09/24 11:19:36.991, 7, 100 %, 70232 MiB
2026/09/24 11:19:41.991, 0, 100 %, 70444 MiB
2026/09/24 11:19:41.991, 1, 100 %, 70232 MiB
2026/09/24 11:19:41.992, 2, 100 %, 70232 MiB
2026/09/24 11:19:41.992, 3, 100 %, 70236 MiB
2026/09/24 11:19:41.993, 4, 100 %, 70232 MiB
2026/09/24 11:19:41.994, 5, 100 %, 70232 MiB
2026/09/24 11:19:41.995, 6, 100 %, 69944 MiB
2026/09/24 11:19:42.000, 7, 100 %, 70232 MiB
2026/09/24 11:19:47.004, 0, 100 %, 70444 MiB
2026/09/24 11:19:47.004, 1, 100 %, 70232 MiB
2026/09/24 11:19:47.004, 2, 100 %, 70232 MiB
2026/09/24 11:19:47.005, 3, 100 %, 70236 MiB
2026/09/24 11:19:47.005, 4, 100 %, 70232 MiB
2026/09/24 11:19:47.006, 5, 100 %, 70232 MiB
2026/09/24 11:19:47.006, 6, 100 %, 69944 MiB
2026/09/24 11:19:47.006, 7, 100 %, 70232 MiB
2026/09/24 11:19:52.007, 0, 100 %, 70444 MiB
2026/09/24 11:19:52.007, 1, 100 %, 70232 MiB
2026/09/24 11:19:52.007, 2, 100 %, 70232 MiB
2026/09/24 11:19:52.007, 3, 100 %, 70236 MiB
2026/09/24 11:19:52.007, 4, 100 %, 70232 MiB
2026/09/24 11:19:52.007, 5, 100 %, 70232 MiB
2026/09/24 11:19:52.007, 6, 100 %, 69944 MiB
2026/09/24 11:19:52.007, 7, 100 %, 70232 MiB
2026/09/24 11:19:57.008, 0, 94 %, 70444 MiB
2026/09/24 11:19:57.008, 1, 89 %, 70232 MiB
2026/09/24 11:19:57.008, 2, 95 %, 70232 MiB
2026/09/24 11:19:57.009, 3, 89 %, 70236 MiB
2026/09/24 11:19:57.009, 4, 93 %, 70232 MiB
2026/09/24 11:19:57.009, 5, 94 %, 70232 MiB
2026/09/24 11:19:57.010, 6, 91 %, 69944 MiB
2026/09/24 11:19:57.010, 7, 91 %, 70232 MiB
2026/09/24 11:20:02.011, 0, 100 %, 70444 MiB
2026/09/24 11:20:02.011, 1, 99 %, 70232 MiB
2026/09/24 11:20:02.011, 2, 100 %, 70232 MiB
2026/09/24 11:20:02.011, 3, 100 %, 70236 MiB
2026/09/24 11:20:02.012, 4, 100 %, 70232 MiB
2026/09/24 11:20:02.013, 5, 100 %, 70232 MiB
2026/09/24 11:20:02.014, 6, 99 %, 69944 MiB
2026/09/24 11:20:02.015, 7, 100 %, 70232 MiB
2026/09/24 11:20:07.015, 0, 100 %, 70444 MiB
2026/09/24 11:20:07.015, 1, 100 %, 70232 MiB
2026/09/24 11:20:07.016, 2, 100 %, 70232 MiB
2026/09/24 11:20:07.016, 3, 100 %, 70236 MiB
2026/09/24 11:20:07.016, 4, 100 %, 70232 MiB
2026/09/24 11:20:07.017, 5, 100 %, 70232 MiB
2026/09/24 11:20:07.017, 6, 99 %, 69944 MiB
2026/09/24 11:20:07.017, 7, 100 %, 70232 MiB
2026/09/24 11:20:12.018, 0, 95 %, 70444 MiB
2026/09/24 11:20:12.018, 1, 95 %, 70232 MiB
2026/09/24 11:20:12.018, 2, 95 %, 70232 MiB
2026/09/24 11:20:12.018, 3, 94 %, 70236 MiB
2026/09/24 11:20:12.018, 4, 96 %, 70232 MiB
2026/09/24 11:20:12.018, 5, 96 %, 70232 MiB
2026/09/24 11:20:12.018, 6, 95 %, 69944 MiB
2026/09/24 11:20:12.018, 7, 95 %, 70232 MiB
2026/09/24 11:20:17.019, 0, 100 %, 70444 MiB
2026/09/24 11:20:17.019, 1, 100 %, 70232 MiB
2026/09/24 11:20:17.019, 2, 100 %, 70232 MiB
2026/09/24 11:20:17.019, 3, 100 %, 70236 MiB
2026/09/24 11:20:17.019, 4, 100 %, 70232 MiB
2026/09/24 11:20:17.019, 5, 100 %, 70232 MiB
2026/09/24 11:20:17.019, 6, 100 %, 69944 MiB
2026/09/24 11:20:17.019, 7, 99 %, 70232 MiB
2026/09/24 11:20:22.019, 0, 100 %, 70444 MiB
2026/09/24 11:20:22.019, 1, 99 %, 70232 MiB
2026/09/24 11:20:22.019, 2, 100 %, 70232 MiB
2026/09/24 11:20:22.019, 3, 99 %, 70236 MiB
2026/09/24 11:20:22.019, 4, 100 %, 70232 MiB
2026/09/24 11:20:22.019, 5, 100 %, 70232 MiB
2026/09/24 11:20:22.019, 6, 100 %, 69944 MiB
2026/09/24 11:20:22.019, 7, 100 %, 70232 MiB
2026/09/24 11:20:27.020, 0, 100 %, 70444 MiB
2026/09/24 11:20:27.020, 1, 99 %, 70232 MiB
2026/09/24 11:20:27.020, 2, 99 %, 70232 MiB
2026/09/24 11:20:27.020, 3, 100 %, 70236 MiB
2026/09/24 11:20:27.020, 4, 100 %, 70232 MiB
2026/09/24 11:20:27.020, 5, 100 %, 70232 MiB
2026/09/24 11:20:27.020, 6, 100 %, 69944 MiB
2026/09/24 11:20:27.020, 7, 100 %, 70232 MiB
2026/09/24 11:20:32.020, 0, 100 %, 70444 MiB
2026/09/24 11:20:32.020, 1, 100 %, 70232 MiB
2026/09/24 11:20:32.020, 2, 100 %, 70232 MiB
2026/09/24 11:20:32.020, 3, 100 %, 70236 MiB
2026/09/24 11:20:32.020, 4, 100 %, 70232 MiB
2026/09/24 11:20:32.020, 5, 100 %, 70232 MiB
2026/09/24 11:20:32.020, 6, 100 %, 69944 MiB
2026/09/24 11:20:32.021, 7, 100 %, 70232 MiB
2026/09/24 11:20:37.021, 0, 98 %, 70444 MiB
2026/09/24 11:20:37.021, 1, 100 %, 70232 MiB
2026/09/24 11:20:37.280, 2, 99 %, 70232 MiB
2026/09/24 11:20:37.286, 3, 79 %, 70236 MiB
2026/09/24 11:20:37.291, 4, 85 %, 70232 MiB
2026/09/24 11:20:37.292, 5, 84 %, 70232 MiB
2026/09/24 11:20:37.292, 6, 99 %, 69944 MiB
2026/09/24 11:20:37.297, 7, 94 %, 70232 MiB
2026/09/24 11:20:42.298, 0, 100 %, 70444 MiB
2026/09/24 11:20:42.298, 1, 100 %, 70232 MiB
2026/09/24 11:20:42.298, 2, 100 %, 70232 MiB
2026/09/24 11:20:42.298, 3, 100 %, 70236 MiB
2026/09/24 11:20:42.298, 4, 100 %, 70232 MiB
2026/09/24 11:20:42.298, 5, 100 %, 70232 MiB
2026/09/24 11:20:42.298, 6, 99 %, 69944 MiB
2026/09/24 11:20:42.298, 7, 100 %, 70232 MiB
2026/09/24 11:20:47.298, 0, 69 %, 70444 MiB
2026/09/24 11:20:47.298, 1, 67 %, 70232 MiB
2026/09/24 11:20:47.298, 2, 100 %, 70232 MiB
2026/09/24 11:20:47.298, 3, 100 %, 70236 MiB
2026/09/24 11:20:47.298, 4, 71 %, 70232 MiB
2026/09/24 11:20:47.498, 5, 99 %, 70232 MiB
2026/09/24 11:20:47.501, 6, 100 %, 69944 MiB
2026/09/24 11:20:47.501, 7, 99 %, 70232 MiB
2026/09/24 11:20:52.501, 0, 99 %, 70444 MiB
2026/09/24 11:20:52.501, 1, 100 %, 70232 MiB
2026/09/24 11:20:52.501, 2, 100 %, 70232 MiB
2026/09/24 11:20:52.501, 3, 99 %, 70236 MiB
2026/09/24 11:20:52.501, 4, 100 %, 70232 MiB
2026/09/24 11:20:52.501, 5, 100 %, 70232 MiB
2026/09/24 11:20:52.501, 6, 100 %, 69944 MiB
2026/09/24 11:20:52.501, 7, 100 %, 70232 MiB
2026/09/24 11:20:57.502, 0, 100 %, 70444 MiB
2026/09/24 11:20:57.502, 1, 100 %, 70232 MiB
2026/09/24 11:20:57.504, 2, 100 %, 70232 MiB
2026/09/24 11:20:57.504, 3, 99 %, 70236 MiB
2026/09/24 11:20:57.508, 4, 100 %, 70232 MiB
2026/09/24 11:20:57.508, 5, 99 %, 70232 MiB
2026/09/24 11:20:57.509, 6, 100 %, 69944 MiB
2026/09/24 11:20:57.509, 7, 100 %, 70232 MiB
2026/09/24 11:21:02.510, 0, 100 %, 70444 MiB
2026/09/24 11:21:02.510, 1, 100 %, 70232 MiB
2026/09/24 11:21:02.510, 2, 100 %, 70232 MiB
2026/09/24 11:21:02.510, 3, 100 %, 70236 MiB
2026/09/24 11:21:02.511, 4, 100 %, 70232 MiB
2026/09/24 11:21:02.511, 5, 99 %, 70232 MiB
2026/09/24 11:21:02.511, 6, 100 %, 69944 MiB
2026/09/24 11:21:02.511, 7, 100 %, 70232 MiB
2026/09/24 11:21:07.511, 0, 100 %, 70444 MiB
2026/09/24 11:21:07.512, 1, 100 %, 70232 MiB
2026/09/24 11:21:07.512, 2, 100 %, 70232 MiB
2026/09/24 11:21:07.512, 3, 100 %, 70236 MiB
2026/09/24 11:21:07.512, 4, 100 %, 70232 MiB
2026/09/24 11:21:07.512, 5, 100 %, 70232 MiB
2026/09/24 11:21:07.512, 6, 100 %, 69944 MiB
2026/09/24 11:21:07.512, 7, 100 %, 70232 MiB
2026/09/24 11:21:12.512, 0, 99 %, 70444 MiB
2026/09/24 11:21:12.512, 1, 98 %, 70232 MiB
2026/09/24 11:21:12.512, 2, 99 %, 70232 MiB
2026/09/24 11:21:12.513, 3, 98 %, 70236 MiB
2026/09/24 11:21:12.513, 4, 99 %, 70232 MiB
2026/09/24 11:21:12.513, 5, 99 %, 70232 MiB
2026/09/24 11:21:12.513, 6, 99 %, 69944 MiB
2026/09/24 11:21:12.513, 7, 99 %, 70232 MiB
2026/09/24 11:21:17.513, 0, 100 %, 70444 MiB
2026/09/24 11:21:17.516, 1, 100 %, 70232 MiB
2026/09/24 11:21:17.521, 2, 100 %, 70232 MiB
2026/09/24 11:21:17.525, 3, 99 %, 70236 MiB
2026/09/24 11:21:17.531, 4, 100 %, 70232 MiB
2026/09/24 11:21:17.535, 5, 100 %, 70232 MiB
2026/09/24 11:21:17.542, 6, 100 %, 69944 MiB
2026/09/24 11:21:17.545, 7, 100 %, 70232 MiB
2026/09/24 11:21:22.550, 0, 100 %, 70444 MiB
2026/09/24 11:21:22.550, 1, 100 %, 70232 MiB
2026/09/24 11:21:22.551, 2, 100 %, 70232 MiB
2026/09/24 11:21:22.551, 3, 99 %, 70236 MiB
2026/09/24 11:21:22.552, 4, 100 %, 70232 MiB
2026/09/24 11:21:22.552, 5, 100 %, 70232 MiB
2026/09/24 11:21:22.552, 6, 99 %, 69944 MiB
2026/09/24 11:21:22.552, 7, 100 %, 70232 MiB
2026/09/24 11:21:27.553, 0, 100 %, 70444 MiB
2026/09/24 11:21:27.554, 1, 100 %, 70232 MiB
2026/09/24 11:21:27.557, 2, 100 %, 70232 MiB
2026/09/24 11:21:27.557, 3, 100 %, 70236 MiB
2026/09/24 11:21:27.557, 4, 100 %, 70232 MiB
2026/09/24 11:21:27.557, 5, 100 %, 70232 MiB
2026/09/24 11:21:27.557, 6, 100 %, 69944 MiB
2026/09/24 11:21:27.558, 7, 100 %, 70232 MiB
2026/09/24 11:21:32.558, 0, 100 %, 70444 MiB
2026/09/24 11:21:32.559, 1, 100 %, 70232 MiB
2026/09/24 11:21:32.559, 2, 100 %, 70232 MiB
2026/09/24 11:21:32.559, 3, 100 %, 70236 MiB
2026/09/24 11:21:32.559, 4, 100 %, 70232 MiB
2026/09/24 11:21:32.559, 5, 100 %, 70232 MiB
2026/09/24 11:21:32.559, 6, 100 %, 69944 MiB
2026/09/24 11:21:32.559, 7, 100 %, 70232 MiB
2026/09/24 11:21:37.559, 0, 74 %, 70444 MiB
2026/09/24 11:21:37.559, 1, 89 %, 70232 MiB
2026/09/24 11:21:37.559, 2, 92 %, 70232 MiB
2026/09/24 11:21:37.559, 3, 86 %, 70236 MiB
2026/09/24 11:21:37.559, 4, 74 %, 70232 MiB
2026/09/24 11:21:37.559, 5, 73 %, 70232 MiB
2026/09/24 11:21:37.559, 6, 78 %, 69944 MiB
2026/09/24 11:21:37.559, 7, 70 %, 70232 MiB
2026/09/24 11:21:42.559, 0, 99 %, 70444 MiB
2026/09/24 11:21:42.560, 1, 99 %, 70232 MiB
2026/09/24 11:21:42.560, 2, 98 %, 70232 MiB
2026/09/24 11:21:42.560, 3, 99 %, 70236 MiB
2026/09/24 11:21:42.560, 4, 99 %, 70232 MiB
2026/09/24 11:21:42.560, 5, 99 %, 70232 MiB
2026/09/24 11:21:42.561, 6, 99 %, 69944 MiB
2026/09/24 11:21:42.561, 7, 98 %, 70232 MiB
2026/09/24 11:21:47.561, 0, 99 %, 70444 MiB
2026/09/24 11:21:47.563, 1, 99 %, 70232 MiB
2026/09/24 11:21:47.566, 2, 98 %, 70232 MiB
2026/09/24 11:21:47.566, 3, 99 %, 70236 MiB
2026/09/24 11:21:47.571, 4, 99 %, 70232 MiB
2026/09/24 11:21:47.572, 5, 99 %, 70232 MiB
2026/09/24 11:21:47.572, 6, 99 %, 69944 MiB
2026/09/24 11:21:47.572, 7, 98 %, 70232 MiB
2026/09/24 11:21:52.572, 0, 0 %, 70444 MiB
2026/09/24 11:21:52.572, 1, 6 %, 70232 MiB
2026/09/24 11:21:52.572, 2, 0 %, 70232 MiB
2026/09/24 11:21:52.572, 3, 18 %, 70236 MiB
2026/09/24 11:21:52.572, 4, 0 %, 70232 MiB
2026/09/24 11:21:52.577, 5, 0 %, 70232 MiB
2026/09/24 11:21:52.578, 6, 34 %, 69944 MiB
2026/09/24 11:21:52.578, 7, 22 %, 70232 MiB
2026/09/24 11:21:57.578, 0, 99 %, 70444 MiB
2026/09/24 11:21:57.578, 1, 99 %, 70232 MiB
2026/09/24 11:21:57.578, 2, 99 %, 70232 MiB
2026/09/24 11:21:57.578, 3, 99 %, 70236 MiB
2026/09/24 11:21:57.578, 4, 99 %, 70232 MiB
2026/09/24 11:21:57.578, 5, 99 %, 70232 MiB
2026/09/24 11:21:57.578, 6, 99 %, 69944 MiB
2026/09/24 11:21:57.578, 7, 98 %, 70232 MiB
2026/09/24 11:22:02.579, 0, 99 %, 70444 MiB
2026/09/24 11:22:02.579, 1, 99 %, 70232 MiB
2026/09/24 11:22:02.579, 2, 99 %, 70232 MiB
2026/09/24 11:22:02.579, 3, 99 %, 70236 MiB
2026/09/24 11:22:02.579, 4, 99 %, 70232 MiB
2026/09/24 11:22:02.579, 5, 97 %, 70232 MiB
2026/09/24 11:22:02.579, 6, 99 %, 69944 MiB
2026/09/24 11:22:02.579, 7, 99 %, 70232 MiB
2026/09/24 11:22:07.579, 0, 98 %, 70444 MiB
2026/09/24 11:22:07.579, 1, 99 %, 70232 MiB
2026/09/24 11:22:07.579, 2, 94 %, 70232 MiB
2026/09/24 11:22:07.579, 3, 93 %, 70236 MiB
2026/09/24 11:22:07.579, 4, 99 %, 70232 MiB
2026/09/24 11:22:07.579, 5, 97 %, 70232 MiB
2026/09/24 11:22:07.579, 6, 99 %, 69944 MiB
2026/09/24 11:22:07.579, 7, 98 %, 70232 MiB
2026/09/24 11:22:12.580, 0, 99 %, 70444 MiB
2026/09/24 11:22:12.580, 1, 99 %, 70232 MiB
2026/09/24 11:22:12.580, 2, 98 %, 70232 MiB
2026/09/24 11:22:12.580, 3, 99 %, 70236 MiB
2026/09/24 11:22:12.580, 4, 99 %, 70232 MiB
2026/09/24 11:22:12.580, 5, 99 %, 70232 MiB
2026/09/24 11:22:12.580, 6, 99 %, 69944 MiB
2026/09/24 11:22:12.580, 7, 98 %, 70232 MiB
2026/09/24 11:22:17.580, 0, 99 %, 70444 MiB
2026/09/24 11:22:17.580, 1, 99 %, 70232 MiB
2026/09/24 11:22:17.580, 2, 98 %, 70232 MiB
2026/09/24 11:22:17.580, 3, 99 %, 70236 MiB
2026/09/24 11:22:17.580, 4, 99 %, 70232 MiB
2026/09/24 11:22:17.580, 5, 98 %, 70232 MiB
2026/09/24 11:22:17.580, 6, 99 %, 69944 MiB
2026/09/24 11:22:17.580, 7, 99 %, 70232 MiB
2026/09/24 11:22:22.581, 0, 99 %, 70444 MiB
2026/09/24 11:22:22.581, 1, 99 %, 70232 MiB
2026/09/24 11:22:22.581, 2, 98 %, 70232 MiB
2026/09/24 11:22:22.581, 3, 99 %, 70236 MiB
2026/09/24 11:22:22.581, 4, 99 %, 70232 MiB
2026/09/24 11:22:22.581, 5, 99 %, 70232 MiB
2026/09/24 11:22:22.581, 6, 97 %, 69944 MiB
2026/09/24 11:22:22.581, 7, 99 %, 70232 MiB
2026/09/24 11:22:27.582, 0, 99 %, 70444 MiB
2026/09/24 11:22:27.582, 1, 99 %, 70232 MiB
2026/09/24 11:22:27.582, 2, 99 %, 70232 MiB
2026/09/24 11:22:27.582, 3, 98 %, 70236 MiB
2026/09/24 11:22:27.583, 4, 99 %, 70232 MiB
2026/09/24 11:22:27.583, 5, 99 %, 70232 MiB
2026/09/24 11:22:27.583, 6, 92 %, 69944 MiB
2026/09/24 11:22:27.584, 7, 97 %, 70232 MiB
2026/09/24 11:22:32.584, 0, 99 %, 70444 MiB
2026/09/24 11:22:32.584, 1, 99 %, 70232 MiB
2026/09/24 11:22:32.585, 2, 99 %, 70232 MiB
2026/09/24 11:22:32.585, 3, 99 %, 70236 MiB
2026/09/24 11:22:32.585, 4, 99 %, 70232 MiB
2026/09/24 11:22:32.585, 5, 99 %, 70232 MiB
2026/09/24 11:22:32.585, 6, 98 %, 69944 MiB
2026/09/24 11:22:32.585, 7, 72 %, 70232 MiB
2026/09/24 11:22:37.585, 0, 99 %, 70444 MiB
2026/09/24 11:22:37.585, 1, 98 %, 70232 MiB
2026/09/24 11:22:37.586, 2, 99 %, 70232 MiB
2026/09/24 11:22:37.586, 3, 98 %, 70236 MiB
2026/09/24 11:22:37.586, 4, 99 %, 70232 MiB
2026/09/24 11:22:37.586, 5, 99 %, 70232 MiB
2026/09/24 11:22:37.587, 6, 99 %, 69944 MiB
2026/09/24 11:22:37.587, 7, 99 %, 70232 MiB
2026/09/24 11:22:42.590, 0, 99 %, 70444 MiB
2026/09/24 11:22:42.591, 1, 99 %, 70232 MiB
2026/09/24 11:22:42.591, 2, 97 %, 70232 MiB
2026/09/24 11:22:42.591, 3, 99 %, 70236 MiB
2026/09/24 11:22:42.592, 4, 99 %, 70232 MiB
2026/09/24 11:22:42.592, 5, 98 %, 70232 MiB
2026/09/24 11:22:42.592, 6, 99 %, 69944 MiB
2026/09/24 11:22:42.593, 7, 99 %, 70232 MiB
2026/09/24 11:22:47.593, 0, 98 %, 70444 MiB
2026/09/24 11:22:47.614, 1, 99 %, 70232 MiB
2026/09/24 11:22:47.619, 2, 99 %, 70232 MiB
2026/09/24 11:22:47.619, 3, 99 %, 70236 MiB
2026/09/24 11:22:47.622, 4, 99 %, 70232 MiB
2026/09/24 11:22:47.626, 5, 99 %, 70232 MiB
2026/09/24 11:22:47.626, 6, 99 %, 69944 MiB
2026/09/24 11:22:47.630, 7, 98 %, 70232 MiB
2026/09/24 11:22:52.632, 0, 31 %, 70444 MiB
2026/09/24 11:22:52.633, 1, 37 %, 70232 MiB
2026/09/24 11:22:52.633, 2, 42 %, 70232 MiB
2026/09/24 11:22:52.633, 3, 4 %, 70236 MiB
2026/09/24 11:22:52.634, 4, 32 %, 70232 MiB
2026/09/24 11:22:52.634, 5, 27 %, 70232 MiB
2026/09/24 11:22:52.634, 6, 1 %, 69944 MiB
2026/09/24 11:22:52.635, 7, 8 %, 70232 MiB
2026/09/24 11:22:57.635, 0, 98 %, 70444 MiB
2026/09/24 11:22:57.635, 1, 99 %, 70232 MiB
2026/09/24 11:22:57.635, 2, 99 %, 70232 MiB
2026/09/24 11:22:57.635, 3, 99 %, 70236 MiB
2026/09/24 11:22:57.635, 4, 99 %, 70232 MiB
2026/09/24 11:22:57.635, 5, 99 %, 70232 MiB
2026/09/24 11:22:57.635, 6, 99 %, 69944 MiB
2026/09/24 11:22:57.635, 7, 99 %, 70232 MiB
2026/09/24 11:23:02.636, 0, 94 %, 70444 MiB
2026/09/24 11:23:02.636, 1, 59 %, 70232 MiB
2026/09/24 11:23:02.636, 2, 48 %, 70232 MiB
2026/09/24 11:23:02.636, 3, 77 %, 70236 MiB
2026/09/24 11:23:02.636, 4, 54 %, 70232 MiB
2026/09/24 11:23:02.636, 5, 43 %, 70232 MiB
2026/09/24 11:23:02.636, 6, 83 %, 69944 MiB
2026/09/24 11:23:02.636, 7, 27 %, 70232 MiB
2026/09/24 11:23:07.637, 0, 99 %, 70444 MiB
2026/09/24 11:23:07.637, 1, 99 %, 70232 MiB
2026/09/24 11:23:07.637, 2, 99 %, 70232 MiB
2026/09/24 11:23:07.637, 3, 98 %, 70236 MiB
2026/09/24 11:23:07.637, 4, 99 %, 70232 MiB
2026/09/24 11:23:07.637, 5, 99 %, 70232 MiB
2026/09/24 11:23:07.637, 6, 99 %, 69944 MiB
2026/09/24 11:23:07.637, 7, 99 %, 70232 MiB
2026/09/24 11:23:12.637, 0, 98 %, 70444 MiB
2026/09/24 11:23:12.637, 1, 98 %, 70232 MiB
2026/09/24 11:23:12.637, 2, 99 %, 70232 MiB
2026/09/24 11:23:12.637, 3, 98 %, 70236 MiB
2026/09/24 11:23:12.637, 4, 99 %, 70232 MiB
2026/09/24 11:23:12.637, 5, 99 %, 70232 MiB
2026/09/24 11:23:12.637, 6, 99 %, 69944 MiB
2026/09/24 11:23:12.637, 7, 97 %, 70232 MiB
2026/09/24 11:23:17.638, 0, 98 %, 70444 MiB
2026/09/24 11:23:17.638, 1, 99 %, 70232 MiB
2026/09/24 11:23:17.638, 2, 99 %, 70232 MiB
2026/09/24 11:23:17.638, 3, 99 %, 70236 MiB
2026/09/24 11:23:17.638, 4, 99 %, 70232 MiB
2026/09/24 11:23:17.638, 5, 97 %, 70232 MiB
2026/09/24 11:23:17.638, 6, 99 %, 69944 MiB
2026/09/24 11:23:17.638, 7, 99 %, 70232 MiB
2026/09/24 11:23:22.638, 0, 98 %, 70444 MiB
2026/09/24 11:23:22.638, 1, 99 %, 70232 MiB
2026/09/24 11:23:22.638, 2, 99 %, 70232 MiB
2026/09/24 11:23:22.638, 3, 98 %, 70236 MiB
2026/09/24 11:23:22.638, 4, 99 %, 70232 MiB
2026/09/24 11:23:22.638, 5, 99 %, 70232 MiB
2026/09/24 11:23:22.638, 6, 99 %, 69944 MiB
2026/09/24 11:23:22.639, 7, 97 %, 70232 MiB
2026/09/24 11:23:27.639, 0, 99 %, 70444 MiB
2026/09/24 11:23:27.639, 1, 99 %, 70232 MiB
2026/09/24 11:23:27.640, 2, 99 %, 70232 MiB
2026/09/24 11:23:27.640, 3, 99 %, 70236 MiB
2026/09/24 11:23:27.641, 4, 99 %, 70232 MiB
2026/09/24 11:23:27.641, 5, 99 %, 70232 MiB
2026/09/24 11:23:27.641, 6, 99 %, 69944 MiB
2026/09/24 11:23:27.641, 7, 98 %, 70232 MiB
2026/09/24 11:23:32.641, 0, 97 %, 70444 MiB
2026/09/24 11:23:32.641, 1, 99 %, 70232 MiB
2026/09/24 11:23:32.641, 2, 98 %, 70232 MiB
2026/09/24 11:23:32.641, 3, 98 %, 70236 MiB
2026/09/24 11:23:32.641, 4, 99 %, 70232 MiB
2026/09/24 11:23:32.641, 5, 99 %, 70232 MiB
2026/09/24 11:23:32.641, 6, 99 %, 69944 MiB
2026/09/24 11:23:32.641, 7, 99 %, 70232 MiB
2026/09/24 11:23:37.642, 0, 99 %, 70444 MiB
2026/09/24 11:23:37.642, 1, 98 %, 70232 MiB
2026/09/24 11:23:37.642, 2, 99 %, 70232 MiB
2026/09/24 11:23:37.642, 3, 99 %, 70236 MiB
2026/09/24 11:23:37.642, 4, 99 %, 70232 MiB
2026/09/24 11:23:37.642, 5, 99 %, 70232 MiB
2026/09/24 11:23:37.642, 6, 99 %, 69944 MiB
2026/09/24 11:23:37.642, 7, 99 %, 70232 MiB
2026/09/24 11:23:42.642, 0, 98 %, 70444 MiB
2026/09/24 11:23:42.642, 1, 99 %, 70232 MiB
2026/09/24 11:23:42.643, 2, 99 %, 70232 MiB
2026/09/24 11:23:42.643, 3, 99 %, 70236 MiB
2026/09/24 11:23:42.643, 4, 98 %, 70232 MiB
2026/09/24 11:23:42.644, 5, 99 %, 70232 MiB
2026/09/24 11:23:42.644, 6, 99 %, 69944 MiB
2026/09/24 11:23:42.644, 7, 99 %, 70232 MiB
2026/09/24 11:23:47.645, 0, 98 %, 70444 MiB
2026/09/24 11:23:47.645, 1, 99 %, 70232 MiB
2026/09/24 11:23:47.646, 2, 99 %, 70232 MiB
2026/09/24 11:23:47.646, 3, 99 %, 70236 MiB
2026/09/24 11:23:47.646, 4, 99 %, 70232 MiB
2026/09/24 11:23:47.646, 5, 99 %, 70232 MiB
2026/09/24 11:23:47.646, 6, 99 %, 69944 MiB
2026/09/24 11:23:47.646, 7, 99 %, 70232 MiB
2026/09/24 11:23:52.646, 0, 7 %, 70444 MiB
2026/09/24 11:23:52.686, 1, 12 %, 70232 MiB
2026/09/24 11:23:52.687, 2, 0 %, 70232 MiB
2026/09/24 11:23:52.687, 3, 29 %, 70236 MiB
2026/09/24 11:23:52.687, 4, 50 %, 70232 MiB
2026/09/24 11:23:52.687, 5, 0 %, 70232 MiB
2026/09/24 11:23:52.687, 6, 0 %, 69944 MiB
2026/09/24 11:23:52.687, 7, 0 %, 70232 MiB
2026/09/24 11:23:57.687, 0, 99 %, 70444 MiB
2026/09/24 11:23:57.688, 1, 98 %, 70232 MiB
2026/09/24 11:23:57.688, 2, 98 %, 70232 MiB
2026/09/24 11:23:57.688, 3, 99 %, 70236 MiB
2026/09/24 11:23:57.688, 4, 99 %, 70232 MiB
2026/09/24 11:23:57.688, 5, 99 %, 70232 MiB
2026/09/24 11:23:57.688, 6, 99 %, 69944 MiB
2026/09/24 11:23:57.688, 7, 99 %, 70232 MiB
2026/09/24 11:24:02.688, 0, 98 %, 70444 MiB
2026/09/24 11:24:02.688, 1, 98 %, 70232 MiB
2026/09/24 11:24:02.688, 2, 99 %, 70232 MiB
2026/09/24 11:24:02.688, 3, 99 %, 70236 MiB
2026/09/24 11:24:02.688, 4, 98 %, 70232 MiB
2026/09/24 11:24:02.688, 5, 95 %, 70232 MiB
2026/09/24 11:24:02.688, 6, 99 %, 69944 MiB
2026/09/24 11:24:02.688, 7, 99 %, 70232 MiB
2026/09/24 11:24:07.688, 0, 98 %, 70444 MiB
2026/09/24 11:24:07.689, 1, 99 %, 70232 MiB
2026/09/24 11:24:07.689, 2, 98 %, 70232 MiB
2026/09/24 11:24:07.689, 3, 99 %, 70236 MiB
2026/09/24 11:24:07.689, 4, 99 %, 70232 MiB
2026/09/24 11:24:07.689, 5, 98 %, 70232 MiB
2026/09/24 11:24:07.689, 6, 99 %, 69944 MiB
2026/09/24 11:24:07.689, 7, 99 %, 70232 MiB
2026/09/24 11:24:12.689, 0, 98 %, 70444 MiB
2026/09/24 11:24:12.689, 1, 99 %, 70232 MiB
2026/09/24 11:24:12.689, 2, 99 %, 70232 MiB
2026/09/24 11:24:12.689, 3, 99 %, 70236 MiB
2026/09/24 11:24:12.689, 4, 99 %, 70232 MiB
2026/09/24 11:24:12.689, 5, 99 %, 70232 MiB
2026/09/24 11:24:12.689, 6, 99 %, 69944 MiB
2026/09/24 11:24:12.689, 7, 99 %, 70232 MiB
2026/09/24 11:24:17.689, 0, 99 %, 70444 MiB
2026/09/24 11:24:17.690, 1, 99 %, 70232 MiB
2026/09/24 11:24:17.690, 2, 99 %, 70232 MiB
2026/09/24 11:24:17.691, 3, 98 %, 70236 MiB
2026/09/24 11:24:17.691, 4, 99 %, 70232 MiB
2026/09/24 11:24:17.695, 5, 99 %, 70232 MiB
2026/09/24 11:24:17.695, 6, 98 %, 69944 MiB
2026/09/24 11:24:17.695, 7, 99 %, 70232 MiB
2026/09/24 11:24:22.696, 0, 99 %, 70444 MiB
2026/09/24 11:24:22.696, 1, 99 %, 70232 MiB
2026/09/24 11:24:22.696, 2, 99 %, 70232 MiB
2026/09/24 11:24:22.696, 3, 99 %, 70236 MiB
2026/09/24 11:24:22.696, 4, 99 %, 70232 MiB
2026/09/24 11:24:22.696, 5, 99 %, 70232 MiB
2026/09/24 11:24:22.696, 6, 99 %, 69944 MiB
2026/09/24 11:24:22.696, 7, 99 %, 70232 MiB
2026/09/24 11:24:27.696, 0, 98 %, 70444 MiB
2026/09/24 11:24:27.696, 1, 98 %, 70232 MiB
2026/09/24 11:24:27.696, 2, 99 %, 70232 MiB
2026/09/24 11:24:27.696, 3, 99 %, 70236 MiB
2026/09/24 11:24:27.696, 4, 99 %, 70232 MiB
2026/09/24 11:24:27.696, 5, 99 %, 70232 MiB
2026/09/24 11:24:27.696, 6, 99 %, 69944 MiB
2026/09/24 11:24:27.696, 7, 99 %, 70232 MiB
2026/09/24 11:24:32.697, 0, 99 %, 70444 MiB
2026/09/24 11:24:32.697, 1, 99 %, 70232 MiB
2026/09/24 11:24:32.697, 2, 99 %, 70232 MiB
2026/09/24 11:24:32.697, 3, 99 %, 70236 MiB
2026/09/24 11:24:32.698, 4, 99 %, 70232 MiB
2026/09/24 11:24:32.698, 5, 99 %, 70232 MiB
2026/09/24 11:24:32.698, 6, 99 %, 69944 MiB
2026/09/24 11:24:32.699, 7, 99 %, 70232 MiB
2026/09/24 11:24:37.699, 0, 99 %, 70444 MiB
2026/09/24 11:24:37.699, 1, 99 %, 70232 MiB
2026/09/24 11:24:37.700, 2, 99 %, 70232 MiB
2026/09/24 11:24:37.700, 3, 99 %, 70236 MiB
2026/09/24 11:24:37.701, 4, 98 %, 70232 MiB
2026/09/24 11:24:37.701, 5, 99 %, 70232 MiB
2026/09/24 11:24:37.701, 6, 99 %, 69944 MiB
2026/09/24 11:24:37.702, 7, 98 %, 70232 MiB
2026/09/24 11:24:42.702, 0, 99 %, 70444 MiB
2026/09/24 11:24:42.702, 1, 99 %, 70232 MiB
2026/09/24 11:24:42.703, 2, 99 %, 70232 MiB
2026/09/24 11:24:42.703, 3, 99 %, 70236 MiB
2026/09/24 11:24:42.703, 4, 98 %, 70232 MiB
2026/09/24 11:24:42.703, 5, 99 %, 70232 MiB
2026/09/24 11:24:42.703, 6, 99 %, 69944 MiB
2026/09/24 11:24:42.703, 7, 99 %, 70232 MiB
2026/09/24 11:24:47.703, 0, 42 %, 70444 MiB
2026/09/24 11:24:47.722, 1, 56 %, 70232 MiB
2026/09/24 11:24:47.727, 2, 37 %, 70232 MiB
2026/09/24 11:24:47.727, 3, 0 %, 70236 MiB
2026/09/24 11:24:47.728, 4, 6 %, 70232 MiB
2026/09/24 11:24:47.728, 5, 30 %, 70232 MiB
2026/09/24 11:24:47.728, 6, 4 %, 69944 MiB
2026/09/24 11:24:47.729, 7, 12 %, 70232 MiB
2026/09/24 11:24:52.729, 0, 98 %, 70444 MiB
2026/09/24 11:24:52.731, 1, 63 %, 70232 MiB
2026/09/24 11:24:52.731, 2, 98 %, 70232 MiB
2026/09/24 11:24:52.731, 3, 68 %, 70236 MiB
2026/09/24 11:24:52.731, 4, 55 %, 70232 MiB
2026/09/24 11:24:52.733, 5, 37 %, 70232 MiB
2026/09/24 11:24:52.733, 6, 84 %, 69944 MiB
2026/09/24 11:24:52.735, 7, 26 %, 70232 MiB
2026/09/24 11:24:57.735, 0, 99 %, 70444 MiB
2026/09/24 11:24:57.735, 1, 99 %, 70232 MiB
2026/09/24 11:24:57.735, 2, 99 %, 70232 MiB
2026/09/24 11:24:57.735, 3, 99 %, 70236 MiB
2026/09/24 11:24:57.735, 4, 98 %, 70232 MiB
2026/09/24 11:24:57.735, 5, 99 %, 70232 MiB
2026/09/24 11:24:57.735, 6, 98 %, 69944 MiB
2026/09/24 11:24:57.735, 7, 99 %, 70232 MiB
2026/09/24 11:25:02.736, 0, 99 %, 70444 MiB
2026/09/24 11:25:02.736, 1, 99 %, 70232 MiB
2026/09/24 11:25:02.736, 2, 99 %, 70232 MiB
2026/09/24 11:25:02.736, 3, 89 %, 70236 MiB
2026/09/24 11:25:02.736, 4, 99 %, 70232 MiB
2026/09/24 11:25:02.736, 5, 99 %, 70232 MiB
2026/09/24 11:25:02.736, 6, 99 %, 69944 MiB
2026/09/24 11:25:02.736, 7, 98 %, 70232 MiB
2026/09/24 11:25:07.736, 0, 3 %, 70444 MiB
2026/09/24 11:25:07.736, 1, 0 %, 70232 MiB
2026/09/24 11:25:07.736, 2, 8 %, 70232 MiB
2026/09/24 11:25:07.736, 3, 74 %, 70236 MiB
2026/09/24 11:25:07.736, 4, 0 %, 70232 MiB
2026/09/24 11:25:07.736, 5, 15 %, 70232 MiB
2026/09/24 11:25:07.736, 6, 41 %, 69944 MiB
2026/09/24 11:25:07.737, 7, 35 %, 70232 MiB
2026/09/24 11:25:12.737, 0, 98 %, 70444 MiB
2026/09/24 11:25:12.737, 1, 97 %, 70232 MiB
2026/09/24 11:25:12.737, 2, 98 %, 70232 MiB
2026/09/24 11:25:12.738, 3, 99 %, 70236 MiB
2026/09/24 11:25:12.738, 4, 99 %, 70232 MiB
2026/09/24 11:25:12.739, 5, 99 %, 70232 MiB
2026/09/24 11:25:12.739, 6, 99 %, 69944 MiB
2026/09/24 11:25:12.739, 7, 98 %, 70232 MiB
2026/09/24 11:25:17.740, 0, 99 %, 70444 MiB
2026/09/24 11:25:17.740, 1, 99 %, 70232 MiB
2026/09/24 11:25:17.740, 2, 99 %, 70232 MiB
2026/09/24 11:25:17.740, 3, 99 %, 70236 MiB
2026/09/24 11:25:17.740, 4, 99 %, 70232 MiB
2026/09/24 11:25:17.740, 5, 99 %, 70232 MiB
2026/09/24 11:25:17.740, 6, 99 %, 69944 MiB
2026/09/24 11:25:17.740, 7, 98 %, 70232 MiB
2026/09/24 11:25:22.740, 0, 89 %, 70444 MiB
2026/09/24 11:25:22.741, 1, 71 %, 70232 MiB
2026/09/24 11:25:22.741, 2, 92 %, 70232 MiB
2026/09/24 11:25:22.741, 3, 99 %, 70236 MiB
2026/09/24 11:25:22.741, 4, 80 %, 70232 MiB
2026/09/24 11:25:22.741, 5, 99 %, 70232 MiB
2026/09/24 11:25:22.741, 6, 99 %, 69944 MiB
2026/09/24 11:25:22.741, 7, 99 %, 70232 MiB
2026/09/24 11:25:27.741, 0, 80 %, 70444 MiB
2026/09/24 11:25:27.741, 1, 97 %, 70232 MiB
2026/09/24 11:25:27.741, 2, 82 %, 70232 MiB
2026/09/24 11:25:27.741, 3, 99 %, 70236 MiB
2026/09/24 11:25:27.741, 4, 70 %, 70232 MiB
2026/09/24 11:25:27.741, 5, 98 %, 70232 MiB
2026/09/24 11:25:27.741, 6, 99 %, 69944 MiB
2026/09/24 11:25:27.741, 7, 99 %, 70232 MiB
2026/09/24 11:25:32.741, 0, 37 %, 70444 MiB
2026/09/24 11:25:32.743, 1, 53 %, 70232 MiB
2026/09/24 11:25:32.743, 2, 38 %, 70232 MiB
2026/09/24 11:25:32.743, 3, 64 %, 70236 MiB
2026/09/24 11:25:32.743, 4, 42 %, 70232 MiB
2026/09/24 11:25:32.743, 5, 29 %, 70232 MiB
2026/09/24 11:25:32.743, 6, 77 %, 69944 MiB
2026/09/24 11:25:32.743, 7, 20 %, 70232 MiB
2026/09/24 11:25:37.743, 0, 98 %, 70444 MiB
2026/09/24 11:25:37.743, 1, 98 %, 70232 MiB
2026/09/24 11:25:37.743, 2, 98 %, 70232 MiB
2026/09/24 11:25:37.743, 3, 98 %, 70236 MiB
2026/09/24 11:25:37.743, 4, 99 %, 70232 MiB
2026/09/24 11:25:37.743, 5, 99 %, 70232 MiB
2026/09/24 11:25:37.743, 6, 99 %, 69944 MiB
2026/09/24 11:25:37.743, 7, 99 %, 70232 MiB
2026/09/24 11:25:42.744, 0, 99 %, 70444 MiB
2026/09/24 11:25:42.744, 1, 99 %, 70232 MiB
2026/09/24 11:25:42.744, 2, 98 %, 70232 MiB
2026/09/24 11:25:42.744, 3, 99 %, 70236 MiB
2026/09/24 11:25:42.744, 4, 98 %, 70232 MiB
2026/09/24 11:25:42.744, 5, 99 %, 70232 MiB
2026/09/24 11:25:42.744, 6, 99 %, 69944 MiB
2026/09/24 11:25:42.744, 7, 99 %, 70232 MiB
2026/09/24 11:25:47.744, 0, 99 %, 70444 MiB
2026/09/24 11:25:47.744, 1, 99 %, 70232 MiB
2026/09/24 11:25:47.744, 2, 99 %, 70232 MiB
2026/09/24 11:25:47.744, 3, 99 %, 70236 MiB
2026/09/24 11:25:47.744, 4, 98 %, 70232 MiB
2026/09/24 11:25:47.744, 5, 99 %, 70232 MiB
2026/09/24 11:25:47.744, 6, 99 %, 69944 MiB
2026/09/24 11:25:47.744, 7, 98 %, 70232 MiB
2026/09/24 11:25:52.745, 0, 99 %, 70444 MiB
2026/09/24 11:25:52.745, 1, 98 %, 70232 MiB
2026/09/24 11:25:52.745, 2, 99 %, 70232 MiB
2026/09/24 11:25:52.745, 3, 99 %, 70236 MiB
2026/09/24 11:25:52.745, 4, 99 %, 70232 MiB
2026/09/24 11:25:52.745, 5, 99 %, 70232 MiB
2026/09/24 11:25:52.745, 6, 99 %, 69944 MiB
2026/09/24 11:25:52.745, 7, 97 %, 70232 MiB
2026/09/24 11:25:57.745, 0, 7 %, 70444 MiB
2026/09/24 11:25:57.745, 1, 0 %, 70232 MiB
2026/09/24 11:25:57.745, 2, 0 %, 70232 MiB
2026/09/24 11:25:57.745, 3, 0 %, 70236 MiB
2026/09/24 11:25:57.745, 4, 0 %, 70232 MiB
2026/09/24 11:25:57.745, 5, 16 %, 70232 MiB
2026/09/24 11:25:57.745, 6, 1 %, 69944 MiB
2026/09/24 11:25:57.745, 7, 8 %, 70232 MiB
2026/09/24 11:26:02.746, 0, 99 %, 70444 MiB
2026/09/24 11:26:02.746, 1, 99 %, 70232 MiB
2026/09/24 11:26:02.748, 2, 99 %, 70232 MiB
2026/09/24 11:26:02.750, 3, 98 %, 70236 MiB
2026/09/24 11:26:02.752, 4, 99 %, 70232 MiB
2026/09/24 11:26:02.753, 5, 99 %, 70232 MiB
2026/09/24 11:26:02.755, 6, 99 %, 69944 MiB
2026/09/24 11:26:02.755, 7, 99 %, 70232 MiB
2026/09/24 11:26:07.755, 0, 98 %, 70444 MiB
2026/09/24 11:26:07.756, 1, 99 %, 70232 MiB
2026/09/24 11:26:07.756, 2, 98 %, 70232 MiB
2026/09/24 11:26:07.756, 3, 99 %, 70236 MiB
2026/09/24 11:26:07.756, 4, 99 %, 70232 MiB
2026/09/24 11:26:07.756, 5, 99 %, 70232 MiB
2026/09/24 11:26:07.756, 6, 99 %, 69944 MiB
2026/09/24 11:26:07.756, 7, 99 %, 70232 MiB
2026/09/24 11:26:12.756, 0, 0 %, 70444 MiB
2026/09/24 11:26:12.756, 1, 14 %, 70232 MiB
2026/09/24 11:26:12.756, 2, 36 %, 70232 MiB
2026/09/24 11:26:12.756, 3, 12 %, 70236 MiB
2026/09/24 11:26:12.756, 4, 26 %, 70232 MiB
2026/09/24 11:26:12.756, 5, 51 %, 70232 MiB
2026/09/24 11:26:12.756, 6, 0 %, 69944 MiB
2026/09/24 11:26:12.756, 7, 66 %, 70232 MiB
2026/09/24 11:26:17.757, 0, 91 %, 70444 MiB
2026/09/24 11:26:17.757, 1, 99 %, 70232 MiB
2026/09/24 11:26:17.757, 2, 97 %, 70232 MiB
2026/09/24 11:26:17.757, 3, 98 %, 70236 MiB
2026/09/24 11:26:17.757, 4, 99 %, 70232 MiB
2026/09/24 11:26:17.757, 5, 39 %, 70232 MiB
2026/09/24 11:26:17.757, 6, 90 %, 69944 MiB
2026/09/24 11:26:17.757, 7, 99 %, 70232 MiB
2026/09/24 11:26:22.757, 0, 99 %, 70444 MiB
2026/09/24 11:26:22.757, 1, 98 %, 70232 MiB
2026/09/24 11:26:22.757, 2, 98 %, 70232 MiB
2026/09/24 11:26:22.757, 3, 99 %, 70236 MiB
2026/09/24 11:26:22.757, 4, 99 %, 70232 MiB
2026/09/24 11:26:22.757, 5, 99 %, 70232 MiB
2026/09/24 11:26:22.757, 6, 99 %, 69944 MiB
2026/09/24 11:26:22.757, 7, 98 %, 70232 MiB
2026/09/24 11:26:27.758, 0, 99 %, 70444 MiB
2026/09/24 11:26:27.759, 1, 99 %, 70232 MiB
2026/09/24 11:26:27.759, 2, 99 %, 70232 MiB
2026/09/24 11:26:27.759, 3, 99 %, 70236 MiB
2026/09/24 11:26:27.759, 4, 99 %, 70232 MiB
2026/09/24 11:26:27.760, 5, 99 %, 70232 MiB
2026/09/24 11:26:27.760, 6, 98 %, 69944 MiB
2026/09/24 11:26:27.760, 7, 99 %, 70232 MiB
2026/09/24 11:26:32.760, 0, 99 %, 70444 MiB
2026/09/24 11:26:32.760, 1, 97 %, 70232 MiB
2026/09/24 11:26:32.760, 2, 89 %, 70232 MiB
2026/09/24 11:26:32.762, 3, 99 %, 70236 MiB
2026/09/24 11:26:32.763, 4, 92 %, 70232 MiB
2026/09/24 11:26:32.764, 5, 99 %, 70232 MiB
2026/09/24 11:26:32.764, 6, 72 %, 69944 MiB
2026/09/24 11:26:32.764, 7, 99 %, 70232 MiB
2026/09/24 11:26:37.766, 0, 99 %, 70444 MiB
2026/09/24 11:26:37.767, 1, 99 %, 70232 MiB
2026/09/24 11:26:37.770, 2, 99 %, 70232 MiB
2026/09/24 11:26:37.772, 3, 99 %, 70236 MiB
2026/09/24 11:26:37.772, 4, 99 %, 70232 MiB
2026/09/24 11:26:37.772, 5, 99 %, 70232 MiB
2026/09/24 11:26:37.773, 6, 99 %, 69944 MiB
2026/09/24 11:26:37.773, 7, 98 %, 70232 MiB
2026/09/24 11:26:42.778, 0, 99 %, 70444 MiB
2026/09/24 11:26:42.778, 1, 98 %, 70232 MiB
2026/09/24 11:26:42.778, 2, 99 %, 70232 MiB
2026/09/24 11:26:42.778, 3, 99 %, 70236 MiB
2026/09/24 11:26:42.778, 4, 99 %, 70232 MiB
2026/09/24 11:26:42.778, 5, 98 %, 70232 MiB
2026/09/24 11:26:42.779, 6, 99 %, 69944 MiB
2026/09/24 11:26:42.779, 7, 99 %, 70232 MiB
2026/09/24 11:26:47.779, 0, 99 %, 70444 MiB
2026/09/24 11:26:47.779, 1, 99 %, 70232 MiB
2026/09/24 11:26:47.779, 2, 99 %, 70232 MiB
2026/09/24 11:26:47.779, 3, 99 %, 70236 MiB
2026/09/24 11:26:47.779, 4, 98 %, 70232 MiB
2026/09/24 11:26:47.779, 5, 99 %, 70232 MiB
2026/09/24 11:26:47.779, 6, 99 %, 69944 MiB
2026/09/24 11:26:47.779, 7, 99 %, 70232 MiB
2026/09/24 11:26:52.779, 0, 99 %, 70444 MiB
2026/09/24 11:26:52.780, 1, 99 %, 70232 MiB
2026/09/24 11:26:52.780, 2, 99 %, 70232 MiB
2026/09/24 11:26:52.780, 3, 99 %, 70236 MiB
2026/09/24 11:26:52.780, 4, 98 %, 70232 MiB
2026/09/24 11:26:52.781, 5, 99 %, 70232 MiB
2026/09/24 11:26:52.781, 6, 99 %, 69944 MiB
2026/09/24 11:26:52.781, 7, 98 %, 70232 MiB
2026/09/24 11:26:57.782, 0, 99 %, 70444 MiB
2026/09/24 11:26:57.782, 1, 98 %, 70232 MiB
2026/09/24 11:26:57.782, 2, 98 %, 70232 MiB
2026/09/24 11:26:57.782, 3, 99 %, 70236 MiB
2026/09/24 11:26:57.782, 4, 99 %, 70232 MiB
2026/09/24 11:26:57.782, 5, 99 %, 70232 MiB
2026/09/24 11:26:57.782, 6, 99 %, 69944 MiB
2026/09/24 11:26:57.782, 7, 99 %, 70232 MiB
2026/09/24 11:27:02.782, 0, 99 %, 70444 MiB
2026/09/24 11:27:02.783, 1, 99 %, 70232 MiB
2026/09/24 11:27:02.783, 2, 99 %, 70232 MiB
2026/09/24 11:27:02.783, 3, 98 %, 70236 MiB
2026/09/24 11:27:02.783, 4, 99 %, 70232 MiB
2026/09/24 11:27:02.783, 5, 99 %, 70232 MiB
2026/09/24 11:27:02.783, 6, 99 %, 69944 MiB
2026/09/24 11:27:02.783, 7, 99 %, 70232 MiB
2026/09/24 11:27:07.783, 0, 99 %, 70444 MiB
2026/09/24 11:27:07.784, 1, 99 %, 70232 MiB
2026/09/24 11:27:07.787, 2, 99 %, 70232 MiB
2026/09/24 11:27:07.788, 3, 99 %, 70236 MiB
2026/09/24 11:27:07.789, 4, 99 %, 70232 MiB
2026/09/24 11:27:07.789, 5, 99 %, 70232 MiB
2026/09/24 11:27:07.790, 6, 99 %, 69944 MiB
2026/09/24 11:27:07.792, 7, 99 %, 70232 MiB
2026/09/24 11:27:12.811, 0, 99 %, 70444 MiB
2026/09/24 11:27:12.812, 1, 98 %, 70232 MiB
2026/09/24 11:27:12.812, 2, 99 %, 70232 MiB
2026/09/24 11:27:12.812, 3, 99 %, 70236 MiB
2026/09/24 11:27:12.812, 4, 98 %, 70232 MiB
2026/09/24 11:27:12.812, 5, 99 %, 70232 MiB
2026/09/24 11:27:12.812, 6, 99 %, 69944 MiB
2026/09/24 11:27:12.812, 7, 99 %, 70232 MiB
2026/09/24 11:27:17.812, 0, 0 %, 70444 MiB
2026/09/24 11:27:17.818, 1, 13 %, 70232 MiB
2026/09/24 11:27:17.818, 2, 0 %, 70232 MiB
2026/09/24 11:27:17.821, 3, 10 %, 70236 MiB
2026/09/24 11:27:17.821, 4, 1 %, 70232 MiB
2026/09/24 11:27:17.822, 5, 0 %, 70232 MiB
2026/09/24 11:27:17.823, 6, 39 %, 69944 MiB
2026/09/24 11:27:17.823, 7, 0 %, 70232 MiB
2026/09/24 11:27:22.824, 0, 99 %, 70444 MiB
2026/09/24 11:27:22.824, 1, 99 %, 70232 MiB
2026/09/24 11:27:22.824, 2, 99 %, 70232 MiB
2026/09/24 11:27:22.825, 3, 99 %, 70236 MiB
2026/09/24 11:27:22.825, 4, 99 %, 70232 MiB
2026/09/24 11:27:22.825, 5, 99 %, 70232 MiB
2026/09/24 11:27:22.825, 6, 99 %, 69944 MiB
2026/09/24 11:27:22.825, 7, 98 %, 70232 MiB
2026/09/24 11:27:27.825, 0, 99 %, 70444 MiB
2026/09/24 11:27:27.825, 1, 99 %, 70232 MiB
2026/09/24 11:27:27.825, 2, 99 %, 70232 MiB
2026/09/24 11:27:27.825, 3, 99 %, 70236 MiB
2026/09/24 11:27:27.825, 4, 99 %, 70232 MiB
2026/09/24 11:27:27.825, 5, 99 %, 70232 MiB
2026/09/24 11:27:27.825, 6, 99 %, 69944 MiB
2026/09/24 11:27:27.825, 7, 99 %, 70232 MiB
2026/09/24 11:27:32.825, 0, 99 %, 70444 MiB
2026/09/24 11:27:32.826, 1, 99 %, 70232 MiB
2026/09/24 11:27:32.826, 2, 99 %, 70232 MiB
2026/09/24 11:27:32.826, 3, 98 %, 70236 MiB
2026/09/24 11:27:32.827, 4, 99 %, 70232 MiB
2026/09/24 11:27:32.827, 5, 99 %, 70232 MiB
2026/09/24 11:27:32.827, 6, 99 %, 69944 MiB
2026/09/24 11:27:32.827, 7, 97 %, 70232 MiB
2026/09/24 11:27:37.827, 0, 99 %, 70444 MiB
2026/09/24 11:27:37.828, 1, 99 %, 70232 MiB
2026/09/24 11:27:37.829, 2, 99 %, 70232 MiB
2026/09/24 11:27:37.829, 3, 99 %, 70236 MiB
2026/09/24 11:27:37.829, 4, 99 %, 70232 MiB
2026/09/24 11:27:37.831, 5, 99 %, 70232 MiB
2026/09/24 11:27:37.831, 6, 99 %, 69944 MiB
2026/09/24 11:27:37.831, 7, 98 %, 70232 MiB
2026/09/24 11:27:42.831, 0, 99 %, 70444 MiB
2026/09/24 11:27:42.832, 1, 99 %, 70232 MiB
2026/09/24 11:27:42.832, 2, 99 %, 70232 MiB
2026/09/24 11:27:42.832, 3, 98 %, 70236 MiB
2026/09/24 11:27:42.832, 4, 99 %, 70232 MiB
2026/09/24 11:27:42.833, 5, 99 %, 70232 MiB
2026/09/24 11:27:42.833, 6, 99 %, 69944 MiB
2026/09/24 11:27:42.834, 7, 99 %, 70232 MiB
2026/09/24 11:27:47.835, 0, 99 %, 70444 MiB
2026/09/24 11:27:47.835, 1, 99 %, 70232 MiB
2026/09/24 11:27:47.838, 2, 97 %, 70232 MiB
2026/09/24 11:27:47.838, 3, 99 %, 70236 MiB
2026/09/24 11:27:47.839, 4, 99 %, 70232 MiB
2026/09/24 11:27:47.839, 5, 99 %, 70232 MiB
2026/09/24 11:27:47.839, 6, 99 %, 69944 MiB
2026/09/24 11:27:47.842, 7, 98 %, 70232 MiB
2026/09/24 11:27:52.843, 0, 99 %, 70444 MiB
2026/09/24 11:27:52.843, 1, 99 %, 70232 MiB
2026/09/24 11:27:52.843, 2, 99 %, 70232 MiB
2026/09/24 11:27:52.843, 3, 97 %, 70236 MiB
2026/09/24 11:27:52.843, 4, 99 %, 70232 MiB
2026/09/24 11:27:52.843, 5, 99 %, 70232 MiB
2026/09/24 11:27:52.843, 6, 97 %, 69944 MiB
2026/09/24 11:27:52.843, 7, 99 %, 70232 MiB
2026/09/24 11:27:57.843, 0, 99 %, 70444 MiB
2026/09/24 11:27:58.022, 1, 99 %, 70232 MiB
2026/09/24 11:27:58.023, 2, 99 %, 70232 MiB
2026/09/24 11:27:58.023, 3, 98 %, 70236 MiB
2026/09/24 11:27:58.025, 4, 99 %, 70232 MiB
2026/09/24 11:27:58.030, 5, 99 %, 70232 MiB
2026/09/24 11:27:58.031, 6, 99 %, 69944 MiB
2026/09/24 11:27:58.033, 7, 99 %, 70232 MiB
2026/09/24 11:28:03.034, 0, 87 %, 70444 MiB
2026/09/24 11:28:03.034, 1, 0 %, 70232 MiB
2026/09/24 11:28:03.034, 2, 8 %, 70232 MiB
2026/09/24 11:28:03.034, 3, 93 %, 70236 MiB
2026/09/24 11:28:03.034, 4, 5 %, 70232 MiB
2026/09/24 11:28:03.034, 5, 25 %, 70232 MiB
2026/09/24 11:28:03.034, 6, 66 %, 69944 MiB
2026/09/24 11:28:03.034, 7, 46 %, 70232 MiB
2026/09/24 11:28:08.034, 0, 99 %, 70444 MiB
2026/09/24 11:28:08.035, 1, 98 %, 70232 MiB
2026/09/24 11:28:08.035, 2, 99 %, 70232 MiB
2026/09/24 11:28:08.035, 3, 99 %, 70236 MiB
2026/09/24 11:28:08.036, 4, 99 %, 70232 MiB
2026/09/24 11:28:08.036, 5, 99 %, 70232 MiB
2026/09/24 11:28:08.036, 6, 99 %, 69944 MiB
2026/09/24 11:28:08.036, 7, 99 %, 70232 MiB
2026/09/24 11:28:13.037, 0, 99 %, 70444 MiB
2026/09/24 11:28:13.040, 1, 98 %, 70232 MiB
2026/09/24 11:28:13.041, 2, 99 %, 70232 MiB
2026/09/24 11:28:13.041, 3, 99 %, 70236 MiB
2026/09/24 11:28:13.041, 4, 99 %, 70232 MiB
2026/09/24 11:28:13.041, 5, 99 %, 70232 MiB
2026/09/24 11:28:13.042, 6, 99 %, 69944 MiB
2026/09/24 11:28:13.042, 7, 99 %, 70232 MiB
2026/09/24 11:28:18.044, 0, 99 %, 70444 MiB
2026/09/24 11:28:18.044, 1, 99 %, 70232 MiB
2026/09/24 11:28:18.044, 2, 99 %, 70232 MiB
2026/09/24 11:28:18.044, 3, 99 %, 70236 MiB
2026/09/24 11:28:18.044, 4, 99 %, 70232 MiB
2026/09/24 11:28:18.044, 5, 99 %, 70232 MiB
2026/09/24 11:28:18.044, 6, 99 %, 69944 MiB
2026/09/24 11:28:18.044, 7, 98 %, 70232 MiB
2026/09/24 11:28:23.044, 0, 98 %, 70444 MiB
2026/09/24 11:28:23.044, 1, 99 %, 70232 MiB
2026/09/24 11:28:23.045, 2, 99 %, 70232 MiB
2026/09/24 11:28:23.045, 3, 99 %, 70236 MiB
2026/09/24 11:28:23.045, 4, 99 %, 70232 MiB
2026/09/24 11:28:23.046, 5, 99 %, 70232 MiB
2026/09/24 11:28:23.046, 6, 99 %, 69944 MiB
2026/09/24 11:28:23.047, 7, 97 %, 70232 MiB
2026/09/24 11:28:28.047, 0, 99 %, 70444 MiB
2026/09/24 11:28:28.048, 1, 98 %, 70232 MiB
2026/09/24 11:28:28.050, 2, 99 %, 70232 MiB
2026/09/24 11:28:28.050, 3, 99 %, 70236 MiB
2026/09/24 11:28:28.052, 4, 99 %, 70232 MiB
2026/09/24 11:28:28.053, 5, 99 %, 70232 MiB
2026/09/24 11:28:28.054, 6, 99 %, 69944 MiB
2026/09/24 11:28:28.054, 7, 98 %, 70232 MiB
2026/09/24 11:28:33.055, 0, 99 %, 70444 MiB
2026/09/24 11:28:33.055, 1, 99 %, 70232 MiB
2026/09/24 11:28:33.055, 2, 99 %, 70232 MiB
2026/09/24 11:28:33.055, 3, 99 %, 70236 MiB
2026/09/24 11:28:33.055, 4, 99 %, 70232 MiB
2026/09/24 11:28:33.055, 5, 99 %, 70232 MiB
2026/09/24 11:28:33.055, 6, 99 %, 69944 MiB
2026/09/24 11:28:33.055, 7, 99 %, 70232 MiB
2026/09/24 11:28:38.055, 0, 99 %, 70444 MiB
2026/09/24 11:28:38.057, 1, 99 %, 70232 MiB
2026/09/24 11:28:38.058, 2, 99 %, 70232 MiB
2026/09/24 11:28:38.058, 3, 99 %, 70236 MiB
2026/09/24 11:28:38.058, 4, 98 %, 70232 MiB
2026/09/24 11:28:38.060, 5, 99 %, 70232 MiB
2026/09/24 11:28:38.061, 6, 99 %, 69944 MiB
2026/09/24 11:28:38.061, 7, 98 %, 70232 MiB
2026/09/24 11:28:43.063, 0, 99 %, 70444 MiB
2026/09/24 11:28:43.063, 1, 98 %, 70232 MiB
2026/09/24 11:28:43.063, 2, 99 %, 70232 MiB
2026/09/24 11:28:43.063, 3, 98 %, 70236 MiB
2026/09/24 11:28:43.063, 4, 99 %, 70232 MiB
2026/09/24 11:28:43.063, 5, 99 %, 70232 MiB
2026/09/24 11:28:43.063, 6, 99 %, 69944 MiB
2026/09/24 11:28:43.063, 7, 99 %, 70232 MiB
2026/09/24 11:28:48.064, 0, 99 %, 70444 MiB
2026/09/24 11:28:48.064, 1, 99 %, 70232 MiB
2026/09/24 11:28:48.064, 2, 99 %, 70232 MiB
2026/09/24 11:28:48.065, 3, 99 %, 70236 MiB
2026/09/24 11:28:48.065, 4, 99 %, 70232 MiB
2026/09/24 11:28:48.065, 5, 98 %, 70232 MiB
2026/09/24 11:28:48.066, 6, 98 %, 69944 MiB
2026/09/24 11:28:48.066, 7, 98 %, 70232 MiB
2026/09/24 11:28:53.067, 0, 99 %, 70444 MiB
2026/09/24 11:28:53.068, 1, 99 %, 70232 MiB
2026/09/24 11:28:53.069, 2, 99 %, 70232 MiB
2026/09/24 11:28:53.069, 3, 99 %, 70236 MiB
2026/09/24 11:28:53.071, 4, 99 %, 70232 MiB
2026/09/24 11:28:53.072, 5, 99 %, 70232 MiB
2026/09/24 11:28:53.073, 6, 99 %, 69944 MiB
2026/09/24 11:28:53.073, 7, 99 %, 70232 MiB
2026/09/24 11:28:58.074, 0, 98 %, 70444 MiB
2026/09/24 11:28:58.074, 1, 99 %, 70232 MiB
2026/09/24 11:28:58.074, 2, 99 %, 70232 MiB
2026/09/24 11:28:58.074, 3, 99 %, 70236 MiB
2026/09/24 11:28:58.074, 4, 99 %, 70232 MiB
2026/09/24 11:28:58.077, 5, 99 %, 70232 MiB
2026/09/24 11:28:58.077, 6, 99 %, 69944 MiB
2026/09/24 11:28:58.077, 7, 99 %, 70232 MiB
2026/09/24 11:29:03.078, 0, 98 %, 70444 MiB
2026/09/24 11:29:03.078, 1, 99 %, 70232 MiB
2026/09/24 11:29:03.078, 2, 99 %, 70232 MiB
2026/09/24 11:29:03.078, 3, 99 %, 70236 MiB
2026/09/24 11:29:03.078, 4, 98 %, 70232 MiB
2026/09/24 11:29:03.078, 5, 99 %, 70232 MiB
2026/09/24 11:29:03.078, 6, 99 %, 69944 MiB
2026/09/24 11:29:03.078, 7, 99 %, 70232 MiB
2026/09/24 11:29:08.078, 0, 99 %, 70444 MiB
2026/09/24 11:29:08.078, 1, 99 %, 70232 MiB
2026/09/24 11:29:08.078, 2, 99 %, 70232 MiB
2026/09/24 11:29:08.078, 3, 98 %, 70236 MiB
2026/09/24 11:29:08.078, 4, 99 %, 70232 MiB
2026/09/24 11:29:08.078, 5, 99 %, 70232 MiB
2026/09/24 11:29:08.078, 6, 99 %, 69944 MiB
2026/09/24 11:29:08.078, 7, 99 %, 70232 MiB
2026/09/24 11:29:13.079, 0, 99 %, 70444 MiB
2026/09/24 11:29:13.079, 1, 99 %, 70232 MiB
2026/09/24 11:29:13.079, 2, 99 %, 70232 MiB
2026/09/24 11:29:13.079, 3, 99 %, 70236 MiB
2026/09/24 11:29:13.080, 4, 99 %, 70232 MiB
2026/09/24 11:29:13.080, 5, 99 %, 70232 MiB
2026/09/24 11:29:13.080, 6, 99 %, 69944 MiB
2026/09/24 11:29:13.080, 7, 98 %, 70232 MiB
2026/09/24 11:29:18.080, 0, 0 %, 70444 MiB
2026/09/24 11:29:18.176, 1, 99 %, 70232 MiB
2026/09/24 11:29:18.178, 2, 91 %, 70232 MiB
2026/09/24 11:29:18.180, 3, 86 %, 70236 MiB
2026/09/24 11:29:18.182, 4, 92 %, 70232 MiB
2026/09/24 11:29:18.183, 5, 89 %, 70232 MiB
2026/09/24 11:29:18.184, 6, 99 %, 69944 MiB
2026/09/24 11:29:18.185, 7, 84 %, 70232 MiB
2026/09/24 11:29:23.186, 0, 99 %, 70444 MiB
2026/09/24 11:29:23.211, 1, 99 %, 70232 MiB
2026/09/24 11:29:23.211, 2, 99 %, 70232 MiB
2026/09/24 11:29:23.212, 3, 99 %, 70236 MiB
2026/09/24 11:29:23.212, 4, 99 %, 70232 MiB
2026/09/24 11:29:23.213, 5, 99 %, 70232 MiB
2026/09/24 11:29:23.213, 6, 93 %, 69944 MiB
2026/09/24 11:29:23.213, 7, 99 %, 70232 MiB
2026/09/24 11:29:28.214, 0, 99 %, 70444 MiB
2026/09/24 11:29:28.214, 1, 99 %, 70232 MiB
2026/09/24 11:29:28.214, 2, 99 %, 70232 MiB
2026/09/24 11:29:28.214, 3, 98 %, 70236 MiB
2026/09/24 11:29:28.214, 4, 99 %, 70232 MiB
2026/09/24 11:29:28.214, 5, 99 %, 70232 MiB
2026/09/24 11:29:28.214, 6, 99 %, 69944 MiB
2026/09/24 11:29:28.214, 7, 99 %, 70232 MiB
2026/09/24 11:29:33.215, 0, 98 %, 70444 MiB
2026/09/24 11:29:33.215, 1, 99 %, 70232 MiB
2026/09/24 11:29:33.215, 2, 98 %, 70232 MiB
2026/09/24 11:29:33.215, 3, 96 %, 70236 MiB
2026/09/24 11:29:33.215, 4, 99 %, 70232 MiB
2026/09/24 11:29:33.215, 5, 99 %, 70232 MiB
2026/09/24 11:29:33.215, 6, 99 %, 69944 MiB
2026/09/24 11:29:33.215, 7, 99 %, 70232 MiB
2026/09/24 11:29:38.215, 0, 99 %, 70444 MiB
2026/09/24 11:29:38.215, 1, 99 %, 70232 MiB
2026/09/24 11:29:38.215, 2, 99 %, 70232 MiB
2026/09/24 11:29:38.215, 3, 99 %, 70236 MiB
2026/09/24 11:29:38.215, 4, 99 %, 70232 MiB
2026/09/24 11:29:38.215, 5, 98 %, 70232 MiB
2026/09/24 11:29:38.215, 6, 99 %, 69944 MiB
2026/09/24 11:29:38.215, 7, 97 %, 70232 MiB
2026/09/24 11:29:43.216, 0, 99 %, 70444 MiB
2026/09/24 11:29:43.216, 1, 99 %, 70232 MiB
2026/09/24 11:29:43.216, 2, 99 %, 70232 MiB
2026/09/24 11:29:43.216, 3, 99 %, 70236 MiB
2026/09/24 11:29:43.216, 4, 99 %, 70232 MiB
2026/09/24 11:29:43.216, 5, 98 %, 70232 MiB
2026/09/24 11:29:43.216, 6, 99 %, 69944 MiB
2026/09/24 11:29:43.216, 7, 99 %, 70232 MiB
2026/09/24 11:29:48.216, 0, 99 %, 70444 MiB
2026/09/24 11:29:48.216, 1, 99 %, 70232 MiB
2026/09/24 11:29:48.216, 2, 98 %, 70232 MiB
2026/09/24 11:29:48.216, 3, 98 %, 70236 MiB
2026/09/24 11:29:48.216, 4, 99 %, 70232 MiB
2026/09/24 11:29:48.216, 5, 98 %, 70232 MiB
2026/09/24 11:29:48.216, 6, 99 %, 69944 MiB
2026/09/24 11:29:48.216, 7, 99 %, 70232 MiB
2026/09/24 11:29:53.217, 0, 88 %, 70444 MiB
2026/09/24 11:29:53.217, 1, 91 %, 70232 MiB
2026/09/24 11:29:53.217, 2, 88 %, 70232 MiB
2026/09/24 11:29:53.217, 3, 88 %, 70236 MiB
2026/09/24 11:29:53.217, 4, 87 %, 70232 MiB
2026/09/24 11:29:53.217, 5, 86 %, 70232 MiB
2026/09/24 11:29:53.217, 6, 92 %, 69944 MiB
2026/09/24 11:29:53.217, 7, 93 %, 70232 MiB
2026/09/24 11:29:58.217, 0, 99 %, 70444 MiB
2026/09/24 11:29:58.217, 1, 99 %, 70232 MiB
2026/09/24 11:29:58.217, 2, 99 %, 70232 MiB
2026/09/24 11:29:58.217, 3, 99 %, 70236 MiB
2026/09/24 11:29:58.217, 4, 99 %, 70232 MiB
2026/09/24 11:29:58.217, 5, 99 %, 70232 MiB
2026/09/24 11:29:58.217, 6, 99 %, 69944 MiB
2026/09/24 11:29:58.217, 7, 98 %, 70232 MiB
2026/09/24 11:30:03.218, 0, 99 %, 70444 MiB
2026/09/24 11:30:03.218, 1, 97 %, 70232 MiB
2026/09/24 11:30:03.218, 2, 99 %, 70232 MiB
2026/09/24 11:30:03.218, 3, 99 %, 70236 MiB
2026/09/24 11:30:03.218, 4, 99 %, 70232 MiB
2026/09/24 11:30:03.218, 5, 99 %, 70232 MiB
2026/09/24 11:30:03.218, 6, 99 %, 69944 MiB
2026/09/24 11:30:03.218, 7, 99 %, 70232 MiB
2026/09/24 11:30:08.218, 0, 98 %, 70444 MiB
2026/09/24 11:30:08.218, 1, 99 %, 70232 MiB
2026/09/24 11:30:08.218, 2, 98 %, 70232 MiB
2026/09/24 11:30:08.218, 3, 99 %, 70236 MiB
2026/09/24 11:30:08.218, 4, 98 %, 70232 MiB
2026/09/24 11:30:08.218, 5, 98 %, 70232 MiB
2026/09/24 11:30:08.219, 6, 99 %, 69944 MiB
2026/09/24 11:30:08.219, 7, 99 %, 70232 MiB
2026/09/24 11:30:13.219, 0, 99 %, 70444 MiB
2026/09/24 11:30:13.220, 1, 99 %, 70232 MiB
2026/09/24 11:30:13.221, 2, 99 %, 70232 MiB
2026/09/24 11:30:13.222, 3, 99 %, 70236 MiB
2026/09/24 11:30:13.222, 4, 99 %, 70232 MiB
2026/09/24 11:30:13.222, 5, 98 %, 70232 MiB
2026/09/24 11:30:13.223, 6, 99 %, 69944 MiB
2026/09/24 11:30:13.223, 7, 99 %, 70232 MiB
2026/09/24 11:30:18.224, 0, 98 %, 70444 MiB
2026/09/24 11:30:18.224, 1, 99 %, 70232 MiB
2026/09/24 11:30:18.224, 2, 99 %, 70232 MiB
2026/09/24 11:30:18.224, 3, 97 %, 70236 MiB
2026/09/24 11:30:18.224, 4, 98 %, 70232 MiB
2026/09/24 11:30:18.224, 5, 99 %, 70232 MiB
2026/09/24 11:30:18.224, 6, 99 %, 69944 MiB
2026/09/24 11:30:18.224, 7, 99 %, 70232 MiB
2026/09/24 11:30:23.224, 0, 71 %, 70444 MiB
2026/09/24 11:30:23.224, 1, 81 %, 70232 MiB
2026/09/24 11:30:23.225, 2, 73 %, 70232 MiB
2026/09/24 11:30:23.225, 3, 83 %, 70236 MiB
2026/09/24 11:30:23.225, 4, 89 %, 70232 MiB
2026/09/24 11:30:23.226, 5, 87 %, 70232 MiB
2026/09/24 11:30:23.226, 6, 81 %, 69944 MiB
2026/09/24 11:30:23.226, 7, 41 %, 70232 MiB
2026/09/24 11:30:28.227, 0, 97 %, 70444 MiB
2026/09/24 11:30:28.227, 1, 98 %, 70232 MiB
2026/09/24 11:30:28.228, 2, 99 %, 70232 MiB
2026/09/24 11:30:28.228, 3, 98 %, 70236 MiB
2026/09/24 11:30:28.228, 4, 96 %, 70232 MiB
2026/09/24 11:30:28.228, 5, 99 %, 70232 MiB
2026/09/24 11:30:28.229, 6, 97 %, 69944 MiB
2026/09/24 11:30:28.229, 7, 99 %, 70232 MiB
2026/09/24 11:30:33.230, 0, 82 %, 70444 MiB
2026/09/24 11:30:33.232, 1, 47 %, 70232 MiB
2026/09/24 11:30:33.232, 2, 91 %, 70232 MiB
2026/09/24 11:30:33.233, 3, 80 %, 70236 MiB
2026/09/24 11:30:33.233, 4, 84 %, 70232 MiB
2026/09/24 11:30:33.233, 5, 78 %, 70232 MiB
2026/09/24 11:30:33.234, 6, 46 %, 69944 MiB
2026/09/24 11:30:33.234, 7, 86 %, 70232 MiB
2026/09/24 11:30:38.235, 0, 98 %, 70444 MiB
2026/09/24 11:30:38.235, 1, 99 %, 70232 MiB
2026/09/24 11:30:38.235, 2, 99 %, 70232 MiB
2026/09/24 11:30:38.235, 3, 98 %, 70236 MiB
2026/09/24 11:30:38.235, 4, 99 %, 70232 MiB
2026/09/24 11:30:38.235, 5, 99 %, 70232 MiB
2026/09/24 11:30:38.235, 6, 98 %, 69944 MiB
2026/09/24 11:30:38.235, 7, 98 %, 70232 MiB
2026/09/24 11:30:43.235, 0, 0 %, 68076 MiB
2026/09/24 11:30:43.235, 1, 0 %, 67864 MiB
2026/09/24 11:30:43.236, 2, 0 %, 67866 MiB
2026/09/24 11:30:43.236, 3, 0 %, 67868 MiB
2026/09/24 11:30:43.236, 4, 0 %, 67866 MiB
2026/09/24 11:30:43.237, 5, 0 %, 67864 MiB
2026/09/24 11:30:43.237, 6, 0 %, 67576 MiB
2026/09/24 11:30:43.237, 7, 0 %, 67866 MiB
2026/09/24 11:30:48.238, 0, 98 %, 69940 MiB
2026/09/24 11:30:48.238, 1, 98 %, 69728 MiB
2026/09/24 11:30:48.238, 2, 98 %, 69728 MiB
2026/09/24 11:30:48.238, 3, 91 %, 69732 MiB
2026/09/24 11:30:48.238, 4, 99 %, 69728 MiB
2026/09/24 11:30:48.238, 5, 99 %, 69728 MiB
2026/09/24 11:30:48.238, 6, 99 %, 69440 MiB
2026/09/24 11:30:48.240, 7, 98 %, 69728 MiB
2026/09/24 11:30:53.240, 0, 95 %, 69942 MiB
2026/09/24 11:30:53.240, 1, 98 %, 69730 MiB
2026/09/24 11:30:53.240, 2, 96 %, 69730 MiB
2026/09/24 11:30:53.240, 3, 99 %, 69734 MiB
2026/09/24 11:30:53.240, 4, 96 %, 69730 MiB
2026/09/24 11:30:53.240, 5, 99 %, 69730 MiB
2026/09/24 11:30:53.240, 6, 98 %, 69442 MiB
2026/09/24 11:30:53.240, 7, 96 %, 69730 MiB
2026/09/24 11:30:58.241, 0, 97 %, 69942 MiB
2026/09/24 11:30:58.242, 1, 96 %, 69730 MiB
2026/09/24 11:30:58.242, 2, 97 %, 69730 MiB
2026/09/24 11:30:58.242, 3, 98 %, 69734 MiB
2026/09/24 11:30:58.242, 4, 97 %, 69730 MiB
2026/09/24 11:30:58.242, 5, 99 %, 69730 MiB
2026/09/24 11:30:58.242, 6, 99 %, 69442 MiB
2026/09/24 11:30:58.242, 7, 96 %, 69730 MiB
2026/09/24 11:31:03.242, 0, 97 %, 69942 MiB
2026/09/24 11:31:03.242, 1, 96 %, 69730 MiB
2026/09/24 11:31:03.242, 2, 97 %, 69730 MiB
2026/09/24 11:31:03.242, 3, 98 %, 69734 MiB
2026/09/24 11:31:03.242, 4, 98 %, 69730 MiB
2026/09/24 11:31:03.242, 5, 96 %, 69730 MiB
2026/09/24 11:31:03.242, 6, 96 %, 69442 MiB
2026/09/24 11:31:03.242, 7, 96 %, 69730 MiB
2026/09/24 11:31:08.243, 0, 98 %, 69942 MiB
2026/09/24 11:31:08.243, 1, 99 %, 69730 MiB
2026/09/24 11:31:08.243, 2, 99 %, 69730 MiB
2026/09/24 11:31:08.245, 3, 99 %, 69734 MiB
2026/09/24 11:31:08.245, 4, 99 %, 69730 MiB
2026/09/24 11:31:08.246, 5, 99 %, 69730 MiB
2026/09/24 11:31:08.248, 6, 99 %, 69442 MiB
2026/09/24 11:31:08.249, 7, 99 %, 69730 MiB
2026/09/24 11:31:13.250, 0, 99 %, 69942 MiB
2026/09/24 11:31:13.250, 1, 99 %, 69730 MiB
2026/09/24 11:31:13.250, 2, 99 %, 69730 MiB
2026/09/24 11:31:13.250, 3, 100 %, 69734 MiB
2026/09/24 11:31:13.250, 4, 99 %, 69730 MiB
2026/09/24 11:31:13.250, 5, 100 %, 69730 MiB
2026/09/24 11:31:13.250, 6, 100 %, 69442 MiB
2026/09/24 11:31:13.250, 7, 100 %, 69730 MiB
2026/09/24 11:31:18.251, 0, 96 %, 69942 MiB
2026/09/24 11:31:18.251, 1, 96 %, 69730 MiB
2026/09/24 11:31:18.251, 2, 97 %, 69730 MiB
2026/09/24 11:31:18.251, 3, 98 %, 69734 MiB
2026/09/24 11:31:18.251, 4, 98 %, 69730 MiB
2026/09/24 11:31:18.251, 5, 97 %, 69730 MiB
2026/09/24 11:31:18.251, 6, 96 %, 69442 MiB
2026/09/24 11:31:18.251, 7, 96 %, 69730 MiB
2026/09/24 11:31:23.251, 0, 97 %, 69942 MiB
2026/09/24 11:31:23.251, 1, 96 %, 69730 MiB
2026/09/24 11:31:23.251, 2, 97 %, 69730 MiB
2026/09/24 11:31:23.251, 3, 98 %, 69734 MiB
2026/09/24 11:31:23.251, 4, 98 %, 69730 MiB
2026/09/24 11:31:23.251, 5, 97 %, 69730 MiB
2026/09/24 11:31:23.251, 6, 96 %, 69442 MiB
2026/09/24 11:31:23.251, 7, 96 %, 69730 MiB
2026/09/24 11:31:28.252, 0, 98 %, 69942 MiB
2026/09/24 11:31:28.252, 1, 98 %, 69730 MiB
2026/09/24 11:31:28.252, 2, 98 %, 69730 MiB
2026/09/24 11:31:28.252, 3, 98 %, 69734 MiB
2026/09/24 11:31:28.252, 4, 98 %, 69730 MiB
2026/09/24 11:31:28.252, 5, 98 %, 69730 MiB
2026/09/24 11:31:28.419, 6, 99 %, 69442 MiB
2026/09/24 11:31:28.419, 7, 98 %, 69730 MiB
2026/09/24 11:31:33.420, 0, 97 %, 69942 MiB
2026/09/24 11:31:33.420, 1, 98 %, 69730 MiB
2026/09/24 11:31:33.420, 2, 97 %, 69730 MiB
2026/09/24 11:31:33.420, 3, 98 %, 69734 MiB
2026/09/24 11:31:33.420, 4, 97 %, 69730 MiB
2026/09/24 11:31:33.420, 5, 97 %, 69730 MiB
2026/09/24 11:31:33.420, 6, 98 %, 69442 MiB
2026/09/24 11:31:33.420, 7, 97 %, 69730 MiB
2026/09/24 11:31:38.420, 0, 98 %, 69942 MiB
2026/09/24 11:31:38.421, 1, 99 %, 69730 MiB
2026/09/24 11:31:38.424, 2, 98 %, 69730 MiB
2026/09/24 11:31:38.427, 3, 99 %, 69734 MiB
2026/09/24 11:31:38.429, 4, 98 %, 69730 MiB
2026/09/24 11:31:38.430, 5, 99 %, 69730 MiB
2026/09/24 11:31:38.431, 6, 99 %, 69442 MiB
2026/09/24 11:31:38.432, 7, 98 %, 69730 MiB
2026/09/24 11:31:43.433, 0, 99 %, 69942 MiB
2026/09/24 11:31:43.433, 1, 99 %, 69730 MiB
2026/09/24 11:31:43.436, 2, 99 %, 69730 MiB
2026/09/24 11:31:43.437, 3, 99 %, 69734 MiB
2026/09/24 11:31:43.438, 4, 99 %, 69730 MiB
2026/09/24 11:31:43.441, 5, 99 %, 69730 MiB
2026/09/24 11:31:43.443, 6, 99 %, 69442 MiB
2026/09/24 11:31:43.443, 7, 99 %, 69730 MiB
2026/09/24 11:31:48.443, 0, 98 %, 69942 MiB
2026/09/24 11:31:48.443, 1, 99 %, 69730 MiB
2026/09/24 11:31:48.443, 2, 99 %, 69730 MiB
2026/09/24 11:31:48.443, 3, 99 %, 69734 MiB
2026/09/24 11:31:48.443, 4, 99 %, 69730 MiB
2026/09/24 11:31:48.443, 5, 98 %, 69730 MiB
2026/09/24 11:31:48.443, 6, 99 %, 69442 MiB
2026/09/24 11:31:48.444, 7, 99 %, 69730 MiB
2026/09/24 11:31:53.444, 0, 99 %, 69942 MiB
2026/09/24 11:31:53.444, 1, 99 %, 69730 MiB
2026/09/24 11:31:53.444, 2, 99 %, 69730 MiB
2026/09/24 11:31:53.444, 3, 99 %, 69734 MiB
2026/09/24 11:31:53.444, 4, 99 %, 69730 MiB
2026/09/24 11:31:53.444, 5, 99 %, 69730 MiB
2026/09/24 11:31:53.444, 6, 99 %, 69442 MiB
2026/09/24 11:31:53.444, 7, 99 %, 69730 MiB
2026/09/24 11:31:58.444, 0, 99 %, 69942 MiB
2026/09/24 11:31:58.444, 1, 99 %, 69730 MiB
2026/09/24 11:31:58.444, 2, 99 %, 69730 MiB
2026/09/24 11:31:58.445, 3, 99 %, 69734 MiB
2026/09/24 11:31:58.445, 4, 99 %, 69730 MiB
2026/09/24 11:31:58.445, 5, 99 %, 69730 MiB
2026/09/24 11:31:58.445, 6, 99 %, 69442 MiB
2026/09/24 11:31:58.445, 7, 99 %, 69730 MiB
2026/09/24 11:32:03.445, 0, 99 %, 69942 MiB
2026/09/24 11:32:03.445, 1, 99 %, 69730 MiB
2026/09/24 11:32:03.446, 2, 99 %, 69730 MiB
2026/09/24 11:32:03.446, 3, 99 %, 69734 MiB
2026/09/24 11:32:03.447, 4, 98 %, 69730 MiB
2026/09/24 11:32:03.447, 5, 99 %, 69730 MiB
2026/09/24 11:32:03.447, 6, 97 %, 69442 MiB
2026/09/24 11:32:03.448, 7, 99 %, 69730 MiB
2026/09/24 11:32:08.448, 0, 99 %, 69942 MiB
2026/09/24 11:32:08.448, 1, 99 %, 69730 MiB
2026/09/24 11:32:08.448, 2, 98 %, 69730 MiB
2026/09/24 11:32:08.449, 3, 99 %, 69734 MiB
2026/09/24 11:32:08.449, 4, 99 %, 69730 MiB
2026/09/24 11:32:08.449, 5, 98 %, 69730 MiB
2026/09/24 11:32:08.449, 6, 99 %, 69442 MiB
2026/09/24 11:32:08.449, 7, 98 %, 69730 MiB
2026/09/24 11:32:13.449, 0, 99 %, 69942 MiB
2026/09/24 11:32:13.449, 1, 99 %, 69730 MiB
2026/09/24 11:32:13.450, 2, 99 %, 69730 MiB
2026/09/24 11:32:13.450, 3, 99 %, 69734 MiB
2026/09/24 11:32:13.451, 4, 99 %, 69730 MiB
2026/09/24 11:32:13.451, 5, 99 %, 69730 MiB
2026/09/24 11:32:13.451, 6, 99 %, 69442 MiB
2026/09/24 11:32:13.452, 7, 99 %, 69730 MiB
2026/09/24 11:32:18.452, 0, 99 %, 69946 MiB
2026/09/24 11:32:18.452, 1, 99 %, 69732 MiB
2026/09/24 11:32:18.452, 2, 99 %, 69734 MiB
2026/09/24 11:32:18.452, 3, 99 %, 69734 MiB
2026/09/24 11:32:18.452, 4, 98 %, 69732 MiB
2026/09/24 11:32:18.452, 5, 99 %, 69734 MiB
2026/09/24 11:32:18.452, 6, 98 %, 69444 MiB
2026/09/24 11:32:18.453, 7, 99 %, 69732 MiB
2026/09/24 11:32:23.453, 0, 99 %, 69946 MiB
2026/09/24 11:32:23.453, 1, 99 %, 69732 MiB
2026/09/24 11:32:23.453, 2, 99 %, 69734 MiB
2026/09/24 11:32:23.454, 3, 99 %, 69734 MiB
2026/09/24 11:32:23.454, 4, 99 %, 69732 MiB
2026/09/24 11:32:23.454, 5, 99 %, 69734 MiB
2026/09/24 11:32:23.455, 6, 98 %, 69444 MiB
2026/09/24 11:32:23.455, 7, 99 %, 69734 MiB
2026/09/24 11:32:28.457, 0, 100 %, 69946 MiB
2026/09/24 11:32:28.457, 1, 100 %, 69732 MiB
2026/09/24 11:32:28.457, 2, 100 %, 69734 MiB
2026/09/24 11:32:28.857, 3, 98 %, 69736 MiB
2026/09/24 11:32:28.859, 4, 98 %, 69732 MiB
2026/09/24 11:32:28.859, 5, 97 %, 69734 MiB
2026/09/24 11:32:28.859, 6, 97 %, 69444 MiB
2026/09/24 11:32:28.859, 7, 98 %, 69734 MiB
2026/09/24 11:32:33.860, 0, 99 %, 69950 MiB
2026/09/24 11:32:33.860, 1, 98 %, 69736 MiB
2026/09/24 11:32:33.860, 2, 98 %, 69738 MiB
2026/09/24 11:32:33.860, 3, 97 %, 69740 MiB
2026/09/24 11:32:33.860, 4, 100 %, 69736 MiB
2026/09/24 11:32:33.860, 5, 100 %, 69738 MiB
2026/09/24 11:32:33.860, 6, 100 %, 69450 MiB
2026/09/24 11:32:33.860, 7, 98 %, 69736 MiB
2026/09/24 11:32:38.860, 0, 100 %, 69950 MiB
2026/09/24 11:32:38.860, 1, 100 %, 69736 MiB
2026/09/24 11:32:38.860, 2, 100 %, 69738 MiB
2026/09/24 11:32:38.860, 3, 100 %, 69740 MiB
2026/09/24 11:32:38.860, 4, 100 %, 69736 MiB
2026/09/24 11:32:38.860, 5, 100 %, 69738 MiB
2026/09/24 11:32:38.861, 6, 100 %, 69450 MiB
2026/09/24 11:32:38.861, 7, 100 %, 69736 MiB
2026/09/24 11:32:43.861, 0, 100 %, 69950 MiB
2026/09/24 11:32:43.861, 1, 100 %, 69736 MiB
2026/09/24 11:32:43.861, 2, 100 %, 69738 MiB
2026/09/24 11:32:43.862, 3, 100 %, 69740 MiB
2026/09/24 11:32:43.862, 4, 100 %, 69736 MiB
2026/09/24 11:32:43.863, 5, 100 %, 69738 MiB
2026/09/24 11:32:43.863, 6, 100 %, 69450 MiB
2026/09/24 11:32:43.863, 7, 100 %, 69736 MiB
2026/09/24 11:32:48.864, 0, 100 %, 69950 MiB
2026/09/24 11:32:48.864, 1, 100 %, 69736 MiB
2026/09/24 11:32:48.864, 2, 100 %, 69738 MiB
2026/09/24 11:32:48.864, 3, 100 %, 69740 MiB
2026/09/24 11:32:48.864, 4, 100 %, 69736 MiB
2026/09/24 11:32:48.864, 5, 99 %, 69738 MiB
2026/09/24 11:32:48.864, 6, 100 %, 69450 MiB
2026/09/24 11:32:48.864, 7, 100 %, 69736 MiB
2026/09/24 11:32:53.864, 0, 100 %, 69952 MiB
2026/09/24 11:32:53.865, 1, 100 %, 69738 MiB
2026/09/24 11:32:53.865, 2, 100 %, 69742 MiB
2026/09/24 11:32:53.865, 3, 100 %, 69742 MiB
2026/09/24 11:32:53.865, 4, 100 %, 69738 MiB
2026/09/24 11:32:53.865, 5, 100 %, 69740 MiB
2026/09/24 11:32:53.865, 6, 100 %, 69452 MiB
2026/09/24 11:32:53.865, 7, 100 %, 69738 MiB
2026/09/24 11:32:58.865, 0, 100 %, 69952 MiB
2026/09/24 11:32:58.865, 1, 100 %, 69738 MiB
2026/09/24 11:32:58.866, 2, 100 %, 69742 MiB
2026/09/24 11:32:58.866, 3, 100 %, 69742 MiB
2026/09/24 11:32:58.866, 4, 100 %, 69738 MiB
2026/09/24 11:32:58.867, 5, 100 %, 69740 MiB
2026/09/24 11:32:58.867, 6, 100 %, 69452 MiB
2026/09/24 11:32:58.873, 7, 100 %, 69738 MiB
2026/09/24 11:33:03.875, 0, 87 %, 69952 MiB
2026/09/24 11:33:03.875, 1, 85 %, 69738 MiB
2026/09/24 11:33:03.875, 2, 88 %, 69742 MiB
2026/09/24 11:33:03.876, 3, 83 %, 69742 MiB
2026/09/24 11:33:03.876, 4, 100 %, 69738 MiB
2026/09/24 11:33:03.876, 5, 94 %, 69740 MiB
2026/09/24 11:33:03.877, 6, 98 %, 69452 MiB
2026/09/24 11:33:03.877, 7, 85 %, 69738 MiB
2026/09/24 11:33:08.878, 0, 100 %, 69952 MiB
2026/09/24 11:33:08.878, 1, 100 %, 69738 MiB
2026/09/24 11:33:08.878, 2, 100 %, 69742 MiB
2026/09/24 11:33:08.878, 3, 100 %, 69742 MiB
2026/09/24 11:33:08.878, 4, 100 %, 69738 MiB
2026/09/24 11:33:08.878, 5, 100 %, 69740 MiB
2026/09/24 11:33:08.878, 6, 100 %, 69452 MiB
2026/09/24 11:33:08.878, 7, 100 %, 69738 MiB
2026/09/24 11:33:13.878, 0, 80 %, 69952 MiB
2026/09/24 11:33:13.878, 1, 82 %, 69738 MiB
2026/09/24 11:33:13.878, 2, 80 %, 69742 MiB
2026/09/24 11:33:13.878, 3, 86 %, 69742 MiB
2026/09/24 11:33:13.878, 4, 85 %, 69738 MiB
2026/09/24 11:33:13.878, 5, 82 %, 69740 MiB
2026/09/24 11:33:13.879, 6, 84 %, 69452 MiB
2026/09/24 11:33:13.879, 7, 90 %, 69738 MiB
2026/09/24 11:33:18.879, 0, 99 %, 69952 MiB
2026/09/24 11:33:18.879, 1, 99 %, 69738 MiB
2026/09/24 11:33:18.879, 2, 99 %, 69742 MiB
2026/09/24 11:33:18.879, 3, 99 %, 69742 MiB
2026/09/24 11:33:18.879, 4, 99 %, 69738 MiB
2026/09/24 11:33:18.879, 5, 97 %, 69740 MiB
2026/09/24 11:33:18.879, 6, 97 %, 69452 MiB
2026/09/24 11:33:18.879, 7, 97 %, 69738 MiB
2026/09/24 11:33:23.879, 0, 98 %, 69952 MiB
2026/09/24 11:33:23.879, 1, 98 %, 69738 MiB
2026/09/24 11:33:23.879, 2, 98 %, 69742 MiB
2026/09/24 11:33:23.879, 3, 98 %, 69742 MiB
2026/09/24 11:33:23.879, 4, 99 %, 69738 MiB
2026/09/24 11:33:23.880, 5, 99 %, 69740 MiB
2026/09/24 11:33:23.880, 6, 99 %, 69452 MiB
2026/09/24 11:33:23.880, 7, 98 %, 69738 MiB
2026/09/24 11:33:28.880, 0, 100 %, 69952 MiB
2026/09/24 11:33:28.880, 1, 100 %, 69738 MiB
2026/09/24 11:33:28.885, 2, 75 %, 69742 MiB
2026/09/24 11:33:28.885, 3, 100 %, 69742 MiB
2026/09/24 11:33:28.885, 4, 100 %, 69738 MiB
2026/09/24 11:33:28.886, 5, 100 %, 69740 MiB
2026/09/24 11:33:28.886, 6, 100 %, 69452 MiB
2026/09/24 11:33:28.886, 7, 100 %, 69738 MiB
2026/09/24 11:33:33.886, 0, 0 %, 69954 MiB
2026/09/24 11:33:34.274, 1, 100 %, 69740 MiB
2026/09/24 11:33:34.279, 2, 100 %, 69744 MiB
2026/09/24 11:33:34.285, 3, 100 %, 69742 MiB
2026/09/24 11:33:34.286, 4, 100 %, 69740 MiB
2026/09/24 11:33:34.293, 5, 100 %, 69742 MiB
2026/09/24 11:33:34.300, 6, 100 %, 69452 MiB
2026/09/24 11:33:34.303, 7, 100 %, 69740 MiB
2026/09/24 11:33:39.308, 0, 100 %, 69954 MiB
2026/09/24 11:33:39.308, 1, 100 %, 69740 MiB
2026/09/24 11:33:39.308, 2, 100 %, 69744 MiB
2026/09/24 11:33:39.308, 3, 100 %, 69742 MiB
2026/09/24 11:33:39.308, 4, 100 %, 69740 MiB
2026/09/24 11:33:39.308, 5, 100 %, 69742 MiB
2026/09/24 11:33:39.308, 6, 100 %, 69452 MiB
2026/09/24 11:33:39.308, 7, 100 %, 69740 MiB
2026/09/24 11:33:44.308, 0, 98 %, 69954 MiB
2026/09/24 11:33:44.308, 1, 98 %, 69740 MiB
2026/09/24 11:33:44.308, 2, 98 %, 69744 MiB
2026/09/24 11:33:44.308, 3, 98 %, 69742 MiB
2026/09/24 11:33:44.308, 4, 98 %, 69740 MiB
2026/09/24 11:33:44.308, 5, 98 %, 69742 MiB
2026/09/24 11:33:44.308, 6, 98 %, 69452 MiB
2026/09/24 11:33:44.308, 7, 98 %, 69740 MiB
2026/09/24 11:33:49.309, 0, 98 %, 69954 MiB
2026/09/24 11:33:49.666, 1, 98 %, 69740 MiB
2026/09/24 11:33:49.672, 2, 100 %, 69744 MiB
2026/09/24 11:33:49.674, 3, 100 %, 69742 MiB
2026/09/24 11:33:49.675, 4, 100 %, 69740 MiB
2026/09/24 11:33:49.715, 5, 100 %, 69742 MiB
2026/09/24 11:33:49.716, 6, 100 %, 69452 MiB
2026/09/24 11:33:49.722, 7, 100 %, 69740 MiB
2026/09/24 11:33:54.723, 0, 97 %, 69954 MiB
2026/09/24 11:33:54.785, 1, 98 %, 69740 MiB
2026/09/24 11:33:54.786, 2, 97 %, 69744 MiB
2026/09/24 11:33:54.793, 3, 97 %, 69742 MiB
2026/09/24 11:33:54.793, 4, 98 %, 69740 MiB
2026/09/24 11:33:54.798, 5, 97 %, 69742 MiB
2026/09/24 11:33:54.798, 6, 97 %, 69452 MiB
2026/09/24 11:33:54.798, 7, 97 %, 69740 MiB
2026/09/24 11:33:59.798, 0, 100 %, 69954 MiB
2026/09/24 11:33:59.798, 1, 100 %, 69740 MiB
2026/09/24 11:33:59.798, 2, 100 %, 69744 MiB
2026/09/24 11:33:59.798, 3, 100 %, 69742 MiB
2026/09/24 11:33:59.798, 4, 100 %, 69740 MiB
2026/09/24 11:33:59.798, 5, 100 %, 69742 MiB
2026/09/24 11:33:59.798, 6, 100 %, 69452 MiB
2026/09/24 11:33:59.798, 7, 100 %, 69740 MiB
2026/09/24 11:34:04.799, 0, 100 %, 69954 MiB
2026/09/24 11:34:05.057, 1, 100 %, 69740 MiB
2026/09/24 11:34:05.062, 2, 100 %, 69744 MiB
2026/09/24 11:34:05.062, 3, 100 %, 69742 MiB
2026/09/24 11:34:05.063, 4, 100 %, 69740 MiB
2026/09/24 11:34:05.063, 5, 100 %, 69742 MiB
2026/09/24 11:34:05.063, 6, 100 %, 69452 MiB
2026/09/24 11:34:05.063, 7, 100 %, 69740 MiB
2026/09/24 11:34:10.064, 0, 100 %, 69954 MiB
2026/09/24 11:34:10.064, 1, 100 %, 69740 MiB
2026/09/24 11:34:10.064, 2, 100 %, 69744 MiB
2026/09/24 11:34:10.064, 3, 100 %, 69744 MiB
2026/09/24 11:34:10.064, 4, 100 %, 69740 MiB
2026/09/24 11:34:10.064, 5, 92 %, 69742 MiB
2026/09/24 11:34:10.064, 6, 91 %, 69454 MiB
2026/09/24 11:34:10.064, 7, 100 %, 69740 MiB
2026/09/24 11:34:15.065, 0, 95 %, 69954 MiB
2026/09/24 11:34:15.065, 1, 94 %, 69740 MiB
2026/09/24 11:34:15.065, 2, 90 %, 69744 MiB
2026/09/24 11:34:15.065, 3, 93 %, 69744 MiB
2026/09/24 11:34:15.065, 4, 94 %, 69740 MiB
2026/09/24 11:34:15.065, 5, 88 %, 69742 MiB
2026/09/24 11:34:15.065, 6, 88 %, 69454 MiB
2026/09/24 11:34:15.065, 7, 91 %, 69740 MiB
2026/09/24 11:34:20.065, 0, 90 %, 69954 MiB
2026/09/24 11:34:20.065, 1, 87 %, 69740 MiB
2026/09/24 11:34:20.065, 2, 82 %, 69744 MiB
2026/09/24 11:34:20.065, 3, 86 %, 69744 MiB
2026/09/24 11:34:20.065, 4, 78 %, 69740 MiB
2026/09/24 11:34:20.065, 5, 72 %, 69742 MiB
2026/09/24 11:34:20.065, 6, 73 %, 69454 MiB
2026/09/24 11:34:20.065, 7, 87 %, 69740 MiB
2026/09/24 11:34:25.066, 0, 99 %, 69954 MiB
2026/09/24 11:34:25.066, 1, 96 %, 69740 MiB
2026/09/24 11:34:25.066, 2, 96 %, 69744 MiB
2026/09/24 11:34:25.066, 3, 99 %, 69744 MiB
2026/09/24 11:34:25.066, 4, 98 %, 69740 MiB
2026/09/24 11:34:25.066, 5, 98 %, 69742 MiB
2026/09/24 11:34:25.066, 6, 98 %, 69454 MiB
2026/09/24 11:34:25.066, 7, 99 %, 69740 MiB
2026/09/24 11:34:30.066, 0, 100 %, 69954 MiB
2026/09/24 11:34:30.068, 1, 92 %, 69740 MiB
2026/09/24 11:34:30.068, 2, 100 %, 69744 MiB
2026/09/24 11:34:30.070, 3, 100 %, 69744 MiB
2026/09/24 11:34:30.071, 4, 100 %, 69740 MiB
2026/09/24 11:34:30.071, 5, 97 %, 69742 MiB
2026/09/24 11:34:30.071, 6, 99 %, 69454 MiB
2026/09/24 11:34:30.072, 7, 100 %, 69740 MiB
2026/09/24 11:34:35.072, 0, 91 %, 69954 MiB
2026/09/24 11:34:35.073, 1, 97 %, 69740 MiB
2026/09/24 11:34:35.073, 2, 100 %, 69744 MiB
2026/09/24 11:34:35.073, 3, 96 %, 69744 MiB
2026/09/24 11:34:35.073, 4, 94 %, 69740 MiB
2026/09/24 11:34:35.074, 5, 92 %, 69742 MiB
2026/09/24 11:34:35.074, 6, 93 %, 69454 MiB
2026/09/24 11:34:35.074, 7, 100 %, 69740 MiB
2026/09/24 11:34:40.075, 0, 97 %, 69954 MiB
2026/09/24 11:34:40.075, 1, 97 %, 69740 MiB
2026/09/24 11:34:40.075, 2, 98 %, 69744 MiB
2026/09/24 11:34:40.075, 3, 97 %, 69744 MiB
2026/09/24 11:34:40.075, 4, 99 %, 69740 MiB
2026/09/24 11:34:40.075, 5, 99 %, 69742 MiB
2026/09/24 11:34:40.075, 6, 99 %, 69454 MiB
2026/09/24 11:34:40.075, 7, 97 %, 69740 MiB
2026/09/24 11:34:45.075, 0, 97 %, 69954 MiB
2026/09/24 11:34:45.075, 1, 97 %, 69740 MiB
2026/09/24 11:34:45.075, 2, 98 %, 69744 MiB
2026/09/24 11:34:45.075, 3, 96 %, 69744 MiB
2026/09/24 11:34:45.075, 4, 97 %, 69740 MiB
2026/09/24 11:34:45.076, 5, 97 %, 69742 MiB
2026/09/24 11:34:45.076, 6, 97 %, 69454 MiB
2026/09/24 11:34:45.076, 7, 97 %, 69740 MiB
2026/09/24 11:34:50.076, 0, 99 %, 69954 MiB
2026/09/24 11:34:50.076, 1, 98 %, 69740 MiB
2026/09/24 11:34:50.076, 2, 99 %, 69744 MiB
2026/09/24 11:34:50.076, 3, 99 %, 69744 MiB
2026/09/24 11:34:50.076, 4, 99 %, 69740 MiB
2026/09/24 11:34:50.076, 5, 99 %, 69742 MiB
2026/09/24 11:34:50.076, 6, 98 %, 69454 MiB
2026/09/24 11:34:50.076, 7, 99 %, 69740 MiB
2026/09/24 11:34:55.076, 0, 100 %, 69954 MiB
2026/09/24 11:34:55.076, 1, 100 %, 69740 MiB
2026/09/24 11:34:55.076, 2, 100 %, 69744 MiB
2026/09/24 11:34:55.076, 3, 100 %, 69744 MiB
2026/09/24 11:34:55.076, 4, 100 %, 69740 MiB
2026/09/24 11:34:55.077, 5, 100 %, 69742 MiB
2026/09/24 11:34:55.077, 6, 100 %, 69454 MiB
2026/09/24 11:34:55.077, 7, 100 %, 69740 MiB
2026/09/24 11:35:00.077, 0, 100 %, 69954 MiB
2026/09/24 11:35:00.077, 1, 100 %, 69740 MiB
2026/09/24 11:35:00.077, 2, 100 %, 69744 MiB
2026/09/24 11:35:00.078, 3, 100 %, 69744 MiB
2026/09/24 11:35:00.078, 4, 100 %, 69740 MiB
2026/09/24 11:35:00.078, 5, 100 %, 69742 MiB
2026/09/24 11:35:00.079, 6, 100 %, 69454 MiB
2026/09/24 11:35:00.079, 7, 100 %, 69740 MiB
2026/09/24 11:35:05.080, 0, 97 %, 69954 MiB
2026/09/24 11:35:05.081, 1, 97 %, 69740 MiB
2026/09/24 11:35:05.086, 2, 98 %, 69744 MiB
2026/09/24 11:35:05.086, 3, 97 %, 69744 MiB
2026/09/24 11:35:05.086, 4, 96 %, 69740 MiB
2026/09/24 11:35:05.087, 5, 97 %, 69742 MiB
2026/09/24 11:35:05.087, 6, 96 %, 69454 MiB
2026/09/24 11:35:05.087, 7, 100 %, 69740 MiB
2026/09/24 11:35:10.088, 0, 100 %, 69954 MiB
2026/09/24 11:35:10.088, 1, 100 %, 69740 MiB
2026/09/24 11:35:10.089, 2, 100 %, 69744 MiB
2026/09/24 11:35:10.089, 3, 100 %, 69744 MiB
2026/09/24 11:35:10.089, 4, 100 %, 69740 MiB
2026/09/24 11:35:10.090, 5, 100 %, 69742 MiB
2026/09/24 11:35:10.090, 6, 100 %, 69454 MiB
2026/09/24 11:35:10.090, 7, 100 %, 69740 MiB
2026/09/24 11:35:15.091, 0, 99 %, 69954 MiB
2026/09/24 11:35:15.091, 1, 97 %, 69740 MiB
2026/09/24 11:35:15.091, 2, 99 %, 69744 MiB
2026/09/24 11:35:15.091, 3, 97 %, 69744 MiB
2026/09/24 11:35:15.091, 4, 99 %, 69740 MiB
2026/09/24 11:35:15.091, 5, 99 %, 69742 MiB
2026/09/24 11:35:15.091, 6, 99 %, 69454 MiB
2026/09/24 11:35:15.091, 7, 99 %, 69740 MiB
2026/09/24 11:35:20.091, 0, 100 %, 69954 MiB
2026/09/24 11:35:20.092, 1, 100 %, 69740 MiB
2026/09/24 11:35:20.092, 2, 83 %, 69744 MiB
2026/09/24 11:35:20.092, 3, 100 %, 69744 MiB
2026/09/24 11:35:20.092, 4, 92 %, 69740 MiB
2026/09/24 11:35:20.092, 5, 100 %, 69742 MiB
2026/09/24 11:35:20.092, 6, 91 %, 69454 MiB
2026/09/24 11:35:20.092, 7, 99 %, 69740 MiB
2026/09/24 11:35:25.092, 0, 100 %, 69954 MiB
2026/09/24 11:35:25.092, 1, 100 %, 69740 MiB
2026/09/24 11:35:25.093, 2, 100 %, 69744 MiB
2026/09/24 11:35:25.093, 3, 100 %, 69744 MiB
2026/09/24 11:35:25.093, 4, 100 %, 69740 MiB
2026/09/24 11:35:25.093, 5, 100 %, 69742 MiB
2026/09/24 11:35:25.093, 6, 100 %, 69454 MiB
2026/09/24 11:35:25.093, 7, 100 %, 69740 MiB
2026/09/24 11:35:30.094, 0, 100 %, 69954 MiB
2026/09/24 11:35:30.094, 1, 100 %, 69740 MiB
2026/09/24 11:35:30.094, 2, 100 %, 69744 MiB
2026/09/24 11:35:30.094, 3, 100 %, 69744 MiB
2026/09/24 11:35:30.094, 4, 100 %, 69740 MiB
2026/09/24 11:35:30.094, 5, 100 %, 69742 MiB
2026/09/24 11:35:30.094, 6, 100 %, 69454 MiB
2026/09/24 11:35:30.094, 7, 100 %, 69740 MiB
2026/09/24 11:35:35.095, 0, 100 %, 69954 MiB
2026/09/24 11:35:35.116, 1, 100 %, 69740 MiB
2026/09/24 11:35:35.116, 2, 100 %, 69744 MiB
2026/09/24 11:35:35.118, 3, 100 %, 69744 MiB
2026/09/24 11:35:35.118, 4, 100 %, 69740 MiB
2026/09/24 11:35:35.120, 5, 100 %, 69742 MiB
2026/09/24 11:35:35.122, 6, 100 %, 69454 MiB
2026/09/24 11:35:35.122, 7, 100 %, 69740 MiB
2026/09/24 11:35:40.124, 0, 96 %, 69954 MiB
2026/09/24 11:35:40.124, 1, 96 %, 69740 MiB
2026/09/24 11:35:40.124, 2, 96 %, 69744 MiB
2026/09/24 11:35:40.124, 3, 96 %, 69744 MiB
2026/09/24 11:35:40.124, 4, 98 %, 69740 MiB
2026/09/24 11:35:40.124, 5, 98 %, 69742 MiB
2026/09/24 11:35:40.124, 6, 98 %, 69454 MiB
2026/09/24 11:35:40.124, 7, 99 %, 69740 MiB
2026/09/24 11:35:45.124, 0, 99 %, 69954 MiB
2026/09/24 11:35:45.124, 1, 98 %, 69740 MiB
2026/09/24 11:35:45.124, 2, 98 %, 69744 MiB
2026/09/24 11:35:45.124, 3, 96 %, 69744 MiB
2026/09/24 11:35:45.124, 4, 99 %, 69740 MiB
2026/09/24 11:35:45.124, 5, 98 %, 69742 MiB
2026/09/24 11:35:45.124, 6, 99 %, 69454 MiB
2026/09/24 11:35:45.124, 7, 99 %, 69740 MiB
2026/09/24 11:35:50.125, 0, 98 %, 69954 MiB
2026/09/24 11:35:50.125, 1, 98 %, 69740 MiB
2026/09/24 11:35:50.125, 2, 98 %, 69744 MiB
2026/09/24 11:35:50.125, 3, 98 %, 69744 MiB
2026/09/24 11:35:50.125, 4, 98 %, 69740 MiB
2026/09/24 11:35:50.125, 5, 98 %, 69742 MiB
2026/09/24 11:35:50.125, 6, 98 %, 69454 MiB
2026/09/24 11:35:50.125, 7, 98 %, 69740 MiB
2026/09/24 11:35:55.125, 0, 99 %, 69954 MiB
2026/09/24 11:35:55.125, 1, 99 %, 69740 MiB
2026/09/24 11:35:55.126, 2, 99 %, 69744 MiB
2026/09/24 11:35:55.126, 3, 99 %, 69744 MiB
2026/09/24 11:35:55.126, 4, 99 %, 69740 MiB
2026/09/24 11:35:55.127, 5, 99 %, 69742 MiB
2026/09/24 11:35:55.127, 6, 99 %, 69454 MiB
2026/09/24 11:35:55.127, 7, 99 %, 69740 MiB
2026/09/24 11:36:00.128, 0, 100 %, 69954 MiB
2026/09/24 11:36:00.437, 1, 100 %, 69740 MiB
2026/09/24 11:36:00.438, 2, 100 %, 69744 MiB
2026/09/24 11:36:00.439, 3, 100 %, 69744 MiB
2026/09/24 11:36:00.440, 4, 100 %, 69740 MiB
2026/09/24 11:36:00.441, 5, 100 %, 69742 MiB
2026/09/24 11:36:00.441, 6, 100 %, 69454 MiB
2026/09/24 11:36:00.441, 7, 100 %, 69740 MiB
2026/09/24 11:36:05.443, 0, 100 %, 69954 MiB
2026/09/24 11:36:05.443, 1, 89 %, 69740 MiB
2026/09/24 11:36:05.443, 2, 100 %, 69744 MiB
2026/09/24 11:36:05.443, 3, 100 %, 69744 MiB
2026/09/24 11:36:05.443, 4, 96 %, 69740 MiB
2026/09/24 11:36:05.443, 5, 94 %, 69742 MiB
2026/09/24 11:36:05.443, 6, 95 %, 69454 MiB
2026/09/24 11:36:05.443, 7, 100 %, 69740 MiB
2026/09/24 11:36:10.443, 0, 100 %, 69954 MiB
2026/09/24 11:36:10.514, 1, 100 %, 69740 MiB
2026/09/24 11:36:10.514, 2, 100 %, 69744 MiB
2026/09/24 11:36:10.517, 3, 100 %, 69744 MiB
2026/09/24 11:36:10.523, 4, 100 %, 69740 MiB
2026/09/24 11:36:10.528, 5, 100 %, 69742 MiB
2026/09/24 11:36:10.921, 6, 100 %, 69454 MiB
2026/09/24 11:36:10.923, 7, 100 %, 69740 MiB
2026/09/24 11:36:15.932, 0, 100 %, 69954 MiB
2026/09/24 11:36:15.932, 1, 100 %, 69740 MiB
2026/09/24 11:36:15.932, 2, 100 %, 69744 MiB
2026/09/24 11:36:15.932, 3, 83 %, 69744 MiB
2026/09/24 11:36:15.932, 4, 100 %, 69740 MiB
2026/09/24 11:36:15.932, 5, 100 %, 69742 MiB
2026/09/24 11:36:15.932, 6, 99 %, 69454 MiB
2026/09/24 11:36:15.932, 7, 89 %, 69740 MiB
2026/09/24 11:36:20.933, 0, 100 %, 69954 MiB
2026/09/24 11:36:20.935, 1, 100 %, 69740 MiB
2026/09/24 11:36:20.935, 2, 100 %, 69744 MiB
2026/09/24 11:36:20.936, 3, 100 %, 69744 MiB
2026/09/24 11:36:20.936, 4, 100 %, 69740 MiB
2026/09/24 11:36:20.936, 5, 100 %, 69742 MiB
2026/09/24 11:36:20.937, 6, 100 %, 69454 MiB
2026/09/24 11:36:20.937, 7, 100 %, 69740 MiB
2026/09/24 11:36:25.937, 0, 100 %, 69954 MiB
2026/09/24 11:36:25.938, 1, 100 %, 69740 MiB
2026/09/24 11:36:25.938, 2, 100 %, 69744 MiB
2026/09/24 11:36:25.938, 3, 100 %, 69744 MiB
2026/09/24 11:36:25.938, 4, 100 %, 69740 MiB
2026/09/24 11:36:25.938, 5, 100 %, 69742 MiB
2026/09/24 11:36:25.938, 6, 100 %, 69454 MiB
2026/09/24 11:36:25.939, 7, 100 %, 69740 MiB
2026/09/24 11:36:30.939, 0, 100 %, 69954 MiB
2026/09/24 11:36:31.187, 1, 100 %, 69740 MiB
2026/09/24 11:36:31.195, 2, 100 %, 69744 MiB
2026/09/24 11:36:31.196, 3, 100 %, 69744 MiB
2026/09/24 11:36:31.202, 4, 100 %, 69740 MiB
2026/09/24 11:36:31.203, 5, 100 %, 69742 MiB
2026/09/24 11:36:31.205, 6, 100 %, 69454 MiB
2026/09/24 11:36:31.206, 7, 100 %, 69740 MiB
2026/09/24 11:36:36.211, 0, 100 %, 69954 MiB
2026/09/24 11:36:36.211, 1, 100 %, 69740 MiB
2026/09/24 11:36:36.211, 2, 100 %, 69744 MiB
2026/09/24 11:36:36.211, 3, 100 %, 69744 MiB
2026/09/24 11:36:36.211, 4, 100 %, 69740 MiB
2026/09/24 11:36:36.211, 5, 100 %, 69742 MiB
2026/09/24 11:36:36.212, 6, 100 %, 69454 MiB
2026/09/24 11:36:36.212, 7, 100 %, 69740 MiB
2026/09/24 11:36:41.212, 0, 100 %, 69956 MiB
2026/09/24 11:36:41.212, 1, 99 %, 69742 MiB
2026/09/24 11:36:41.212, 2, 100 %, 69746 MiB
2026/09/24 11:36:41.212, 3, 100 %, 69746 MiB
2026/09/24 11:36:41.212, 4, 100 %, 69742 MiB
2026/09/24 11:36:41.212, 5, 99 %, 69744 MiB
2026/09/24 11:36:41.212, 6, 99 %, 69456 MiB
2026/09/24 11:36:41.212, 7, 100 %, 69742 MiB
2026/09/24 11:36:46.213, 0, 100 %, 69956 MiB
2026/09/24 11:36:46.213, 1, 100 %, 69742 MiB
2026/09/24 11:36:46.213, 2, 100 %, 69746 MiB
2026/09/24 11:36:46.214, 3, 100 %, 69746 MiB
2026/09/24 11:36:46.214, 4, 100 %, 69742 MiB
2026/09/24 11:36:46.214, 5, 100 %, 69744 MiB
2026/09/24 11:36:46.215, 6, 100 %, 69456 MiB
2026/09/24 11:36:46.215, 7, 100 %, 69742 MiB
2026/09/24 11:36:51.216, 0, 100 %, 69956 MiB
2026/09/24 11:36:51.216, 1, 100 %, 69742 MiB
2026/09/24 11:36:51.216, 2, 100 %, 69746 MiB
2026/09/24 11:36:51.216, 3, 100 %, 69746 MiB
2026/09/24 11:36:51.216, 4, 100 %, 69742 MiB
2026/09/24 11:36:51.216, 5, 100 %, 69744 MiB
2026/09/24 11:36:51.216, 6, 100 %, 69456 MiB
2026/09/24 11:36:51.216, 7, 100 %, 69742 MiB
2026/09/24 11:36:56.216, 0, 100 %, 69956 MiB
2026/09/24 11:36:56.218, 1, 100 %, 69742 MiB
2026/09/24 11:36:56.218, 2, 100 %, 69746 MiB
2026/09/24 11:36:56.218, 3, 100 %, 69746 MiB
2026/09/24 11:36:56.218, 4, 100 %, 69742 MiB
2026/09/24 11:36:56.218, 5, 100 %, 69744 MiB
2026/09/24 11:36:56.218, 6, 100 %, 69456 MiB
2026/09/24 11:36:56.218, 7, 100 %, 69742 MiB
2026/09/24 11:37:01.218, 0, 100 %, 69956 MiB
2026/09/24 11:37:01.225, 1, 100 %, 69742 MiB
2026/09/24 11:37:01.229, 2, 100 %, 69746 MiB
2026/09/24 11:37:01.229, 3, 100 %, 69746 MiB
2026/09/24 11:37:01.230, 4, 100 %, 69742 MiB
2026/09/24 11:37:01.230, 5, 100 %, 69744 MiB
2026/09/24 11:37:01.231, 6, 100 %, 69456 MiB
2026/09/24 11:37:01.232, 7, 100 %, 69742 MiB
2026/09/24 11:37:06.233, 0, 96 %, 69956 MiB
2026/09/24 11:37:06.234, 1, 99 %, 69742 MiB
2026/09/24 11:37:06.239, 2, 99 %, 69746 MiB
2026/09/24 11:37:06.239, 3, 99 %, 69746 MiB
2026/09/24 11:37:06.239, 4, 98 %, 69742 MiB
2026/09/24 11:37:06.239, 5, 98 %, 69744 MiB
2026/09/24 11:37:06.239, 6, 97 %, 69456 MiB
2026/09/24 11:37:06.239, 7, 96 %, 69742 MiB
2026/09/24 11:37:11.239, 0, 99 %, 69956 MiB
2026/09/24 11:37:11.239, 1, 98 %, 69742 MiB
2026/09/24 11:37:11.239, 2, 98 %, 69746 MiB
2026/09/24 11:37:11.239, 3, 100 %, 69746 MiB
2026/09/24 11:37:11.239, 4, 100 %, 69742 MiB
2026/09/24 11:37:11.239, 5, 100 %, 69744 MiB
2026/09/24 11:37:11.239, 6, 100 %, 69456 MiB
2026/09/24 11:37:11.239, 7, 100 %, 69742 MiB
2026/09/24 11:37:16.240, 0, 100 %, 69958 MiB
2026/09/24 11:37:16.240, 1, 99 %, 69742 MiB
2026/09/24 11:37:16.247, 2, 99 %, 69748 MiB
2026/09/24 11:37:16.247, 3, 100 %, 69746 MiB
2026/09/24 11:37:16.247, 4, 100 %, 69742 MiB
2026/09/24 11:37:16.247, 5, 100 %, 69746 MiB
2026/09/24 11:37:16.247, 6, 100 %, 69456 MiB
2026/09/24 11:37:16.247, 7, 100 %, 69742 MiB
2026/09/24 11:37:21.247, 0, 99 %, 69958 MiB
2026/09/24 11:37:21.247, 1, 99 %, 69742 MiB
2026/09/24 11:37:21.247, 2, 99 %, 69748 MiB
2026/09/24 11:37:21.248, 3, 99 %, 69746 MiB
2026/09/24 11:37:21.248, 4, 99 %, 69742 MiB
2026/09/24 11:37:21.248, 5, 99 %, 69746 MiB
2026/09/24 11:37:21.248, 6, 99 %, 69456 MiB
2026/09/24 11:37:21.248, 7, 99 %, 69742 MiB
2026/09/24 11:37:26.248, 0, 100 %, 69958 MiB
2026/09/24 11:37:26.249, 1, 100 %, 69742 MiB
2026/09/24 11:37:26.249, 2, 100 %, 69748 MiB
2026/09/24 11:37:26.249, 3, 100 %, 69746 MiB
2026/09/24 11:37:26.249, 4, 100 %, 69742 MiB
2026/09/24 11:37:26.249, 5, 100 %, 69746 MiB
2026/09/24 11:37:26.249, 6, 100 %, 69456 MiB
2026/09/24 11:37:26.249, 7, 100 %, 69742 MiB
2026/09/24 11:37:31.249, 0, 94 %, 69958 MiB
2026/09/24 11:37:31.249, 1, 95 %, 69742 MiB
2026/09/24 11:37:31.250, 2, 95 %, 69748 MiB
2026/09/24 11:37:31.250, 3, 94 %, 69746 MiB
2026/09/24 11:37:31.250, 4, 96 %, 69742 MiB
2026/09/24 11:37:31.251, 5, 96 %, 69746 MiB
2026/09/24 11:37:31.251, 6, 96 %, 69456 MiB
2026/09/24 11:37:31.252, 7, 96 %, 69742 MiB
2026/09/24 11:37:36.252, 0, 100 %, 69958 MiB
2026/09/24 11:37:36.254, 1, 100 %, 69742 MiB
2026/09/24 11:37:36.254, 2, 100 %, 69748 MiB
2026/09/24 11:37:36.254, 3, 100 %, 69746 MiB
2026/09/24 11:37:36.255, 4, 100 %, 69742 MiB
2026/09/24 11:37:36.255, 5, 100 %, 69746 MiB
2026/09/24 11:37:36.256, 6, 100 %, 69456 MiB
2026/09/24 11:37:36.257, 7, 100 %, 69742 MiB
2026/09/24 11:37:41.257, 0, 82 %, 69958 MiB
2026/09/24 11:37:41.257, 1, 77 %, 69742 MiB
2026/09/24 11:37:41.257, 2, 76 %, 69748 MiB
2026/09/24 11:37:41.257, 3, 83 %, 69746 MiB
2026/09/24 11:37:41.257, 4, 100 %, 69742 MiB
2026/09/24 11:37:41.257, 5, 70 %, 69746 MiB
2026/09/24 11:37:41.257, 6, 66 %, 69456 MiB
2026/09/24 11:37:41.257, 7, 95 %, 69742 MiB
2026/09/24 11:37:46.258, 0, 90 %, 69958 MiB
2026/09/24 11:37:46.258, 1, 91 %, 69742 MiB
2026/09/24 11:37:46.258, 2, 92 %, 69748 MiB
2026/09/24 11:37:46.258, 3, 90 %, 69746 MiB
2026/09/24 11:37:46.258, 4, 89 %, 69742 MiB
2026/09/24 11:37:46.258, 5, 100 %, 69746 MiB
2026/09/24 11:37:46.258, 6, 96 %, 69456 MiB
2026/09/24 11:37:46.258, 7, 100 %, 69742 MiB
2026/09/24 11:37:51.259, 0, 87 %, 69958 MiB
2026/09/24 11:37:51.259, 1, 84 %, 69742 MiB
2026/09/24 11:37:51.259, 2, 85 %, 69748 MiB
2026/09/24 11:37:51.259, 3, 87 %, 69746 MiB
2026/09/24 11:37:51.259, 4, 78 %, 69742 MiB
2026/09/24 11:37:51.259, 5, 96 %, 69746 MiB
2026/09/24 11:37:51.259, 6, 79 %, 69456 MiB
2026/09/24 11:37:51.259, 7, 83 %, 69742 MiB
2026/09/24 11:37:56.259, 0, 98 %, 69958 MiB
2026/09/24 11:37:56.259, 1, 99 %, 69742 MiB
2026/09/24 11:37:56.259, 2, 98 %, 69748 MiB
2026/09/24 11:37:56.259, 3, 98 %, 69746 MiB
2026/09/24 11:37:56.259, 4, 99 %, 69742 MiB
2026/09/24 11:37:56.259, 5, 99 %, 69746 MiB
2026/09/24 11:37:56.259, 6, 99 %, 69456 MiB
2026/09/24 11:37:56.259, 7, 99 %, 69742 MiB
2026/09/24 11:38:01.260, 0, 99 %, 69958 MiB
2026/09/24 11:38:01.260, 1, 99 %, 69742 MiB
2026/09/24 11:38:01.265, 2, 99 %, 69748 MiB
2026/09/24 11:38:01.266, 3, 99 %, 69746 MiB
2026/09/24 11:38:01.267, 4, 99 %, 69742 MiB
2026/09/24 11:38:01.267, 5, 99 %, 69746 MiB
2026/09/24 11:38:01.267, 6, 98 %, 69456 MiB
2026/09/24 11:38:01.267, 7, 99 %, 69742 MiB
2026/09/24 11:38:06.268, 0, 98 %, 69958 MiB
2026/09/24 11:38:06.268, 1, 98 %, 69742 MiB
2026/09/24 11:38:06.268, 2, 98 %, 69748 MiB
2026/09/24 11:38:06.269, 3, 98 %, 69746 MiB
2026/09/24 11:38:06.269, 4, 94 %, 69742 MiB
2026/09/24 11:38:06.269, 5, 99 %, 69746 MiB
2026/09/24 11:38:06.270, 6, 99 %, 69456 MiB
2026/09/24 11:38:06.270, 7, 99 %, 69742 MiB
2026/09/24 11:38:11.271, 0, 97 %, 69958 MiB
2026/09/24 11:38:11.271, 1, 97 %, 69742 MiB
2026/09/24 11:38:11.271, 2, 97 %, 69748 MiB
2026/09/24 11:38:11.271, 3, 97 %, 69746 MiB
2026/09/24 11:38:11.271, 4, 96 %, 69742 MiB
2026/09/24 11:38:11.271, 5, 97 %, 69746 MiB
2026/09/24 11:38:11.271, 6, 96 %, 69456 MiB
2026/09/24 11:38:11.271, 7, 96 %, 69742 MiB
2026/09/24 11:38:16.271, 0, 100 %, 69958 MiB
2026/09/24 11:38:16.271, 1, 100 %, 69744 MiB
2026/09/24 11:38:16.272, 2, 100 %, 69748 MiB
2026/09/24 11:38:16.272, 3, 100 %, 69746 MiB
2026/09/24 11:38:16.272, 4, 100 %, 69744 MiB
2026/09/24 11:38:16.272, 5, 100 %, 69746 MiB
2026/09/24 11:38:16.272, 6, 100 %, 69456 MiB
2026/09/24 11:38:16.272, 7, 100 %, 69744 MiB
2026/09/24 11:38:21.272, 0, 100 %, 69958 MiB
2026/09/24 11:38:21.272, 1, 100 %, 69744 MiB
2026/09/24 11:38:21.272, 2, 100 %, 69748 MiB
2026/09/24 11:38:21.272, 3, 100 %, 69746 MiB
2026/09/24 11:38:21.272, 4, 100 %, 69744 MiB
2026/09/24 11:38:21.272, 5, 100 %, 69746 MiB
2026/09/24 11:38:21.272, 6, 100 %, 69456 MiB
2026/09/24 11:38:21.272, 7, 100 %, 69744 MiB
2026/09/24 11:38:26.273, 0, 70 %, 69958 MiB
2026/09/24 11:38:26.274, 1, 68 %, 69744 MiB
2026/09/24 11:38:26.274, 2, 100 %, 69748 MiB
2026/09/24 11:38:26.274, 3, 70 %, 69746 MiB
2026/09/24 11:38:26.275, 4, 92 %, 69744 MiB
2026/09/24 11:38:26.275, 5, 75 %, 69746 MiB
2026/09/24 11:38:26.275, 6, 89 %, 69456 MiB
2026/09/24 11:38:26.275, 7, 85 %, 69744 MiB
2026/09/24 11:38:31.275, 0, 100 %, 69958 MiB
2026/09/24 11:38:31.276, 1, 86 %, 69744 MiB
2026/09/24 11:38:31.276, 2, 88 %, 69748 MiB
2026/09/24 11:38:31.276, 3, 100 %, 69746 MiB
2026/09/24 11:38:31.277, 4, 100 %, 69744 MiB
2026/09/24 11:38:31.277, 5, 100 %, 69746 MiB
2026/09/24 11:38:31.277, 6, 100 %, 69456 MiB
2026/09/24 11:38:31.278, 7, 100 %, 69744 MiB
2026/09/24 11:38:36.278, 0, 100 %, 69958 MiB
2026/09/24 11:38:36.405, 1, 100 %, 69744 MiB
2026/09/24 11:38:36.411, 2, 100 %, 69748 MiB
2026/09/24 11:38:36.411, 3, 100 %, 69746 MiB
2026/09/24 11:38:36.417, 4, 100 %, 69744 MiB
2026/09/24 11:38:36.417, 5, 100 %, 69746 MiB
2026/09/24 11:38:36.424, 6, 100 %, 69456 MiB
2026/09/24 11:38:36.424, 7, 100 %, 69744 MiB
2026/09/24 11:38:41.428, 0, 100 %, 69958 MiB
2026/09/24 11:38:41.428, 1, 100 %, 69744 MiB
2026/09/24 11:38:41.429, 2, 100 %, 69748 MiB
2026/09/24 11:38:41.429, 3, 100 %, 69746 MiB
2026/09/24 11:38:41.429, 4, 100 %, 69744 MiB
2026/09/24 11:38:41.429, 5, 100 %, 69746 MiB
2026/09/24 11:38:41.429, 6, 100 %, 69456 MiB
2026/09/24 11:38:41.429, 7, 100 %, 69744 MiB
2026/09/24 11:38:46.429, 0, 96 %, 69958 MiB
2026/09/24 11:38:46.429, 1, 97 %, 69744 MiB
2026/09/24 11:38:46.431, 2, 97 %, 69748 MiB
2026/09/24 11:38:46.431, 3, 100 %, 69746 MiB
2026/09/24 11:38:46.431, 4, 100 %, 69744 MiB
2026/09/24 11:38:46.431, 5, 99 %, 69746 MiB
2026/09/24 11:38:46.432, 6, 100 %, 69456 MiB
2026/09/24 11:38:46.432, 7, 100 %, 69744 MiB
2026/09/24 11:38:51.432, 0, 100 %, 69958 MiB
2026/09/24 11:38:51.432, 1, 100 %, 69744 MiB
2026/09/24 11:38:51.432, 2, 100 %, 69748 MiB
2026/09/24 11:38:51.432, 3, 100 %, 69746 MiB
2026/09/24 11:38:51.432, 4, 100 %, 69744 MiB
2026/09/24 11:38:51.432, 5, 100 %, 69746 MiB
2026/09/24 11:38:51.432, 6, 100 %, 69456 MiB
2026/09/24 11:38:51.433, 7, 100 %, 69744 MiB
2026/09/24 11:38:56.433, 0, 100 %, 69958 MiB
2026/09/24 11:38:56.433, 1, 94 %, 69744 MiB
2026/09/24 11:38:56.438, 2, 95 %, 69748 MiB
2026/09/24 11:38:56.443, 3, 96 %, 69746 MiB
2026/09/24 11:38:56.447, 4, 100 %, 69744 MiB
2026/09/24 11:38:56.448, 5, 100 %, 69746 MiB
2026/09/24 11:38:56.448, 6, 100 %, 69456 MiB
2026/09/24 11:38:56.449, 7, 100 %, 69744 MiB
2026/09/24 11:39:01.450, 0, 71 %, 69958 MiB
2026/09/24 11:39:01.451, 1, 100 %, 69744 MiB
2026/09/24 11:39:01.451, 2, 100 %, 69748 MiB
2026/09/24 11:39:01.451, 3, 100 %, 69746 MiB
2026/09/24 11:39:01.451, 4, 88 %, 69744 MiB
2026/09/24 11:39:01.451, 5, 84 %, 69746 MiB
2026/09/24 11:39:01.451, 6, 91 %, 69456 MiB
2026/09/24 11:39:01.451, 7, 100 %, 69744 MiB
2026/09/24 11:39:06.451, 0, 100 %, 69958 MiB
2026/09/24 11:39:06.451, 1, 100 %, 69744 MiB
2026/09/24 11:39:06.456, 2, 100 %, 69748 MiB
2026/09/24 11:39:06.456, 3, 100 %, 69746 MiB
2026/09/24 11:39:06.456, 4, 100 %, 69744 MiB
2026/09/24 11:39:06.456, 5, 100 %, 69746 MiB
2026/09/24 11:39:06.456, 6, 100 %, 69458 MiB
2026/09/24 11:39:06.456, 7, 100 %, 69744 MiB
2026/09/24 11:39:11.456, 0, 96 %, 69958 MiB
2026/09/24 11:39:11.456, 1, 98 %, 69744 MiB
2026/09/24 11:39:11.457, 2, 98 %, 69748 MiB
2026/09/24 11:39:11.457, 3, 98 %, 69746 MiB
2026/09/24 11:39:11.457, 4, 98 %, 69744 MiB
2026/09/24 11:39:11.458, 5, 98 %, 69746 MiB
2026/09/24 11:39:11.458, 6, 99 %, 69458 MiB
2026/09/24 11:39:11.458, 7, 90 %, 69744 MiB
2026/09/24 11:39:16.459, 0, 100 %, 69958 MiB
2026/09/24 11:39:16.459, 1, 100 %, 69744 MiB
2026/09/24 11:39:16.459, 2, 100 %, 69748 MiB
2026/09/24 11:39:16.460, 3, 100 %, 69746 MiB
2026/09/24 11:39:16.460, 4, 100 %, 69744 MiB
2026/09/24 11:39:16.461, 5, 100 %, 69746 MiB
2026/09/24 11:39:16.461, 6, 100 %, 69458 MiB
2026/09/24 11:39:16.461, 7, 100 %, 69744 MiB
2026/09/24 11:39:21.462, 0, 89 %, 69958 MiB
2026/09/24 11:39:21.462, 1, 81 %, 69744 MiB
2026/09/24 11:39:21.463, 2, 81 %, 69748 MiB
2026/09/24 11:39:21.463, 3, 84 %, 69746 MiB
2026/09/24 11:39:21.463, 4, 100 %, 69744 MiB
2026/09/24 11:39:21.464, 5, 75 %, 69746 MiB
2026/09/24 11:39:21.464, 6, 67 %, 69458 MiB
2026/09/24 11:39:21.464, 7, 70 %, 69744 MiB
2026/09/24 11:39:26.465, 0, 100 %, 69958 MiB
2026/09/24 11:39:26.466, 1, 100 %, 69744 MiB
2026/09/24 11:39:26.469, 2, 100 %, 69748 MiB
2026/09/24 11:39:26.475, 3, 100 %, 69746 MiB
2026/09/24 11:39:26.480, 4, 95 %, 69744 MiB
2026/09/24 11:39:26.485, 5, 100 %, 69746 MiB
2026/09/24 11:39:26.491, 6, 92 %, 69458 MiB
2026/09/24 11:39:26.494, 7, 87 %, 69744 MiB
2026/09/24 11:39:31.497, 0, 94 %, 69958 MiB
2026/09/24 11:39:31.497, 1, 100 %, 69744 MiB
2026/09/24 11:39:31.497, 2, 100 %, 69748 MiB
2026/09/24 11:39:31.497, 3, 100 %, 69748 MiB
2026/09/24 11:39:31.497, 4, 100 %, 69744 MiB
2026/09/24 11:39:31.497, 5, 100 %, 69746 MiB
2026/09/24 11:39:31.497, 6, 100 %, 69458 MiB
2026/09/24 11:39:31.497, 7, 60 %, 69744 MiB
2026/09/24 11:39:36.497, 0, 97 %, 69958 MiB
2026/09/24 11:39:36.498, 1, 96 %, 69744 MiB
2026/09/24 11:39:36.498, 2, 96 %, 69748 MiB
2026/09/24 11:39:36.498, 3, 96 %, 69748 MiB
2026/09/24 11:39:36.498, 4, 97 %, 69744 MiB
2026/09/24 11:39:36.498, 5, 96 %, 69746 MiB
2026/09/24 11:39:36.498, 6, 97 %, 69458 MiB
2026/09/24 11:39:36.498, 7, 99 %, 69744 MiB
2026/09/24 11:39:41.498, 0, 98 %, 69958 MiB
2026/09/24 11:39:41.498, 1, 96 %, 69744 MiB
2026/09/24 11:39:41.499, 2, 96 %, 69748 MiB
2026/09/24 11:39:41.499, 3, 97 %, 69748 MiB
2026/09/24 11:39:41.499, 4, 97 %, 69744 MiB
2026/09/24 11:39:41.500, 5, 99 %, 69746 MiB
2026/09/24 11:39:41.500, 6, 96 %, 69458 MiB
2026/09/24 11:39:41.500, 7, 98 %, 69744 MiB
2026/09/24 11:39:46.501, 0, 100 %, 69958 MiB
2026/09/24 11:39:46.501, 1, 100 %, 69744 MiB
2026/09/24 11:39:46.501, 2, 100 %, 69748 MiB
2026/09/24 11:39:46.501, 3, 100 %, 69748 MiB
2026/09/24 11:39:46.501, 4, 100 %, 69744 MiB
2026/09/24 11:39:46.501, 5, 100 %, 69746 MiB
2026/09/24 11:39:46.501, 6, 100 %, 69458 MiB
2026/09/24 11:39:46.501, 7, 100 %, 69744 MiB
2026/09/24 11:39:51.502, 0, 98 %, 69958 MiB
2026/09/24 11:39:51.502, 1, 98 %, 69744 MiB
2026/09/24 11:39:51.502, 2, 98 %, 69748 MiB
2026/09/24 11:39:51.502, 3, 98 %, 69748 MiB
2026/09/24 11:39:51.502, 4, 97 %, 69744 MiB
2026/09/24 11:39:51.502, 5, 99 %, 69746 MiB
2026/09/24 11:39:51.502, 6, 99 %, 69458 MiB
2026/09/24 11:39:51.502, 7, 98 %, 69744 MiB
2026/09/24 11:39:56.502, 0, 96 %, 69958 MiB
2026/09/24 11:39:56.502, 1, 93 %, 69744 MiB
2026/09/24 11:39:56.503, 2, 94 %, 69748 MiB
2026/09/24 11:39:56.503, 3, 94 %, 69748 MiB
2026/09/24 11:39:56.506, 4, 92 %, 69744 MiB
2026/09/24 11:39:56.506, 5, 92 %, 69746 MiB
2026/09/24 11:39:56.506, 6, 91 %, 69458 MiB
2026/09/24 11:39:56.506, 7, 99 %, 69744 MiB
2026/09/24 11:40:01.506, 0, 91 %, 69958 MiB
2026/09/24 11:40:01.506, 1, 95 %, 69744 MiB
2026/09/24 11:40:01.506, 2, 95 %, 69748 MiB
2026/09/24 11:40:01.506, 3, 95 %, 69748 MiB
2026/09/24 11:40:01.506, 4, 95 %, 69744 MiB
2026/09/24 11:40:01.506, 5, 95 %, 69746 MiB
2026/09/24 11:40:01.506, 6, 95 %, 69458 MiB
2026/09/24 11:40:01.506, 7, 95 %, 69744 MiB
2026/09/24 11:40:06.506, 0, 100 %, 69958 MiB
2026/09/24 11:40:06.507, 1, 100 %, 69744 MiB
2026/09/24 11:40:06.507, 2, 100 %, 69748 MiB
2026/09/24 11:40:06.507, 3, 100 %, 69748 MiB
2026/09/24 11:40:06.507, 4, 100 %, 69744 MiB
2026/09/24 11:40:06.507, 5, 100 %, 69746 MiB
2026/09/24 11:40:06.507, 6, 100 %, 69458 MiB
2026/09/24 11:40:06.507, 7, 100 %, 69744 MiB
2026/09/24 11:40:11.507, 0, 99 %, 69958 MiB
2026/09/24 11:40:11.507, 1, 99 %, 69744 MiB
2026/09/24 11:40:11.508, 2, 99 %, 69748 MiB
2026/09/24 11:40:11.508, 3, 99 %, 69748 MiB
2026/09/24 11:40:11.508, 4, 99 %, 69744 MiB
2026/09/24 11:40:11.508, 5, 99 %, 69746 MiB
2026/09/24 11:40:11.509, 6, 99 %, 69458 MiB
2026/09/24 11:40:11.509, 7, 99 %, 69744 MiB
2026/09/24 11:40:16.509, 0, 86 %, 69958 MiB
2026/09/24 11:40:16.509, 1, 89 %, 69744 MiB
2026/09/24 11:40:16.509, 2, 90 %, 69748 MiB
2026/09/24 11:40:16.509, 3, 82 %, 69748 MiB
2026/09/24 11:40:16.509, 4, 85 %, 69744 MiB
2026/09/24 11:40:16.509, 5, 87 %, 69746 MiB
2026/09/24 11:40:16.509, 6, 83 %, 69458 MiB
2026/09/24 11:40:16.509, 7, 82 %, 69744 MiB
2026/09/24 11:40:21.510, 0, 100 %, 69958 MiB
2026/09/24 11:40:21.510, 1, 90 %, 69744 MiB
2026/09/24 11:40:21.510, 2, 91 %, 69748 MiB
2026/09/24 11:40:21.510, 3, 100 %, 69748 MiB
2026/09/24 11:40:21.510, 4, 100 %, 69744 MiB
2026/09/24 11:40:21.510, 5, 96 %, 69746 MiB
2026/09/24 11:40:21.510, 6, 100 %, 69458 MiB
2026/09/24 11:40:21.510, 7, 100 %, 69744 MiB
2026/09/24 11:40:26.510, 0, 100 %, 69958 MiB
2026/09/24 11:40:26.510, 1, 100 %, 69744 MiB
2026/09/24 11:40:26.511, 2, 100 %, 69748 MiB
2026/09/24 11:40:26.511, 3, 100 %, 69748 MiB
2026/09/24 11:40:26.512, 4, 100 %, 69744 MiB
2026/09/24 11:40:26.512, 5, 100 %, 69746 MiB
2026/09/24 11:40:26.512, 6, 100 %, 69458 MiB
2026/09/24 11:40:26.513, 7, 100 %, 69744 MiB
2026/09/24 11:40:31.513, 0, 81 %, 69958 MiB
2026/09/24 11:40:31.513, 1, 88 %, 69744 MiB
2026/09/24 11:40:31.513, 2, 87 %, 69748 MiB
2026/09/24 11:40:31.514, 3, 87 %, 69748 MiB
2026/09/24 11:40:31.514, 4, 89 %, 69744 MiB
2026/09/24 11:40:31.514, 5, 90 %, 69746 MiB
2026/09/24 11:40:31.514, 6, 75 %, 69458 MiB
2026/09/24 11:40:31.514, 7, 87 %, 69744 MiB
2026/09/24 11:40:36.514, 0, 100 %, 69958 MiB
2026/09/24 11:40:36.703, 1, 100 %, 69744 MiB
2026/09/24 11:40:36.704, 2, 100 %, 69748 MiB
2026/09/24 11:40:36.707, 3, 100 %, 69748 MiB
2026/09/24 11:40:36.707, 4, 100 %, 69744 MiB
2026/09/24 11:40:36.707, 5, 100 %, 69746 MiB
2026/09/24 11:40:36.707, 6, 100 %, 69458 MiB
2026/09/24 11:40:36.707, 7, 100 %, 69744 MiB
2026/09/24 11:40:41.708, 0, 96 %, 69958 MiB
2026/09/24 11:40:41.708, 1, 92 %, 69744 MiB
2026/09/24 11:40:41.708, 2, 92 %, 69748 MiB
2026/09/24 11:40:41.708, 3, 92 %, 69748 MiB
2026/09/24 11:40:41.708, 4, 88 %, 69744 MiB
2026/09/24 11:40:41.709, 5, 90 %, 69746 MiB
2026/09/24 11:40:41.709, 6, 99 %, 69458 MiB
2026/09/24 11:40:41.709, 7, 97 %, 69744 MiB
2026/09/24 11:40:46.710, 0, 76 %, 69958 MiB
2026/09/24 11:40:46.710, 1, 78 %, 69744 MiB
2026/09/24 11:40:46.710, 2, 83 %, 69748 MiB
2026/09/24 11:40:46.710, 3, 84 %, 69748 MiB
2026/09/24 11:40:46.710, 4, 89 %, 69744 MiB
2026/09/24 11:40:46.710, 5, 87 %, 69746 MiB
2026/09/24 11:40:46.710, 6, 90 %, 69458 MiB
2026/09/24 11:40:46.710, 7, 78 %, 69744 MiB
2026/09/24 11:40:51.711, 0, 100 %, 69958 MiB
2026/09/24 11:40:51.711, 1, 86 %, 69746 MiB
2026/09/24 11:40:51.711, 2, 89 %, 69748 MiB
2026/09/24 11:40:51.711, 3, 88 %, 69748 MiB
2026/09/24 11:40:51.711, 4, 100 %, 69746 MiB
2026/09/24 11:40:51.711, 5, 99 %, 69746 MiB
2026/09/24 11:40:51.711, 6, 100 %, 69458 MiB
2026/09/24 11:40:51.711, 7, 100 %, 69746 MiB
2026/09/24 11:40:56.711, 0, 100 %, 69958 MiB
2026/09/24 11:40:56.711, 1, 100 %, 69746 MiB
2026/09/24 11:40:56.712, 2, 100 %, 69748 MiB
2026/09/24 11:40:56.712, 3, 100 %, 69748 MiB
2026/09/24 11:40:56.713, 4, 100 %, 69746 MiB
2026/09/24 11:40:56.713, 5, 100 %, 69746 MiB
2026/09/24 11:40:56.713, 6, 100 %, 69458 MiB
2026/09/24 11:40:56.714, 7, 100 %, 69746 MiB
2026/09/24 11:41:01.714, 0, 100 %, 69958 MiB
2026/09/24 11:41:01.715, 1, 100 %, 69746 MiB
2026/09/24 11:41:01.715, 2, 100 %, 69748 MiB
2026/09/24 11:41:01.715, 3, 100 %, 69748 MiB
2026/09/24 11:41:01.716, 4, 100 %, 69746 MiB
2026/09/24 11:41:01.716, 5, 100 %, 69746 MiB
2026/09/24 11:41:01.716, 6, 100 %, 69458 MiB
2026/09/24 11:41:01.716, 7, 100 %, 69746 MiB
2026/09/24 11:41:06.717, 0, 100 %, 69958 MiB
2026/09/24 11:41:06.717, 1, 100 %, 69746 MiB
2026/09/24 11:41:06.718, 2, 100 %, 69748 MiB
2026/09/24 11:41:06.718, 3, 100 %, 69748 MiB
2026/09/24 11:41:06.718, 4, 100 %, 69746 MiB
2026/09/24 11:41:06.719, 5, 100 %, 69746 MiB
2026/09/24 11:41:06.719, 6, 100 %, 69458 MiB
2026/09/24 11:41:06.719, 7, 100 %, 69746 MiB
2026/09/24 11:41:11.719, 0, 99 %, 69958 MiB
2026/09/24 11:41:11.720, 1, 99 %, 69746 MiB
2026/09/24 11:41:11.720, 2, 99 %, 69748 MiB
2026/09/24 11:41:11.720, 3, 99 %, 69748 MiB
2026/09/24 11:41:11.720, 4, 96 %, 69746 MiB
2026/09/24 11:41:11.720, 5, 99 %, 69746 MiB
2026/09/24 11:41:11.720, 6, 99 %, 69458 MiB
2026/09/24 11:41:11.720, 7, 99 %, 69746 MiB
2026/09/24 11:41:16.720, 0, 98 %, 69958 MiB
2026/09/24 11:41:16.720, 1, 97 %, 69746 MiB
2026/09/24 11:41:16.721, 2, 97 %, 69748 MiB
2026/09/24 11:41:16.721, 3, 97 %, 69748 MiB
2026/09/24 11:41:16.722, 4, 96 %, 69746 MiB
2026/09/24 11:41:16.722, 5, 96 %, 69746 MiB
2026/09/24 11:41:16.722, 6, 100 %, 69458 MiB
2026/09/24 11:41:16.723, 7, 100 %, 69746 MiB
2026/09/24 11:41:21.723, 0, 87 %, 69958 MiB
2026/09/24 11:41:21.724, 1, 67 %, 69746 MiB
2026/09/24 11:41:21.724, 2, 66 %, 69748 MiB
2026/09/24 11:41:21.724, 3, 92 %, 69748 MiB
2026/09/24 11:41:21.725, 4, 61 %, 69746 MiB
2026/09/24 11:41:21.725, 5, 59 %, 69746 MiB
2026/09/24 11:41:21.725, 6, 64 %, 69458 MiB
2026/09/24 11:41:21.726, 7, 89 %, 69746 MiB
2026/09/24 11:41:26.726, 0, 100 %, 69958 MiB
2026/09/24 11:41:26.727, 1, 100 %, 69746 MiB
2026/09/24 11:41:26.727, 2, 100 %, 69748 MiB
2026/09/24 11:41:26.727, 3, 100 %, 69748 MiB
2026/09/24 11:41:26.728, 4, 100 %, 69746 MiB
2026/09/24 11:41:26.728, 5, 100 %, 69746 MiB
2026/09/24 11:41:26.728, 6, 100 %, 69458 MiB
2026/09/24 11:41:26.729, 7, 100 %, 69746 MiB
2026/09/24 11:41:31.729, 0, 100 %, 69958 MiB
2026/09/24 11:41:31.729, 1, 100 %, 69746 MiB
2026/09/24 11:41:31.730, 2, 87 %, 69748 MiB
2026/09/24 11:41:31.730, 3, 85 %, 69748 MiB
2026/09/24 11:41:31.730, 4, 99 %, 69746 MiB
2026/09/24 11:41:31.731, 5, 100 %, 69746 MiB
2026/09/24 11:41:31.731, 6, 100 %, 69458 MiB
2026/09/24 11:41:31.732, 7, 100 %, 69746 MiB
2026/09/24 11:41:36.732, 0, 96 %, 69958 MiB
2026/09/24 11:41:36.733, 1, 100 %, 69746 MiB
2026/09/24 11:41:36.733, 2, 69 %, 69748 MiB
2026/09/24 11:41:36.733, 3, 68 %, 69748 MiB
2026/09/24 11:41:36.734, 4, 80 %, 69746 MiB
2026/09/24 11:41:36.734, 5, 100 %, 69746 MiB
2026/09/24 11:41:36.734, 6, 85 %, 69458 MiB
2026/09/24 11:41:36.735, 7, 91 %, 69746 MiB
2026/09/24 11:41:41.735, 0, 99 %, 69958 MiB
2026/09/24 11:41:41.736, 1, 99 %, 69746 MiB
2026/09/24 11:41:41.736, 2, 99 %, 69748 MiB
2026/09/24 11:41:41.736, 3, 99 %, 69748 MiB
2026/09/24 11:41:41.737, 4, 99 %, 69746 MiB
2026/09/24 11:41:41.737, 5, 99 %, 69746 MiB
2026/09/24 11:41:41.737, 6, 99 %, 69458 MiB
2026/09/24 11:41:41.738, 7, 99 %, 69746 MiB
2026/09/24 11:41:46.738, 0, 97 %, 69958 MiB
2026/09/24 11:41:46.739, 1, 99 %, 69746 MiB
2026/09/24 11:41:46.739, 2, 97 %, 69748 MiB
2026/09/24 11:41:46.739, 3, 98 %, 69748 MiB
2026/09/24 11:41:46.739, 4, 98 %, 69746 MiB
2026/09/24 11:41:46.740, 5, 98 %, 69746 MiB
2026/09/24 11:41:46.740, 6, 98 %, 69458 MiB
2026/09/24 11:41:46.740, 7, 99 %, 69746 MiB
2026/09/24 11:41:51.741, 0, 99 %, 69958 MiB
2026/09/24 11:41:51.741, 1, 99 %, 69746 MiB
2026/09/24 11:41:51.741, 2, 99 %, 69748 MiB
2026/09/24 11:41:51.741, 3, 99 %, 69748 MiB
2026/09/24 11:41:51.741, 4, 99 %, 69746 MiB
2026/09/24 11:41:51.741, 5, 99 %, 69746 MiB
2026/09/24 11:41:51.741, 6, 99 %, 69458 MiB
2026/09/24 11:41:51.741, 7, 99 %, 69746 MiB
2026/09/24 11:41:56.742, 0, 85 %, 69958 MiB
2026/09/24 11:41:56.742, 1, 67 %, 69746 MiB
2026/09/24 11:41:56.742, 2, 100 %, 69748 MiB
2026/09/24 11:41:56.742, 3, 100 %, 69748 MiB
2026/09/24 11:41:56.742, 4, 100 %, 69746 MiB
2026/09/24 11:41:56.742, 5, 100 %, 69746 MiB
2026/09/24 11:41:56.742, 6, 97 %, 69458 MiB
2026/09/24 11:41:56.742, 7, 90 %, 69746 MiB
2026/09/24 11:42:01.742, 0, 100 %, 69958 MiB
2026/09/24 11:42:01.742, 1, 100 %, 69746 MiB
2026/09/24 11:42:01.742, 2, 100 %, 69748 MiB
2026/09/24 11:42:01.742, 3, 100 %, 69748 MiB
2026/09/24 11:42:01.742, 4, 100 %, 69746 MiB
2026/09/24 11:42:01.742, 5, 100 %, 69746 MiB
2026/09/24 11:42:01.742, 6, 100 %, 69458 MiB
2026/09/24 11:42:01.742, 7, 100 %, 69746 MiB
2026/09/24 11:42:06.743, 0, 100 %, 69958 MiB
2026/09/24 11:42:06.743, 1, 100 %, 69746 MiB
2026/09/24 11:42:06.743, 2, 100 %, 69748 MiB
2026/09/24 11:42:06.743, 3, 100 %, 69748 MiB
2026/09/24 11:42:06.743, 4, 100 %, 69746 MiB
2026/09/24 11:42:06.743, 5, 100 %, 69746 MiB
2026/09/24 11:42:06.743, 6, 100 %, 69458 MiB
2026/09/24 11:42:06.743, 7, 100 %, 69746 MiB
2026/09/24 11:42:11.743, 0, 97 %, 69958 MiB
2026/09/24 11:42:11.743, 1, 96 %, 69746 MiB
2026/09/24 11:42:11.743, 2, 97 %, 69748 MiB
2026/09/24 11:42:11.743, 3, 97 %, 69748 MiB
2026/09/24 11:42:11.743, 4, 97 %, 69746 MiB
2026/09/24 11:42:11.743, 5, 96 %, 69746 MiB
2026/09/24 11:42:11.743, 6, 97 %, 69458 MiB
2026/09/24 11:42:11.743, 7, 97 %, 69746 MiB
2026/09/24 11:42:16.744, 0, 98 %, 69958 MiB
2026/09/24 11:42:16.744, 1, 97 %, 69746 MiB
2026/09/24 11:42:16.744, 2, 99 %, 69748 MiB
2026/09/24 11:42:16.745, 3, 96 %, 69748 MiB
2026/09/24 11:42:16.745, 4, 99 %, 69746 MiB
2026/09/24 11:42:16.746, 5, 96 %, 69746 MiB
2026/09/24 11:42:16.746, 6, 99 %, 69458 MiB
2026/09/24 11:42:16.746, 7, 96 %, 69746 MiB
2026/09/24 11:42:21.747, 0, 99 %, 69958 MiB
2026/09/24 11:42:21.747, 1, 98 %, 69746 MiB
2026/09/24 11:42:21.748, 2, 98 %, 69748 MiB
2026/09/24 11:42:21.748, 3, 98 %, 69748 MiB
2026/09/24 11:42:21.748, 4, 99 %, 69746 MiB
2026/09/24 11:42:21.748, 5, 99 %, 69746 MiB
2026/09/24 11:42:21.749, 6, 90 %, 69458 MiB
2026/09/24 11:42:21.749, 7, 99 %, 69746 MiB
2026/09/24 11:42:26.750, 0, 100 %, 69958 MiB
2026/09/24 11:42:26.750, 1, 100 %, 69746 MiB
2026/09/24 11:42:26.752, 2, 100 %, 69748 MiB
2026/09/24 11:42:26.756, 3, 100 %, 69748 MiB
2026/09/24 11:42:26.758, 4, 100 %, 69746 MiB
2026/09/24 11:42:26.758, 5, 100 %, 69746 MiB
2026/09/24 11:42:26.758, 6, 100 %, 69458 MiB
2026/09/24 11:42:26.759, 7, 100 %, 69746 MiB
2026/09/24 11:42:31.760, 0, 93 %, 69958 MiB
2026/09/24 11:42:31.760, 1, 94 %, 69746 MiB
2026/09/24 11:42:31.760, 2, 94 %, 69748 MiB
2026/09/24 11:42:31.760, 3, 94 %, 69748 MiB
2026/09/24 11:42:31.760, 4, 94 %, 69746 MiB
2026/09/24 11:42:31.760, 5, 93 %, 69746 MiB
2026/09/24 11:42:31.760, 6, 93 %, 69458 MiB
2026/09/24 11:42:31.760, 7, 93 %, 69746 MiB
2026/09/24 11:42:36.761, 0, 96 %, 69958 MiB
2026/09/24 11:42:36.761, 1, 96 %, 69746 MiB
2026/09/24 11:42:36.761, 2, 97 %, 69748 MiB
2026/09/24 11:42:36.761, 3, 96 %, 69748 MiB
2026/09/24 11:42:36.761, 4, 96 %, 69746 MiB
2026/09/24 11:42:36.761, 5, 96 %, 69746 MiB
2026/09/24 11:42:36.761, 6, 96 %, 69458 MiB
2026/09/24 11:42:36.761, 7, 96 %, 69746 MiB
2026/09/24 11:42:41.761, 0, 97 %, 69958 MiB
2026/09/24 11:42:41.762, 1, 96 %, 69746 MiB
2026/09/24 11:42:41.763, 2, 99 %, 69748 MiB
2026/09/24 11:42:41.763, 3, 97 %, 69748 MiB
2026/09/24 11:42:41.763, 4, 97 %, 69746 MiB
2026/09/24 11:42:41.763, 5, 97 %, 69746 MiB
2026/09/24 11:42:41.763, 6, 99 %, 69458 MiB
2026/09/24 11:42:41.764, 7, 97 %, 69746 MiB
2026/09/24 11:42:46.764, 0, 99 %, 69958 MiB
2026/09/24 11:42:46.765, 1, 99 %, 69746 MiB
2026/09/24 11:42:46.765, 2, 99 %, 69748 MiB
2026/09/24 11:42:46.770, 3, 99 %, 69748 MiB
2026/09/24 11:42:46.770, 4, 99 %, 69746 MiB
2026/09/24 11:42:46.771, 5, 98 %, 69746 MiB
2026/09/24 11:42:46.771, 6, 99 %, 69458 MiB
2026/09/24 11:42:46.771, 7, 99 %, 69746 MiB
2026/09/24 11:42:51.778, 0, 100 %, 69958 MiB
2026/09/24 11:42:51.907, 1, 100 %, 69746 MiB
2026/09/24 11:42:51.907, 2, 100 %, 69748 MiB
2026/09/24 11:42:51.910, 3, 100 %, 69748 MiB
2026/09/24 11:42:51.916, 4, 100 %, 69746 MiB
2026/09/24 11:42:51.918, 5, 100 %, 69746 MiB
2026/09/24 11:42:51.920, 6, 100 %, 69458 MiB
2026/09/24 11:42:51.920, 7, 100 %, 69746 MiB
2026/09/24 11:42:56.920, 0, 100 %, 69958 MiB
2026/09/24 11:42:56.920, 1, 100 %, 69746 MiB
2026/09/24 11:42:56.921, 2, 100 %, 69748 MiB
2026/09/24 11:42:56.921, 3, 100 %, 69748 MiB
2026/09/24 11:42:56.921, 4, 100 %, 69746 MiB
2026/09/24 11:42:56.921, 5, 100 %, 69746 MiB
2026/09/24 11:42:56.921, 6, 100 %, 69458 MiB
2026/09/24 11:42:56.921, 7, 100 %, 69746 MiB
2026/09/24 11:43:01.921, 0, 96 %, 69958 MiB
2026/09/24 11:43:01.921, 1, 96 %, 69746 MiB
2026/09/24 11:43:01.922, 2, 95 %, 69748 MiB
2026/09/24 11:43:01.922, 3, 96 %, 69748 MiB
2026/09/24 11:43:01.922, 4, 96 %, 69746 MiB
2026/09/24 11:43:01.923, 5, 96 %, 69746 MiB
2026/09/24 11:43:01.923, 6, 95 %, 69458 MiB
2026/09/24 11:43:01.923, 7, 96 %, 69746 MiB
2026/09/24 11:43:06.924, 0, 89 %, 69960 MiB
2026/09/24 11:43:06.924, 1, 95 %, 69746 MiB
2026/09/24 11:43:06.924, 2, 96 %, 69750 MiB
2026/09/24 11:43:06.924, 3, 95 %, 69748 MiB
2026/09/24 11:43:06.924, 4, 95 %, 69746 MiB
2026/09/24 11:43:06.924, 5, 92 %, 69748 MiB
2026/09/24 11:43:06.924, 6, 93 %, 69460 MiB
2026/09/24 11:43:06.924, 7, 91 %, 69746 MiB
2026/09/24 11:43:11.924, 0, 100 %, 69960 MiB
2026/09/24 11:43:11.925, 1, 100 %, 69746 MiB
2026/09/24 11:43:11.925, 2, 100 %, 69750 MiB
2026/09/24 11:43:11.925, 3, 100 %, 69748 MiB
2026/09/24 11:43:11.925, 4, 100 %, 69746 MiB
2026/09/24 11:43:11.925, 5, 100 %, 69748 MiB
2026/09/24 11:43:11.925, 6, 100 %, 69460 MiB
2026/09/24 11:43:11.925, 7, 100 %, 69746 MiB
2026/09/24 11:43:16.925, 0, 99 %, 69960 MiB
2026/09/24 11:43:16.926, 1, 98 %, 69746 MiB
2026/09/24 11:43:16.926, 2, 99 %, 69750 MiB
2026/09/24 11:43:16.926, 3, 99 %, 69748 MiB
2026/09/24 11:43:16.926, 4, 99 %, 69746 MiB
2026/09/24 11:43:16.926, 5, 99 %, 69748 MiB
2026/09/24 11:43:16.926, 6, 99 %, 69460 MiB
2026/09/24 11:43:16.926, 7, 99 %, 69746 MiB
2026/09/24 11:43:21.926, 0, 99 %, 69960 MiB
2026/09/24 11:43:21.926, 1, 99 %, 69746 MiB
2026/09/24 11:43:21.927, 2, 99 %, 69750 MiB
2026/09/24 11:43:21.927, 3, 99 %, 69748 MiB
2026/09/24 11:43:21.927, 4, 99 %, 69746 MiB
2026/09/24 11:43:21.928, 5, 99 %, 69748 MiB
2026/09/24 11:43:21.928, 6, 99 %, 69460 MiB
2026/09/24 11:43:21.928, 7, 99 %, 69746 MiB
2026/09/24 11:43:26.929, 0, 88 %, 69960 MiB
2026/09/24 11:43:26.929, 1, 89 %, 69746 MiB
2026/09/24 11:43:26.929, 2, 86 %, 69750 MiB
2026/09/24 11:43:26.930, 3, 87 %, 69748 MiB
2026/09/24 11:43:26.930, 4, 88 %, 69746 MiB
2026/09/24 11:43:26.930, 5, 90 %, 69748 MiB
2026/09/24 11:43:26.931, 6, 90 %, 69460 MiB
2026/09/24 11:43:26.931, 7, 90 %, 69746 MiB
2026/09/24 11:43:31.932, 0, 100 %, 69960 MiB
2026/09/24 11:43:31.932, 1, 100 %, 69746 MiB
2026/09/24 11:43:31.932, 2, 100 %, 69750 MiB
2026/09/24 11:43:31.932, 3, 100 %, 69748 MiB
2026/09/24 11:43:31.932, 4, 100 %, 69746 MiB
2026/09/24 11:43:31.932, 5, 100 %, 69748 MiB
2026/09/24 11:43:31.932, 6, 100 %, 69460 MiB
2026/09/24 11:43:31.932, 7, 100 %, 69746 MiB
2026/09/24 11:43:36.932, 0, 76 %, 69960 MiB
2026/09/24 11:43:36.932, 1, 100 %, 69746 MiB
2026/09/24 11:43:36.932, 2, 66 %, 69750 MiB
2026/09/24 11:43:36.933, 3, 100 %, 69748 MiB
2026/09/24 11:43:36.933, 4, 66 %, 69746 MiB
2026/09/24 11:43:36.933, 5, 78 %, 69748 MiB
2026/09/24 11:43:36.933, 6, 77 %, 69460 MiB
2026/09/24 11:43:36.933, 7, 79 %, 69746 MiB
2026/09/24 11:43:41.933, 0, 100 %, 69960 MiB
2026/09/24 11:43:41.933, 1, 100 %, 69746 MiB
2026/09/24 11:43:41.933, 2, 100 %, 69750 MiB
2026/09/24 11:43:41.933, 3, 100 %, 69748 MiB
2026/09/24 11:43:41.933, 4, 100 %, 69746 MiB
2026/09/24 11:43:41.933, 5, 100 %, 69748 MiB
2026/09/24 11:43:41.933, 6, 100 %, 69460 MiB
2026/09/24 11:43:41.933, 7, 100 %, 69746 MiB
2026/09/24 11:43:46.933, 0, 100 %, 69960 MiB
2026/09/24 11:43:46.934, 1, 100 %, 69746 MiB
2026/09/24 11:43:46.934, 2, 100 %, 69750 MiB
2026/09/24 11:43:46.934, 3, 100 %, 69748 MiB
2026/09/24 11:43:46.934, 4, 100 %, 69746 MiB
2026/09/24 11:43:46.935, 5, 100 %, 69748 MiB
2026/09/24 11:43:46.935, 6, 100 %, 69460 MiB
2026/09/24 11:43:46.936, 7, 100 %, 69746 MiB
2026/09/24 11:43:51.936, 0, 100 %, 69960 MiB
2026/09/24 11:43:51.936, 1, 100 %, 69746 MiB
2026/09/24 11:43:51.936, 2, 100 %, 69750 MiB
2026/09/24 11:43:51.936, 3, 100 %, 69748 MiB
2026/09/24 11:43:51.936, 4, 100 %, 69746 MiB
2026/09/24 11:43:51.936, 5, 100 %, 69748 MiB
2026/09/24 11:43:51.936, 6, 100 %, 69460 MiB
2026/09/24 11:43:51.936, 7, 100 %, 69746 MiB
2026/09/24 11:43:56.937, 0, 100 %, 69960 MiB
2026/09/24 11:43:56.937, 1, 100 %, 69746 MiB
2026/09/24 11:43:56.937, 2, 100 %, 69750 MiB
2026/09/24 11:43:56.937, 3, 100 %, 69748 MiB
2026/09/24 11:43:56.937, 4, 100 %, 69746 MiB
2026/09/24 11:43:56.938, 5, 100 %, 69748 MiB
2026/09/24 11:43:56.938, 6, 100 %, 69460 MiB
2026/09/24 11:43:56.938, 7, 100 %, 69746 MiB
2026/09/24 11:44:01.939, 0, 100 %, 69960 MiB
2026/09/24 11:44:01.939, 1, 100 %, 69746 MiB
2026/09/24 11:44:01.939, 2, 86 %, 69750 MiB
2026/09/24 11:44:01.939, 3, 82 %, 69748 MiB
2026/09/24 11:44:01.939, 4, 84 %, 69746 MiB
2026/09/24 11:44:01.939, 5, 74 %, 69748 MiB
2026/09/24 11:44:01.939, 6, 80 %, 69460 MiB
2026/09/24 11:44:01.939, 7, 100 %, 69746 MiB
2026/09/24 11:44:06.939, 0, 87 %, 69960 MiB
2026/09/24 11:44:06.940, 1, 94 %, 69746 MiB
2026/09/24 11:44:06.940, 2, 92 %, 69750 MiB
2026/09/24 11:44:06.940, 3, 93 %, 69748 MiB
2026/09/24 11:44:06.941, 4, 100 %, 69746 MiB
2026/09/24 11:44:06.941, 5, 96 %, 69748 MiB
2026/09/24 11:44:06.941, 6, 95 %, 69460 MiB
2026/09/24 11:44:06.942, 7, 96 %, 69746 MiB
2026/09/24 11:44:11.942, 0, 100 %, 69960 MiB
2026/09/24 11:44:11.943, 1, 100 %, 69746 MiB
2026/09/24 11:44:11.943, 2, 100 %, 69750 MiB
2026/09/24 11:44:11.943, 3, 100 %, 69748 MiB
2026/09/24 11:44:11.943, 4, 100 %, 69746 MiB
2026/09/24 11:44:11.943, 5, 100 %, 69748 MiB
2026/09/24 11:44:11.943, 6, 100 %, 69460 MiB
2026/09/24 11:44:11.943, 7, 100 %, 69746 MiB
2026/09/24 11:44:16.943, 0, 95 %, 69960 MiB
2026/09/24 11:44:16.943, 1, 96 %, 69746 MiB
2026/09/24 11:44:16.943, 2, 97 %, 69750 MiB
2026/09/24 11:44:16.944, 3, 95 %, 69748 MiB
2026/09/24 11:44:16.944, 4, 95 %, 69746 MiB
2026/09/24 11:44:16.944, 5, 95 %, 69748 MiB
2026/09/24 11:44:16.945, 6, 96 %, 69460 MiB
2026/09/24 11:44:16.945, 7, 95 %, 69746 MiB
2026/09/24 11:44:21.946, 0, 80 %, 69960 MiB
2026/09/24 11:44:21.946, 1, 70 %, 69746 MiB
2026/09/24 11:44:21.946, 2, 75 %, 69750 MiB
2026/09/24 11:44:21.946, 3, 95 %, 69748 MiB
2026/09/24 11:44:21.946, 4, 74 %, 69746 MiB
2026/09/24 11:44:21.946, 5, 72 %, 69748 MiB
2026/09/24 11:44:21.946, 6, 70 %, 69460 MiB
2026/09/24 11:44:21.946, 7, 70 %, 69746 MiB
2026/09/24 11:44:26.946, 0, 95 %, 69960 MiB
2026/09/24 11:44:26.946, 1, 96 %, 69746 MiB
2026/09/24 11:44:26.946, 2, 96 %, 69750 MiB
2026/09/24 11:44:26.946, 3, 95 %, 69748 MiB
2026/09/24 11:44:26.947, 4, 95 %, 69746 MiB
2026/09/24 11:44:26.947, 5, 96 %, 69748 MiB
2026/09/24 11:44:26.947, 6, 96 %, 69460 MiB
2026/09/24 11:44:26.947, 7, 96 %, 69746 MiB
2026/09/24 11:44:31.947, 0, 100 %, 69960 MiB
2026/09/24 11:44:31.947, 1, 88 %, 69746 MiB
2026/09/24 11:44:31.947, 2, 99 %, 69750 MiB
2026/09/24 11:44:31.947, 3, 99 %, 69748 MiB
2026/09/24 11:44:31.947, 4, 99 %, 69746 MiB
2026/09/24 11:44:31.947, 5, 93 %, 69748 MiB
2026/09/24 11:44:31.947, 6, 99 %, 69460 MiB
2026/09/24 11:44:31.947, 7, 99 %, 69746 MiB
2026/09/24 11:44:36.947, 0, 96 %, 69960 MiB
2026/09/24 11:44:36.948, 1, 98 %, 69746 MiB
2026/09/24 11:44:36.948, 2, 99 %, 69750 MiB
2026/09/24 11:44:36.949, 3, 98 %, 69748 MiB
2026/09/24 11:44:36.949, 4, 98 %, 69746 MiB
2026/09/24 11:44:36.949, 5, 89 %, 69748 MiB
2026/09/24 11:44:36.950, 6, 98 %, 69460 MiB
2026/09/24 11:44:36.950, 7, 97 %, 69746 MiB
2026/09/24 11:44:41.951, 0, 100 %, 69960 MiB
2026/09/24 11:44:41.951, 1, 98 %, 69746 MiB
2026/09/24 11:44:41.951, 2, 99 %, 69750 MiB
2026/09/24 11:44:41.951, 3, 99 %, 69748 MiB
2026/09/24 11:44:41.951, 4, 99 %, 69746 MiB
2026/09/24 11:44:41.951, 5, 97 %, 69748 MiB
2026/09/24 11:44:41.951, 6, 98 %, 69460 MiB
2026/09/24 11:44:41.951, 7, 98 %, 69746 MiB
2026/09/24 11:44:46.951, 0, 99 %, 69960 MiB
2026/09/24 11:44:46.951, 1, 99 %, 69746 MiB
2026/09/24 11:44:46.951, 2, 99 %, 69750 MiB
2026/09/24 11:44:46.951, 3, 99 %, 69748 MiB
2026/09/24 11:44:46.951, 4, 99 %, 69746 MiB
2026/09/24 11:44:46.951, 5, 99 %, 69748 MiB
2026/09/24 11:44:46.951, 6, 99 %, 69460 MiB
2026/09/24 11:44:46.951, 7, 99 %, 69746 MiB
2026/09/24 11:44:51.952, 0, 100 %, 69960 MiB
2026/09/24 11:44:51.952, 1, 100 %, 69746 MiB
2026/09/24 11:44:51.952, 2, 100 %, 69750 MiB
2026/09/24 11:44:51.952, 3, 100 %, 69748 MiB
2026/09/24 11:44:51.953, 4, 100 %, 69746 MiB
2026/09/24 11:44:51.953, 5, 100 %, 69748 MiB
2026/09/24 11:44:51.953, 6, 100 %, 69460 MiB
2026/09/24 11:44:51.954, 7, 100 %, 69746 MiB
2026/09/24 11:44:56.955, 0, 100 %, 69960 MiB
2026/09/24 11:44:56.955, 1, 100 %, 69746 MiB
2026/09/24 11:44:56.955, 2, 100 %, 69750 MiB
2026/09/24 11:44:56.955, 3, 100 %, 69748 MiB
2026/09/24 11:44:56.955, 4, 100 %, 69746 MiB
2026/09/24 11:44:56.955, 5, 100 %, 69748 MiB
2026/09/24 11:44:56.955, 6, 100 %, 69460 MiB
2026/09/24 11:44:56.955, 7, 100 %, 69746 MiB
2026/09/24 11:45:01.955, 0, 100 %, 69960 MiB
2026/09/24 11:45:01.955, 1, 100 %, 69746 MiB
2026/09/24 11:45:01.955, 2, 100 %, 69750 MiB
2026/09/24 11:45:01.955, 3, 100 %, 69748 MiB
2026/09/24 11:45:01.955, 4, 100 %, 69746 MiB
2026/09/24 11:45:01.955, 5, 100 %, 69748 MiB
2026/09/24 11:45:01.955, 6, 100 %, 69460 MiB
2026/09/24 11:45:01.955, 7, 100 %, 69746 MiB
2026/09/24 11:45:06.956, 0, 96 %, 69960 MiB
2026/09/24 11:45:06.956, 1, 86 %, 69746 MiB
2026/09/24 11:45:06.956, 2, 89 %, 69750 MiB
2026/09/24 11:45:06.956, 3, 89 %, 69748 MiB
2026/09/24 11:45:06.956, 4, 100 %, 69746 MiB
2026/09/24 11:45:06.956, 5, 83 %, 69748 MiB
2026/09/24 11:45:06.956, 6, 88 %, 69460 MiB
2026/09/24 11:45:06.956, 7, 84 %, 69746 MiB
2026/09/24 11:45:11.956, 0, 100 %, 69960 MiB
2026/09/24 11:45:11.956, 1, 100 %, 69746 MiB
2026/09/24 11:45:11.957, 2, 100 %, 69750 MiB
2026/09/24 11:45:11.957, 3, 100 %, 69748 MiB
2026/09/24 11:45:11.958, 4, 100 %, 69746 MiB
2026/09/24 11:45:11.958, 5, 100 %, 69748 MiB
2026/09/24 11:45:11.958, 6, 100 %, 69460 MiB
2026/09/24 11:45:11.958, 7, 100 %, 69746 MiB
2026/09/24 11:45:16.959, 0, 100 %, 69960 MiB
2026/09/24 11:45:16.959, 1, 100 %, 69746 MiB
2026/09/24 11:45:16.960, 2, 100 %, 69750 MiB
2026/09/24 11:45:16.960, 3, 100 %, 69748 MiB
2026/09/24 11:45:16.961, 4, 100 %, 69746 MiB
2026/09/24 11:45:16.961, 5, 100 %, 69748 MiB
2026/09/24 11:45:16.961, 6, 100 %, 69460 MiB
2026/09/24 11:45:16.962, 7, 100 %, 69746 MiB
2026/09/24 11:45:21.962, 0, 100 %, 69960 MiB
2026/09/24 11:45:21.962, 1, 100 %, 69746 MiB
2026/09/24 11:45:21.962, 2, 100 %, 69750 MiB
2026/09/24 11:45:21.962, 3, 100 %, 69748 MiB
2026/09/24 11:45:21.962, 4, 100 %, 69746 MiB
2026/09/24 11:45:21.962, 5, 100 %, 69748 MiB
2026/09/24 11:45:21.962, 6, 100 %, 69460 MiB
2026/09/24 11:45:21.962, 7, 100 %, 69746 MiB
2026/09/24 11:45:26.963, 0, 93 %, 69960 MiB
2026/09/24 11:45:26.963, 1, 72 %, 69746 MiB
2026/09/24 11:45:26.963, 2, 63 %, 69750 MiB
2026/09/24 11:45:26.963, 3, 66 %, 69748 MiB
2026/09/24 11:45:26.963, 4, 62 %, 69746 MiB
2026/09/24 11:45:26.963, 5, 84 %, 69748 MiB
2026/09/24 11:45:26.963, 6, 68 %, 69460 MiB
2026/09/24 11:45:26.963, 7, 77 %, 69746 MiB
2026/09/24 11:45:31.963, 0, 97 %, 69960 MiB
2026/09/24 11:45:31.963, 1, 97 %, 69746 MiB
2026/09/24 11:45:31.963, 2, 97 %, 69750 MiB
2026/09/24 11:45:31.963, 3, 97 %, 69748 MiB
2026/09/24 11:45:31.963, 4, 97 %, 69746 MiB
2026/09/24 11:45:31.963, 5, 97 %, 69748 MiB
2026/09/24 11:45:31.963, 6, 96 %, 69460 MiB
2026/09/24 11:45:31.963, 7, 97 %, 69746 MiB
2026/09/24 11:45:36.964, 0, 89 %, 69960 MiB
2026/09/24 11:45:36.964, 1, 87 %, 69746 MiB
2026/09/24 11:45:36.965, 2, 88 %, 69750 MiB
2026/09/24 11:45:36.965, 3, 90 %, 69748 MiB
2026/09/24 11:45:36.966, 4, 89 %, 69746 MiB
2026/09/24 11:45:36.966, 5, 86 %, 69748 MiB
2026/09/24 11:45:36.966, 6, 94 %, 69460 MiB
2026/09/24 11:45:36.967, 7, 96 %, 69746 MiB
2026/09/24 11:45:41.971, 0, 100 %, 69960 MiB
2026/09/24 11:45:41.971, 1, 100 %, 69746 MiB
2026/09/24 11:45:41.971, 2, 100 %, 69750 MiB
2026/09/24 11:45:41.971, 3, 100 %, 69748 MiB
2026/09/24 11:45:41.971, 4, 100 %, 69746 MiB
2026/09/24 11:45:41.971, 5, 100 %, 69748 MiB
2026/09/24 11:45:41.971, 6, 100 %, 69460 MiB
2026/09/24 11:45:41.971, 7, 100 %, 69746 MiB
2026/09/24 11:45:46.972, 0, 91 %, 69960 MiB
2026/09/24 11:45:46.972, 1, 97 %, 69746 MiB
2026/09/24 11:45:46.972, 2, 95 %, 69750 MiB
2026/09/24 11:45:46.972, 3, 95 %, 69748 MiB
2026/09/24 11:45:46.972, 4, 94 %, 69746 MiB
2026/09/24 11:45:46.972, 5, 88 %, 69748 MiB
2026/09/24 11:45:46.972, 6, 95 %, 69460 MiB
2026/09/24 11:45:46.972, 7, 98 %, 69746 MiB
2026/09/24 11:45:51.972, 0, 87 %, 69960 MiB
2026/09/24 11:45:51.973, 1, 100 %, 69746 MiB
2026/09/24 11:45:51.973, 2, 100 %, 69750 MiB
2026/09/24 11:45:51.973, 3, 100 %, 69748 MiB
2026/09/24 11:45:51.973, 4, 100 %, 69746 MiB
2026/09/24 11:45:51.973, 5, 100 %, 69748 MiB
2026/09/24 11:45:51.973, 6, 100 %, 69460 MiB
2026/09/24 11:45:51.973, 7, 100 %, 69746 MiB
2026/09/24 11:45:56.974, 0, 100 %, 69960 MiB
2026/09/24 11:45:56.974, 1, 100 %, 69746 MiB
2026/09/24 11:45:56.974, 2, 100 %, 69750 MiB
2026/09/24 11:45:56.974, 3, 100 %, 69748 MiB
2026/09/24 11:45:56.974, 4, 100 %, 69746 MiB
2026/09/24 11:45:56.974, 5, 100 %, 69748 MiB
2026/09/24 11:45:56.974, 6, 100 %, 69460 MiB
2026/09/24 11:45:56.974, 7, 100 %, 69746 MiB
2026/09/24 11:46:01.974, 0, 91 %, 69960 MiB
2026/09/24 11:46:01.975, 1, 97 %, 69746 MiB
2026/09/24 11:46:01.976, 2, 96 %, 69750 MiB
2026/09/24 11:46:01.976, 3, 96 %, 69748 MiB
2026/09/24 11:46:01.976, 4, 95 %, 69746 MiB
2026/09/24 11:46:01.978, 5, 100 %, 69748 MiB
2026/09/24 11:46:01.979, 6, 96 %, 69460 MiB
2026/09/24 11:46:01.979, 7, 100 %, 69746 MiB
2026/09/24 11:46:06.980, 0, 100 %, 69960 MiB
2026/09/24 11:46:06.980, 1, 100 %, 69746 MiB
2026/09/24 11:46:06.980, 2, 100 %, 69750 MiB
2026/09/24 11:46:06.981, 3, 100 %, 69748 MiB
2026/09/24 11:46:06.981, 4, 100 %, 69746 MiB
2026/09/24 11:46:06.981, 5, 100 %, 69748 MiB
2026/09/24 11:46:06.981, 6, 100 %, 69460 MiB
2026/09/24 11:46:06.981, 7, 100 %, 69746 MiB
2026/09/24 11:46:11.981, 0, 67 %, 69960 MiB
2026/09/24 11:46:11.981, 1, 86 %, 69746 MiB
2026/09/24 11:46:11.981, 2, 90 %, 69750 MiB
2026/09/24 11:46:11.981, 3, 94 %, 69748 MiB
2026/09/24 11:46:11.981, 4, 63 %, 69746 MiB
2026/09/24 11:46:11.981, 5, 75 %, 69748 MiB
2026/09/24 11:46:11.981, 6, 91 %, 69460 MiB
2026/09/24 11:46:11.981, 7, 81 %, 69746 MiB
2026/09/24 11:46:16.982, 0, 100 %, 69960 MiB
2026/09/24 11:46:16.982, 1, 100 %, 69746 MiB
2026/09/24 11:46:16.982, 2, 100 %, 69750 MiB
2026/09/24 11:46:16.982, 3, 100 %, 69748 MiB
2026/09/24 11:46:16.983, 4, 99 %, 69746 MiB
2026/09/24 11:46:16.983, 5, 100 %, 69748 MiB
2026/09/24 11:46:16.983, 6, 100 %, 69460 MiB
2026/09/24 11:46:16.984, 7, 100 %, 69746 MiB
2026/09/24 11:46:21.984, 0, 100 %, 69960 MiB
2026/09/24 11:46:21.984, 1, 100 %, 69746 MiB
2026/09/24 11:46:21.984, 2, 100 %, 69750 MiB
2026/09/24 11:46:21.984, 3, 100 %, 69748 MiB
2026/09/24 11:46:21.984, 4, 100 %, 69746 MiB
2026/09/24 11:46:21.984, 5, 100 %, 69748 MiB
2026/09/24 11:46:21.984, 6, 100 %, 69460 MiB
2026/09/24 11:46:21.984, 7, 100 %, 69746 MiB
2026/09/24 11:46:26.985, 0, 100 %, 69960 MiB
2026/09/24 11:46:26.985, 1, 100 %, 69746 MiB
2026/09/24 11:46:26.985, 2, 100 %, 69750 MiB
2026/09/24 11:46:26.985, 3, 100 %, 69748 MiB
2026/09/24 11:46:26.985, 4, 100 %, 69746 MiB
2026/09/24 11:46:26.985, 5, 100 %, 69748 MiB
2026/09/24 11:46:26.985, 6, 100 %, 69460 MiB
2026/09/24 11:46:26.985, 7, 100 %, 69746 MiB
2026/09/24 11:46:31.985, 0, 100 %, 69960 MiB
2026/09/24 11:46:31.986, 1, 100 %, 69746 MiB
2026/09/24 11:46:31.986, 2, 100 %, 69750 MiB
2026/09/24 11:46:31.986, 3, 100 %, 69748 MiB
2026/09/24 11:46:31.986, 4, 100 %, 69746 MiB
2026/09/24 11:46:31.988, 5, 100 %, 69748 MiB
2026/09/24 11:46:31.991, 6, 100 %, 69460 MiB
2026/09/24 11:46:31.991, 7, 100 %, 69746 MiB
2026/09/24 11:46:36.991, 0, 100 %, 69960 MiB
2026/09/24 11:46:36.991, 1, 100 %, 69746 MiB
2026/09/24 11:46:36.991, 2, 100 %, 69750 MiB
2026/09/24 11:46:36.991, 3, 100 %, 69748 MiB
2026/09/24 11:46:36.991, 4, 100 %, 69746 MiB
2026/09/24 11:46:36.991, 5, 100 %, 69748 MiB
2026/09/24 11:46:36.991, 6, 100 %, 69460 MiB
2026/09/24 11:46:36.991, 7, 100 %, 69746 MiB
2026/09/24 11:46:41.992, 0, 78 %, 69960 MiB
2026/09/24 11:46:41.992, 1, 100 %, 69746 MiB
2026/09/24 11:46:41.992, 2, 97 %, 69750 MiB
2026/09/24 11:46:41.992, 3, 95 %, 69748 MiB
2026/09/24 11:46:41.992, 4, 94 %, 69746 MiB
2026/09/24 11:46:41.992, 5, 67 %, 69748 MiB
2026/09/24 11:46:41.992, 6, 95 %, 69460 MiB
2026/09/24 11:46:41.992, 7, 62 %, 69746 MiB
2026/09/24 11:46:46.992, 0, 99 %, 69960 MiB
2026/09/24 11:46:46.992, 1, 97 %, 69746 MiB
2026/09/24 11:46:46.992, 2, 99 %, 69750 MiB
2026/09/24 11:46:46.992, 3, 99 %, 69748 MiB
2026/09/24 11:46:46.992, 4, 99 %, 69746 MiB
2026/09/24 11:46:46.992, 5, 99 %, 69748 MiB
2026/09/24 11:46:46.992, 6, 99 %, 69460 MiB
2026/09/24 11:46:46.992, 7, 97 %, 69746 MiB
2026/09/24 11:46:51.993, 0, 100 %, 69960 MiB
2026/09/24 11:46:51.993, 1, 100 %, 69746 MiB
2026/09/24 11:46:51.993, 2, 100 %, 69750 MiB
2026/09/24 11:46:51.993, 3, 100 %, 69748 MiB
2026/09/24 11:46:51.993, 4, 100 %, 69746 MiB
2026/09/24 11:46:51.993, 5, 100 %, 69748 MiB
2026/09/24 11:46:51.993, 6, 100 %, 69460 MiB
2026/09/24 11:46:51.993, 7, 100 %, 69746 MiB
2026/09/24 11:46:56.993, 0, 83 %, 69960 MiB
2026/09/24 11:46:56.993, 1, 83 %, 69746 MiB
2026/09/24 11:46:56.994, 2, 82 %, 69750 MiB
2026/09/24 11:46:56.994, 3, 83 %, 69748 MiB
2026/09/24 11:46:56.995, 4, 90 %, 69746 MiB
2026/09/24 11:46:56.995, 5, 78 %, 69748 MiB
2026/09/24 11:46:56.995, 6, 90 %, 69460 MiB
2026/09/24 11:46:56.995, 7, 81 %, 69746 MiB
2026/09/24 11:47:01.996, 0, 89 %, 69960 MiB
2026/09/24 11:47:01.996, 1, 72 %, 69746 MiB
2026/09/24 11:47:02.001, 2, 72 %, 69750 MiB
2026/09/24 11:47:02.002, 3, 72 %, 69748 MiB
2026/09/24 11:47:02.002, 4, 100 %, 69746 MiB
2026/09/24 11:47:02.002, 5, 80 %, 69748 MiB
2026/09/24 11:47:02.002, 6, 73 %, 69460 MiB
2026/09/24 11:47:02.002, 7, 77 %, 69746 MiB
2026/09/24 11:47:07.003, 0, 100 %, 69960 MiB
2026/09/24 11:47:07.003, 1, 100 %, 69746 MiB
2026/09/24 11:47:07.003, 2, 100 %, 69750 MiB
2026/09/24 11:47:07.003, 3, 100 %, 69748 MiB
2026/09/24 11:47:07.004, 4, 100 %, 69746 MiB
2026/09/24 11:47:07.004, 5, 100 %, 69748 MiB
2026/09/24 11:47:07.004, 6, 100 %, 69460 MiB
2026/09/24 11:47:07.005, 7, 100 %, 69746 MiB
2026/09/24 11:47:12.005, 0, 86 %, 69960 MiB
2026/09/24 11:47:12.006, 1, 64 %, 69746 MiB
2026/09/24 11:47:12.006, 2, 69 %, 69750 MiB
2026/09/24 11:47:12.006, 3, 68 %, 69748 MiB
2026/09/24 11:47:12.006, 4, 71 %, 69746 MiB
2026/09/24 11:47:12.006, 5, 65 %, 69748 MiB
2026/09/24 11:47:12.006, 6, 100 %, 69460 MiB
2026/09/24 11:47:12.006, 7, 63 %, 69746 MiB
2026/09/24 11:47:17.006, 0, 91 %, 69960 MiB
2026/09/24 11:47:17.006, 1, 100 %, 69746 MiB
2026/09/24 11:47:17.006, 2, 100 %, 69750 MiB
2026/09/24 11:47:17.007, 3, 100 %, 69748 MiB
2026/09/24 11:47:17.007, 4, 100 %, 69746 MiB
2026/09/24 11:47:17.008, 5, 100 %, 69748 MiB
2026/09/24 11:47:17.008, 6, 100 %, 69460 MiB
2026/09/24 11:47:17.008, 7, 100 %, 69746 MiB
2026/09/24 11:47:22.009, 0, 100 %, 69960 MiB
2026/09/24 11:47:22.009, 1, 100 %, 69746 MiB
2026/09/24 11:47:22.009, 2, 100 %, 69750 MiB
2026/09/24 11:47:22.009, 3, 100 %, 69748 MiB
2026/09/24 11:47:22.009, 4, 100 %, 69746 MiB
2026/09/24 11:47:22.009, 5, 100 %, 69748 MiB
2026/09/24 11:47:22.009, 6, 100 %, 69460 MiB
2026/09/24 11:47:22.009, 7, 100 %, 69746 MiB
2026/09/24 11:47:27.009, 0, 96 %, 69960 MiB
2026/09/24 11:47:27.010, 1, 80 %, 69746 MiB
2026/09/24 11:47:27.010, 2, 77 %, 69750 MiB
2026/09/24 11:47:27.010, 3, 79 %, 69748 MiB
2026/09/24 11:47:27.010, 4, 77 %, 69746 MiB
2026/09/24 11:47:27.010, 5, 83 %, 69748 MiB
2026/09/24 11:47:27.010, 6, 78 %, 69460 MiB
2026/09/24 11:47:27.010, 7, 86 %, 69746 MiB
2026/09/24 11:47:32.010, 0, 100 %, 69960 MiB
2026/09/24 11:47:32.010, 1, 100 %, 69746 MiB
2026/09/24 11:47:32.011, 2, 100 %, 69750 MiB
2026/09/24 11:47:32.011, 3, 100 %, 69748 MiB
2026/09/24 11:47:32.011, 4, 100 %, 69746 MiB
2026/09/24 11:47:32.012, 5, 100 %, 69748 MiB
2026/09/24 11:47:32.012, 6, 100 %, 69460 MiB
2026/09/24 11:47:32.012, 7, 100 %, 69746 MiB
2026/09/24 11:47:37.013, 0, 100 %, 69960 MiB
2026/09/24 11:47:37.013, 1, 100 %, 69746 MiB
2026/09/24 11:47:37.013, 2, 100 %, 69750 MiB
2026/09/24 11:47:37.013, 3, 100 %, 69748 MiB
2026/09/24 11:47:37.013, 4, 100 %, 69746 MiB
2026/09/24 11:47:37.013, 5, 100 %, 69748 MiB
2026/09/24 11:47:37.013, 6, 100 %, 69460 MiB
2026/09/24 11:47:37.013, 7, 100 %, 69746 MiB
2026/09/24 11:47:42.013, 0, 100 %, 69960 MiB
2026/09/24 11:47:42.015, 1, 100 %, 69746 MiB
2026/09/24 11:47:42.015, 2, 100 %, 69750 MiB
2026/09/24 11:47:42.015, 3, 100 %, 69748 MiB
2026/09/24 11:47:42.020, 4, 100 %, 69746 MiB
2026/09/24 11:47:42.020, 5, 100 %, 69748 MiB
2026/09/24 11:47:42.020, 6, 100 %, 69460 MiB
2026/09/24 11:47:42.020, 7, 100 %, 69746 MiB
2026/09/24 11:47:47.020, 0, 88 %, 69960 MiB
2026/09/24 11:47:47.020, 1, 66 %, 69746 MiB
2026/09/24 11:47:47.020, 2, 98 %, 69750 MiB
2026/09/24 11:47:47.020, 3, 66 %, 69748 MiB
2026/09/24 11:47:47.020, 4, 98 %, 69746 MiB
2026/09/24 11:47:47.020, 5, 77 %, 69748 MiB
2026/09/24 11:47:47.020, 6, 97 %, 69460 MiB
2026/09/24 11:47:47.020, 7, 73 %, 69746 MiB
2026/09/24 11:47:52.021, 0, 100 %, 69960 MiB
2026/09/24 11:47:52.021, 1, 90 %, 69746 MiB
2026/09/24 11:47:52.021, 2, 92 %, 69750 MiB
2026/09/24 11:47:52.021, 3, 93 %, 69748 MiB
2026/09/24 11:47:52.021, 4, 93 %, 69746 MiB
2026/09/24 11:47:52.021, 5, 86 %, 69748 MiB
2026/09/24 11:47:52.021, 6, 93 %, 69460 MiB
2026/09/24 11:47:52.021, 7, 87 %, 69746 MiB
2026/09/24 11:47:57.021, 0, 100 %, 69960 MiB
2026/09/24 11:47:57.021, 1, 100 %, 69746 MiB
2026/09/24 11:47:57.021, 2, 100 %, 69750 MiB
2026/09/24 11:47:57.021, 3, 100 %, 69748 MiB
2026/09/24 11:47:57.021, 4, 100 %, 69746 MiB
2026/09/24 11:47:57.021, 5, 100 %, 69748 MiB
2026/09/24 11:47:57.021, 6, 100 %, 69460 MiB
2026/09/24 11:47:57.021, 7, 100 %, 69746 MiB
2026/09/24 11:48:02.022, 0, 89 %, 69960 MiB
2026/09/24 11:48:02.022, 1, 83 %, 69746 MiB
2026/09/24 11:48:02.022, 2, 95 %, 69750 MiB
2026/09/24 11:48:02.022, 3, 82 %, 69748 MiB
2026/09/24 11:48:02.022, 4, 96 %, 69746 MiB
2026/09/24 11:48:02.022, 5, 83 %, 69748 MiB
2026/09/24 11:48:02.022, 6, 83 %, 69460 MiB
2026/09/24 11:48:02.022, 7, 83 %, 69746 MiB
2026/09/24 11:48:07.022, 0, 100 %, 69960 MiB
2026/09/24 11:48:07.022, 1, 100 %, 69746 MiB
2026/09/24 11:48:07.022, 2, 100 %, 69750 MiB
2026/09/24 11:48:07.022, 3, 100 %, 69748 MiB
2026/09/24 11:48:07.022, 4, 100 %, 69746 MiB
2026/09/24 11:48:07.022, 5, 100 %, 69748 MiB
2026/09/24 11:48:07.023, 6, 100 %, 69460 MiB
2026/09/24 11:48:07.023, 7, 100 %, 69746 MiB
2026/09/24 11:48:12.023, 0, 100 %, 69960 MiB
2026/09/24 11:48:12.023, 1, 97 %, 69746 MiB
2026/09/24 11:48:12.023, 2, 100 %, 69750 MiB
2026/09/24 11:48:12.023, 3, 100 %, 69748 MiB
2026/09/24 11:48:12.023, 4, 100 %, 69746 MiB
2026/09/24 11:48:12.023, 5, 100 %, 69748 MiB
2026/09/24 11:48:12.023, 6, 100 %, 69460 MiB
2026/09/24 11:48:12.023, 7, 100 %, 69746 MiB
2026/09/24 11:48:17.023, 0, 100 %, 69960 MiB
2026/09/24 11:48:17.024, 1, 100 %, 69746 MiB
2026/09/24 11:48:17.032, 2, 100 %, 69750 MiB
2026/09/24 11:48:17.036, 3, 100 %, 69748 MiB
2026/09/24 11:48:17.038, 4, 100 %, 69746 MiB
2026/09/24 11:48:17.039, 5, 100 %, 69748 MiB
2026/09/24 11:48:17.039, 6, 100 %, 69460 MiB
2026/09/24 11:48:17.039, 7, 100 %, 69746 MiB
2026/09/24 11:48:22.040, 0, 100 %, 69960 MiB
2026/09/24 11:48:22.040, 1, 100 %, 69746 MiB
2026/09/24 11:48:22.040, 2, 100 %, 69750 MiB
2026/09/24 11:48:22.040, 3, 100 %, 69748 MiB
2026/09/24 11:48:22.040, 4, 100 %, 69746 MiB
2026/09/24 11:48:22.040, 5, 100 %, 69748 MiB
2026/09/24 11:48:22.040, 6, 100 %, 69460 MiB
2026/09/24 11:48:22.040, 7, 100 %, 69746 MiB
2026/09/24 11:48:27.040, 0, 74 %, 69960 MiB
2026/09/24 11:48:27.041, 1, 65 %, 69746 MiB
2026/09/24 11:48:27.041, 2, 100 %, 69750 MiB
2026/09/24 11:48:27.041, 3, 67 %, 69748 MiB
2026/09/24 11:48:27.041, 4, 69 %, 69746 MiB
2026/09/24 11:48:27.041, 5, 79 %, 69748 MiB
2026/09/24 11:48:27.041, 6, 66 %, 69460 MiB
2026/09/24 11:48:27.041, 7, 72 %, 69746 MiB
2026/09/24 11:48:32.041, 0, 100 %, 69960 MiB
2026/09/24 11:48:32.041, 1, 86 %, 69746 MiB
2026/09/24 11:48:32.042, 2, 82 %, 69750 MiB
2026/09/24 11:48:32.042, 3, 85 %, 69748 MiB
2026/09/24 11:48:32.042, 4, 84 %, 69746 MiB
2026/09/24 11:48:32.043, 5, 93 %, 69748 MiB
2026/09/24 11:48:32.043, 6, 84 %, 69460 MiB
2026/09/24 11:48:32.043, 7, 90 %, 69746 MiB
2026/09/24 11:48:37.043, 0, 100 %, 69960 MiB
2026/09/24 11:48:37.043, 1, 100 %, 69746 MiB
2026/09/24 11:48:37.043, 2, 100 %, 69750 MiB
2026/09/24 11:48:37.043, 3, 100 %, 69748 MiB
2026/09/24 11:48:37.043, 4, 100 %, 69746 MiB
2026/09/24 11:48:37.043, 5, 100 %, 69748 MiB
2026/09/24 11:48:37.043, 6, 100 %, 69460 MiB
2026/09/24 11:48:37.043, 7, 100 %, 69746 MiB
2026/09/24 11:48:42.044, 0, 100 %, 69960 MiB
2026/09/24 11:48:42.044, 1, 100 %, 69746 MiB
2026/09/24 11:48:42.044, 2, 100 %, 69750 MiB
2026/09/24 11:48:42.044, 3, 100 %, 69748 MiB
2026/09/24 11:48:42.044, 4, 100 %, 69746 MiB
2026/09/24 11:48:42.044, 5, 100 %, 69748 MiB
2026/09/24 11:48:42.044, 6, 100 %, 69460 MiB
2026/09/24 11:48:42.044, 7, 100 %, 69746 MiB
2026/09/24 11:48:47.044, 0, 100 %, 69960 MiB
2026/09/24 11:48:47.044, 1, 100 %, 69746 MiB
2026/09/24 11:48:47.045, 2, 100 %, 69750 MiB
2026/09/24 11:48:47.045, 3, 100 %, 69748 MiB
2026/09/24 11:48:47.045, 4, 100 %, 69746 MiB
2026/09/24 11:48:47.046, 5, 100 %, 69748 MiB
2026/09/24 11:48:47.046, 6, 100 %, 69460 MiB
2026/09/24 11:48:47.046, 7, 99 %, 69746 MiB
2026/09/24 11:48:52.047, 0, 100 %, 69960 MiB
2026/09/24 11:48:52.047, 1, 100 %, 69746 MiB
2026/09/24 11:48:52.047, 2, 100 %, 69750 MiB
2026/09/24 11:48:52.047, 3, 100 %, 69748 MiB
2026/09/24 11:48:52.047, 4, 100 %, 69746 MiB
2026/09/24 11:48:52.047, 5, 100 %, 69748 MiB
2026/09/24 11:48:52.047, 6, 100 %, 69460 MiB
2026/09/24 11:48:52.047, 7, 100 %, 69746 MiB
2026/09/24 11:48:57.047, 0, 100 %, 69960 MiB
2026/09/24 11:48:57.081, 1, 100 %, 69746 MiB
2026/09/24 11:48:57.081, 2, 100 %, 69750 MiB
2026/09/24 11:48:57.081, 3, 100 %, 69748 MiB
2026/09/24 11:48:57.083, 4, 100 %, 69746 MiB
2026/09/24 11:48:57.083, 5, 100 %, 69748 MiB
2026/09/24 11:48:57.084, 6, 100 %, 69460 MiB
2026/09/24 11:48:57.085, 7, 100 %, 69746 MiB
2026/09/24 11:49:02.089, 0, 100 %, 69960 MiB
2026/09/24 11:49:02.090, 1, 100 %, 69746 MiB
2026/09/24 11:49:02.091, 2, 100 %, 69750 MiB
2026/09/24 11:49:02.091, 3, 100 %, 69748 MiB
2026/09/24 11:49:02.093, 4, 100 %, 69746 MiB
2026/09/24 11:49:02.093, 5, 100 %, 69748 MiB
2026/09/24 11:49:02.093, 6, 98 %, 69460 MiB
2026/09/24 11:49:02.094, 7, 100 %, 69746 MiB
2026/09/24 11:49:07.094, 0, 100 %, 69960 MiB
2026/09/24 11:49:07.095, 1, 100 %, 69746 MiB
2026/09/24 11:49:07.095, 2, 100 %, 69750 MiB
2026/09/24 11:49:07.095, 3, 100 %, 69748 MiB
2026/09/24 11:49:07.095, 4, 100 %, 69746 MiB
2026/09/24 11:49:07.095, 5, 100 %, 69748 MiB
2026/09/24 11:49:07.095, 6, 100 %, 69460 MiB
2026/09/24 11:49:07.095, 7, 100 %, 69746 MiB
2026/09/24 11:49:12.095, 0, 100 %, 69960 MiB
2026/09/24 11:49:12.095, 1, 100 %, 69746 MiB
2026/09/24 11:49:12.095, 2, 100 %, 69750 MiB
2026/09/24 11:49:12.095, 3, 100 %, 69748 MiB
2026/09/24 11:49:12.095, 4, 100 %, 69746 MiB
2026/09/24 11:49:12.095, 5, 100 %, 69748 MiB
2026/09/24 11:49:12.095, 6, 100 %, 69460 MiB
2026/09/24 11:49:12.095, 7, 100 %, 69746 MiB
2026/09/24 11:49:17.095, 0, 100 %, 69960 MiB
2026/09/24 11:49:17.096, 1, 100 %, 69746 MiB
2026/09/24 11:49:17.096, 2, 100 %, 69750 MiB
2026/09/24 11:49:17.097, 3, 100 %, 69748 MiB
2026/09/24 11:49:17.097, 4, 100 %, 69746 MiB
2026/09/24 11:49:17.097, 5, 100 %, 69748 MiB
2026/09/24 11:49:17.098, 6, 100 %, 69460 MiB
2026/09/24 11:49:17.098, 7, 100 %, 69746 MiB
2026/09/24 11:49:22.099, 0, 100 %, 69960 MiB
2026/09/24 11:49:22.099, 1, 100 %, 69746 MiB
2026/09/24 11:49:22.099, 2, 100 %, 69750 MiB
2026/09/24 11:49:22.099, 3, 100 %, 69748 MiB
2026/09/24 11:49:22.100, 4, 100 %, 69746 MiB
2026/09/24 11:49:22.101, 5, 100 %, 69748 MiB
2026/09/24 11:49:22.101, 6, 100 %, 69460 MiB
2026/09/24 11:49:22.101, 7, 100 %, 69746 MiB
2026/09/24 11:49:27.102, 0, 100 %, 69960 MiB
2026/09/24 11:49:27.102, 1, 100 %, 69746 MiB
2026/09/24 11:49:27.102, 2, 100 %, 69750 MiB
2026/09/24 11:49:27.102, 3, 100 %, 69748 MiB
2026/09/24 11:49:27.102, 4, 100 %, 69746 MiB
2026/09/24 11:49:27.102, 5, 100 %, 69748 MiB
2026/09/24 11:49:27.102, 6, 100 %, 69460 MiB
2026/09/24 11:49:27.102, 7, 100 %, 69746 MiB
2026/09/24 11:49:32.103, 0, 100 %, 69960 MiB
2026/09/24 11:49:32.112, 1, 100 %, 69746 MiB
2026/09/24 11:49:32.112, 2, 100 %, 69750 MiB
2026/09/24 11:49:32.113, 3, 100 %, 69748 MiB
2026/09/24 11:49:32.113, 4, 100 %, 69746 MiB
2026/09/24 11:49:32.114, 5, 100 %, 69748 MiB
2026/09/24 11:49:32.114, 6, 100 %, 69460 MiB
2026/09/24 11:49:32.114, 7, 100 %, 69746 MiB
2026/09/24 11:49:37.115, 0, 97 %, 69960 MiB
2026/09/24 11:49:37.115, 1, 100 %, 69746 MiB
2026/09/24 11:49:37.115, 2, 100 %, 69750 MiB
2026/09/24 11:49:37.115, 3, 74 %, 69748 MiB
2026/09/24 11:49:37.115, 4, 100 %, 69746 MiB
2026/09/24 11:49:37.115, 5, 86 %, 69748 MiB
2026/09/24 11:49:37.115, 6, 72 %, 69460 MiB
2026/09/24 11:49:37.115, 7, 83 %, 69746 MiB
2026/09/24 11:49:42.115, 0, 100 %, 69960 MiB
2026/09/24 11:49:42.115, 1, 84 %, 69746 MiB
2026/09/24 11:49:42.116, 2, 100 %, 69750 MiB
2026/09/24 11:49:42.116, 3, 88 %, 69748 MiB
2026/09/24 11:49:42.116, 4, 100 %, 69746 MiB
2026/09/24 11:49:42.116, 5, 100 %, 69748 MiB
2026/09/24 11:49:42.116, 6, 100 %, 69460 MiB
2026/09/24 11:49:42.116, 7, 97 %, 69746 MiB
2026/09/24 11:49:47.116, 0, 100 %, 69960 MiB
2026/09/24 11:49:47.116, 1, 100 %, 69746 MiB
2026/09/24 11:49:47.116, 2, 100 %, 69750 MiB
2026/09/24 11:49:47.116, 3, 100 %, 69748 MiB
2026/09/24 11:49:47.116, 4, 100 %, 69746 MiB
2026/09/24 11:49:47.116, 5, 100 %, 69748 MiB
2026/09/24 11:49:47.116, 6, 100 %, 69460 MiB
2026/09/24 11:49:47.116, 7, 100 %, 69746 MiB
2026/09/24 11:49:52.117, 0, 100 %, 69960 MiB
2026/09/24 11:49:52.117, 1, 100 %, 69746 MiB
2026/09/24 11:49:52.117, 2, 100 %, 69750 MiB
2026/09/24 11:49:52.117, 3, 100 %, 69748 MiB
2026/09/24 11:49:52.118, 4, 100 %, 69746 MiB
2026/09/24 11:49:52.118, 5, 100 %, 69748 MiB
2026/09/24 11:49:52.119, 6, 100 %, 69460 MiB
2026/09/24 11:49:52.119, 7, 100 %, 69746 MiB
2026/09/24 11:49:57.119, 0, 100 %, 69960 MiB
2026/09/24 11:49:57.120, 1, 91 %, 69746 MiB
2026/09/24 11:49:57.120, 2, 95 %, 69750 MiB
2026/09/24 11:49:57.120, 3, 92 %, 69748 MiB
2026/09/24 11:49:57.121, 4, 94 %, 69746 MiB
2026/09/24 11:49:57.121, 5, 86 %, 69748 MiB
2026/09/24 11:49:57.121, 6, 93 %, 69460 MiB
2026/09/24 11:49:57.122, 7, 100 %, 69746 MiB
2026/09/24 11:50:02.122, 0, 64 %, 69960 MiB
2026/09/24 11:50:02.124, 1, 87 %, 69746 MiB
2026/09/24 11:50:02.124, 2, 94 %, 69750 MiB
2026/09/24 11:50:02.124, 3, 88 %, 69748 MiB
2026/09/24 11:50:02.124, 4, 93 %, 69746 MiB
2026/09/24 11:50:02.124, 5, 100 %, 69748 MiB
2026/09/24 11:50:02.124, 6, 91 %, 69460 MiB
2026/09/24 11:50:02.124, 7, 100 %, 69746 MiB
2026/09/24 11:50:07.124, 0, 100 %, 69960 MiB
2026/09/24 11:50:07.124, 1, 100 %, 69746 MiB
2026/09/24 11:50:07.125, 2, 100 %, 69750 MiB
2026/09/24 11:50:07.125, 3, 100 %, 69748 MiB
2026/09/24 11:50:07.125, 4, 100 %, 69746 MiB
2026/09/24 11:50:07.125, 5, 100 %, 69748 MiB
2026/09/24 11:50:07.125, 6, 100 %, 69460 MiB
2026/09/24 11:50:07.125, 7, 100 %, 69746 MiB
2026/09/24 11:50:12.126, 0, 90 %, 69960 MiB
2026/09/24 11:50:12.126, 1, 73 %, 69746 MiB
2026/09/24 11:50:12.126, 2, 68 %, 69750 MiB
2026/09/24 11:50:12.126, 3, 96 %, 69748 MiB
2026/09/24 11:50:12.126, 4, 69 %, 69746 MiB
2026/09/24 11:50:12.126, 5, 85 %, 69748 MiB
2026/09/24 11:50:12.126, 6, 96 %, 69460 MiB
2026/09/24 11:50:12.126, 7, 86 %, 69746 MiB
2026/09/24 11:50:17.126, 0, 92 %, 69960 MiB
2026/09/24 11:50:17.127, 1, 85 %, 69746 MiB
2026/09/24 11:50:17.127, 2, 88 %, 69750 MiB
2026/09/24 11:50:17.127, 3, 100 %, 69748 MiB
2026/09/24 11:50:17.128, 4, 88 %, 69746 MiB
2026/09/24 11:50:17.128, 5, 100 %, 69748 MiB
2026/09/24 11:50:17.128, 6, 100 %, 69460 MiB
2026/09/24 11:50:17.128, 7, 100 %, 69746 MiB
2026/09/24 11:50:22.129, 0, 100 %, 69960 MiB
2026/09/24 11:50:22.129, 1, 100 %, 69746 MiB
2026/09/24 11:50:22.129, 2, 100 %, 69750 MiB
2026/09/24 11:50:22.129, 3, 100 %, 69748 MiB
2026/09/24 11:50:22.129, 4, 100 %, 69746 MiB
2026/09/24 11:50:22.129, 5, 100 %, 69748 MiB
2026/09/24 11:50:22.129, 6, 100 %, 69460 MiB
2026/09/24 11:50:22.129, 7, 100 %, 69746 MiB
2026/09/24 11:50:27.129, 0, 96 %, 69960 MiB
2026/09/24 11:50:27.129, 1, 85 %, 69746 MiB
2026/09/24 11:50:27.130, 2, 91 %, 69750 MiB
2026/09/24 11:50:27.130, 3, 86 %, 69748 MiB
2026/09/24 11:50:27.130, 4, 90 %, 69746 MiB
2026/09/24 11:50:27.131, 5, 91 %, 69748 MiB
2026/09/24 11:50:27.131, 6, 83 %, 69460 MiB
2026/09/24 11:50:27.131, 7, 75 %, 69746 MiB
2026/09/24 11:50:32.132, 0, 100 %, 69960 MiB
2026/09/24 11:50:32.132, 1, 100 %, 69746 MiB
2026/09/24 11:50:32.132, 2, 100 %, 69750 MiB
2026/09/24 11:50:32.132, 3, 100 %, 69748 MiB
2026/09/24 11:50:32.132, 4, 100 %, 69746 MiB
2026/09/24 11:50:32.132, 5, 100 %, 69748 MiB
2026/09/24 11:50:32.132, 6, 100 %, 69460 MiB
2026/09/24 11:50:32.132, 7, 100 %, 69746 MiB
2026/09/24 11:50:37.132, 0, 91 %, 69960 MiB
2026/09/24 11:50:37.132, 1, 67 %, 69746 MiB
2026/09/24 11:50:37.132, 2, 75 %, 69750 MiB
2026/09/24 11:50:37.132, 3, 72 %, 69748 MiB
2026/09/24 11:50:37.132, 4, 75 %, 69746 MiB
2026/09/24 11:50:37.132, 5, 71 %, 69748 MiB
2026/09/24 11:50:37.132, 6, 73 %, 69460 MiB
2026/09/24 11:50:37.132, 7, 100 %, 69746 MiB
2026/09/24 11:50:42.133, 0, 100 %, 69960 MiB
2026/09/24 11:50:42.133, 1, 100 %, 69746 MiB
2026/09/24 11:50:42.133, 2, 100 %, 69750 MiB
2026/09/24 11:50:42.133, 3, 100 %, 69748 MiB
2026/09/24 11:50:42.133, 4, 100 %, 69746 MiB
2026/09/24 11:50:42.133, 5, 100 %, 69748 MiB
2026/09/24 11:50:42.133, 6, 100 %, 69460 MiB
2026/09/24 11:50:42.133, 7, 100 %, 69746 MiB
2026/09/24 11:50:47.133, 0, 100 %, 69960 MiB
2026/09/24 11:50:47.133, 1, 100 %, 69746 MiB
2026/09/24 11:50:47.133, 2, 100 %, 69750 MiB
2026/09/24 11:50:47.134, 3, 100 %, 69748 MiB
2026/09/24 11:50:47.134, 4, 100 %, 69746 MiB
2026/09/24 11:50:47.135, 5, 100 %, 69748 MiB
2026/09/24 11:50:47.135, 6, 100 %, 69460 MiB
2026/09/24 11:50:47.135, 7, 100 %, 69746 MiB
2026/09/24 11:50:52.136, 0, 78 %, 69960 MiB
2026/09/24 11:50:52.136, 1, 31 %, 69746 MiB
2026/09/24 11:50:52.137, 2, 91 %, 69750 MiB
2026/09/24 11:50:52.137, 3, 87 %, 69748 MiB
2026/09/24 11:50:52.137, 4, 43 %, 69746 MiB
2026/09/24 11:50:52.138, 5, 84 %, 69748 MiB
2026/09/24 11:50:52.138, 6, 89 %, 69460 MiB
2026/09/24 11:50:52.138, 7, 84 %, 69746 MiB
2026/09/24 11:50:57.139, 0, 100 %, 69960 MiB
2026/09/24 11:50:57.140, 1, 100 %, 69746 MiB
2026/09/24 11:50:57.141, 2, 100 %, 69750 MiB
2026/09/24 11:50:57.143, 3, 100 %, 69748 MiB
2026/09/24 11:50:57.145, 4, 100 %, 69746 MiB
2026/09/24 11:50:57.145, 5, 100 %, 69748 MiB
2026/09/24 11:50:57.145, 6, 100 %, 69460 MiB
2026/09/24 11:50:57.146, 7, 100 %, 69746 MiB
2026/09/24 11:51:02.146, 0, 100 %, 69960 MiB
2026/09/24 11:51:02.146, 1, 100 %, 69746 MiB
2026/09/24 11:51:02.146, 2, 100 %, 69750 MiB
2026/09/24 11:51:02.146, 3, 100 %, 69748 MiB
2026/09/24 11:51:02.146, 4, 100 %, 69746 MiB
2026/09/24 11:51:02.146, 5, 100 %, 69748 MiB
2026/09/24 11:51:02.146, 6, 100 %, 69460 MiB
2026/09/24 11:51:02.146, 7, 100 %, 69746 MiB
2026/09/24 11:51:07.146, 0, 100 %, 69960 MiB
2026/09/24 11:51:07.147, 1, 100 %, 69746 MiB
2026/09/24 11:51:07.147, 2, 100 %, 69750 MiB
2026/09/24 11:51:07.147, 3, 100 %, 69748 MiB
2026/09/24 11:51:07.147, 4, 100 %, 69746 MiB
2026/09/24 11:51:07.147, 5, 100 %, 69748 MiB
2026/09/24 11:51:07.147, 6, 100 %, 69460 MiB
2026/09/24 11:51:07.147, 7, 100 %, 69746 MiB
2026/09/24 11:51:12.147, 0, 99 %, 69960 MiB
2026/09/24 11:51:12.147, 1, 100 %, 69746 MiB
2026/09/24 11:51:12.148, 2, 99 %, 69750 MiB
2026/09/24 11:51:12.148, 3, 100 %, 69748 MiB
2026/09/24 11:51:12.148, 4, 100 %, 69746 MiB
2026/09/24 11:51:12.148, 5, 99 %, 69748 MiB
2026/09/24 11:51:12.148, 6, 99 %, 69460 MiB
2026/09/24 11:51:12.148, 7, 100 %, 69746 MiB
2026/09/24 11:51:17.149, 0, 13 %, 69960 MiB
2026/09/24 11:51:17.149, 1, 0 %, 69746 MiB
2026/09/24 11:51:17.149, 2, 0 %, 69750 MiB
2026/09/24 11:51:17.149, 3, 0 %, 69748 MiB
2026/09/24 11:51:17.149, 4, 0 %, 69746 MiB
2026/09/24 11:51:17.149, 5, 0 %, 69748 MiB
2026/09/24 11:51:17.149, 6, 0 %, 69460 MiB
2026/09/24 11:51:17.149, 7, 0 %, 69746 MiB
2026/09/24 11:51:22.149, 0, 100 %, 69960 MiB
2026/09/24 11:51:22.149, 1, 100 %, 69746 MiB
2026/09/24 11:51:22.149, 2, 100 %, 69750 MiB
2026/09/24 11:51:22.149, 3, 100 %, 69748 MiB
2026/09/24 11:51:22.149, 4, 100 %, 69746 MiB
2026/09/24 11:51:22.149, 5, 100 %, 69748 MiB
2026/09/24 11:51:22.149, 6, 100 %, 69460 MiB
2026/09/24 11:51:22.150, 7, 100 %, 69746 MiB
2026/09/24 11:51:27.150, 0, 98 %, 69960 MiB
2026/09/24 11:51:27.150, 1, 99 %, 69746 MiB
2026/09/24 11:51:27.150, 2, 97 %, 69750 MiB
2026/09/24 11:51:27.151, 3, 98 %, 69748 MiB
2026/09/24 11:51:27.151, 4, 99 %, 69746 MiB
2026/09/24 11:51:27.151, 5, 97 %, 69748 MiB
2026/09/24 11:51:27.151, 6, 98 %, 69460 MiB
2026/09/24 11:51:27.152, 7, 98 %, 69746 MiB
2026/09/24 11:51:32.152, 0, 100 %, 69960 MiB
2026/09/24 11:51:32.152, 1, 100 %, 69746 MiB
2026/09/24 11:51:32.153, 2, 100 %, 69750 MiB
2026/09/24 11:51:32.153, 3, 100 %, 69748 MiB
2026/09/24 11:51:32.153, 4, 100 %, 69746 MiB
2026/09/24 11:51:32.153, 5, 100 %, 69748 MiB
2026/09/24 11:51:32.153, 6, 100 %, 69460 MiB
2026/09/24 11:51:32.153, 7, 100 %, 69746 MiB
2026/09/24 11:51:37.153, 0, 100 %, 69960 MiB
2026/09/24 11:51:37.153, 1, 100 %, 69746 MiB
2026/09/24 11:51:37.153, 2, 100 %, 69750 MiB
2026/09/24 11:51:37.153, 3, 100 %, 69748 MiB
2026/09/24 11:51:37.153, 4, 100 %, 69746 MiB
2026/09/24 11:51:37.153, 5, 100 %, 69748 MiB
2026/09/24 11:51:37.153, 6, 100 %, 69460 MiB
2026/09/24 11:51:37.153, 7, 100 %, 69746 MiB
2026/09/24 11:51:42.153, 0, 98 %, 69960 MiB
2026/09/24 11:51:42.154, 1, 98 %, 69746 MiB
2026/09/24 11:51:42.154, 2, 98 %, 69750 MiB
2026/09/24 11:51:42.154, 3, 98 %, 69748 MiB
2026/09/24 11:51:42.155, 4, 97 %, 69746 MiB
2026/09/24 11:51:42.155, 5, 99 %, 69748 MiB
2026/09/24 11:51:42.155, 6, 98 %, 69460 MiB
2026/09/24 11:51:42.156, 7, 98 %, 69746 MiB
2026/09/24 11:51:47.156, 0, 100 %, 69960 MiB
2026/09/24 11:51:47.396, 1, 100 %, 69746 MiB
2026/09/24 11:51:47.398, 2, 100 %, 69750 MiB
2026/09/24 11:51:47.401, 3, 100 %, 69748 MiB
2026/09/24 11:51:47.402, 4, 100 %, 69746 MiB
2026/09/24 11:51:47.404, 5, 100 %, 69748 MiB
2026/09/24 11:51:47.405, 6, 100 %, 69460 MiB
2026/09/24 11:51:47.406, 7, 100 %, 69746 MiB
2026/09/24 11:51:52.406, 0, 85 %, 69960 MiB
2026/09/24 11:51:52.406, 1, 99 %, 69746 MiB
2026/09/24 11:51:52.407, 2, 100 %, 69750 MiB
2026/09/24 11:51:52.408, 3, 65 %, 69748 MiB
2026/09/24 11:51:52.408, 4, 68 %, 69746 MiB
2026/09/24 11:51:52.408, 5, 81 %, 69748 MiB
2026/09/24 11:51:52.408, 6, 100 %, 69460 MiB
2026/09/24 11:51:52.408, 7, 78 %, 69746 MiB
2026/09/24 11:51:57.408, 0, 100 %, 69960 MiB
2026/09/24 11:51:57.408, 1, 100 %, 69746 MiB
2026/09/24 11:51:57.408, 2, 100 %, 69750 MiB
2026/09/24 11:51:57.408, 3, 100 %, 69748 MiB
2026/09/24 11:51:57.408, 4, 100 %, 69746 MiB
2026/09/24 11:51:57.408, 5, 100 %, 69748 MiB
2026/09/24 11:51:57.408, 6, 100 %, 69460 MiB
2026/09/24 11:51:57.408, 7, 100 %, 69746 MiB
2026/09/24 11:52:02.409, 0, 100 %, 69960 MiB
2026/09/24 11:52:02.409, 1, 100 %, 69746 MiB
2026/09/24 11:52:02.409, 2, 100 %, 69750 MiB
2026/09/24 11:52:02.409, 3, 100 %, 69748 MiB
2026/09/24 11:52:02.410, 4, 100 %, 69746 MiB
2026/09/24 11:52:02.410, 5, 100 %, 69748 MiB
2026/09/24 11:52:02.410, 6, 100 %, 69460 MiB
2026/09/24 11:52:02.411, 7, 100 %, 69746 MiB
2026/09/24 11:52:07.412, 0, 100 %, 69960 MiB
2026/09/24 11:52:07.412, 1, 100 %, 69746 MiB
2026/09/24 11:52:07.412, 2, 100 %, 69750 MiB
2026/09/24 11:52:07.412, 3, 100 %, 69748 MiB
2026/09/24 11:52:07.412, 4, 100 %, 69746 MiB
2026/09/24 11:52:07.412, 5, 100 %, 69748 MiB
2026/09/24 11:52:07.412, 6, 100 %, 69460 MiB
2026/09/24 11:52:07.412, 7, 100 %, 69746 MiB
2026/09/24 11:52:12.412, 0, 100 %, 69960 MiB
2026/09/24 11:52:12.413, 1, 99 %, 69746 MiB
2026/09/24 11:52:12.413, 2, 100 %, 69750 MiB
2026/09/24 11:52:12.414, 3, 100 %, 69748 MiB
2026/09/24 11:52:12.414, 4, 100 %, 69746 MiB
2026/09/24 11:52:12.414, 5, 100 %, 69748 MiB
2026/09/24 11:52:12.414, 6, 99 %, 69460 MiB
2026/09/24 11:52:12.414, 7, 100 %, 69746 MiB
2026/09/24 11:52:17.414, 0, 100 %, 69960 MiB
2026/09/24 11:52:17.414, 1, 100 %, 69746 MiB
2026/09/24 11:52:17.414, 2, 100 %, 69750 MiB
2026/09/24 11:52:17.414, 3, 100 %, 69748 MiB
2026/09/24 11:52:17.414, 4, 100 %, 69746 MiB
2026/09/24 11:52:17.414, 5, 100 %, 69748 MiB
2026/09/24 11:52:17.414, 6, 100 %, 69460 MiB
2026/09/24 11:52:17.414, 7, 100 %, 69746 MiB
2026/09/24 11:52:22.414, 0, 100 %, 69960 MiB
2026/09/24 11:52:22.415, 1, 100 %, 69746 MiB
2026/09/24 11:52:22.416, 2, 100 %, 69750 MiB
2026/09/24 11:52:22.416, 3, 100 %, 69748 MiB
2026/09/24 11:52:22.417, 4, 100 %, 69746 MiB
2026/09/24 11:52:22.417, 5, 100 %, 69748 MiB
2026/09/24 11:52:22.418, 6, 100 %, 69460 MiB
2026/09/24 11:52:22.418, 7, 100 %, 69746 MiB
2026/09/24 11:52:27.419, 0, 100 %, 69960 MiB
2026/09/24 11:52:27.419, 1, 100 %, 69746 MiB
2026/09/24 11:52:27.419, 2, 100 %, 69750 MiB
2026/09/24 11:52:27.419, 3, 100 %, 69748 MiB
2026/09/24 11:52:27.419, 4, 100 %, 69746 MiB
2026/09/24 11:52:27.419, 5, 100 %, 69748 MiB
2026/09/24 11:52:27.419, 6, 100 %, 69460 MiB
2026/09/24 11:52:27.419, 7, 100 %, 69746 MiB
2026/09/24 11:52:32.420, 0, 100 %, 69960 MiB
2026/09/24 11:52:32.420, 1, 100 %, 69746 MiB
2026/09/24 11:52:32.420, 2, 100 %, 69750 MiB
2026/09/24 11:52:32.420, 3, 100 %, 69748 MiB
2026/09/24 11:52:32.420, 4, 100 %, 69746 MiB
2026/09/24 11:52:32.420, 5, 100 %, 69748 MiB
2026/09/24 11:52:32.420, 6, 100 %, 69460 MiB
2026/09/24 11:52:32.420, 7, 100 %, 69746 MiB
2026/09/24 11:52:37.420, 0, 100 %, 69960 MiB
2026/09/24 11:52:37.420, 1, 100 %, 69746 MiB
2026/09/24 11:52:37.420, 2, 100 %, 69750 MiB
2026/09/24 11:52:37.420, 3, 100 %, 69748 MiB
2026/09/24 11:52:37.420, 4, 100 %, 69746 MiB
2026/09/24 11:52:37.420, 5, 100 %, 69748 MiB
2026/09/24 11:52:37.420, 6, 100 %, 69460 MiB
2026/09/24 11:52:37.420, 7, 100 %, 69746 MiB
2026/09/24 11:52:42.421, 0, 100 %, 69960 MiB
2026/09/24 11:52:42.421, 1, 100 %, 69746 MiB
2026/09/24 11:52:42.421, 2, 100 %, 69750 MiB
2026/09/24 11:52:42.421, 3, 100 %, 69748 MiB
2026/09/24 11:52:42.421, 4, 100 %, 69746 MiB
2026/09/24 11:52:42.421, 5, 100 %, 69748 MiB
2026/09/24 11:52:42.421, 6, 100 %, 69460 MiB
2026/09/24 11:52:42.421, 7, 100 %, 69746 MiB
2026/09/24 11:52:47.421, 0, 99 %, 69960 MiB
2026/09/24 11:52:47.422, 1, 98 %, 69746 MiB
2026/09/24 11:52:47.422, 2, 99 %, 69750 MiB
2026/09/24 11:52:47.422, 3, 98 %, 69748 MiB
2026/09/24 11:52:47.423, 4, 98 %, 69746 MiB
2026/09/24 11:52:47.423, 5, 99 %, 69748 MiB
2026/09/24 11:52:47.423, 6, 99 %, 69460 MiB
2026/09/24 11:52:47.423, 7, 98 %, 69746 MiB
2026/09/24 11:52:52.424, 0, 100 %, 69960 MiB
2026/09/24 11:52:52.424, 1, 100 %, 69746 MiB
2026/09/24 11:52:52.425, 2, 100 %, 69750 MiB
2026/09/24 11:52:52.425, 3, 100 %, 69748 MiB
2026/09/24 11:52:52.425, 4, 100 %, 69746 MiB
2026/09/24 11:52:52.426, 5, 100 %, 69748 MiB
2026/09/24 11:52:52.426, 6, 100 %, 69460 MiB
2026/09/24 11:52:52.426, 7, 100 %, 69746 MiB
2026/09/24 11:52:57.427, 0, 68 %, 69960 MiB
2026/09/24 11:52:57.427, 1, 31 %, 69746 MiB
2026/09/24 11:52:57.427, 2, 22 %, 69750 MiB
2026/09/24 11:52:57.427, 3, 35 %, 69748 MiB
2026/09/24 11:52:57.427, 4, 27 %, 69746 MiB
2026/09/24 11:52:57.427, 5, 61 %, 69748 MiB
2026/09/24 11:52:57.427, 6, 31 %, 69460 MiB
2026/09/24 11:52:57.427, 7, 57 %, 69746 MiB
2026/09/24 11:53:02.427, 0, 100 %, 69960 MiB
2026/09/24 11:53:02.428, 1, 100 %, 69746 MiB
2026/09/24 11:53:02.429, 2, 100 %, 69750 MiB
2026/09/24 11:53:02.429, 3, 100 %, 69748 MiB
2026/09/24 11:53:02.429, 4, 100 %, 69746 MiB
2026/09/24 11:53:02.429, 5, 100 %, 69748 MiB
2026/09/24 11:53:02.429, 6, 100 %, 69460 MiB
2026/09/24 11:53:02.429, 7, 100 %, 69746 MiB
2026/09/24 11:53:07.429, 0, 98 %, 69960 MiB
2026/09/24 11:53:07.429, 1, 99 %, 69746 MiB
2026/09/24 11:53:07.429, 2, 99 %, 69750 MiB
2026/09/24 11:53:07.429, 3, 99 %, 69748 MiB
2026/09/24 11:53:07.429, 4, 98 %, 69746 MiB
2026/09/24 11:53:07.429, 5, 99 %, 69748 MiB
2026/09/24 11:53:07.429, 6, 98 %, 69460 MiB
2026/09/24 11:53:07.429, 7, 98 %, 69746 MiB
2026/09/24 11:53:12.430, 0, 99 %, 69960 MiB
2026/09/24 11:53:12.437, 1, 100 %, 69746 MiB
2026/09/24 11:53:12.438, 2, 100 %, 69750 MiB
2026/09/24 11:53:12.438, 3, 100 %, 69748 MiB
2026/09/24 11:53:12.439, 4, 99 %, 69746 MiB
2026/09/24 11:53:12.444, 5, 100 %, 69748 MiB
2026/09/24 11:53:12.447, 6, 100 %, 69460 MiB
2026/09/24 11:53:12.448, 7, 100 %, 69746 MiB
2026/09/24 11:53:17.449, 0, 0 %, 69960 MiB
2026/09/24 11:53:17.449, 1, 0 %, 69746 MiB
2026/09/24 11:53:17.449, 2, 0 %, 69750 MiB
2026/09/24 11:53:17.449, 3, 0 %, 69748 MiB
2026/09/24 11:53:17.449, 4, 0 %, 69746 MiB
2026/09/24 11:53:17.449, 5, 0 %, 69748 MiB
2026/09/24 11:53:17.449, 6, 0 %, 69460 MiB
2026/09/24 11:53:17.449, 7, 0 %, 69746 MiB
2026/09/24 11:53:22.449, 0, 99 %, 69960 MiB
2026/09/24 11:53:22.451, 1, 100 %, 69746 MiB
2026/09/24 11:53:22.451, 2, 100 %, 69750 MiB
2026/09/24 11:53:22.451, 3, 100 %, 69748 MiB
2026/09/24 11:53:22.451, 4, 99 %, 69746 MiB
2026/09/24 11:53:22.451, 5, 99 %, 69748 MiB
2026/09/24 11:53:22.451, 6, 99 %, 69460 MiB
2026/09/24 11:53:22.451, 7, 99 %, 69746 MiB
2026/09/24 11:53:27.451, 0, 99 %, 69960 MiB
2026/09/24 11:53:27.451, 1, 98 %, 69746 MiB
2026/09/24 11:53:27.451, 2, 98 %, 69750 MiB
2026/09/24 11:53:27.451, 3, 99 %, 69748 MiB
2026/09/24 11:53:27.451, 4, 99 %, 69746 MiB
2026/09/24 11:53:27.451, 5, 99 %, 69748 MiB
2026/09/24 11:53:27.451, 6, 97 %, 69460 MiB
2026/09/24 11:53:27.451, 7, 99 %, 69746 MiB
2026/09/24 11:53:32.452, 0, 0 %, 69960 MiB
2026/09/24 11:53:32.452, 1, 0 %, 69746 MiB
2026/09/24 11:53:32.452, 2, 0 %, 69750 MiB
2026/09/24 11:53:32.452, 3, 0 %, 69748 MiB
2026/09/24 11:53:32.452, 4, 0 %, 69746 MiB
2026/09/24 11:53:32.452, 5, 0 %, 69748 MiB
2026/09/24 11:53:32.452, 6, 0 %, 69460 MiB
2026/09/24 11:53:32.452, 7, 0 %, 69746 MiB
2026/09/24 11:53:37.453, 0, 44 %, 69960 MiB
2026/09/24 11:53:37.453, 1, 5 %, 69746 MiB
2026/09/24 11:53:37.453, 2, 0 %, 69750 MiB
2026/09/24 11:53:37.453, 3, 99 %, 69748 MiB
2026/09/24 11:53:37.453, 4, 0 %, 69746 MiB
2026/09/24 11:53:37.453, 5, 34 %, 69748 MiB
2026/09/24 11:53:37.453, 6, 4 %, 69460 MiB
2026/09/24 11:53:37.453, 7, 33 %, 69746 MiB
2026/09/24 11:53:42.453, 0, 99 %, 69960 MiB
2026/09/24 11:53:42.454, 1, 98 %, 69746 MiB
2026/09/24 11:53:42.454, 2, 98 %, 69750 MiB
2026/09/24 11:53:42.456, 3, 98 %, 69748 MiB
2026/09/24 11:53:42.457, 4, 99 %, 69746 MiB
2026/09/24 11:53:42.457, 5, 99 %, 69748 MiB
2026/09/24 11:53:42.459, 6, 99 %, 69460 MiB
2026/09/24 11:53:42.459, 7, 99 %, 69746 MiB
2026/09/24 11:53:47.460, 0, 97 %, 69960 MiB
2026/09/24 11:53:47.460, 1, 99 %, 69746 MiB
2026/09/24 11:53:47.460, 2, 98 %, 69750 MiB
2026/09/24 11:53:47.460, 3, 98 %, 69748 MiB
2026/09/24 11:53:47.460, 4, 99 %, 69746 MiB
2026/09/24 11:53:47.460, 5, 98 %, 69748 MiB
2026/09/24 11:53:47.460, 6, 99 %, 69460 MiB
2026/09/24 11:53:47.460, 7, 99 %, 69746 MiB
2026/09/24 11:53:52.461, 0, 96 %, 69960 MiB
2026/09/24 11:53:52.461, 1, 72 %, 69746 MiB
2026/09/24 11:53:52.461, 2, 65 %, 69750 MiB
2026/09/24 11:53:52.461, 3, 99 %, 69748 MiB
2026/09/24 11:53:52.461, 4, 98 %, 69746 MiB
2026/09/24 11:53:52.461, 5, 98 %, 69748 MiB
2026/09/24 11:53:52.461, 6, 99 %, 69460 MiB
2026/09/24 11:53:52.461, 7, 99 %, 69746 MiB
2026/09/24 11:53:57.461, 0, 100 %, 69960 MiB
2026/09/24 11:53:57.461, 1, 100 %, 69746 MiB
2026/09/24 11:53:57.462, 2, 100 %, 69750 MiB
2026/09/24 11:53:57.462, 3, 100 %, 69748 MiB
2026/09/24 11:53:57.462, 4, 100 %, 69746 MiB
2026/09/24 11:53:57.463, 5, 99 %, 69748 MiB
2026/09/24 11:53:57.463, 6, 100 %, 69460 MiB
2026/09/24 11:53:57.463, 7, 100 %, 69746 MiB
2026/09/24 11:54:02.464, 0, 92 %, 69960 MiB
2026/09/24 11:54:02.465, 1, 95 %, 69746 MiB
2026/09/24 11:54:02.465, 2, 96 %, 69750 MiB
2026/09/24 11:54:02.466, 3, 95 %, 69748 MiB
2026/09/24 11:54:02.466, 4, 96 %, 69746 MiB
2026/09/24 11:54:02.468, 5, 93 %, 69748 MiB
2026/09/24 11:54:02.468, 6, 95 %, 69460 MiB
2026/09/24 11:54:02.469, 7, 93 %, 69746 MiB
2026/09/24 11:54:07.471, 0, 99 %, 69960 MiB
2026/09/24 11:54:07.471, 1, 98 %, 69746 MiB
2026/09/24 11:54:07.471, 2, 98 %, 69750 MiB
2026/09/24 11:54:07.471, 3, 99 %, 69748 MiB
2026/09/24 11:54:07.471, 4, 99 %, 69746 MiB
2026/09/24 11:54:07.471, 5, 98 %, 69748 MiB
2026/09/24 11:54:07.471, 6, 99 %, 69460 MiB
2026/09/24 11:54:07.471, 7, 98 %, 69746 MiB
2026/09/24 11:54:12.471, 0, 100 %, 69960 MiB
2026/09/24 11:54:12.471, 1, 100 %, 69746 MiB
2026/09/24 11:54:12.471, 2, 100 %, 69750 MiB
2026/09/24 11:54:12.472, 3, 100 %, 69748 MiB
2026/09/24 11:54:12.472, 4, 100 %, 69746 MiB
2026/09/24 11:54:12.472, 5, 100 %, 69748 MiB
2026/09/24 11:54:12.472, 6, 100 %, 69460 MiB
2026/09/24 11:54:12.472, 7, 100 %, 69746 MiB
2026/09/24 11:54:17.472, 0, 100 %, 69960 MiB
2026/09/24 11:54:17.472, 1, 100 %, 69746 MiB
2026/09/24 11:54:17.472, 2, 100 %, 69750 MiB
2026/09/24 11:54:17.472, 3, 100 %, 69748 MiB
2026/09/24 11:54:17.472, 4, 100 %, 69746 MiB
2026/09/24 11:54:17.472, 5, 100 %, 69748 MiB
2026/09/24 11:54:17.472, 6, 100 %, 69460 MiB
2026/09/24 11:54:17.472, 7, 100 %, 69746 MiB
2026/09/24 11:54:22.472, 0, 100 %, 69960 MiB
2026/09/24 11:54:22.473, 1, 100 %, 69746 MiB
2026/09/24 11:54:22.477, 2, 100 %, 69750 MiB
2026/09/24 11:54:22.477, 3, 100 %, 69748 MiB
2026/09/24 11:54:22.480, 4, 100 %, 69746 MiB
2026/09/24 11:54:22.481, 5, 100 %, 69748 MiB
2026/09/24 11:54:22.483, 6, 100 %, 69460 MiB
2026/09/24 11:54:22.483, 7, 100 %, 69746 MiB
2026/09/24 11:54:27.484, 0, 87 %, 69960 MiB
2026/09/24 11:54:27.484, 1, 63 %, 69746 MiB
2026/09/24 11:54:27.484, 2, 100 %, 69750 MiB
2026/09/24 11:54:27.484, 3, 60 %, 69748 MiB
2026/09/24 11:54:27.484, 4, 66 %, 69746 MiB
2026/09/24 11:54:27.484, 5, 68 %, 69748 MiB
2026/09/24 11:54:27.484, 6, 65 %, 69460 MiB
2026/09/24 11:54:27.484, 7, 94 %, 69746 MiB
2026/09/24 11:54:32.484, 0, 100 %, 69960 MiB
2026/09/24 11:54:32.485, 1, 100 %, 69746 MiB
2026/09/24 11:54:32.485, 2, 100 %, 69750 MiB
2026/09/24 11:54:32.485, 3, 100 %, 69748 MiB
2026/09/24 11:54:32.487, 4, 100 %, 69746 MiB
2026/09/24 11:54:32.488, 5, 100 %, 69748 MiB
2026/09/24 11:54:32.488, 6, 100 %, 69460 MiB
2026/09/24 11:54:32.488, 7, 100 %, 69746 MiB
2026/09/24 11:54:37.489, 0, 100 %, 69960 MiB
2026/09/24 11:54:37.489, 1, 100 %, 69746 MiB
2026/09/24 11:54:37.489, 2, 100 %, 69750 MiB
2026/09/24 11:54:37.489, 3, 100 %, 69748 MiB
2026/09/24 11:54:37.489, 4, 100 %, 69746 MiB
2026/09/24 11:54:37.489, 5, 100 %, 69748 MiB
2026/09/24 11:54:37.489, 6, 100 %, 69460 MiB
2026/09/24 11:54:37.489, 7, 100 %, 69746 MiB
2026/09/24 11:54:42.489, 0, 93 %, 69960 MiB
2026/09/24 11:54:42.489, 1, 91 %, 69746 MiB
2026/09/24 11:54:42.489, 2, 92 %, 69750 MiB
2026/09/24 11:54:42.489, 3, 92 %, 69748 MiB
2026/09/24 11:54:42.489, 4, 92 %, 69746 MiB
2026/09/24 11:54:42.489, 5, 94 %, 69748 MiB
2026/09/24 11:54:42.489, 6, 92 %, 69460 MiB
2026/09/24 11:54:42.489, 7, 93 %, 69746 MiB
2026/09/24 11:54:47.490, 0, 100 %, 69960 MiB
2026/09/24 11:54:47.490, 1, 100 %, 69746 MiB
2026/09/24 11:54:47.490, 2, 100 %, 69750 MiB
2026/09/24 11:54:47.490, 3, 100 %, 69748 MiB
2026/09/24 11:54:47.490, 4, 100 %, 69746 MiB
2026/09/24 11:54:47.490, 5, 100 %, 69748 MiB
2026/09/24 11:54:47.490, 6, 100 %, 69460 MiB
2026/09/24 11:54:47.490, 7, 100 %, 69746 MiB
2026/09/24 11:54:52.490, 0, 100 %, 69960 MiB
2026/09/24 11:54:52.490, 1, 100 %, 69746 MiB
2026/09/24 11:54:52.490, 2, 100 %, 69750 MiB
2026/09/24 11:54:52.490, 3, 100 %, 69748 MiB
2026/09/24 11:54:52.490, 4, 100 %, 69746 MiB
2026/09/24 11:54:52.490, 5, 100 %, 69748 MiB
2026/09/24 11:54:52.490, 6, 100 %, 69460 MiB
2026/09/24 11:54:52.490, 7, 100 %, 69746 MiB
2026/09/24 11:54:57.491, 0, 100 %, 69960 MiB
2026/09/24 11:54:57.491, 1, 99 %, 69746 MiB
2026/09/24 11:54:57.491, 2, 100 %, 69750 MiB
2026/09/24 11:54:57.491, 3, 100 %, 69748 MiB
2026/09/24 11:54:57.491, 4, 100 %, 69746 MiB
2026/09/24 11:54:57.491, 5, 100 %, 69748 MiB
2026/09/24 11:54:57.491, 6, 100 %, 69460 MiB
2026/09/24 11:54:57.491, 7, 100 %, 69746 MiB
2026/09/24 11:55:02.491, 0, 100 %, 69960 MiB
2026/09/24 11:55:02.497, 1, 100 %, 69746 MiB
2026/09/24 11:55:02.497, 2, 100 %, 69750 MiB
2026/09/24 11:55:02.497, 3, 100 %, 69748 MiB
2026/09/24 11:55:02.497, 4, 100 %, 69746 MiB
2026/09/24 11:55:02.497, 5, 100 %, 69748 MiB
2026/09/24 11:55:02.499, 6, 100 %, 69460 MiB
2026/09/24 11:55:02.501, 7, 100 %, 69746 MiB
2026/09/24 11:55:07.501, 0, 98 %, 69960 MiB
2026/09/24 11:55:07.502, 1, 98 %, 69746 MiB
2026/09/24 11:55:07.502, 2, 99 %, 69750 MiB
2026/09/24 11:55:07.502, 3, 98 %, 69748 MiB
2026/09/24 11:55:07.502, 4, 99 %, 69746 MiB
2026/09/24 11:55:07.502, 5, 99 %, 69748 MiB
2026/09/24 11:55:07.502, 6, 98 %, 69460 MiB
2026/09/24 11:55:07.502, 7, 98 %, 69746 MiB
2026/09/24 11:55:12.503, 0, 100 %, 69960 MiB
2026/09/24 11:55:12.503, 1, 100 %, 69746 MiB
2026/09/24 11:55:12.503, 2, 100 %, 69750 MiB
2026/09/24 11:55:12.503, 3, 100 %, 69748 MiB
2026/09/24 11:55:12.503, 4, 100 %, 69746 MiB
2026/09/24 11:55:12.503, 5, 100 %, 69748 MiB
2026/09/24 11:55:12.503, 6, 100 %, 69460 MiB
2026/09/24 11:55:12.503, 7, 100 %, 69746 MiB
2026/09/24 11:55:17.503, 0, 100 %, 69960 MiB
2026/09/24 11:55:17.503, 1, 100 %, 69746 MiB
2026/09/24 11:55:17.504, 2, 100 %, 69750 MiB
2026/09/24 11:55:17.504, 3, 100 %, 69748 MiB
2026/09/24 11:55:17.504, 4, 100 %, 69746 MiB
2026/09/24 11:55:17.504, 5, 100 %, 69748 MiB
2026/09/24 11:55:17.504, 6, 100 %, 69460 MiB
2026/09/24 11:55:17.504, 7, 100 %, 69746 MiB
2026/09/24 11:55:22.505, 0, 100 %, 69960 MiB
2026/09/24 11:55:22.507, 1, 100 %, 69746 MiB
2026/09/24 11:55:22.507, 2, 100 %, 69750 MiB
2026/09/24 11:55:22.509, 3, 100 %, 69748 MiB
2026/09/24 11:55:22.514, 4, 100 %, 69746 MiB
2026/09/24 11:55:22.518, 5, 100 %, 69748 MiB
2026/09/24 11:55:22.518, 6, 94 %, 69460 MiB
2026/09/24 11:55:22.519, 7, 100 %, 69746 MiB
2026/09/24 11:55:27.519, 0, 100 %, 69960 MiB
2026/09/24 11:55:27.519, 1, 100 %, 69746 MiB
2026/09/24 11:55:27.519, 2, 100 %, 69750 MiB
2026/09/24 11:55:27.519, 3, 100 %, 69748 MiB
2026/09/24 11:55:27.519, 4, 100 %, 69746 MiB
2026/09/24 11:55:27.519, 5, 100 %, 69748 MiB
2026/09/24 11:55:27.519, 6, 100 %, 69460 MiB
2026/09/24 11:55:27.519, 7, 100 %, 69746 MiB
2026/09/24 11:55:32.520, 0, 100 %, 69960 MiB
2026/09/24 11:55:32.520, 1, 100 %, 69746 MiB
2026/09/24 11:55:32.521, 2, 100 %, 69750 MiB
2026/09/24 11:55:32.521, 3, 100 %, 69748 MiB
2026/09/24 11:55:32.521, 4, 100 %, 69746 MiB
2026/09/24 11:55:32.522, 5, 100 %, 69748 MiB
2026/09/24 11:55:32.522, 6, 100 %, 69460 MiB
2026/09/24 11:55:32.522, 7, 100 %, 69746 MiB
2026/09/24 11:55:37.523, 0, 100 %, 69960 MiB
2026/09/24 11:55:37.523, 1, 100 %, 69746 MiB
2026/09/24 11:55:37.523, 2, 100 %, 69750 MiB
2026/09/24 11:55:37.523, 3, 100 %, 69748 MiB
2026/09/24 11:55:37.523, 4, 100 %, 69746 MiB
2026/09/24 11:55:37.523, 5, 100 %, 69748 MiB
2026/09/24 11:55:37.523, 6, 100 %, 69460 MiB
2026/09/24 11:55:37.523, 7, 100 %, 69746 MiB
2026/09/24 11:55:42.524, 0, 100 %, 69960 MiB
2026/09/24 11:55:42.524, 1, 100 %, 69746 MiB
2026/09/24 11:55:42.524, 2, 100 %, 69750 MiB
2026/09/24 11:55:42.524, 3, 100 %, 69748 MiB
2026/09/24 11:55:42.525, 4, 100 %, 69746 MiB
2026/09/24 11:55:42.525, 5, 100 %, 69748 MiB
2026/09/24 11:55:42.526, 6, 100 %, 69460 MiB
2026/09/24 11:55:42.526, 7, 100 %, 69746 MiB
2026/09/24 11:55:47.527, 0, 98 %, 69960 MiB
2026/09/24 11:55:47.527, 1, 98 %, 69746 MiB
2026/09/24 11:55:47.527, 2, 98 %, 69750 MiB
2026/09/24 11:55:47.527, 3, 98 %, 69748 MiB
2026/09/24 11:55:47.527, 4, 98 %, 69746 MiB
2026/09/24 11:55:47.527, 5, 99 %, 69748 MiB
2026/09/24 11:55:47.527, 6, 98 %, 69460 MiB
2026/09/24 11:55:47.527, 7, 98 %, 69746 MiB
2026/09/24 11:55:52.527, 0, 100 %, 69960 MiB
2026/09/24 11:55:52.528, 1, 100 %, 69746 MiB
2026/09/24 11:55:52.528, 2, 100 %, 69750 MiB
2026/09/24 11:55:52.531, 3, 100 %, 69748 MiB
2026/09/24 11:55:52.531, 4, 100 %, 69746 MiB
2026/09/24 11:55:52.535, 5, 100 %, 69748 MiB
2026/09/24 11:55:52.536, 6, 100 %, 69460 MiB
2026/09/24 11:55:52.537, 7, 100 %, 69746 MiB
2026/09/24 11:55:57.538, 0, 100 %, 69960 MiB
2026/09/24 11:55:57.538, 1, 99 %, 69746 MiB
2026/09/24 11:55:57.538, 2, 100 %, 69750 MiB
2026/09/24 11:55:57.538, 3, 99 %, 69748 MiB
2026/09/24 11:55:57.538, 4, 100 %, 69746 MiB
2026/09/24 11:55:57.538, 5, 100 %, 69748 MiB
2026/09/24 11:55:57.538, 6, 100 %, 69460 MiB
2026/09/24 11:55:57.538, 7, 100 %, 69746 MiB
2026/09/24 11:56:02.539, 0, 100 %, 69960 MiB
2026/09/24 11:56:02.539, 1, 100 %, 69746 MiB
2026/09/24 11:56:02.539, 2, 100 %, 69750 MiB
2026/09/24 11:56:02.540, 3, 100 %, 69748 MiB
2026/09/24 11:56:02.540, 4, 100 %, 69746 MiB
2026/09/24 11:56:02.540, 5, 100 %, 69748 MiB
2026/09/24 11:56:02.541, 6, 100 %, 69460 MiB
2026/09/24 11:56:02.541, 7, 99 %, 69746 MiB
2026/09/24 11:56:07.541, 0, 100 %, 69960 MiB
2026/09/24 11:56:07.541, 1, 100 %, 69746 MiB
2026/09/24 11:56:07.541, 2, 100 %, 69750 MiB
2026/09/24 11:56:07.541, 3, 100 %, 69748 MiB
2026/09/24 11:56:07.542, 4, 100 %, 69746 MiB
2026/09/24 11:56:07.542, 5, 100 %, 69748 MiB
2026/09/24 11:56:07.542, 6, 100 %, 69460 MiB
2026/09/24 11:56:07.542, 7, 100 %, 69746 MiB
2026/09/24 11:56:12.542, 0, 100 %, 69960 MiB
2026/09/24 11:56:12.543, 1, 100 %, 69746 MiB
2026/09/24 11:56:12.544, 2, 100 %, 69750 MiB
2026/09/24 11:56:12.545, 3, 100 %, 69748 MiB
2026/09/24 11:56:12.547, 4, 100 %, 69746 MiB
2026/09/24 11:56:12.547, 5, 100 %, 69748 MiB
2026/09/24 11:56:12.553, 6, 100 %, 69460 MiB
2026/09/24 11:56:12.553, 7, 100 %, 69746 MiB
2026/09/24 11:56:17.556, 0, 89 %, 69960 MiB
2026/09/24 11:56:17.556, 1, 74 %, 69746 MiB
2026/09/24 11:56:17.556, 2, 77 %, 69750 MiB
2026/09/24 11:56:17.556, 3, 71 %, 69748 MiB
2026/09/24 11:56:17.556, 4, 74 %, 69746 MiB
2026/09/24 11:56:17.556, 5, 86 %, 69748 MiB
2026/09/24 11:56:17.556, 6, 99 %, 69460 MiB
2026/09/24 11:56:17.556, 7, 83 %, 69746 MiB
2026/09/24 11:56:22.557, 0, 98 %, 69960 MiB
2026/09/24 11:56:22.557, 1, 98 %, 69746 MiB
2026/09/24 11:56:22.557, 2, 99 %, 69750 MiB
2026/09/24 11:56:22.557, 3, 98 %, 69748 MiB
2026/09/24 11:56:22.557, 4, 99 %, 69746 MiB
2026/09/24 11:56:22.557, 5, 99 %, 69748 MiB
2026/09/24 11:56:22.557, 6, 99 %, 69460 MiB
2026/09/24 11:56:22.557, 7, 99 %, 69746 MiB
2026/09/24 11:56:27.557, 0, 99 %, 69960 MiB
2026/09/24 11:56:27.557, 1, 99 %, 69746 MiB
2026/09/24 11:56:27.557, 2, 97 %, 69750 MiB
2026/09/24 11:56:27.557, 3, 99 %, 69748 MiB
2026/09/24 11:56:27.557, 4, 99 %, 69746 MiB
2026/09/24 11:56:27.557, 5, 99 %, 69748 MiB
2026/09/24 11:56:27.557, 6, 99 %, 69460 MiB
2026/09/24 11:56:27.557, 7, 99 %, 69746 MiB
2026/09/24 11:56:32.558, 0, 91 %, 69960 MiB
2026/09/24 11:56:32.558, 1, 99 %, 69746 MiB
2026/09/24 11:56:32.558, 2, 99 %, 69750 MiB
2026/09/24 11:56:32.558, 3, 99 %, 69748 MiB
2026/09/24 11:56:32.558, 4, 100 %, 69746 MiB
2026/09/24 11:56:32.558, 5, 100 %, 69748 MiB
2026/09/24 11:56:32.558, 6, 100 %, 69460 MiB
2026/09/24 11:56:32.558, 7, 82 %, 69746 MiB
2026/09/24 11:56:37.558, 0, 0 %, 69960 MiB
2026/09/24 11:56:37.558, 1, 0 %, 69746 MiB
2026/09/24 11:56:37.558, 2, 0 %, 69750 MiB
2026/09/24 11:56:37.558, 3, 0 %, 69748 MiB
2026/09/24 11:56:37.558, 4, 0 %, 69746 MiB
2026/09/24 11:56:37.558, 5, 0 %, 69748 MiB
2026/09/24 11:56:37.558, 6, 0 %, 69460 MiB
2026/09/24 11:56:37.558, 7, 0 %, 69746 MiB
2026/09/24 11:56:42.559, 0, 99 %, 69960 MiB
2026/09/24 11:56:42.559, 1, 99 %, 69746 MiB
2026/09/24 11:56:42.559, 2, 99 %, 69750 MiB
2026/09/24 11:56:42.559, 3, 99 %, 69748 MiB
2026/09/24 11:56:42.560, 4, 99 %, 69746 MiB
2026/09/24 11:56:42.560, 5, 99 %, 69748 MiB
2026/09/24 11:56:42.561, 6, 99 %, 69460 MiB
2026/09/24 11:56:42.561, 7, 97 %, 69746 MiB
2026/09/24 11:56:47.562, 0, 0 %, 69960 MiB
2026/09/24 11:56:47.562, 1, 0 %, 69746 MiB
2026/09/24 11:56:47.562, 2, 0 %, 69750 MiB
2026/09/24 11:56:47.562, 3, 0 %, 69748 MiB
2026/09/24 11:56:47.562, 4, 0 %, 69746 MiB
2026/09/24 11:56:47.562, 5, 0 %, 69748 MiB
2026/09/24 11:56:47.562, 6, 0 %, 69460 MiB
2026/09/24 11:56:47.562, 7, 0 %, 69746 MiB
2026/09/24 11:56:52.562, 0, 98 %, 69960 MiB
2026/09/24 11:56:52.562, 1, 26 %, 69746 MiB
2026/09/24 11:56:52.563, 2, 83 %, 69750 MiB
2026/09/24 11:56:52.563, 3, 90 %, 69748 MiB
2026/09/24 11:56:52.563, 4, 34 %, 69746 MiB
2026/09/24 11:56:52.563, 5, 69 %, 69748 MiB
2026/09/24 11:56:52.563, 6, 30 %, 69460 MiB
2026/09/24 11:56:52.563, 7, 75 %, 69746 MiB
2026/09/24 11:56:57.564, 0, 100 %, 69960 MiB
2026/09/24 11:56:57.564, 1, 100 %, 69746 MiB
2026/09/24 11:56:57.564, 2, 100 %, 69750 MiB
2026/09/24 11:56:57.564, 3, 100 %, 69748 MiB
2026/09/24 11:56:57.564, 4, 100 %, 69746 MiB
2026/09/24 11:56:57.564, 5, 100 %, 69748 MiB
2026/09/24 11:56:57.564, 6, 100 %, 69460 MiB
2026/09/24 11:56:57.564, 7, 100 %, 69746 MiB
2026/09/24 11:57:02.565, 0, 98 %, 69960 MiB
2026/09/24 11:57:02.565, 1, 98 %, 69746 MiB
2026/09/24 11:57:02.565, 2, 98 %, 69750 MiB
2026/09/24 11:57:02.565, 3, 98 %, 69748 MiB
2026/09/24 11:57:02.565, 4, 98 %, 69746 MiB
2026/09/24 11:57:02.565, 5, 98 %, 69748 MiB
2026/09/24 11:57:02.565, 6, 98 %, 69460 MiB
2026/09/24 11:57:02.565, 7, 98 %, 69746 MiB
2026/09/24 11:57:07.565, 0, 99 %, 69960 MiB
2026/09/24 11:57:07.566, 1, 98 %, 69746 MiB
2026/09/24 11:57:07.568, 2, 99 %, 69750 MiB
2026/09/24 11:57:07.570, 3, 100 %, 69748 MiB
2026/09/24 11:57:07.570, 4, 100 %, 69746 MiB
2026/09/24 11:57:07.571, 5, 99 %, 69748 MiB
2026/09/24 11:57:07.572, 6, 100 %, 69460 MiB
2026/09/24 11:57:07.573, 7, 99 %, 69746 MiB
2026/09/24 11:57:12.573, 0, 100 %, 69960 MiB
2026/09/24 11:57:12.574, 1, 99 %, 69746 MiB
2026/09/24 11:57:12.574, 2, 100 %, 69750 MiB
2026/09/24 11:57:12.574, 3, 100 %, 69748 MiB
2026/09/24 11:57:12.574, 4, 100 %, 69746 MiB
2026/09/24 11:57:12.574, 5, 100 %, 69748 MiB
2026/09/24 11:57:12.574, 6, 99 %, 69460 MiB
2026/09/24 11:57:12.574, 7, 100 %, 69746 MiB
2026/09/24 11:57:17.574, 0, 98 %, 69960 MiB
2026/09/24 11:57:17.574, 1, 65 %, 69746 MiB
2026/09/24 11:57:17.575, 2, 98 %, 69750 MiB
2026/09/24 11:57:17.575, 3, 98 %, 69748 MiB
2026/09/24 11:57:17.576, 4, 97 %, 69746 MiB
2026/09/24 11:57:17.576, 5, 98 %, 69748 MiB
2026/09/24 11:57:17.576, 6, 99 %, 69460 MiB
2026/09/24 11:57:17.576, 7, 98 %, 69746 MiB
2026/09/24 11:57:22.577, 0, 99 %, 69960 MiB
2026/09/24 11:57:22.577, 1, 100 %, 69746 MiB
2026/09/24 11:57:22.577, 2, 100 %, 69750 MiB
2026/09/24 11:57:22.577, 3, 100 %, 69748 MiB
2026/09/24 11:57:22.577, 4, 100 %, 69746 MiB
2026/09/24 11:57:22.577, 5, 100 %, 69748 MiB
2026/09/24 11:57:22.577, 6, 99 %, 69460 MiB
2026/09/24 11:57:22.577, 7, 100 %, 69746 MiB
2026/09/24 11:57:27.577, 0, 0 %, 69960 MiB
2026/09/24 11:57:27.577, 1, 0 %, 69746 MiB
2026/09/24 11:57:27.577, 2, 0 %, 69750 MiB
2026/09/24 11:57:27.577, 3, 0 %, 69748 MiB
2026/09/24 11:57:27.577, 4, 14 %, 69746 MiB
2026/09/24 11:57:27.577, 5, 0 %, 69748 MiB
2026/09/24 11:57:27.577, 6, 0 %, 69460 MiB
2026/09/24 11:57:27.577, 7, 0 %, 69746 MiB
2026/09/24 11:57:32.578, 0, 74 %, 69960 MiB
2026/09/24 11:57:32.579, 1, 89 %, 69746 MiB
2026/09/24 11:57:32.579, 2, 85 %, 69750 MiB
2026/09/24 11:57:32.579, 3, 79 %, 69748 MiB
2026/09/24 11:57:32.579, 4, 76 %, 69746 MiB
2026/09/24 11:57:32.579, 5, 80 %, 69748 MiB
2026/09/24 11:57:32.579, 6, 82 %, 69460 MiB
2026/09/24 11:57:32.579, 7, 81 %, 69746 MiB
2026/09/24 11:57:37.579, 0, 0 %, 69960 MiB
2026/09/24 11:57:37.579, 1, 0 %, 69746 MiB
2026/09/24 11:57:37.579, 2, 0 %, 69750 MiB
2026/09/24 11:57:37.579, 3, 0 %, 69748 MiB
2026/09/24 11:57:37.579, 4, 0 %, 69746 MiB
2026/09/24 11:57:37.579, 5, 0 %, 69748 MiB
2026/09/24 11:57:37.579, 6, 0 %, 69460 MiB
2026/09/24 11:57:37.579, 7, 0 %, 69746 MiB
2026/09/24 11:57:42.580, 0, 100 %, 69960 MiB
2026/09/24 11:57:42.580, 1, 100 %, 69746 MiB
2026/09/24 11:57:42.580, 2, 100 %, 69750 MiB
2026/09/24 11:57:42.580, 3, 100 %, 69748 MiB
2026/09/24 11:57:42.580, 4, 99 %, 69746 MiB
2026/09/24 11:57:42.580, 5, 100 %, 69748 MiB
2026/09/24 11:57:42.580, 6, 100 %, 69460 MiB
2026/09/24 11:57:42.580, 7, 100 %, 69746 MiB
2026/09/24 11:57:47.580, 0, 100 %, 69960 MiB
2026/09/24 11:57:47.580, 1, 100 %, 69746 MiB
2026/09/24 11:57:47.580, 2, 88 %, 69750 MiB
2026/09/24 11:57:47.580, 3, 93 %, 69748 MiB
2026/09/24 11:57:47.580, 4, 96 %, 69746 MiB
2026/09/24 11:57:47.580, 5, 79 %, 69748 MiB
2026/09/24 11:57:47.580, 6, 92 %, 69460 MiB
2026/09/24 11:57:47.580, 7, 82 %, 69746 MiB
2026/09/24 11:57:52.581, 0, 93 %, 69960 MiB
2026/09/24 11:57:52.627, 1, 94 %, 69746 MiB
2026/09/24 11:57:52.628, 2, 96 %, 69750 MiB
2026/09/24 11:57:52.629, 3, 94 %, 69748 MiB
2026/09/24 11:57:52.634, 4, 94 %, 69746 MiB
2026/09/24 11:57:52.634, 5, 95 %, 69748 MiB
2026/09/24 11:57:52.635, 6, 95 %, 69460 MiB
2026/09/24 11:57:52.635, 7, 93 %, 69746 MiB
2026/09/24 11:57:57.636, 0, 100 %, 69960 MiB
2026/09/24 11:57:57.985, 1, 100 %, 69746 MiB
2026/09/24 11:57:57.991, 2, 100 %, 69750 MiB
2026/09/24 11:57:57.994, 3, 100 %, 69748 MiB
2026/09/24 11:57:57.996, 4, 100 %, 69746 MiB
2026/09/24 11:57:58.002, 5, 100 %, 69748 MiB
2026/09/24 11:57:58.008, 6, 100 %, 69460 MiB
2026/09/24 11:57:58.014, 7, 100 %, 69746 MiB
2026/09/24 11:58:03.015, 0, 100 %, 69960 MiB
2026/09/24 11:58:03.015, 1, 99 %, 69746 MiB
2026/09/24 11:58:03.016, 2, 100 %, 69750 MiB
2026/09/24 11:58:03.016, 3, 100 %, 69748 MiB
2026/09/24 11:58:03.016, 4, 100 %, 69746 MiB
2026/09/24 11:58:03.017, 5, 98 %, 69748 MiB
2026/09/24 11:58:03.017, 6, 100 %, 69460 MiB
2026/09/24 11:58:03.017, 7, 100 %, 69746 MiB
2026/09/24 11:58:08.018, 0, 0 %, 69960 MiB
2026/09/24 11:58:08.018, 1, 0 %, 69746 MiB
2026/09/24 11:58:08.018, 2, 0 %, 69750 MiB
2026/09/24 11:58:08.019, 3, 0 %, 69748 MiB
2026/09/24 11:58:08.019, 4, 0 %, 69746 MiB
2026/09/24 11:58:08.019, 5, 0 %, 69748 MiB
2026/09/24 11:58:08.019, 6, 0 %, 69460 MiB
2026/09/24 11:58:08.020, 7, 0 %, 69746 MiB
2026/09/24 11:58:13.020, 0, 100 %, 69960 MiB
2026/09/24 11:58:13.020, 1, 100 %, 69746 MiB
2026/09/24 11:58:13.020, 2, 99 %, 69750 MiB
2026/09/24 11:58:13.020, 3, 100 %, 69748 MiB
2026/09/24 11:58:13.020, 4, 100 %, 69746 MiB
2026/09/24 11:58:13.020, 5, 100 %, 69748 MiB
2026/09/24 11:58:13.020, 6, 100 %, 69460 MiB
2026/09/24 11:58:13.021, 7, 100 %, 69746 MiB
2026/09/24 11:58:18.021, 0, 100 %, 69960 MiB
2026/09/24 11:58:18.345, 1, 99 %, 69746 MiB
2026/09/24 11:58:18.353, 2, 98 %, 69750 MiB
2026/09/24 11:58:18.360, 3, 98 %, 69748 MiB
2026/09/24 11:58:18.364, 4, 99 %, 69746 MiB
2026/09/24 11:58:18.369, 5, 98 %, 69748 MiB
2026/09/24 11:58:18.375, 6, 99 %, 69460 MiB
2026/09/24 11:58:18.381, 7, 98 %, 69746 MiB
2026/09/24 11:58:23.382, 0, 100 %, 69960 MiB
2026/09/24 11:58:23.383, 1, 100 %, 69746 MiB
2026/09/24 11:58:23.383, 2, 100 %, 69750 MiB
2026/09/24 11:58:23.383, 3, 100 %, 69748 MiB
2026/09/24 11:58:23.383, 4, 100 %, 69746 MiB
2026/09/24 11:58:23.384, 5, 100 %, 69748 MiB
2026/09/24 11:58:23.384, 6, 100 %, 69460 MiB
2026/09/24 11:58:23.384, 7, 100 %, 69746 MiB
2026/09/24 11:58:28.385, 0, 83 %, 69960 MiB
2026/09/24 11:58:28.385, 1, 98 %, 69746 MiB
2026/09/24 11:58:28.385, 2, 98 %, 69750 MiB
2026/09/24 11:58:28.385, 3, 98 %, 69748 MiB
2026/09/24 11:58:28.385, 4, 98 %, 69746 MiB
2026/09/24 11:58:28.385, 5, 99 %, 69748 MiB
2026/09/24 11:58:28.385, 6, 98 %, 69460 MiB
2026/09/24 11:58:28.385, 7, 92 %, 69746 MiB
2026/09/24 11:58:33.386, 0, 98 %, 69960 MiB
2026/09/24 11:58:33.386, 1, 98 %, 69746 MiB
2026/09/24 11:58:33.386, 2, 97 %, 69750 MiB
2026/09/24 11:58:33.386, 3, 98 %, 69748 MiB
2026/09/24 11:58:33.386, 4, 98 %, 69746 MiB
2026/09/24 11:58:33.386, 5, 98 %, 69748 MiB
2026/09/24 11:58:33.386, 6, 99 %, 69460 MiB
2026/09/24 11:58:33.386, 7, 98 %, 69746 MiB
2026/09/24 11:58:38.386, 0, 99 %, 69960 MiB
2026/09/24 11:58:38.480, 1, 100 %, 69746 MiB
2026/09/24 11:58:38.480, 2, 100 %, 69750 MiB
2026/09/24 11:58:38.481, 3, 100 %, 69748 MiB
2026/09/24 11:58:38.481, 4, 100 %, 69746 MiB
2026/09/24 11:58:38.481, 5, 100 %, 69748 MiB
2026/09/24 11:58:38.481, 6, 100 %, 69460 MiB
2026/09/24 11:58:38.481, 7, 100 %, 69746 MiB
2026/09/24 11:58:43.481, 0, 99 %, 69960 MiB
2026/09/24 11:58:43.482, 1, 98 %, 69746 MiB
2026/09/24 11:58:43.482, 2, 98 %, 69750 MiB
2026/09/24 11:58:43.482, 3, 98 %, 69748 MiB
2026/09/24 11:58:43.483, 4, 98 %, 69746 MiB
2026/09/24 11:58:43.483, 5, 97 %, 69748 MiB
2026/09/24 11:58:43.483, 6, 98 %, 69460 MiB
2026/09/24 11:58:43.484, 7, 98 %, 69746 MiB
2026/09/24 11:58:48.484, 0, 100 %, 69960 MiB
2026/09/24 11:58:48.485, 1, 100 %, 69746 MiB
2026/09/24 11:58:48.485, 2, 100 %, 69750 MiB
2026/09/24 11:58:48.485, 3, 100 %, 69748 MiB
2026/09/24 11:58:48.486, 4, 100 %, 69746 MiB
2026/09/24 11:58:48.486, 5, 100 %, 69748 MiB
2026/09/24 11:58:48.486, 6, 100 %, 69460 MiB
2026/09/24 11:58:48.487, 7, 100 %, 69746 MiB
2026/09/24 11:58:53.487, 0, 100 %, 69960 MiB
2026/09/24 11:58:53.487, 1, 100 %, 69746 MiB
2026/09/24 11:58:53.488, 2, 100 %, 69750 MiB
2026/09/24 11:58:53.488, 3, 100 %, 69748 MiB
2026/09/24 11:58:53.488, 4, 100 %, 69746 MiB
2026/09/24 11:58:53.489, 5, 100 %, 69748 MiB
2026/09/24 11:58:53.489, 6, 100 %, 69460 MiB
2026/09/24 11:58:53.489, 7, 100 %, 69746 MiB
2026/09/24 11:58:58.490, 0, 0 %, 69960 MiB
2026/09/24 11:58:58.491, 1, 0 %, 69746 MiB
2026/09/24 11:58:58.491, 2, 0 %, 69750 MiB
2026/09/24 11:58:58.491, 3, 0 %, 69748 MiB
2026/09/24 11:58:58.492, 4, 0 %, 69746 MiB
2026/09/24 11:58:58.492, 5, 0 %, 69748 MiB
2026/09/24 11:58:58.492, 6, 0 %, 69460 MiB
2026/09/24 11:58:58.493, 7, 0 %, 69746 MiB
2026/09/24 11:59:03.493, 0, 0 %, 69960 MiB
2026/09/24 11:59:03.493, 1, 0 %, 69746 MiB
2026/09/24 11:59:03.493, 2, 0 %, 69750 MiB
2026/09/24 11:59:03.493, 3, 0 %, 69748 MiB
2026/09/24 11:59:03.493, 4, 0 %, 69746 MiB
2026/09/24 11:59:03.493, 5, 0 %, 69748 MiB
2026/09/24 11:59:03.493, 6, 0 %, 69460 MiB
2026/09/24 11:59:03.493, 7, 0 %, 69746 MiB
2026/09/24 11:59:08.494, 0, 99 %, 69960 MiB
2026/09/24 11:59:08.494, 1, 99 %, 69746 MiB
2026/09/24 11:59:08.494, 2, 99 %, 69750 MiB
2026/09/24 11:59:08.494, 3, 99 %, 69748 MiB
2026/09/24 11:59:08.494, 4, 99 %, 69746 MiB
2026/09/24 11:59:08.494, 5, 99 %, 69748 MiB
2026/09/24 11:59:08.494, 6, 98 %, 69460 MiB
2026/09/24 11:59:08.494, 7, 98 %, 69746 MiB
2026/09/24 11:59:13.494, 0, 0 %, 69960 MiB
2026/09/24 11:59:13.494, 1, 0 %, 69746 MiB
2026/09/24 11:59:13.494, 2, 0 %, 69750 MiB
2026/09/24 11:59:13.494, 3, 0 %, 69748 MiB
2026/09/24 11:59:13.494, 4, 0 %, 69746 MiB
2026/09/24 11:59:13.494, 5, 0 %, 69748 MiB
2026/09/24 11:59:13.494, 6, 0 %, 69460 MiB
2026/09/24 11:59:13.494, 7, 0 %, 69746 MiB
2026/09/24 11:59:18.495, 0, 0 %, 69960 MiB
2026/09/24 11:59:18.495, 1, 0 %, 69746 MiB
2026/09/24 11:59:18.495, 2, 0 %, 69750 MiB
2026/09/24 11:59:18.495, 3, 0 %, 69748 MiB
2026/09/24 11:59:18.495, 4, 0 %, 69746 MiB
2026/09/24 11:59:18.495, 5, 0 %, 69748 MiB
2026/09/24 11:59:18.495, 6, 0 %, 69460 MiB
2026/09/24 11:59:18.495, 7, 0 %, 69746 MiB
2026/09/24 11:59:23.495, 0, 98 %, 69960 MiB
2026/09/24 11:59:23.495, 1, 98 %, 69746 MiB
2026/09/24 11:59:23.496, 2, 98 %, 69750 MiB
2026/09/24 11:59:23.496, 3, 98 %, 69748 MiB
2026/09/24 11:59:23.496, 4, 98 %, 69746 MiB
2026/09/24 11:59:23.497, 5, 98 %, 69748 MiB
2026/09/24 11:59:23.497, 6, 98 %, 69460 MiB
2026/09/24 11:59:23.497, 7, 98 %, 69746 MiB
2026/09/24 11:59:28.498, 0, 98 %, 69960 MiB
2026/09/24 11:59:28.498, 1, 98 %, 69746 MiB
2026/09/24 11:59:28.498, 2, 98 %, 69750 MiB
2026/09/24 11:59:28.498, 3, 98 %, 69748 MiB
2026/09/24 11:59:28.498, 4, 98 %, 69746 MiB
2026/09/24 11:59:28.498, 5, 97 %, 69748 MiB
2026/09/24 11:59:28.498, 6, 98 %, 69460 MiB
2026/09/24 11:59:28.498, 7, 98 %, 69746 MiB
2026/09/24 11:59:33.498, 0, 100 %, 69960 MiB
2026/09/24 11:59:33.498, 1, 100 %, 69746 MiB
2026/09/24 11:59:33.499, 2, 100 %, 69750 MiB
2026/09/24 11:59:33.499, 3, 100 %, 69748 MiB
2026/09/24 11:59:33.499, 4, 99 %, 69746 MiB
2026/09/24 11:59:33.500, 5, 100 %, 69748 MiB
2026/09/24 11:59:33.500, 6, 100 %, 69460 MiB
2026/09/24 11:59:33.500, 7, 100 %, 69746 MiB
2026/09/24 11:59:38.501, 0, 100 %, 69960 MiB
2026/09/24 11:59:38.744, 1, 100 %, 69746 MiB
2026/09/24 11:59:38.744, 2, 99 %, 69750 MiB
2026/09/24 11:59:38.745, 3, 99 %, 69748 MiB
2026/09/24 11:59:38.745, 4, 100 %, 69746 MiB
2026/09/24 11:59:38.745, 5, 100 %, 69748 MiB
2026/09/24 11:59:38.745, 6, 100 %, 69460 MiB
2026/09/24 11:59:38.747, 7, 100 %, 69746 MiB
2026/09/24 11:59:43.748, 0, 100 %, 69960 MiB
2026/09/24 11:59:44.070, 1, 100 %, 69746 MiB
2026/09/24 11:59:44.073, 2, 99 %, 69750 MiB
2026/09/24 11:59:44.078, 3, 100 %, 69748 MiB
2026/09/24 11:59:44.082, 4, 100 %, 69746 MiB
2026/09/24 11:59:44.084, 5, 100 %, 69748 MiB
2026/09/24 11:59:44.085, 6, 100 %, 69460 MiB
2026/09/24 11:59:44.086, 7, 99 %, 69746 MiB
2026/09/24 11:59:49.088, 0, 98 %, 69960 MiB
2026/09/24 11:59:49.088, 1, 98 %, 69746 MiB
2026/09/24 11:59:49.089, 2, 98 %, 69750 MiB
2026/09/24 11:59:49.089, 3, 98 %, 69748 MiB
2026/09/24 11:59:49.089, 4, 98 %, 69746 MiB
2026/09/24 11:59:49.089, 5, 98 %, 69748 MiB
2026/09/24 11:59:49.090, 6, 99 %, 69460 MiB
2026/09/24 11:59:49.090, 7, 97 %, 69746 MiB
2026/09/24 11:59:54.091, 0, 99 %, 69960 MiB
2026/09/24 11:59:54.091, 1, 99 %, 69746 MiB
2026/09/24 11:59:54.091, 2, 99 %, 69750 MiB
2026/09/24 11:59:54.091, 3, 99 %, 69748 MiB
2026/09/24 11:59:54.091, 4, 100 %, 69746 MiB
2026/09/24 11:59:54.091, 5, 100 %, 69748 MiB
2026/09/24 11:59:54.091, 6, 99 %, 69460 MiB
2026/09/24 11:59:54.091, 7, 99 %, 69746 MiB
2026/09/24 11:59:59.091, 0, 100 %, 69960 MiB
2026/09/24 11:59:59.092, 1, 99 %, 69746 MiB
2026/09/24 11:59:59.092, 2, 100 %, 69750 MiB
2026/09/24 11:59:59.092, 3, 100 %, 69748 MiB
2026/09/24 11:59:59.093, 4, 100 %, 69746 MiB
2026/09/24 11:59:59.093, 5, 100 %, 69748 MiB
2026/09/24 11:59:59.093, 6, 100 %, 69460 MiB
2026/09/24 11:59:59.094, 7, 100 %, 69746 MiB
2026/09/24 12:00:04.094, 0, 98 %, 69960 MiB
2026/09/24 12:00:04.110, 1, 98 %, 69746 MiB
2026/09/24 12:00:04.110, 2, 97 %, 69750 MiB
2026/09/24 12:00:04.110, 3, 98 %, 69748 MiB
2026/09/24 12:00:04.110, 4, 98 %, 69746 MiB
2026/09/24 12:00:04.110, 5, 98 %, 69748 MiB
2026/09/24 12:00:04.110, 6, 98 %, 69460 MiB
2026/09/24 12:00:04.110, 7, 98 %, 69746 MiB
2026/09/24 12:00:09.111, 0, 100 %, 69960 MiB
2026/09/24 12:00:09.111, 1, 99 %, 69746 MiB
2026/09/24 12:00:09.111, 2, 99 %, 69750 MiB
2026/09/24 12:00:09.111, 3, 99 %, 69748 MiB
2026/09/24 12:00:09.111, 4, 100 %, 69746 MiB
2026/09/24 12:00:09.111, 5, 100 %, 69748 MiB
2026/09/24 12:00:09.111, 6, 100 %, 69460 MiB
2026/09/24 12:00:09.111, 7, 100 %, 69746 MiB
2026/09/24 12:00:14.111, 0, 85 %, 69960 MiB
2026/09/24 12:00:14.117, 1, 82 %, 69746 MiB
2026/09/24 12:00:14.121, 2, 77 %, 69750 MiB
2026/09/24 12:00:14.129, 3, 25 %, 69748 MiB
2026/09/24 12:00:14.134, 4, 82 %, 69746 MiB
2026/09/24 12:00:14.139, 5, 71 %, 69748 MiB
2026/09/24 12:00:14.145, 6, 78 %, 69460 MiB
2026/09/24 12:00:14.145, 7, 58 %, 69746 MiB
2026/09/24 12:00:19.149, 0, 98 %, 69960 MiB
2026/09/24 12:00:19.149, 1, 98 %, 69746 MiB
2026/09/24 12:00:19.149, 2, 98 %, 69750 MiB
2026/09/24 12:00:19.149, 3, 98 %, 69748 MiB
2026/09/24 12:00:19.149, 4, 99 %, 69746 MiB
2026/09/24 12:00:19.149, 5, 98 %, 69748 MiB
2026/09/24 12:00:19.149, 6, 98 %, 69460 MiB
2026/09/24 12:00:19.149, 7, 98 %, 69746 MiB
2026/09/24 12:00:24.150, 0, 0 %, 69960 MiB
2026/09/24 12:00:24.150, 1, 0 %, 69746 MiB
2026/09/24 12:00:24.150, 2, 0 %, 69750 MiB
2026/09/24 12:00:24.150, 3, 0 %, 69748 MiB
2026/09/24 12:00:24.150, 4, 0 %, 69746 MiB
2026/09/24 12:00:24.150, 5, 0 %, 69748 MiB
2026/09/24 12:00:24.150, 6, 0 %, 69460 MiB
2026/09/24 12:00:24.150, 7, 0 %, 69746 MiB
2026/09/24 12:00:29.150, 0, 99 %, 69960 MiB
2026/09/24 12:00:29.488, 1, 100 %, 69746 MiB
2026/09/24 12:00:29.488, 2, 100 %, 69750 MiB
2026/09/24 12:00:29.489, 3, 100 %, 69748 MiB
2026/09/24 12:00:29.489, 4, 100 %, 69746 MiB
2026/09/24 12:00:29.489, 5, 99 %, 69748 MiB
2026/09/24 12:00:29.490, 6, 100 %, 69460 MiB
2026/09/24 12:00:29.490, 7, 100 %, 69746 MiB
2026/09/24 12:00:34.491, 0, 100 %, 69960 MiB
2026/09/24 12:00:34.491, 1, 99 %, 69746 MiB
2026/09/24 12:00:34.491, 2, 100 %, 69750 MiB
2026/09/24 12:00:34.491, 3, 100 %, 69748 MiB
2026/09/24 12:00:34.491, 4, 100 %, 69746 MiB
2026/09/24 12:00:34.491, 5, 99 %, 69748 MiB
2026/09/24 12:00:34.491, 6, 99 %, 69460 MiB
2026/09/24 12:00:34.491, 7, 98 %, 69746 MiB
2026/09/24 12:00:39.491, 0, 99 %, 69960 MiB
2026/09/24 12:00:39.491, 1, 99 %, 69746 MiB
2026/09/24 12:00:39.492, 2, 99 %, 69750 MiB
2026/09/24 12:00:39.492, 3, 97 %, 69748 MiB
2026/09/24 12:00:39.492, 4, 99 %, 69746 MiB
2026/09/24 12:00:39.493, 5, 98 %, 69748 MiB
2026/09/24 12:00:39.493, 6, 99 %, 69460 MiB
2026/09/24 12:00:39.493, 7, 99 %, 69746 MiB
2026/09/24 12:00:44.494, 0, 99 %, 69960 MiB
2026/09/24 12:00:44.494, 1, 99 %, 69746 MiB
2026/09/24 12:00:44.494, 2, 100 %, 69750 MiB
2026/09/24 12:00:44.494, 3, 98 %, 69748 MiB
2026/09/24 12:00:44.494, 4, 99 %, 69746 MiB
2026/09/24 12:00:44.494, 5, 99 %, 69748 MiB
2026/09/24 12:00:44.495, 6, 100 %, 69460 MiB
2026/09/24 12:00:44.495, 7, 99 %, 69746 MiB
2026/09/24 12:00:49.495, 0, 98 %, 69960 MiB
2026/09/24 12:00:49.495, 1, 98 %, 69746 MiB
2026/09/24 12:00:49.495, 2, 98 %, 69750 MiB
2026/09/24 12:00:49.495, 3, 98 %, 69748 MiB
2026/09/24 12:00:49.495, 4, 98 %, 69746 MiB
2026/09/24 12:00:49.495, 5, 97 %, 69748 MiB
2026/09/24 12:00:49.495, 6, 99 %, 69460 MiB
2026/09/24 12:00:49.495, 7, 98 %, 69746 MiB
2026/09/24 12:00:54.496, 0, 99 %, 69960 MiB
2026/09/24 12:00:54.496, 1, 99 %, 69746 MiB
2026/09/24 12:00:54.496, 2, 99 %, 69750 MiB
2026/09/24 12:00:54.496, 3, 98 %, 69748 MiB
2026/09/24 12:00:54.496, 4, 97 %, 69746 MiB
2026/09/24 12:00:54.496, 5, 99 %, 69748 MiB
2026/09/24 12:00:54.496, 6, 98 %, 69460 MiB
2026/09/24 12:00:54.496, 7, 99 %, 69746 MiB
2026/09/24 12:00:59.496, 0, 100 %, 69960 MiB
2026/09/24 12:00:59.497, 1, 100 %, 69746 MiB
2026/09/24 12:00:59.498, 2, 100 %, 69750 MiB
2026/09/24 12:00:59.500, 3, 100 %, 69748 MiB
2026/09/24 12:00:59.500, 4, 100 %, 69746 MiB
2026/09/24 12:00:59.501, 5, 100 %, 69748 MiB
2026/09/24 12:00:59.501, 6, 98 %, 69460 MiB
2026/09/24 12:00:59.501, 7, 100 %, 69746 MiB
2026/09/24 12:01:04.501, 0, 98 %, 69960 MiB
2026/09/24 12:01:04.502, 1, 98 %, 69746 MiB
2026/09/24 12:01:04.507, 2, 98 %, 69750 MiB
2026/09/24 12:01:04.512, 3, 98 %, 69748 MiB
2026/09/24 12:01:04.513, 4, 99 %, 69746 MiB
2026/09/24 12:01:04.518, 5, 98 %, 69748 MiB
2026/09/24 12:01:04.524, 6, 98 %, 69460 MiB
2026/09/24 12:01:04.529, 7, 98 %, 69746 MiB
2026/09/24 12:01:09.534, 0, 100 %, 69960 MiB
2026/09/24 12:01:09.535, 1, 99 %, 69746 MiB
2026/09/24 12:01:09.536, 2, 100 %, 69750 MiB
2026/09/24 12:01:09.536, 3, 100 %, 69748 MiB
2026/09/24 12:01:09.538, 4, 100 %, 69746 MiB
2026/09/24 12:01:09.538, 5, 100 %, 69748 MiB
2026/09/24 12:01:09.538, 6, 99 %, 69460 MiB
2026/09/24 12:01:09.538, 7, 100 %, 69746 MiB
2026/09/24 12:01:14.539, 0, 0 %, 69960 MiB
2026/09/24 12:01:14.539, 1, 0 %, 69746 MiB
2026/09/24 12:01:14.539, 2, 0 %, 69750 MiB
2026/09/24 12:01:14.539, 3, 0 %, 69748 MiB
2026/09/24 12:01:14.539, 4, 0 %, 69746 MiB
2026/09/24 12:01:14.539, 5, 0 %, 69748 MiB
2026/09/24 12:01:14.539, 6, 0 %, 69460 MiB
2026/09/24 12:01:14.539, 7, 0 %, 69746 MiB
2026/09/24 12:01:19.539, 0, 100 %, 69960 MiB
2026/09/24 12:01:19.540, 1, 100 %, 69746 MiB
2026/09/24 12:01:19.541, 2, 99 %, 69750 MiB
2026/09/24 12:01:19.543, 3, 100 %, 69748 MiB
2026/09/24 12:01:19.543, 4, 100 %, 69746 MiB
2026/09/24 12:01:19.543, 5, 100 %, 69748 MiB
2026/09/24 12:01:19.544, 6, 100 %, 69460 MiB
2026/09/24 12:01:19.547, 7, 100 %, 69746 MiB
2026/09/24 12:01:24.548, 0, 0 %, 69960 MiB
2026/09/24 12:01:24.548, 1, 0 %, 69746 MiB
2026/09/24 12:01:24.548, 2, 0 %, 69750 MiB
2026/09/24 12:01:24.549, 3, 0 %, 69748 MiB
2026/09/24 12:01:24.549, 4, 0 %, 69746 MiB
2026/09/24 12:01:24.549, 5, 0 %, 69748 MiB
2026/09/24 12:01:24.550, 6, 0 %, 69460 MiB
2026/09/24 12:01:24.550, 7, 0 %, 69746 MiB
2026/09/24 12:01:29.550, 0, 0 %, 69960 MiB
2026/09/24 12:01:29.551, 1, 0 %, 69746 MiB
2026/09/24 12:01:29.551, 2, 0 %, 69750 MiB
2026/09/24 12:01:29.551, 3, 0 %, 69748 MiB
2026/09/24 12:01:29.551, 4, 0 %, 69746 MiB
2026/09/24 12:01:29.551, 5, 0 %, 69748 MiB
2026/09/24 12:01:29.551, 6, 0 %, 69460 MiB
2026/09/24 12:01:29.551, 7, 0 %, 69746 MiB
2026/09/24 12:01:34.551, 0, 99 %, 69960 MiB
2026/09/24 12:01:34.552, 1, 99 %, 69746 MiB
2026/09/24 12:01:34.553, 2, 99 %, 69750 MiB
2026/09/24 12:01:34.554, 3, 98 %, 69748 MiB
2026/09/24 12:01:34.557, 4, 98 %, 69746 MiB
2026/09/24 12:01:34.558, 5, 99 %, 69748 MiB
2026/09/24 12:01:34.558, 6, 99 %, 69460 MiB
2026/09/24 12:01:34.558, 7, 97 %, 69746 MiB
2026/09/24 12:01:39.563, 0, 0 %, 69960 MiB
2026/09/24 12:01:39.563, 1, 0 %, 69746 MiB
2026/09/24 12:01:39.563, 2, 0 %, 69750 MiB
2026/09/24 12:01:39.563, 3, 0 %, 69748 MiB
2026/09/24 12:01:39.563, 4, 0 %, 69746 MiB
2026/09/24 12:01:39.563, 5, 0 %, 69748 MiB
2026/09/24 12:01:39.563, 6, 0 %, 69460 MiB
2026/09/24 12:01:39.563, 7, 0 %, 69746 MiB
2026/09/24 12:01:44.563, 0, 98 %, 69960 MiB
2026/09/24 12:01:44.563, 1, 98 %, 69746 MiB
2026/09/24 12:01:44.564, 2, 98 %, 69750 MiB
2026/09/24 12:01:44.564, 3, 98 %, 69748 MiB
2026/09/24 12:01:44.564, 4, 98 %, 69746 MiB
2026/09/24 12:01:44.565, 5, 99 %, 69748 MiB
2026/09/24 12:01:44.565, 6, 99 %, 69460 MiB
2026/09/24 12:01:44.565, 7, 98 %, 69746 MiB
2026/09/24 12:01:49.565, 0, 99 %, 69960 MiB
2026/09/24 12:01:49.565, 1, 98 %, 69746 MiB
2026/09/24 12:01:49.565, 2, 99 %, 69750 MiB
2026/09/24 12:01:49.565, 3, 99 %, 69748 MiB
2026/09/24 12:01:49.565, 4, 98 %, 69746 MiB
2026/09/24 12:01:49.565, 5, 99 %, 69748 MiB
2026/09/24 12:01:49.565, 6, 99 %, 69460 MiB
2026/09/24 12:01:49.565, 7, 99 %, 69746 MiB
2026/09/24 12:01:54.566, 0, 0 %, 69960 MiB
2026/09/24 12:01:54.566, 1, 0 %, 69746 MiB
2026/09/24 12:01:54.566, 2, 0 %, 69750 MiB
2026/09/24 12:01:54.566, 3, 0 %, 69748 MiB
2026/09/24 12:01:54.566, 4, 0 %, 69746 MiB
2026/09/24 12:01:54.566, 5, 0 %, 69748 MiB
2026/09/24 12:01:54.566, 6, 0 %, 69460 MiB
2026/09/24 12:01:54.566, 7, 0 %, 69746 MiB
2026/09/24 12:01:59.566, 0, 99 %, 69960 MiB
2026/09/24 12:01:59.567, 1, 99 %, 69746 MiB
2026/09/24 12:01:59.567, 2, 99 %, 69750 MiB
2026/09/24 12:01:59.567, 3, 99 %, 69748 MiB
2026/09/24 12:01:59.567, 4, 99 %, 69746 MiB
2026/09/24 12:01:59.568, 5, 99 %, 69748 MiB
2026/09/24 12:01:59.569, 6, 99 %, 69460 MiB
2026/09/24 12:01:59.569, 7, 98 %, 69746 MiB
2026/09/24 12:02:04.570, 0, 99 %, 69960 MiB
2026/09/24 12:02:04.570, 1, 99 %, 69746 MiB
2026/09/24 12:02:04.570, 2, 99 %, 69750 MiB
2026/09/24 12:02:04.570, 3, 99 %, 69748 MiB
2026/09/24 12:02:04.570, 4, 99 %, 69746 MiB
2026/09/24 12:02:04.570, 5, 99 %, 69748 MiB
2026/09/24 12:02:04.570, 6, 99 %, 69460 MiB
2026/09/24 12:02:04.570, 7, 97 %, 69746 MiB
2026/09/24 12:02:09.571, 0, 99 %, 69960 MiB
2026/09/24 12:02:09.571, 1, 99 %, 69746 MiB
2026/09/24 12:02:09.571, 2, 99 %, 69750 MiB
2026/09/24 12:02:09.572, 3, 99 %, 69748 MiB
2026/09/24 12:02:09.572, 4, 99 %, 69746 MiB
2026/09/24 12:02:09.572, 5, 99 %, 69748 MiB
2026/09/24 12:02:09.573, 6, 99 %, 69460 MiB
2026/09/24 12:02:09.573, 7, 98 %, 69746 MiB
2026/09/24 12:02:14.574, 0, 99 %, 69960 MiB
2026/09/24 12:02:14.574, 1, 99 %, 69746 MiB
2026/09/24 12:02:14.574, 2, 98 %, 69750 MiB
2026/09/24 12:02:14.574, 3, 99 %, 69748 MiB
2026/09/24 12:02:14.574, 4, 98 %, 69746 MiB
2026/09/24 12:02:14.574, 5, 99 %, 69748 MiB
2026/09/24 12:02:14.574, 6, 99 %, 69460 MiB
2026/09/24 12:02:14.574, 7, 99 %, 69746 MiB
2026/09/24 12:02:19.574, 0, 99 %, 69960 MiB
2026/09/24 12:02:19.574, 1, 99 %, 69746 MiB
2026/09/24 12:02:19.574, 2, 99 %, 69750 MiB
2026/09/24 12:02:19.574, 3, 99 %, 69748 MiB
2026/09/24 12:02:19.574, 4, 98 %, 69746 MiB
2026/09/24 12:02:19.574, 5, 98 %, 69748 MiB
2026/09/24 12:02:19.574, 6, 99 %, 69460 MiB
2026/09/24 12:02:19.574, 7, 99 %, 69746 MiB
2026/09/24 12:02:24.575, 0, 99 %, 69960 MiB
2026/09/24 12:02:24.575, 1, 99 %, 69746 MiB
2026/09/24 12:02:24.575, 2, 99 %, 69750 MiB
2026/09/24 12:02:24.575, 3, 99 %, 69748 MiB
2026/09/24 12:02:24.575, 4, 97 %, 69746 MiB
2026/09/24 12:02:24.575, 5, 98 %, 69748 MiB
2026/09/24 12:02:24.575, 6, 96 %, 69460 MiB
2026/09/24 12:02:24.575, 7, 99 %, 69746 MiB
2026/09/24 12:02:29.575, 0, 0 %, 69960 MiB
2026/09/24 12:02:29.575, 1, 0 %, 69746 MiB
2026/09/24 12:02:29.575, 2, 0 %, 69750 MiB
2026/09/24 12:02:29.575, 3, 0 %, 69748 MiB
2026/09/24 12:02:29.575, 4, 0 %, 69746 MiB
2026/09/24 12:02:29.575, 5, 0 %, 69748 MiB
2026/09/24 12:02:29.575, 6, 0 %, 69460 MiB
2026/09/24 12:02:29.575, 7, 0 %, 69746 MiB
2026/09/24 12:02:34.576, 0, 99 %, 69960 MiB
2026/09/24 12:02:34.576, 1, 99 %, 69746 MiB
2026/09/24 12:02:34.576, 2, 99 %, 69750 MiB
2026/09/24 12:02:34.576, 3, 99 %, 69748 MiB
2026/09/24 12:02:34.576, 4, 97 %, 69746 MiB
2026/09/24 12:02:34.576, 5, 98 %, 69748 MiB
2026/09/24 12:02:34.576, 6, 99 %, 69460 MiB
2026/09/24 12:02:34.576, 7, 98 %, 69746 MiB
2026/09/24 12:02:39.576, 0, 0 %, 69960 MiB
2026/09/24 12:02:39.576, 1, 0 %, 69746 MiB
2026/09/24 12:02:39.576, 2, 0 %, 69750 MiB
2026/09/24 12:02:39.576, 3, 0 %, 69748 MiB
2026/09/24 12:02:39.576, 4, 0 %, 69746 MiB
2026/09/24 12:02:39.576, 5, 0 %, 69748 MiB
2026/09/24 12:02:39.576, 6, 0 %, 69460 MiB
2026/09/24 12:02:39.576, 7, 0 %, 69746 MiB
2026/09/24 12:02:44.577, 0, 0 %, 69960 MiB
2026/09/24 12:02:44.577, 1, 0 %, 69746 MiB
2026/09/24 12:02:44.579, 2, 0 %, 69750 MiB
2026/09/24 12:02:44.579, 3, 0 %, 69748 MiB
2026/09/24 12:02:44.580, 4, 0 %, 69746 MiB
2026/09/24 12:02:44.580, 5, 0 %, 69748 MiB
2026/09/24 12:02:44.580, 6, 0 %, 69460 MiB
2026/09/24 12:02:44.580, 7, 0 %, 69746 MiB
2026/09/24 12:02:49.580, 0, 0 %, 69960 MiB
2026/09/24 12:02:49.582, 1, 0 %, 69746 MiB
2026/09/24 12:02:49.582, 2, 0 %, 69750 MiB
2026/09/24 12:02:49.582, 3, 0 %, 69748 MiB
2026/09/24 12:02:49.582, 4, 0 %, 69746 MiB
2026/09/24 12:02:49.582, 5, 0 %, 69748 MiB
2026/09/24 12:02:49.582, 6, 0 %, 69460 MiB
2026/09/24 12:02:49.582, 7, 0 %, 69746 MiB
2026/09/24 12:02:54.582, 0, 0 %, 69960 MiB
2026/09/24 12:02:54.582, 1, 0 %, 69746 MiB
2026/09/24 12:02:54.582, 2, 0 %, 69750 MiB
2026/09/24 12:02:54.582, 3, 0 %, 69748 MiB
2026/09/24 12:02:54.582, 4, 0 %, 69746 MiB
2026/09/24 12:02:54.582, 5, 0 %, 69748 MiB
2026/09/24 12:02:54.582, 6, 0 %, 69460 MiB
2026/09/24 12:02:54.582, 7, 0 %, 69746 MiB
2026/09/24 12:02:59.583, 0, 0 %, 69960 MiB
2026/09/24 12:02:59.700, 1, 0 %, 69746 MiB
2026/09/24 12:02:59.701, 2, 0 %, 69750 MiB
2026/09/24 12:02:59.701, 3, 0 %, 69748 MiB
2026/09/24 12:02:59.702, 4, 0 %, 69746 MiB
2026/09/24 12:02:59.702, 5, 0 %, 69748 MiB
2026/09/24 12:02:59.702, 6, 0 %, 69460 MiB
2026/09/24 12:02:59.705, 7, 0 %, 69746 MiB
2026/09/24 12:03:04.705, 0, 0 %, 69960 MiB
2026/09/24 12:03:04.705, 1, 0 %, 69746 MiB
2026/09/24 12:03:04.706, 2, 0 %, 69750 MiB
2026/09/24 12:03:04.706, 3, 0 %, 69748 MiB
2026/09/24 12:03:04.706, 4, 0 %, 69746 MiB
2026/09/24 12:03:04.706, 5, 0 %, 69748 MiB
2026/09/24 12:03:04.706, 6, 0 %, 69460 MiB
2026/09/24 12:03:04.706, 7, 0 %, 69746 MiB
2026/09/24 12:03:09.706, 0, 0 %, 69960 MiB
2026/09/24 12:03:09.706, 1, 0 %, 69746 MiB
2026/09/24 12:03:09.706, 2, 0 %, 69750 MiB
2026/09/24 12:03:09.706, 3, 0 %, 69748 MiB
2026/09/24 12:03:09.706, 4, 0 %, 69746 MiB
2026/09/24 12:03:09.706, 5, 0 %, 69748 MiB
2026/09/24 12:03:09.706, 6, 0 %, 69460 MiB
2026/09/24 12:03:09.706, 7, 0 %, 69746 MiB
2026/09/24 12:03:14.706, 0, 0 %, 69960 MiB
2026/09/24 12:03:14.707, 1, 0 %, 69746 MiB
2026/09/24 12:03:14.707, 2, 0 %, 69750 MiB
2026/09/24 12:03:14.707, 3, 0 %, 69748 MiB
2026/09/24 12:03:14.707, 4, 0 %, 69746 MiB
2026/09/24 12:03:14.707, 5, 0 %, 69748 MiB
2026/09/24 12:03:14.707, 6, 0 %, 69460 MiB
2026/09/24 12:03:14.707, 7, 0 %, 69746 MiB
2026/09/24 12:03:19.707, 0, 0 %, 69960 MiB
2026/09/24 12:03:19.707, 1, 0 %, 69746 MiB
2026/09/24 12:03:19.708, 2, 0 %, 69750 MiB
2026/09/24 12:03:19.708, 3, 0 %, 69748 MiB
2026/09/24 12:03:19.708, 4, 0 %, 69746 MiB
2026/09/24 12:03:19.708, 5, 0 %, 69748 MiB
2026/09/24 12:03:19.709, 6, 0 %, 69460 MiB
2026/09/24 12:03:19.709, 7, 0 %, 69746 MiB
2026/09/24 12:03:24.710, 0, 0 %, 69960 MiB
2026/09/24 12:03:24.710, 1, 0 %, 69746 MiB
2026/09/24 12:03:24.710, 2, 0 %, 69750 MiB
2026/09/24 12:03:24.710, 3, 0 %, 69748 MiB
2026/09/24 12:03:24.710, 4, 0 %, 69746 MiB
2026/09/24 12:03:24.710, 5, 0 %, 69748 MiB
2026/09/24 12:03:24.710, 6, 0 %, 69460 MiB
2026/09/24 12:03:24.710, 7, 0 %, 69746 MiB
2026/09/24 12:03:29.710, 0, 99 %, 69960 MiB
2026/09/24 12:03:29.710, 1, 99 %, 69746 MiB
2026/09/24 12:03:29.710, 2, 99 %, 69750 MiB
2026/09/24 12:03:29.710, 3, 99 %, 69748 MiB
2026/09/24 12:03:29.710, 4, 99 %, 69746 MiB
2026/09/24 12:03:29.710, 5, 99 %, 69748 MiB
2026/09/24 12:03:29.710, 6, 99 %, 69460 MiB
2026/09/24 12:03:29.710, 7, 97 %, 69746 MiB
2026/09/24 12:03:34.711, 0, 98 %, 69960 MiB
2026/09/24 12:03:34.711, 1, 98 %, 69746 MiB
2026/09/24 12:03:34.711, 2, 97 %, 69750 MiB
2026/09/24 12:03:34.711, 3, 99 %, 69748 MiB
2026/09/24 12:03:34.713, 4, 98 %, 69746 MiB
2026/09/24 12:03:34.713, 5, 99 %, 69748 MiB
2026/09/24 12:03:34.715, 6, 98 %, 69460 MiB
2026/09/24 12:03:34.715, 7, 99 %, 69746 MiB
2026/09/24 12:03:39.715, 0, 97 %, 69960 MiB
2026/09/24 12:03:39.715, 1, 99 %, 69746 MiB
2026/09/24 12:03:39.715, 2, 99 %, 69750 MiB
2026/09/24 12:03:39.715, 3, 99 %, 69748 MiB
2026/09/24 12:03:39.715, 4, 99 %, 69746 MiB
2026/09/24 12:03:39.716, 5, 99 %, 69748 MiB
2026/09/24 12:03:39.716, 6, 99 %, 69460 MiB
2026/09/24 12:03:39.716, 7, 99 %, 69746 MiB
2026/09/24 12:03:44.716, 0, 0 %, 69960 MiB
2026/09/24 12:03:44.716, 1, 0 %, 69746 MiB
2026/09/24 12:03:44.716, 2, 0 %, 69750 MiB
2026/09/24 12:03:44.716, 3, 0 %, 69748 MiB
2026/09/24 12:03:44.716, 4, 0 %, 69746 MiB
2026/09/24 12:03:44.716, 5, 0 %, 69748 MiB
2026/09/24 12:03:44.716, 6, 0 %, 69460 MiB
2026/09/24 12:03:44.716, 7, 0 %, 69746 MiB
2026/09/24 12:03:49.716, 0, 99 %, 69960 MiB
2026/09/24 12:03:49.718, 1, 98 %, 69746 MiB
2026/09/24 12:03:49.718, 2, 98 %, 69750 MiB
2026/09/24 12:03:49.718, 3, 99 %, 69748 MiB
2026/09/24 12:03:49.719, 4, 99 %, 69746 MiB
2026/09/24 12:03:49.719, 5, 99 %, 69748 MiB
2026/09/24 12:03:49.722, 6, 98 %, 69460 MiB
2026/09/24 12:03:49.723, 7, 99 %, 69746 MiB
2026/09/24 12:03:54.723, 0, 0 %, 69960 MiB
2026/09/24 12:03:54.724, 1, 0 %, 69746 MiB
2026/09/24 12:03:54.724, 2, 0 %, 69750 MiB
2026/09/24 12:03:54.724, 3, 0 %, 69748 MiB
2026/09/24 12:03:54.725, 4, 0 %, 69746 MiB
2026/09/24 12:03:54.725, 5, 0 %, 69748 MiB
2026/09/24 12:03:54.725, 6, 0 %, 69460 MiB
2026/09/24 12:03:54.725, 7, 0 %, 69746 MiB
2026/09/24 12:03:59.726, 0, 0 %, 69960 MiB
2026/09/24 12:03:59.726, 1, 22 %, 69746 MiB
2026/09/24 12:03:59.726, 2, 0 %, 69750 MiB
2026/09/24 12:03:59.726, 3, 0 %, 69748 MiB
2026/09/24 12:03:59.726, 4, 0 %, 69746 MiB
2026/09/24 12:03:59.726, 5, 1 %, 69748 MiB
2026/09/24 12:03:59.726, 6, 17 %, 69460 MiB
2026/09/24 12:03:59.726, 7, 0 %, 69746 MiB
2026/09/24 12:04:04.727, 0, 99 %, 69960 MiB
2026/09/24 12:04:04.728, 1, 98 %, 69746 MiB
2026/09/24 12:04:04.729, 2, 99 %, 69750 MiB
2026/09/24 12:04:04.730, 3, 98 %, 69748 MiB
2026/09/24 12:04:04.730, 4, 98 %, 69746 MiB
2026/09/24 12:04:04.730, 5, 99 %, 69748 MiB
2026/09/24 12:04:04.731, 6, 98 %, 69460 MiB
2026/09/24 12:04:04.731, 7, 97 %, 69746 MiB
2026/09/24 12:04:09.732, 0, 98 %, 69960 MiB
2026/09/24 12:04:09.732, 1, 99 %, 69746 MiB
2026/09/24 12:04:09.732, 2, 99 %, 69750 MiB
2026/09/24 12:04:09.732, 3, 98 %, 69748 MiB
2026/09/24 12:04:09.732, 4, 98 %, 69746 MiB
2026/09/24 12:04:09.732, 5, 99 %, 69748 MiB
2026/09/24 12:04:09.732, 6, 97 %, 69460 MiB
2026/09/24 12:04:09.732, 7, 92 %, 69746 MiB
2026/09/24 12:04:14.732, 0, 99 %, 69960 MiB
2026/09/24 12:04:14.733, 1, 98 %, 69746 MiB
2026/09/24 12:04:14.734, 2, 99 %, 69750 MiB
2026/09/24 12:04:14.734, 3, 98 %, 69748 MiB
2026/09/24 12:04:14.734, 4, 99 %, 69746 MiB
2026/09/24 12:04:14.735, 5, 99 %, 69748 MiB
2026/09/24 12:04:14.735, 6, 99 %, 69460 MiB
2026/09/24 12:04:14.735, 7, 98 %, 69746 MiB
2026/09/24 12:04:19.736, 0, 100 %, 69960 MiB
2026/09/24 12:04:19.736, 1, 99 %, 69746 MiB
2026/09/24 12:04:19.736, 2, 99 %, 69750 MiB
2026/09/24 12:04:19.736, 3, 97 %, 69748 MiB
2026/09/24 12:04:19.736, 4, 99 %, 69746 MiB
2026/09/24 12:04:19.736, 5, 99 %, 69748 MiB
2026/09/24 12:04:19.736, 6, 86 %, 69460 MiB
2026/09/24 12:04:19.736, 7, 99 %, 69746 MiB
2026/09/24 12:04:24.736, 0, 0 %, 69960 MiB
2026/09/24 12:04:24.737, 1, 0 %, 69746 MiB
2026/09/24 12:04:24.737, 2, 0 %, 69750 MiB
2026/09/24 12:04:24.737, 3, 0 %, 69748 MiB
2026/09/24 12:04:24.737, 4, 0 %, 69746 MiB
2026/09/24 12:04:24.737, 5, 0 %, 69748 MiB
2026/09/24 12:04:24.737, 6, 0 %, 69460 MiB
2026/09/24 12:04:24.737, 7, 0 %, 69746 MiB
2026/09/24 12:04:29.737, 0, 0 %, 69960 MiB
2026/09/24 12:04:29.737, 1, 0 %, 69746 MiB
2026/09/24 12:04:29.737, 2, 0 %, 69750 MiB
2026/09/24 12:04:29.737, 3, 0 %, 69748 MiB
2026/09/24 12:04:29.737, 4, 0 %, 69746 MiB
2026/09/24 12:04:29.737, 5, 0 %, 69748 MiB
2026/09/24 12:04:30.017, 6, 0 %, 69460 MiB
2026/09/24 12:04:30.022, 7, 18 %, 69746 MiB
2026/09/24 12:04:35.023, 0, 98 %, 69960 MiB
2026/09/24 12:04:35.023, 1, 98 %, 69746 MiB
2026/09/24 12:04:35.023, 2, 98 %, 69750 MiB
2026/09/24 12:04:35.023, 3, 98 %, 69748 MiB
2026/09/24 12:04:35.023, 4, 98 %, 69746 MiB
2026/09/24 12:04:35.023, 5, 98 %, 69748 MiB
2026/09/24 12:04:35.023, 6, 98 %, 69460 MiB
2026/09/24 12:04:35.023, 7, 98 %, 69746 MiB
2026/09/24 12:04:40.023, 0, 98 %, 69960 MiB
2026/09/24 12:04:40.023, 1, 98 %, 69746 MiB
2026/09/24 12:04:40.023, 2, 98 %, 69750 MiB
2026/09/24 12:04:40.024, 3, 98 %, 69748 MiB
2026/09/24 12:04:40.024, 4, 98 %, 69746 MiB
2026/09/24 12:04:40.024, 5, 98 %, 69748 MiB
2026/09/24 12:04:40.024, 6, 98 %, 69460 MiB
2026/09/24 12:04:40.024, 7, 98 %, 69746 MiB
2026/09/24 12:04:45.024, 0, 0 %, 69960 MiB
2026/09/24 12:04:45.024, 1, 0 %, 69746 MiB
2026/09/24 12:04:45.024, 2, 0 %, 69750 MiB
2026/09/24 12:04:45.024, 3, 0 %, 69748 MiB
2026/09/24 12:04:45.024, 4, 0 %, 69746 MiB
2026/09/24 12:04:45.024, 5, 0 %, 69748 MiB
2026/09/24 12:04:45.024, 6, 0 %, 69460 MiB
2026/09/24 12:04:45.024, 7, 0 %, 69746 MiB
2026/09/24 12:04:50.025, 0, 99 %, 69960 MiB
2026/09/24 12:04:50.025, 1, 100 %, 69746 MiB
2026/09/24 12:04:50.025, 2, 100 %, 69750 MiB
2026/09/24 12:04:50.025, 3, 99 %, 69748 MiB
2026/09/24 12:04:50.025, 4, 100 %, 69746 MiB
2026/09/24 12:04:50.025, 5, 100 %, 69748 MiB
2026/09/24 12:04:50.025, 6, 100 %, 69460 MiB
2026/09/24 12:04:50.025, 7, 100 %, 69746 MiB
2026/09/24 12:04:55.025, 0, 100 %, 69960 MiB
2026/09/24 12:04:55.025, 1, 100 %, 69746 MiB
2026/09/24 12:04:55.025, 2, 100 %, 69750 MiB
2026/09/24 12:04:55.025, 3, 100 %, 69748 MiB
2026/09/24 12:04:55.025, 4, 100 %, 69746 MiB
2026/09/24 12:04:55.025, 5, 100 %, 69748 MiB
2026/09/24 12:04:55.025, 6, 99 %, 69460 MiB
2026/09/24 12:04:55.025, 7, 100 %, 69746 MiB
2026/09/24 12:05:00.026, 0, 100 %, 69960 MiB
2026/09/24 12:05:00.092, 1, 100 %, 69746 MiB
2026/09/24 12:05:00.097, 2, 100 %, 69750 MiB
2026/09/24 12:05:00.097, 3, 100 %, 69748 MiB
2026/09/24 12:05:00.098, 4, 100 %, 69746 MiB
2026/09/24 12:05:00.098, 5, 81 %, 69748 MiB
2026/09/24 12:05:00.099, 6, 99 %, 69460 MiB
2026/09/24 12:05:00.103, 7, 100 %, 69746 MiB
2026/09/24 12:05:05.104, 0, 98 %, 69960 MiB
2026/09/24 12:05:05.104, 1, 98 %, 69746 MiB
2026/09/24 12:05:05.104, 2, 96 %, 69750 MiB
2026/09/24 12:05:05.104, 3, 98 %, 69748 MiB
2026/09/24 12:05:05.104, 4, 97 %, 69746 MiB
2026/09/24 12:05:05.104, 5, 98 %, 69748 MiB
2026/09/24 12:05:05.104, 6, 96 %, 69460 MiB
2026/09/24 12:05:05.104, 7, 98 %, 69746 MiB
2026/09/24 12:05:10.105, 0, 98 %, 69960 MiB
2026/09/24 12:05:10.105, 1, 98 %, 69746 MiB
2026/09/24 12:05:10.105, 2, 98 %, 69750 MiB
2026/09/24 12:05:10.105, 3, 97 %, 69748 MiB
2026/09/24 12:05:10.105, 4, 98 %, 69746 MiB
2026/09/24 12:05:10.105, 5, 98 %, 69748 MiB
2026/09/24 12:05:10.105, 6, 98 %, 69460 MiB
2026/09/24 12:05:10.105, 7, 98 %, 69746 MiB
2026/09/24 12:05:15.105, 0, 99 %, 69960 MiB
2026/09/24 12:05:15.105, 1, 99 %, 69746 MiB
2026/09/24 12:05:15.105, 2, 100 %, 69750 MiB
2026/09/24 12:05:15.105, 3, 100 %, 69748 MiB
2026/09/24 12:05:15.105, 4, 100 %, 69746 MiB
2026/09/24 12:05:15.105, 5, 100 %, 69748 MiB
2026/09/24 12:05:15.105, 6, 100 %, 69460 MiB
2026/09/24 12:05:15.105, 7, 100 %, 69746 MiB
2026/09/24 12:05:20.106, 0, 83 %, 69960 MiB
2026/09/24 12:05:20.106, 1, 97 %, 69746 MiB
2026/09/24 12:05:20.107, 2, 98 %, 69750 MiB
2026/09/24 12:05:20.107, 3, 87 %, 69748 MiB
2026/09/24 12:05:20.107, 4, 98 %, 69746 MiB
2026/09/24 12:05:20.108, 5, 98 %, 69748 MiB
2026/09/24 12:05:20.108, 6, 98 %, 69460 MiB
2026/09/24 12:05:20.108, 7, 74 %, 69746 MiB
2026/09/24 12:05:25.109, 0, 97 %, 69960 MiB
2026/09/24 12:05:25.109, 1, 99 %, 69746 MiB
2026/09/24 12:05:25.109, 2, 98 %, 69750 MiB
2026/09/24 12:05:25.109, 3, 98 %, 69748 MiB
2026/09/24 12:05:25.109, 4, 98 %, 69746 MiB
2026/09/24 12:05:25.109, 5, 98 %, 69748 MiB
2026/09/24 12:05:25.109, 6, 98 %, 69460 MiB
2026/09/24 12:05:25.109, 7, 98 %, 69746 MiB
2026/09/24 12:05:30.109, 0, 0 %, 69960 MiB
2026/09/24 12:05:30.109, 1, 0 %, 69746 MiB
2026/09/24 12:05:30.110, 2, 0 %, 69750 MiB
2026/09/24 12:05:30.110, 3, 0 %, 69748 MiB
2026/09/24 12:05:30.110, 4, 0 %, 69746 MiB
2026/09/24 12:05:30.111, 5, 0 %, 69748 MiB
2026/09/24 12:05:30.111, 6, 0 %, 69460 MiB
2026/09/24 12:05:30.111, 7, 0 %, 69746 MiB
2026/09/24 12:05:35.112, 0, 91 %, 69960 MiB
2026/09/24 12:05:35.112, 1, 34 %, 69746 MiB
2026/09/24 12:05:35.112, 2, 55 %, 69750 MiB
2026/09/24 12:05:35.112, 3, 99 %, 69748 MiB
2026/09/24 12:05:35.112, 4, 99 %, 69746 MiB
2026/09/24 12:05:35.112, 5, 98 %, 69748 MiB
2026/09/24 12:05:35.112, 6, 37 %, 69460 MiB
2026/09/24 12:05:35.112, 7, 75 %, 69746 MiB
2026/09/24 12:05:40.112, 0, 99 %, 69960 MiB
2026/09/24 12:05:40.112, 1, 98 %, 69746 MiB
2026/09/24 12:05:40.112, 2, 97 %, 69750 MiB
2026/09/24 12:05:40.112, 3, 99 %, 69748 MiB
2026/09/24 12:05:40.113, 4, 99 %, 69746 MiB
2026/09/24 12:05:40.113, 5, 98 %, 69748 MiB
2026/09/24 12:05:40.113, 6, 99 %, 69460 MiB
2026/09/24 12:05:40.113, 7, 99 %, 69746 MiB
2026/09/24 12:05:45.113, 0, 98 %, 69960 MiB
2026/09/24 12:05:45.113, 1, 99 %, 69746 MiB
2026/09/24 12:05:45.113, 2, 99 %, 69750 MiB
2026/09/24 12:05:45.113, 3, 99 %, 69748 MiB
2026/09/24 12:05:45.113, 4, 99 %, 69746 MiB
2026/09/24 12:05:45.113, 5, 99 %, 69748 MiB
2026/09/24 12:05:45.113, 6, 98 %, 69460 MiB
2026/09/24 12:05:45.113, 7, 99 %, 69746 MiB
2026/09/24 12:05:50.113, 0, 30 %, 69960 MiB
2026/09/24 12:05:50.113, 1, 5 %, 69746 MiB
2026/09/24 12:05:50.114, 2, 0 %, 69750 MiB
2026/09/24 12:05:50.114, 3, 28 %, 69748 MiB
2026/09/24 12:05:50.114, 4, 0 %, 69746 MiB
2026/09/24 12:05:50.114, 5, 0 %, 69748 MiB
2026/09/24 12:05:50.114, 6, 1 %, 69460 MiB
2026/09/24 12:05:50.114, 7, 39 %, 69746 MiB
2026/09/24 12:05:55.114, 0, 0 %, 69960 MiB
2026/09/24 12:05:55.114, 1, 0 %, 69746 MiB
2026/09/24 12:05:55.114, 2, 0 %, 69750 MiB
2026/09/24 12:05:55.114, 3, 0 %, 69748 MiB
2026/09/24 12:05:55.114, 4, 0 %, 69746 MiB
2026/09/24 12:05:55.114, 5, 0 %, 69748 MiB
2026/09/24 12:05:55.114, 6, 0 %, 69460 MiB
2026/09/24 12:05:55.114, 7, 0 %, 69746 MiB
2026/09/24 12:06:00.114, 0, 0 %, 69960 MiB
2026/09/24 12:06:00.115, 1, 0 %, 69746 MiB
2026/09/24 12:06:00.116, 2, 0 %, 69750 MiB
2026/09/24 12:06:00.118, 3, 0 %, 69748 MiB
2026/09/24 12:06:00.118, 4, 0 %, 69746 MiB
2026/09/24 12:06:00.120, 5, 0 %, 69748 MiB
2026/09/24 12:06:00.120, 6, 0 %, 69460 MiB
2026/09/24 12:06:00.121, 7, 0 %, 69746 MiB
2026/09/24 12:06:05.122, 0, 0 %, 69960 MiB
2026/09/24 12:06:05.122, 1, 0 %, 69746 MiB
2026/09/24 12:06:05.122, 2, 0 %, 69750 MiB
2026/09/24 12:06:05.122, 3, 0 %, 69748 MiB
2026/09/24 12:06:05.122, 4, 0 %, 69746 MiB
2026/09/24 12:06:05.122, 5, 0 %, 69748 MiB
2026/09/24 12:06:05.122, 6, 0 %, 69460 MiB
2026/09/24 12:06:05.122, 7, 0 %, 69746 MiB
2026/09/24 12:06:10.122, 0, 98 %, 69960 MiB
2026/09/24 12:06:10.122, 1, 98 %, 69746 MiB
2026/09/24 12:06:10.122, 2, 99 %, 69750 MiB
2026/09/24 12:06:10.122, 3, 98 %, 69748 MiB
2026/09/24 12:06:10.122, 4, 99 %, 69746 MiB
2026/09/24 12:06:10.122, 5, 98 %, 69748 MiB
2026/09/24 12:06:10.122, 6, 99 %, 69460 MiB
2026/09/24 12:06:10.122, 7, 99 %, 69746 MiB
2026/09/24 12:06:15.123, 0, 99 %, 69960 MiB
2026/09/24 12:06:15.123, 1, 99 %, 69746 MiB
2026/09/24 12:06:15.124, 2, 99 %, 69750 MiB
2026/09/24 12:06:15.124, 3, 98 %, 69748 MiB
2026/09/24 12:06:15.124, 4, 98 %, 69746 MiB
2026/09/24 12:06:15.124, 5, 99 %, 69748 MiB
2026/09/24 12:06:15.124, 6, 98 %, 69460 MiB
2026/09/24 12:06:15.124, 7, 99 %, 69746 MiB
2026/09/24 12:06:20.125, 0, 99 %, 69960 MiB
2026/09/24 12:06:20.125, 1, 95 %, 69746 MiB
2026/09/24 12:06:20.125, 2, 85 %, 69750 MiB
2026/09/24 12:06:20.125, 3, 74 %, 69748 MiB
2026/09/24 12:06:20.125, 4, 97 %, 69746 MiB
2026/09/24 12:06:20.125, 5, 79 %, 69748 MiB
2026/09/24 12:06:20.125, 6, 94 %, 69460 MiB
2026/09/24 12:06:20.125, 7, 99 %, 69746 MiB
2026/09/24 12:06:25.126, 0, 0 %, 69960 MiB
2026/09/24 12:06:25.126, 1, 0 %, 69746 MiB
2026/09/24 12:06:25.126, 2, 0 %, 69750 MiB
2026/09/24 12:06:25.126, 3, 0 %, 69748 MiB
2026/09/24 12:06:25.126, 4, 0 %, 69746 MiB
2026/09/24 12:06:25.126, 5, 0 %, 69748 MiB
2026/09/24 12:06:25.126, 6, 0 %, 69460 MiB
2026/09/24 12:06:25.126, 7, 0 %, 69746 MiB
2026/09/24 12:06:30.126, 0, 0 %, 69960 MiB
2026/09/24 12:06:30.126, 1, 0 %, 69746 MiB
2026/09/24 12:06:30.126, 2, 0 %, 69750 MiB
2026/09/24 12:06:30.126, 3, 0 %, 69748 MiB
2026/09/24 12:06:30.126, 4, 0 %, 69746 MiB
2026/09/24 12:06:30.126, 5, 0 %, 69748 MiB
2026/09/24 12:06:30.126, 6, 0 %, 69460 MiB
2026/09/24 12:06:30.126, 7, 0 %, 69746 MiB
2026/09/24 12:06:35.127, 0, 0 %, 69960 MiB
2026/09/24 12:06:35.127, 1, 0 %, 69746 MiB
2026/09/24 12:06:35.127, 2, 0 %, 69750 MiB
2026/09/24 12:06:35.127, 3, 0 %, 69748 MiB
2026/09/24 12:06:35.127, 4, 0 %, 69746 MiB
2026/09/24 12:06:35.127, 5, 0 %, 69748 MiB
2026/09/24 12:06:35.127, 6, 0 %, 69460 MiB
2026/09/24 12:06:35.127, 7, 0 %, 69746 MiB
2026/09/24 12:06:40.127, 0, 0 %, 69960 MiB
2026/09/24 12:06:40.127, 1, 0 %, 69746 MiB
2026/09/24 12:06:40.127, 2, 0 %, 69750 MiB
2026/09/24 12:06:40.127, 3, 0 %, 69748 MiB
2026/09/24 12:06:40.127, 4, 0 %, 69746 MiB
2026/09/24 12:06:40.127, 5, 0 %, 69748 MiB
2026/09/24 12:06:40.127, 6, 0 %, 69460 MiB
2026/09/24 12:06:40.127, 7, 0 %, 69746 MiB
2026/09/24 12:06:45.128, 0, 0 %, 69960 MiB
2026/09/24 12:06:45.128, 1, 0 %, 69746 MiB
2026/09/24 12:06:45.128, 2, 0 %, 69750 MiB
2026/09/24 12:06:45.128, 3, 0 %, 69748 MiB
2026/09/24 12:06:45.129, 4, 0 %, 69746 MiB
2026/09/24 12:06:45.129, 5, 0 %, 69748 MiB
2026/09/24 12:06:45.129, 6, 0 %, 69460 MiB
2026/09/24 12:06:45.129, 7, 0 %, 69746 MiB
2026/09/24 12:06:50.130, 0, 98 %, 69960 MiB
2026/09/24 12:06:50.130, 1, 98 %, 69746 MiB
2026/09/24 12:06:50.130, 2, 98 %, 69750 MiB
2026/09/24 12:06:50.130, 3, 98 %, 69748 MiB
2026/09/24 12:06:50.130, 4, 98 %, 69746 MiB
2026/09/24 12:06:50.130, 5, 99 %, 69748 MiB
2026/09/24 12:06:50.130, 6, 98 %, 69460 MiB
2026/09/24 12:06:50.130, 7, 99 %, 69746 MiB
2026/09/24 12:06:55.130, 0, 0 %, 69960 MiB
2026/09/24 12:06:55.131, 1, 0 %, 69746 MiB
2026/09/24 12:06:55.131, 2, 0 %, 69750 MiB
2026/09/24 12:06:55.131, 3, 0 %, 69748 MiB
2026/09/24 12:06:55.131, 4, 0 %, 69746 MiB
2026/09/24 12:06:55.131, 5, 0 %, 69748 MiB
2026/09/24 12:06:55.131, 6, 0 %, 69460 MiB
2026/09/24 12:06:55.131, 7, 0 %, 69746 MiB
2026/09/24 12:07:00.131, 0, 0 %, 69960 MiB
2026/09/24 12:07:00.131, 1, 0 %, 69746 MiB
2026/09/24 12:07:00.131, 2, 0 %, 69750 MiB
2026/09/24 12:07:00.132, 3, 0 %, 69748 MiB
2026/09/24 12:07:00.132, 4, 0 %, 69746 MiB
2026/09/24 12:07:00.132, 5, 0 %, 69748 MiB
2026/09/24 12:07:00.133, 6, 0 %, 69460 MiB
2026/09/24 12:07:00.133, 7, 0 %, 69746 MiB
2026/09/24 12:07:05.134, 0, 0 %, 69960 MiB
2026/09/24 12:07:05.134, 1, 0 %, 69746 MiB
2026/09/24 12:07:05.134, 2, 0 %, 69750 MiB
2026/09/24 12:07:05.134, 3, 0 %, 69748 MiB
2026/09/24 12:07:05.134, 4, 0 %, 69746 MiB
2026/09/24 12:07:05.134, 5, 0 %, 69748 MiB
2026/09/24 12:07:05.134, 6, 0 %, 69460 MiB
2026/09/24 12:07:05.134, 7, 0 %, 69746 MiB
2026/09/24 12:07:10.134, 0, 0 %, 69960 MiB
2026/09/24 12:07:10.134, 1, 0 %, 69746 MiB
2026/09/24 12:07:10.134, 2, 0 %, 69750 MiB
2026/09/24 12:07:10.134, 3, 0 %, 69748 MiB
2026/09/24 12:07:10.134, 4, 0 %, 69746 MiB
2026/09/24 12:07:10.134, 5, 0 %, 69748 MiB
2026/09/24 12:07:10.134, 6, 0 %, 69460 MiB
2026/09/24 12:07:10.134, 7, 0 %, 69746 MiB
2026/09/24 12:07:15.135, 0, 29 %, 69960 MiB
2026/09/24 12:07:15.135, 1, 72 %, 69746 MiB
2026/09/24 12:07:15.135, 2, 2 %, 69750 MiB
2026/09/24 12:07:15.135, 3, 22 %, 69748 MiB
2026/09/24 12:07:15.136, 4, 0 %, 69746 MiB
2026/09/24 12:07:15.359, 5, 0 %, 69748 MiB
2026/09/24 12:07:15.360, 6, 0 %, 69460 MiB
2026/09/24 12:07:15.360, 7, 0 %, 69746 MiB
2026/09/24 12:07:20.360, 0, 97 %, 69960 MiB
2026/09/24 12:07:20.360, 1, 99 %, 69746 MiB
2026/09/24 12:07:20.360, 2, 98 %, 69750 MiB
2026/09/24 12:07:20.360, 3, 98 %, 69748 MiB
2026/09/24 12:07:20.360, 4, 99 %, 69746 MiB
2026/09/24 12:07:20.360, 5, 99 %, 69748 MiB
2026/09/24 12:07:20.360, 6, 99 %, 69460 MiB
2026/09/24 12:07:20.360, 7, 98 %, 69746 MiB
2026/09/24 12:07:25.361, 0, 99 %, 69960 MiB
2026/09/24 12:07:25.361, 1, 97 %, 69746 MiB
2026/09/24 12:07:25.361, 2, 98 %, 69750 MiB
2026/09/24 12:07:25.361, 3, 99 %, 69748 MiB
2026/09/24 12:07:25.361, 4, 99 %, 69746 MiB
2026/09/24 12:07:25.361, 5, 99 %, 69748 MiB
2026/09/24 12:07:25.361, 6, 98 %, 69460 MiB
2026/09/24 12:07:25.361, 7, 97 %, 69746 MiB
2026/09/24 12:07:30.361, 0, 100 %, 69960 MiB
2026/09/24 12:07:30.362, 1, 99 %, 69746 MiB
2026/09/24 12:07:30.362, 2, 100 %, 69750 MiB
2026/09/24 12:07:30.362, 3, 100 %, 69748 MiB
2026/09/24 12:07:30.362, 4, 100 %, 69746 MiB
2026/09/24 12:07:30.362, 5, 100 %, 69748 MiB
2026/09/24 12:07:30.362, 6, 100 %, 69460 MiB
2026/09/24 12:07:30.362, 7, 100 %, 69746 MiB
2026/09/24 12:07:35.363, 0, 98 %, 69960 MiB
2026/09/24 12:07:35.363, 1, 98 %, 69746 MiB
2026/09/24 12:07:35.363, 2, 97 %, 69750 MiB
2026/09/24 12:07:35.363, 3, 99 %, 69748 MiB
2026/09/24 12:07:35.364, 4, 98 %, 69746 MiB
2026/09/24 12:07:35.364, 5, 99 %, 69748 MiB
2026/09/24 12:07:35.364, 6, 98 %, 69460 MiB
2026/09/24 12:07:35.365, 7, 98 %, 69746 MiB
2026/09/24 12:07:40.365, 0, 0 %, 69960 MiB
2026/09/24 12:07:40.366, 1, 0 %, 69746 MiB
2026/09/24 12:07:40.367, 2, 0 %, 69750 MiB
2026/09/24 12:07:40.367, 3, 0 %, 69748 MiB
2026/09/24 12:07:40.368, 4, 0 %, 69746 MiB
2026/09/24 12:07:40.368, 5, 0 %, 69748 MiB
2026/09/24 12:07:40.369, 6, 0 %, 69460 MiB
2026/09/24 12:07:40.369, 7, 0 %, 69746 MiB
2026/09/24 12:07:45.370, 0, 0 %, 69960 MiB
2026/09/24 12:07:45.370, 1, 0 %, 69746 MiB
2026/09/24 12:07:45.371, 2, 0 %, 69750 MiB
2026/09/24 12:07:45.371, 3, 0 %, 69748 MiB
2026/09/24 12:07:45.371, 4, 0 %, 69746 MiB
2026/09/24 12:07:45.371, 5, 0 %, 69748 MiB
2026/09/24 12:07:45.372, 6, 0 %, 69460 MiB
2026/09/24 12:07:45.372, 7, 0 %, 69746 MiB
2026/09/24 12:07:50.372, 0, 0 %, 69960 MiB
2026/09/24 12:07:50.373, 1, 0 %, 69746 MiB
2026/09/24 12:07:50.373, 2, 0 %, 69750 MiB
2026/09/24 12:07:50.373, 3, 0 %, 69748 MiB
2026/09/24 12:07:50.373, 4, 0 %, 69746 MiB
2026/09/24 12:07:50.374, 5, 0 %, 69748 MiB
2026/09/24 12:07:50.374, 6, 0 %, 69460 MiB
2026/09/24 12:07:50.374, 7, 0 %, 69746 MiB
2026/09/24 12:07:55.375, 0, 99 %, 69960 MiB
2026/09/24 12:07:55.375, 1, 98 %, 69746 MiB
2026/09/24 12:07:55.375, 2, 98 %, 69750 MiB
2026/09/24 12:07:55.375, 3, 99 %, 69748 MiB
2026/09/24 12:07:55.375, 4, 99 %, 69746 MiB
2026/09/24 12:07:55.375, 5, 99 %, 69748 MiB
2026/09/24 12:07:55.375, 6, 99 %, 69460 MiB
2026/09/24 12:07:55.375, 7, 98 %, 69746 MiB
2026/09/24 12:08:00.375, 0, 99 %, 69960 MiB
2026/09/24 12:08:00.375, 1, 98 %, 69746 MiB
2026/09/24 12:08:00.375, 2, 99 %, 69750 MiB
2026/09/24 12:08:00.375, 3, 99 %, 69748 MiB
2026/09/24 12:08:00.375, 4, 98 %, 69746 MiB
2026/09/24 12:08:00.375, 5, 99 %, 69748 MiB
2026/09/24 12:08:00.375, 6, 99 %, 69460 MiB
2026/09/24 12:08:00.375, 7, 98 %, 69746 MiB
2026/09/24 12:08:05.376, 0, 99 %, 69960 MiB
2026/09/24 12:08:05.376, 1, 98 %, 69746 MiB
2026/09/24 12:08:05.376, 2, 99 %, 69750 MiB
2026/09/24 12:08:05.376, 3, 99 %, 69748 MiB
2026/09/24 12:08:05.376, 4, 95 %, 69746 MiB
2026/09/24 12:08:05.376, 5, 99 %, 69748 MiB
2026/09/24 12:08:05.376, 6, 99 %, 69460 MiB
2026/09/24 12:08:05.376, 7, 99 %, 69746 MiB
2026/09/24 12:08:10.376, 0, 99 %, 69960 MiB
2026/09/24 12:08:10.376, 1, 98 %, 69746 MiB
2026/09/24 12:08:10.376, 2, 98 %, 69750 MiB
2026/09/24 12:08:10.376, 3, 99 %, 69748 MiB
2026/09/24 12:08:10.376, 4, 99 %, 69746 MiB
2026/09/24 12:08:10.376, 5, 99 %, 69748 MiB
2026/09/24 12:08:10.376, 6, 99 %, 69460 MiB
2026/09/24 12:08:10.376, 7, 98 %, 69746 MiB
2026/09/24 12:08:15.377, 0, 0 %, 69960 MiB
2026/09/24 12:08:15.377, 1, 0 %, 69746 MiB
2026/09/24 12:08:15.377, 2, 0 %, 69750 MiB
2026/09/24 12:08:15.377, 3, 0 %, 69748 MiB
2026/09/24 12:08:15.378, 4, 0 %, 69746 MiB
2026/09/24 12:08:15.378, 5, 0 %, 69748 MiB
2026/09/24 12:08:15.378, 6, 0 %, 69460 MiB
2026/09/24 12:08:15.378, 7, 0 %, 69746 MiB
2026/09/24 12:08:20.379, 0, 99 %, 69960 MiB
2026/09/24 12:08:20.379, 1, 99 %, 69746 MiB
2026/09/24 12:08:20.379, 2, 97 %, 69750 MiB
2026/09/24 12:08:20.379, 3, 99 %, 69748 MiB
2026/09/24 12:08:20.379, 4, 99 %, 69746 MiB
2026/09/24 12:08:20.379, 5, 99 %, 69748 MiB
2026/09/24 12:08:20.379, 6, 99 %, 69460 MiB
2026/09/24 12:08:20.379, 7, 99 %, 69746 MiB
2026/09/24 12:08:25.380, 0, 0 %, 69960 MiB
2026/09/24 12:08:25.380, 1, 0 %, 69746 MiB
2026/09/24 12:08:25.380, 2, 0 %, 69750 MiB
2026/09/24 12:08:25.380, 3, 0 %, 69748 MiB
2026/09/24 12:08:25.380, 4, 0 %, 69746 MiB
2026/09/24 12:08:25.380, 5, 0 %, 69748 MiB
2026/09/24 12:08:25.380, 6, 0 %, 69460 MiB
2026/09/24 12:08:25.380, 7, 0 %, 69746 MiB
2026/09/24 12:08:30.380, 0, 98 %, 69960 MiB
2026/09/24 12:08:30.380, 1, 99 %, 69746 MiB
2026/09/24 12:08:30.380, 2, 99 %, 69750 MiB
2026/09/24 12:08:30.380, 3, 99 %, 69748 MiB
2026/09/24 12:08:30.380, 4, 99 %, 69746 MiB
2026/09/24 12:08:30.380, 5, 99 %, 69748 MiB
2026/09/24 12:08:30.380, 6, 99 %, 69460 MiB
2026/09/24 12:08:30.380, 7, 99 %, 69746 MiB
2026/09/24 12:08:35.381, 0, 0 %, 69960 MiB
2026/09/24 12:08:35.381, 1, 0 %, 69746 MiB
2026/09/24 12:08:35.381, 2, 0 %, 69750 MiB
2026/09/24 12:08:35.382, 3, 0 %, 69748 MiB
2026/09/24 12:08:35.382, 4, 0 %, 69746 MiB
2026/09/24 12:08:35.382, 5, 0 %, 69748 MiB
2026/09/24 12:08:35.383, 6, 0 %, 69460 MiB
2026/09/24 12:08:35.383, 7, 0 %, 69746 MiB
2026/09/24 12:08:40.383, 0, 98 %, 69960 MiB
2026/09/24 12:08:40.383, 1, 98 %, 69746 MiB
2026/09/24 12:08:40.383, 2, 99 %, 69750 MiB
2026/09/24 12:08:40.383, 3, 99 %, 69748 MiB
2026/09/24 12:08:40.383, 4, 98 %, 69746 MiB
2026/09/24 12:08:40.383, 5, 99 %, 69748 MiB
2026/09/24 12:08:40.383, 6, 99 %, 69460 MiB
2026/09/24 12:08:40.383, 7, 99 %, 69746 MiB
2026/09/24 12:08:45.384, 0, 0 %, 69960 MiB
2026/09/24 12:08:45.384, 1, 0 %, 69746 MiB
2026/09/24 12:08:45.384, 2, 0 %, 69750 MiB
2026/09/24 12:08:45.384, 3, 0 %, 69748 MiB
2026/09/24 12:08:45.384, 4, 0 %, 69746 MiB
2026/09/24 12:08:45.384, 5, 0 %, 69748 MiB
2026/09/24 12:08:45.384, 6, 0 %, 69460 MiB
2026/09/24 12:08:45.384, 7, 0 %, 69746 MiB
2026/09/24 12:08:50.384, 0, 99 %, 69960 MiB
2026/09/24 12:08:50.384, 1, 99 %, 69746 MiB
2026/09/24 12:08:50.385, 2, 99 %, 69750 MiB
2026/09/24 12:08:50.385, 3, 99 %, 69748 MiB
2026/09/24 12:08:50.385, 4, 99 %, 69746 MiB
2026/09/24 12:08:50.386, 5, 99 %, 69748 MiB
2026/09/24 12:08:50.386, 6, 99 %, 69460 MiB
2026/09/24 12:08:50.386, 7, 99 %, 69746 MiB
2026/09/24 12:08:55.387, 0, 0 %, 69960 MiB
2026/09/24 12:08:55.387, 1, 0 %, 69746 MiB
2026/09/24 12:08:55.387, 2, 0 %, 69750 MiB
2026/09/24 12:08:55.388, 3, 0 %, 69748 MiB
2026/09/24 12:08:55.388, 4, 0 %, 69746 MiB
2026/09/24 12:08:55.388, 5, 0 %, 69748 MiB
2026/09/24 12:08:55.389, 6, 0 %, 69460 MiB
2026/09/24 12:08:55.389, 7, 0 %, 69746 MiB
2026/09/24 12:09:00.389, 0, 98 %, 69960 MiB
2026/09/24 12:09:00.390, 1, 98 %, 69746 MiB
2026/09/24 12:09:00.390, 2, 98 %, 69750 MiB
2026/09/24 12:09:00.390, 3, 99 %, 69748 MiB
2026/09/24 12:09:00.390, 4, 99 %, 69746 MiB
2026/09/24 12:09:00.390, 5, 98 %, 69748 MiB
2026/09/24 12:09:00.390, 6, 99 %, 69460 MiB
2026/09/24 12:09:00.390, 7, 99 %, 69746 MiB
2026/09/24 12:09:05.390, 0, 0 %, 69960 MiB
2026/09/24 12:09:05.390, 1, 0 %, 69746 MiB
2026/09/24 12:09:05.390, 2, 0 %, 69750 MiB
2026/09/24 12:09:05.390, 3, 0 %, 69748 MiB
2026/09/24 12:09:05.390, 4, 0 %, 69746 MiB
2026/09/24 12:09:05.390, 5, 0 %, 69748 MiB
2026/09/24 12:09:05.390, 6, 0 %, 69460 MiB
2026/09/24 12:09:05.390, 7, 0 %, 69746 MiB
2026/09/24 12:09:10.391, 0, 0 %, 69960 MiB
2026/09/24 12:09:10.391, 1, 0 %, 69746 MiB
2026/09/24 12:09:10.391, 2, 0 %, 69750 MiB
2026/09/24 12:09:10.391, 3, 0 %, 69748 MiB
2026/09/24 12:09:10.391, 4, 0 %, 69746 MiB
2026/09/24 12:09:10.391, 5, 0 %, 69748 MiB
2026/09/24 12:09:10.391, 6, 0 %, 69460 MiB
2026/09/24 12:09:10.391, 7, 0 %, 69746 MiB
2026/09/24 12:09:15.391, 0, 0 %, 69960 MiB
2026/09/24 12:09:15.391, 1, 9 %, 69746 MiB
2026/09/24 12:09:15.391, 2, 39 %, 69750 MiB
2026/09/24 12:09:15.391, 3, 0 %, 69748 MiB
2026/09/24 12:09:15.391, 4, 0 %, 69746 MiB
2026/09/24 12:09:15.391, 5, 49 %, 69748 MiB
2026/09/24 12:09:15.391, 6, 8 %, 69460 MiB
2026/09/24 12:09:15.391, 7, 0 %, 69746 MiB
2026/09/24 12:09:20.392, 0, 99 %, 69960 MiB
2026/09/24 12:09:20.392, 1, 98 %, 69746 MiB
2026/09/24 12:09:20.392, 2, 99 %, 69750 MiB
2026/09/24 12:09:20.392, 3, 99 %, 69748 MiB
2026/09/24 12:09:20.392, 4, 98 %, 69746 MiB
2026/09/24 12:09:20.392, 5, 98 %, 69748 MiB
2026/09/24 12:09:20.392, 6, 99 %, 69460 MiB
2026/09/24 12:09:20.392, 7, 98 %, 69746 MiB
2026/09/24 12:09:25.392, 0, 81 %, 69960 MiB
2026/09/24 12:09:25.392, 1, 92 %, 69746 MiB
2026/09/24 12:09:25.392, 2, 86 %, 69750 MiB
2026/09/24 12:09:25.392, 3, 85 %, 69748 MiB
2026/09/24 12:09:25.392, 4, 95 %, 69746 MiB
2026/09/24 12:09:25.392, 5, 98 %, 69748 MiB
2026/09/24 12:09:25.392, 6, 93 %, 69460 MiB
2026/09/24 12:09:25.392, 7, 83 %, 69746 MiB
2026/09/24 12:09:30.393, 0, 0 %, 69960 MiB
2026/09/24 12:09:30.393, 1, 0 %, 69746 MiB
2026/09/24 12:09:30.393, 2, 0 %, 69750 MiB
2026/09/24 12:09:30.393, 3, 0 %, 69748 MiB
2026/09/24 12:09:30.394, 4, 0 %, 69746 MiB
2026/09/24 12:09:30.394, 5, 0 %, 69748 MiB
2026/09/24 12:09:30.394, 6, 0 %, 69460 MiB
2026/09/24 12:09:30.394, 7, 0 %, 69746 MiB
2026/09/24 12:09:35.395, 0, 99 %, 69960 MiB
2026/09/24 12:09:35.395, 1, 99 %, 69746 MiB
2026/09/24 12:09:35.395, 2, 99 %, 69750 MiB
2026/09/24 12:09:35.396, 3, 99 %, 69748 MiB
2026/09/24 12:09:35.396, 4, 99 %, 69746 MiB
2026/09/24 12:09:35.396, 5, 98 %, 69748 MiB
2026/09/24 12:09:35.397, 6, 99 %, 69460 MiB
2026/09/24 12:09:35.397, 7, 98 %, 69746 MiB
2026/09/24 12:09:40.398, 0, 99 %, 69960 MiB
2026/09/24 12:09:40.398, 1, 99 %, 69746 MiB
2026/09/24 12:09:40.398, 2, 99 %, 69750 MiB
2026/09/24 12:09:40.399, 3, 99 %, 69748 MiB
2026/09/24 12:09:40.399, 4, 99 %, 69746 MiB
2026/09/24 12:09:40.399, 5, 99 %, 69748 MiB
2026/09/24 12:09:40.399, 6, 99 %, 69460 MiB
2026/09/24 12:09:40.399, 7, 99 %, 69746 MiB
2026/09/24 12:09:45.400, 0, 0 %, 69960 MiB
2026/09/24 12:09:45.400, 1, 0 %, 69746 MiB
2026/09/24 12:09:45.400, 2, 0 %, 69750 MiB
2026/09/24 12:09:45.400, 3, 0 %, 69748 MiB
2026/09/24 12:09:45.400, 4, 0 %, 69746 MiB
2026/09/24 12:09:45.400, 5, 0 %, 69748 MiB
2026/09/24 12:09:45.400, 6, 0 %, 69460 MiB
2026/09/24 12:09:45.400, 7, 0 %, 69746 MiB
2026/09/24 12:09:50.400, 0, 0 %, 69960 MiB
2026/09/24 12:09:50.401, 1, 0 %, 69746 MiB
2026/09/24 12:09:50.401, 2, 0 %, 69750 MiB
2026/09/24 12:09:50.401, 3, 0 %, 69748 MiB
2026/09/24 12:09:50.401, 4, 0 %, 69746 MiB
2026/09/24 12:09:50.401, 5, 0 %, 69748 MiB
2026/09/24 12:09:50.401, 6, 0 %, 69460 MiB
2026/09/24 12:09:50.401, 7, 0 %, 69746 MiB
2026/09/24 12:09:55.401, 0, 98 %, 69960 MiB
2026/09/24 12:09:55.403, 1, 99 %, 69746 MiB
2026/09/24 12:09:55.403, 2, 99 %, 69750 MiB
2026/09/24 12:09:55.403, 3, 99 %, 69748 MiB
2026/09/24 12:09:55.404, 4, 99 %, 69746 MiB
2026/09/24 12:09:55.404, 5, 99 %, 69748 MiB
2026/09/24 12:09:55.404, 6, 99 %, 69460 MiB
2026/09/24 12:09:55.405, 7, 98 %, 69746 MiB
2026/09/24 12:10:00.405, 0, 0 %, 69960 MiB
2026/09/24 12:10:00.405, 1, 0 %, 69746 MiB
2026/09/24 12:10:00.406, 2, 0 %, 69750 MiB
2026/09/24 12:10:00.406, 3, 0 %, 69748 MiB
2026/09/24 12:10:00.406, 4, 0 %, 69746 MiB
2026/09/24 12:10:00.406, 5, 0 %, 69748 MiB
2026/09/24 12:10:00.407, 6, 0 %, 69460 MiB
2026/09/24 12:10:00.407, 7, 0 %, 69746 MiB
2026/09/24 12:10:05.408, 0, 0 %, 69960 MiB
2026/09/24 12:10:05.408, 1, 0 %, 69746 MiB
2026/09/24 12:10:05.408, 2, 0 %, 69750 MiB
2026/09/24 12:10:05.408, 3, 0 %, 69748 MiB
2026/09/24 12:10:05.408, 4, 0 %, 69746 MiB
2026/09/24 12:10:05.408, 5, 0 %, 69748 MiB
2026/09/24 12:10:05.408, 6, 0 %, 69460 MiB
2026/09/24 12:10:05.408, 7, 0 %, 69746 MiB
2026/09/24 12:10:10.408, 0, 99 %, 69960 MiB
2026/09/24 12:10:10.408, 1, 99 %, 69746 MiB
2026/09/24 12:10:10.408, 2, 99 %, 69750 MiB
2026/09/24 12:10:10.408, 3, 98 %, 69748 MiB
2026/09/24 12:10:10.408, 4, 98 %, 69746 MiB
2026/09/24 12:10:10.408, 5, 99 %, 69748 MiB
2026/09/24 12:10:10.408, 6, 98 %, 69460 MiB
2026/09/24 12:10:10.408, 7, 99 %, 69746 MiB
2026/09/24 12:10:15.409, 0, 0 %, 69960 MiB
2026/09/24 12:10:15.409, 1, 0 %, 69746 MiB
2026/09/24 12:10:15.409, 2, 0 %, 69750 MiB
2026/09/24 12:10:15.409, 3, 0 %, 69748 MiB
2026/09/24 12:10:15.409, 4, 0 %, 69746 MiB
2026/09/24 12:10:15.409, 5, 0 %, 69748 MiB
2026/09/24 12:10:15.409, 6, 0 %, 69460 MiB
2026/09/24 12:10:15.409, 7, 0 %, 69746 MiB
2026/09/24 12:10:20.409, 0, 99 %, 69960 MiB
2026/09/24 12:10:20.409, 1, 99 %, 69746 MiB
2026/09/24 12:10:20.409, 2, 99 %, 69750 MiB
2026/09/24 12:10:20.409, 3, 99 %, 69748 MiB
2026/09/24 12:10:20.409, 4, 98 %, 69746 MiB
2026/09/24 12:10:20.409, 5, 99 %, 69748 MiB
2026/09/24 12:10:20.409, 6, 98 %, 69460 MiB
2026/09/24 12:10:20.409, 7, 99 %, 69746 MiB
2026/09/24 12:10:25.410, 0, 98 %, 69960 MiB
2026/09/24 12:10:25.410, 1, 98 %, 69746 MiB
2026/09/24 12:10:25.410, 2, 99 %, 69750 MiB
2026/09/24 12:10:25.410, 3, 99 %, 69748 MiB
2026/09/24 12:10:25.410, 4, 99 %, 69746 MiB
2026/09/24 12:10:25.410, 5, 98 %, 69748 MiB
2026/09/24 12:10:25.410, 6, 99 %, 69460 MiB
2026/09/24 12:10:25.410, 7, 98 %, 69746 MiB
2026/09/24 12:10:30.410, 0, 0 %, 69960 MiB
2026/09/24 12:10:30.410, 1, 0 %, 69746 MiB
2026/09/24 12:10:30.411, 2, 0 %, 69750 MiB
2026/09/24 12:10:30.411, 3, 0 %, 69748 MiB
2026/09/24 12:10:30.411, 4, 0 %, 69746 MiB
2026/09/24 12:10:30.412, 5, 0 %, 69748 MiB
2026/09/24 12:10:30.412, 6, 0 %, 69460 MiB
2026/09/24 12:10:30.412, 7, 0 %, 69746 MiB
2026/09/24 12:10:35.413, 0, 87 %, 69960 MiB
2026/09/24 12:10:35.413, 1, 58 %, 69746 MiB
2026/09/24 12:10:35.413, 2, 27 %, 69750 MiB
2026/09/24 12:10:35.413, 3, 32 %, 69748 MiB
2026/09/24 12:10:35.413, 4, 64 %, 69746 MiB
2026/09/24 12:10:35.413, 5, 27 %, 69748 MiB
2026/09/24 12:10:35.413, 6, 57 %, 69460 MiB
2026/09/24 12:10:35.413, 7, 87 %, 69746 MiB
2026/09/24 12:10:40.413, 0, 99 %, 69960 MiB
2026/09/24 12:10:40.413, 1, 99 %, 69746 MiB
2026/09/24 12:10:40.413, 2, 99 %, 69750 MiB
2026/09/24 12:10:40.413, 3, 99 %, 69748 MiB
2026/09/24 12:10:40.414, 4, 99 %, 69746 MiB
2026/09/24 12:10:40.414, 5, 99 %, 69748 MiB
2026/09/24 12:10:40.414, 6, 99 %, 69460 MiB
2026/09/24 12:10:40.414, 7, 98 %, 69746 MiB
2026/09/24 12:10:45.414, 0, 0 %, 69960 MiB
2026/09/24 12:10:45.414, 1, 0 %, 69746 MiB
2026/09/24 12:10:45.414, 2, 0 %, 69750 MiB
2026/09/24 12:10:45.414, 3, 0 %, 69748 MiB
2026/09/24 12:10:45.414, 4, 0 %, 69746 MiB
2026/09/24 12:10:45.415, 5, 0 %, 69748 MiB
2026/09/24 12:10:45.416, 6, 0 %, 69460 MiB
2026/09/24 12:10:45.416, 7, 0 %, 69746 MiB
2026/09/24 12:10:50.416, 0, 99 %, 69960 MiB
2026/09/24 12:10:50.416, 1, 99 %, 69746 MiB
2026/09/24 12:10:50.416, 2, 99 %, 69750 MiB
2026/09/24 12:10:50.416, 3, 99 %, 69748 MiB
2026/09/24 12:10:50.416, 4, 99 %, 69746 MiB
2026/09/24 12:10:50.416, 5, 99 %, 69748 MiB
2026/09/24 12:10:50.416, 6, 99 %, 69460 MiB
2026/09/24 12:10:50.416, 7, 98 %, 69746 MiB
2026/09/24 12:10:55.417, 0, 0 %, 69960 MiB
2026/09/24 12:10:55.417, 1, 0 %, 69746 MiB
2026/09/24 12:10:55.417, 2, 0 %, 69750 MiB
2026/09/24 12:10:55.417, 3, 0 %, 69748 MiB
2026/09/24 12:10:55.417, 4, 0 %, 69746 MiB
2026/09/24 12:10:55.417, 5, 0 %, 69748 MiB
2026/09/24 12:10:55.417, 6, 0 %, 69460 MiB
2026/09/24 12:10:55.417, 7, 0 %, 69746 MiB
2026/09/24 12:11:00.417, 0, 0 %, 69960 MiB
2026/09/24 12:11:00.417, 1, 0 %, 69746 MiB
2026/09/24 12:11:00.418, 2, 0 %, 69750 MiB
2026/09/24 12:11:00.418, 3, 0 %, 69748 MiB
2026/09/24 12:11:00.418, 4, 0 %, 69746 MiB
2026/09/24 12:11:00.418, 5, 0 %, 69748 MiB
2026/09/24 12:11:00.419, 6, 0 %, 69460 MiB
2026/09/24 12:11:00.419, 7, 0 %, 69746 MiB
2026/09/24 12:11:05.419, 0, 99 %, 69960 MiB
2026/09/24 12:11:05.419, 1, 98 %, 69746 MiB
2026/09/24 12:11:05.420, 2, 98 %, 69750 MiB
2026/09/24 12:11:05.420, 3, 99 %, 69748 MiB
2026/09/24 12:11:05.420, 4, 98 %, 69746 MiB
2026/09/24 12:11:05.420, 5, 99 %, 69748 MiB
2026/09/24 12:11:05.420, 6, 99 %, 69460 MiB
2026/09/24 12:11:05.420, 7, 99 %, 69746 MiB
2026/09/24 12:11:10.420, 0, 94 %, 69960 MiB
2026/09/24 12:11:10.441, 1, 78 %, 69746 MiB
2026/09/24 12:11:10.443, 2, 45 %, 69750 MiB
2026/09/24 12:11:10.445, 3, 50 %, 69748 MiB
2026/09/24 12:11:10.449, 4, 90 %, 69746 MiB
2026/09/24 12:11:10.451, 5, 49 %, 69748 MiB
2026/09/24 12:11:10.452, 6, 72 %, 69460 MiB
2026/09/24 12:11:10.457, 7, 95 %, 69746 MiB
2026/09/24 12:11:15.457, 0, 0 %, 69960 MiB
2026/09/24 12:11:15.457, 1, 0 %, 69746 MiB
2026/09/24 12:11:15.458, 2, 0 %, 69750 MiB
2026/09/24 12:11:15.458, 3, 0 %, 69748 MiB
2026/09/24 12:11:15.458, 4, 0 %, 69746 MiB
2026/09/24 12:11:15.458, 5, 0 %, 69748 MiB
2026/09/24 12:11:15.458, 6, 0 %, 69460 MiB
2026/09/24 12:11:15.458, 7, 0 %, 69746 MiB
2026/09/24 12:11:20.458, 0, 0 %, 69960 MiB
2026/09/24 12:11:20.460, 1, 0 %, 69746 MiB
2026/09/24 12:11:20.460, 2, 0 %, 69750 MiB
2026/09/24 12:11:20.461, 3, 0 %, 69748 MiB
2026/09/24 12:11:20.461, 4, 0 %, 69746 MiB
2026/09/24 12:11:20.461, 5, 0 %, 69748 MiB
2026/09/24 12:11:20.461, 6, 0 %, 69460 MiB
2026/09/24 12:11:20.462, 7, 0 %, 69746 MiB
2026/09/24 12:11:25.463, 0, 99 %, 69960 MiB
2026/09/24 12:11:25.463, 1, 99 %, 69746 MiB
2026/09/24 12:11:25.463, 2, 99 %, 69750 MiB
2026/09/24 12:11:25.463, 3, 99 %, 69748 MiB
2026/09/24 12:11:25.463, 4, 98 %, 69746 MiB
2026/09/24 12:11:25.463, 5, 99 %, 69748 MiB
2026/09/24 12:11:25.463, 6, 99 %, 69460 MiB
2026/09/24 12:11:25.463, 7, 99 %, 69746 MiB
2026/09/24 12:11:30.464, 0, 0 %, 69960 MiB
2026/09/24 12:11:30.464, 1, 0 %, 69746 MiB
2026/09/24 12:11:30.466, 2, 0 %, 69750 MiB
2026/09/24 12:11:30.466, 3, 0 %, 69748 MiB
2026/09/24 12:11:30.467, 4, 0 %, 69746 MiB
2026/09/24 12:11:30.467, 5, 0 %, 69748 MiB
2026/09/24 12:11:30.467, 6, 0 %, 69460 MiB
2026/09/24 12:11:30.467, 7, 0 %, 69746 MiB
2026/09/24 12:11:35.468, 0, 99 %, 69960 MiB
2026/09/24 12:11:35.468, 1, 99 %, 69746 MiB
2026/09/24 12:11:35.468, 2, 98 %, 69750 MiB
2026/09/24 12:11:35.468, 3, 99 %, 69748 MiB
2026/09/24 12:11:35.468, 4, 99 %, 69746 MiB
2026/09/24 12:11:35.468, 5, 99 %, 69748 MiB
2026/09/24 12:11:35.468, 6, 99 %, 69460 MiB
2026/09/24 12:11:35.468, 7, 99 %, 69746 MiB
2026/09/24 12:11:40.468, 0, 0 %, 69960 MiB
2026/09/24 12:11:40.513, 1, 0 %, 69746 MiB
2026/09/24 12:11:40.514, 2, 0 %, 69750 MiB
2026/09/24 12:11:40.515, 3, 0 %, 69748 MiB
2026/09/24 12:11:40.515, 4, 0 %, 69746 MiB
2026/09/24 12:11:40.515, 5, 0 %, 69748 MiB
2026/09/24 12:11:40.515, 6, 0 %, 69460 MiB
2026/09/24 12:11:40.515, 7, 0 %, 69746 MiB
2026/09/24 12:11:45.515, 0, 0 %, 69960 MiB
2026/09/24 12:11:45.516, 1, 0 %, 69746 MiB
2026/09/24 12:11:45.516, 2, 0 %, 69750 MiB
2026/09/24 12:11:45.517, 3, 0 %, 69748 MiB
2026/09/24 12:11:45.517, 4, 0 %, 69746 MiB
2026/09/24 12:11:45.517, 5, 0 %, 69748 MiB
2026/09/24 12:11:45.518, 6, 0 %, 69460 MiB
2026/09/24 12:11:45.518, 7, 0 %, 69746 MiB
2026/09/24 12:11:50.519, 0, 99 %, 69960 MiB
2026/09/24 12:11:50.519, 1, 99 %, 69746 MiB
2026/09/24 12:11:50.519, 2, 99 %, 69750 MiB
2026/09/24 12:11:50.519, 3, 99 %, 69748 MiB
2026/09/24 12:11:50.519, 4, 99 %, 69746 MiB
2026/09/24 12:11:50.519, 5, 99 %, 69748 MiB
2026/09/24 12:11:50.519, 6, 99 %, 69460 MiB
2026/09/24 12:11:50.519, 7, 97 %, 69746 MiB
2026/09/24 12:11:55.519, 0, 0 %, 69960 MiB
2026/09/24 12:11:55.519, 1, 0 %, 69746 MiB
2026/09/24 12:11:55.519, 2, 0 %, 69750 MiB
2026/09/24 12:11:55.519, 3, 0 %, 69748 MiB
2026/09/24 12:11:55.519, 4, 0 %, 69746 MiB
2026/09/24 12:11:55.519, 5, 0 %, 69748 MiB
2026/09/24 12:11:55.519, 6, 0 %, 69460 MiB
2026/09/24 12:11:55.519, 7, 0 %, 69746 MiB
2026/09/24 12:12:00.520, 0, 99 %, 69960 MiB
2026/09/24 12:12:00.520, 1, 97 %, 69746 MiB
2026/09/24 12:12:00.520, 2, 98 %, 69750 MiB
2026/09/24 12:12:00.520, 3, 99 %, 69748 MiB
2026/09/24 12:12:00.520, 4, 99 %, 69746 MiB
2026/09/24 12:12:00.520, 5, 99 %, 69748 MiB
2026/09/24 12:12:00.520, 6, 99 %, 69460 MiB
2026/09/24 12:12:00.520, 7, 98 %, 69746 MiB
2026/09/24 12:12:05.520, 0, 0 %, 69960 MiB
2026/09/24 12:12:05.520, 1, 0 %, 69746 MiB
2026/09/24 12:12:05.520, 2, 0 %, 69750 MiB
2026/09/24 12:12:05.520, 3, 0 %, 69748 MiB
2026/09/24 12:12:05.520, 4, 0 %, 69746 MiB
2026/09/24 12:12:05.520, 5, 0 %, 69748 MiB
2026/09/24 12:12:05.520, 6, 0 %, 69460 MiB
2026/09/24 12:12:05.520, 7, 0 %, 69746 MiB
2026/09/24 12:12:10.521, 0, 99 %, 69960 MiB
2026/09/24 12:12:10.521, 1, 98 %, 69746 MiB
2026/09/24 12:12:10.521, 2, 99 %, 69750 MiB
2026/09/24 12:12:10.521, 3, 98 %, 69748 MiB
2026/09/24 12:12:10.521, 4, 99 %, 69746 MiB
2026/09/24 12:12:10.521, 5, 99 %, 69748 MiB
2026/09/24 12:12:10.521, 6, 99 %, 69460 MiB
2026/09/24 12:12:10.521, 7, 98 %, 69746 MiB
2026/09/24 12:12:15.521, 0, 0 %, 69960 MiB
2026/09/24 12:12:15.521, 1, 0 %, 69746 MiB
2026/09/24 12:12:15.521, 2, 0 %, 69750 MiB
2026/09/24 12:12:15.521, 3, 0 %, 69748 MiB
2026/09/24 12:12:15.521, 4, 0 %, 69746 MiB
2026/09/24 12:12:15.521, 5, 0 %, 69748 MiB
2026/09/24 12:12:15.521, 6, 0 %, 69460 MiB
2026/09/24 12:12:15.521, 7, 0 %, 69746 MiB
2026/09/24 12:12:20.522, 0, 99 %, 69960 MiB
2026/09/24 12:12:20.522, 1, 99 %, 69746 MiB
2026/09/24 12:12:20.522, 2, 99 %, 69750 MiB
2026/09/24 12:12:20.522, 3, 98 %, 69748 MiB
2026/09/24 12:12:20.522, 4, 99 %, 69746 MiB
2026/09/24 12:12:20.522, 5, 99 %, 69748 MiB
2026/09/24 12:12:20.522, 6, 99 %, 69460 MiB
2026/09/24 12:12:20.522, 7, 99 %, 69746 MiB
2026/09/24 12:12:25.522, 0, 0 %, 69960 MiB
2026/09/24 12:12:25.522, 1, 0 %, 69746 MiB
2026/09/24 12:12:25.522, 2, 0 %, 69750 MiB
2026/09/24 12:12:25.522, 3, 0 %, 69748 MiB
2026/09/24 12:12:25.522, 4, 0 %, 69746 MiB
2026/09/24 12:12:25.522, 5, 0 %, 69748 MiB
2026/09/24 12:12:25.522, 6, 0 %, 69460 MiB
2026/09/24 12:12:25.523, 7, 0 %, 69746 MiB
2026/09/24 12:12:30.523, 0, 99 %, 69960 MiB
2026/09/24 12:12:30.523, 1, 98 %, 69746 MiB
2026/09/24 12:12:30.524, 2, 99 %, 69750 MiB
2026/09/24 12:12:30.524, 3, 99 %, 69748 MiB
2026/09/24 12:12:30.524, 4, 99 %, 69746 MiB
2026/09/24 12:12:30.524, 5, 99 %, 69748 MiB
2026/09/24 12:12:30.524, 6, 99 %, 69460 MiB
2026/09/24 12:12:30.524, 7, 97 %, 69746 MiB
2026/09/24 12:12:35.524, 0, 0 %, 69960 MiB
2026/09/24 12:12:35.524, 1, 0 %, 69746 MiB
2026/09/24 12:12:35.524, 2, 0 %, 69750 MiB
2026/09/24 12:12:35.524, 3, 0 %, 69748 MiB
2026/09/24 12:12:35.524, 4, 0 %, 69746 MiB
2026/09/24 12:12:35.524, 5, 0 %, 69748 MiB
2026/09/24 12:12:35.524, 6, 0 %, 69460 MiB
2026/09/24 12:12:35.524, 7, 0 %, 69746 MiB
2026/09/24 12:12:40.524, 0, 0 %, 69960 MiB
2026/09/24 12:12:40.525, 1, 0 %, 69746 MiB
2026/09/24 12:12:40.525, 2, 0 %, 69750 MiB
2026/09/24 12:12:40.526, 3, 0 %, 69748 MiB
2026/09/24 12:12:40.526, 4, 0 %, 69746 MiB
2026/09/24 12:12:40.526, 5, 0 %, 69748 MiB
2026/09/24 12:12:40.527, 6, 0 %, 69460 MiB
2026/09/24 12:12:40.527, 7, 0 %, 69746 MiB
2026/09/24 12:12:45.528, 0, 98 %, 69960 MiB
2026/09/24 12:12:45.530, 1, 99 %, 69746 MiB
2026/09/24 12:12:45.531, 2, 99 %, 69750 MiB
2026/09/24 12:12:45.532, 3, 99 %, 69748 MiB
2026/09/24 12:12:45.534, 4, 93 %, 69746 MiB
2026/09/24 12:12:45.536, 5, 99 %, 69748 MiB
2026/09/24 12:12:45.536, 6, 92 %, 69460 MiB
2026/09/24 12:12:45.536, 7, 98 %, 69746 MiB
2026/09/24 12:12:50.537, 0, 0 %, 69960 MiB
2026/09/24 12:12:50.537, 1, 0 %, 69746 MiB
2026/09/24 12:12:50.537, 2, 0 %, 69750 MiB
2026/09/24 12:12:50.537, 3, 0 %, 69748 MiB
2026/09/24 12:12:50.537, 4, 0 %, 69746 MiB
2026/09/24 12:12:50.537, 5, 0 %, 69748 MiB
2026/09/24 12:12:50.537, 6, 0 %, 69460 MiB
2026/09/24 12:12:50.537, 7, 0 %, 69746 MiB
2026/09/24 12:12:55.537, 0, 0 %, 69960 MiB
2026/09/24 12:12:55.537, 1, 0 %, 69746 MiB
2026/09/24 12:12:55.785, 2, 0 %, 69750 MiB
2026/09/24 12:12:55.790, 3, 0 %, 69748 MiB
2026/09/24 12:12:55.790, 4, 0 %, 69746 MiB
2026/09/24 12:12:55.790, 5, 0 %, 69748 MiB
2026/09/24 12:12:55.794, 6, 0 %, 69460 MiB
2026/09/24 12:12:55.794, 7, 0 %, 69746 MiB
2026/09/24 12:13:00.795, 0, 0 %, 69960 MiB
2026/09/24 12:13:00.795, 1, 0 %, 69746 MiB
2026/09/24 12:13:00.795, 2, 0 %, 69750 MiB
2026/09/24 12:13:00.795, 3, 0 %, 69748 MiB
2026/09/24 12:13:00.795, 4, 0 %, 69746 MiB
2026/09/24 12:13:00.795, 5, 0 %, 69748 MiB
2026/09/24 12:13:00.795, 6, 0 %, 69460 MiB
2026/09/24 12:13:00.795, 7, 0 %, 69746 MiB
2026/09/24 12:13:05.795, 0, 0 %, 69960 MiB
2026/09/24 12:13:05.803, 1, 0 %, 69746 MiB
2026/09/24 12:13:05.804, 2, 0 %, 69750 MiB
2026/09/24 12:13:05.804, 3, 0 %, 69748 MiB
2026/09/24 12:13:05.805, 4, 0 %, 69746 MiB
2026/09/24 12:13:05.805, 5, 0 %, 69748 MiB
2026/09/24 12:13:05.806, 6, 0 %, 69460 MiB
2026/09/24 12:13:05.806, 7, 0 %, 69746 MiB
2026/09/24 12:13:10.807, 0, 0 %, 69960 MiB
2026/09/24 12:13:10.807, 1, 0 %, 69746 MiB
2026/09/24 12:13:10.807, 2, 0 %, 69750 MiB
2026/09/24 12:13:10.807, 3, 0 %, 69748 MiB
2026/09/24 12:13:10.807, 4, 0 %, 69746 MiB
2026/09/24 12:13:10.807, 5, 0 %, 69748 MiB
2026/09/24 12:13:10.807, 6, 0 %, 69460 MiB
2026/09/24 12:13:10.807, 7, 0 %, 69746 MiB
2026/09/24 12:13:15.807, 0, 0 %, 69960 MiB
2026/09/24 12:13:15.807, 1, 0 %, 69746 MiB
2026/09/24 12:13:15.807, 2, 0 %, 69750 MiB
2026/09/24 12:13:15.807, 3, 0 %, 69748 MiB
2026/09/24 12:13:15.807, 4, 0 %, 69746 MiB
2026/09/24 12:13:15.807, 5, 0 %, 69748 MiB
2026/09/24 12:13:15.807, 6, 0 %, 69460 MiB
2026/09/24 12:13:15.807, 7, 0 %, 69746 MiB
2026/09/24 12:13:20.808, 0, 99 %, 69960 MiB
2026/09/24 12:13:20.808, 1, 98 %, 69746 MiB
2026/09/24 12:13:20.808, 2, 99 %, 69750 MiB
2026/09/24 12:13:20.808, 3, 99 %, 69748 MiB
2026/09/24 12:13:20.808, 4, 99 %, 69746 MiB
2026/09/24 12:13:20.808, 5, 99 %, 69748 MiB
2026/09/24 12:13:20.808, 6, 99 %, 69460 MiB
2026/09/24 12:13:20.808, 7, 99 %, 69746 MiB
2026/09/24 12:13:25.810, 0, 0 %, 69960 MiB
2026/09/24 12:13:25.810, 1, 0 %, 69746 MiB
2026/09/24 12:13:25.811, 2, 0 %, 69750 MiB
2026/09/24 12:13:25.811, 3, 0 %, 69748 MiB
2026/09/24 12:13:25.814, 4, 0 %, 69746 MiB
2026/09/24 12:13:25.814, 5, 0 %, 69748 MiB
2026/09/24 12:13:25.814, 6, 0 %, 69460 MiB
2026/09/24 12:13:25.815, 7, 0 %, 69746 MiB
2026/09/24 12:13:30.815, 0, 0 %, 69960 MiB
2026/09/24 12:13:30.815, 1, 0 %, 69746 MiB
2026/09/24 12:13:30.815, 2, 0 %, 69750 MiB
2026/09/24 12:13:30.815, 3, 0 %, 69748 MiB
2026/09/24 12:13:30.815, 4, 0 %, 69746 MiB
2026/09/24 12:13:30.815, 5, 0 %, 69748 MiB
2026/09/24 12:13:30.815, 6, 0 %, 69460 MiB
2026/09/24 12:13:30.815, 7, 7 %, 69746 MiB
2026/09/24 12:13:35.815, 0, 0 %, 69960 MiB
2026/09/24 12:13:35.816, 1, 0 %, 69746 MiB
2026/09/24 12:13:35.816, 2, 0 %, 69750 MiB
2026/09/24 12:13:35.817, 3, 0 %, 69748 MiB
2026/09/24 12:13:35.818, 4, 0 %, 69746 MiB
2026/09/24 12:13:35.818, 5, 0 %, 69748 MiB
2026/09/24 12:13:35.819, 6, 0 %, 69460 MiB
2026/09/24 12:13:35.819, 7, 0 %, 69746 MiB
2026/09/24 12:13:40.819, 0, 0 %, 69960 MiB
2026/09/24 12:13:40.819, 1, 0 %, 69746 MiB
2026/09/24 12:13:40.819, 2, 0 %, 69750 MiB
2026/09/24 12:13:40.819, 3, 0 %, 69748 MiB
2026/09/24 12:13:40.819, 4, 0 %, 69746 MiB
2026/09/24 12:13:40.819, 5, 0 %, 69748 MiB
2026/09/24 12:13:40.819, 6, 0 %, 69460 MiB
2026/09/24 12:13:40.819, 7, 0 %, 69746 MiB
2026/09/24 12:13:45.819, 0, 0 %, 69960 MiB
2026/09/24 12:13:45.977, 1, 0 %, 69746 MiB
2026/09/24 12:13:45.980, 2, 0 %, 69750 MiB
2026/09/24 12:13:45.980, 3, 0 %, 69748 MiB
2026/09/24 12:13:45.983, 4, 0 %, 69746 MiB
2026/09/24 12:13:45.984, 5, 0 %, 69748 MiB
2026/09/24 12:13:45.984, 6, 0 %, 69460 MiB
2026/09/24 12:13:45.984, 7, 0 %, 69746 MiB
2026/09/24 12:13:50.985, 0, 0 %, 69960 MiB
2026/09/24 12:13:50.986, 1, 0 %, 69746 MiB
2026/09/24 12:13:50.986, 2, 0 %, 69750 MiB
2026/09/24 12:13:50.986, 3, 0 %, 69748 MiB
2026/09/24 12:13:50.987, 4, 0 %, 69746 MiB
2026/09/24 12:13:50.987, 5, 0 %, 69748 MiB
2026/09/24 12:13:50.987, 6, 0 %, 69460 MiB
2026/09/24 12:13:50.988, 7, 0 %, 69746 MiB
2026/09/24 12:13:55.988, 0, 0 %, 69960 MiB
2026/09/24 12:13:55.988, 1, 0 %, 69746 MiB
2026/09/24 12:13:55.988, 2, 0 %, 69750 MiB
2026/09/24 12:13:55.988, 3, 0 %, 69748 MiB
2026/09/24 12:13:55.988, 4, 0 %, 69746 MiB
2026/09/24 12:13:55.988, 5, 0 %, 69748 MiB
2026/09/24 12:13:55.988, 6, 0 %, 69460 MiB
2026/09/24 12:13:55.988, 7, 0 %, 69746 MiB
2026/09/24 12:14:00.989, 0, 99 %, 69960 MiB
2026/09/24 12:14:00.990, 1, 99 %, 69746 MiB
2026/09/24 12:14:00.990, 2, 99 %, 69750 MiB
2026/09/24 12:14:00.991, 3, 98 %, 69748 MiB
2026/09/24 12:14:00.992, 4, 99 %, 69746 MiB
2026/09/24 12:14:00.993, 5, 98 %, 69748 MiB
2026/09/24 12:14:00.993, 6, 99 %, 69460 MiB
2026/09/24 12:14:00.996, 7, 98 %, 69746 MiB
2026/09/24 12:14:05.997, 0, 0 %, 69960 MiB
2026/09/24 12:14:05.997, 1, 0 %, 69746 MiB
2026/09/24 12:14:05.997, 2, 0 %, 69750 MiB
2026/09/24 12:14:06.001, 3, 0 %, 69748 MiB
2026/09/24 12:14:06.001, 4, 0 %, 69746 MiB
2026/09/24 12:14:06.001, 5, 0 %, 69748 MiB
2026/09/24 12:14:06.001, 6, 0 %, 69460 MiB
2026/09/24 12:14:06.001, 7, 0 %, 69746 MiB
2026/09/24 12:14:11.001, 0, 99 %, 69960 MiB
2026/09/24 12:14:11.002, 1, 98 %, 69746 MiB
2026/09/24 12:14:11.005, 2, 99 %, 69750 MiB
2026/09/24 12:14:11.005, 3, 99 %, 69748 MiB
2026/09/24 12:14:11.007, 4, 99 %, 69746 MiB
2026/09/24 12:14:11.007, 5, 99 %, 69748 MiB
2026/09/24 12:14:11.008, 6, 99 %, 69460 MiB
2026/09/24 12:14:11.009, 7, 99 %, 69746 MiB
2026/09/24 12:14:16.010, 0, 0 %, 69960 MiB
2026/09/24 12:14:16.010, 1, 0 %, 69746 MiB
2026/09/24 12:14:16.010, 2, 0 %, 69750 MiB
2026/09/24 12:14:16.010, 3, 0 %, 69748 MiB
2026/09/24 12:14:16.010, 4, 0 %, 69746 MiB
2026/09/24 12:14:16.010, 5, 0 %, 69748 MiB
2026/09/24 12:14:16.010, 6, 0 %, 69460 MiB
2026/09/24 12:14:16.010, 7, 0 %, 69746 MiB
2026/09/24 12:14:21.010, 0, 97 %, 69960 MiB
2026/09/24 12:14:21.010, 1, 99 %, 69746 MiB
2026/09/24 12:14:21.011, 2, 99 %, 69750 MiB
2026/09/24 12:14:21.011, 3, 99 %, 69748 MiB
2026/09/24 12:14:21.011, 4, 99 %, 69746 MiB
2026/09/24 12:14:21.012, 5, 99 %, 69748 MiB
2026/09/24 12:14:21.012, 6, 99 %, 69460 MiB
2026/09/24 12:14:21.012, 7, 99 %, 69746 MiB
2026/09/24 12:14:26.012, 0, 0 %, 69960 MiB
2026/09/24 12:14:26.012, 1, 0 %, 69746 MiB
2026/09/24 12:14:26.014, 2, 0 %, 69750 MiB
2026/09/24 12:14:26.015, 3, 0 %, 69748 MiB
2026/09/24 12:14:26.015, 4, 0 %, 69746 MiB
2026/09/24 12:14:26.015, 5, 0 %, 69748 MiB
2026/09/24 12:14:26.015, 6, 0 %, 69460 MiB
2026/09/24 12:14:26.015, 7, 0 %, 69746 MiB
2026/09/24 12:14:31.016, 0, 48 %, 69960 MiB
2026/09/24 12:14:31.017, 1, 92 %, 69746 MiB
2026/09/24 12:14:31.017, 2, 42 %, 69750 MiB
2026/09/24 12:14:31.017, 3, 23 %, 69748 MiB
2026/09/24 12:14:31.017, 4, 94 %, 69746 MiB
2026/09/24 12:14:31.017, 5, 40 %, 69748 MiB
2026/09/24 12:14:31.017, 6, 98 %, 69460 MiB
2026/09/24 12:14:31.017, 7, 57 %, 69746 MiB
2026/09/24 12:14:36.017, 0, 98 %, 69960 MiB
2026/09/24 12:14:36.017, 1, 99 %, 69746 MiB
2026/09/24 12:14:36.017, 2, 99 %, 69750 MiB
2026/09/24 12:14:36.018, 3, 99 %, 69748 MiB
2026/09/24 12:14:36.018, 4, 99 %, 69746 MiB
2026/09/24 12:14:36.018, 5, 99 %, 69748 MiB
2026/09/24 12:14:36.019, 6, 98 %, 69460 MiB
2026/09/24 12:14:36.019, 7, 99 %, 69746 MiB
2026/09/24 12:14:41.020, 0, 0 %, 69960 MiB
2026/09/24 12:14:41.020, 1, 0 %, 69746 MiB
2026/09/24 12:14:41.020, 2, 0 %, 69750 MiB
2026/09/24 12:14:41.020, 3, 0 %, 69748 MiB
2026/09/24 12:14:41.021, 4, 0 %, 69746 MiB
2026/09/24 12:14:41.021, 5, 0 %, 69748 MiB
2026/09/24 12:14:41.021, 6, 0 %, 69460 MiB
2026/09/24 12:14:41.022, 7, 0 %, 69746 MiB
2026/09/24 12:14:46.022, 0, 99 %, 69960 MiB
2026/09/24 12:14:46.023, 1, 94 %, 69746 MiB
2026/09/24 12:14:46.023, 2, 98 %, 69750 MiB
2026/09/24 12:14:46.023, 3, 98 %, 69748 MiB
2026/09/24 12:14:46.024, 4, 99 %, 69746 MiB
2026/09/24 12:14:46.024, 5, 99 %, 69748 MiB
2026/09/24 12:14:46.024, 6, 99 %, 69460 MiB
2026/09/24 12:14:46.024, 7, 99 %, 69746 MiB
2026/09/24 12:14:51.025, 0, 0 %, 69960 MiB
2026/09/24 12:14:51.025, 1, 0 %, 69746 MiB
2026/09/24 12:14:51.026, 2, 0 %, 69750 MiB
2026/09/24 12:14:51.026, 3, 0 %, 69748 MiB
2026/09/24 12:14:51.026, 4, 5 %, 69746 MiB
2026/09/24 12:14:51.027, 5, 0 %, 69748 MiB
2026/09/24 12:14:51.027, 6, 0 %, 69460 MiB
2026/09/24 12:14:51.028, 7, 0 %, 69746 MiB
2026/09/24 12:14:56.028, 0, 0 %, 69960 MiB
2026/09/24 12:14:56.028, 1, 0 %, 69746 MiB
2026/09/24 12:14:56.028, 2, 0 %, 69750 MiB
2026/09/24 12:14:56.028, 3, 0 %, 69748 MiB
2026/09/24 12:14:56.028, 4, 0 %, 69746 MiB
2026/09/24 12:14:56.028, 5, 0 %, 69748 MiB
2026/09/24 12:14:56.028, 6, 0 %, 69460 MiB
2026/09/24 12:14:56.028, 7, 0 %, 69746 MiB
2026/09/24 12:15:01.029, 0, 80 %, 69960 MiB
2026/09/24 12:15:01.029, 1, 93 %, 69746 MiB
2026/09/24 12:15:01.031, 2, 82 %, 69750 MiB
2026/09/24 12:15:01.031, 3, 93 %, 69748 MiB
2026/09/24 12:15:01.034, 4, 37 %, 69746 MiB
2026/09/24 12:15:01.034, 5, 87 %, 69748 MiB
2026/09/24 12:15:01.034, 6, 93 %, 69460 MiB
2026/09/24 12:15:01.034, 7, 66 %, 69746 MiB
2026/09/24 12:15:06.034, 0, 0 %, 69960 MiB
2026/09/24 12:15:06.034, 1, 0 %, 69746 MiB
2026/09/24 12:15:06.034, 2, 0 %, 69750 MiB
2026/09/24 12:15:06.034, 3, 0 %, 69748 MiB
2026/09/24 12:15:06.034, 4, 0 %, 69746 MiB
2026/09/24 12:15:06.034, 5, 0 %, 69748 MiB
2026/09/24 12:15:06.034, 6, 0 %, 69460 MiB
2026/09/24 12:15:06.035, 7, 0 %, 69746 MiB
2026/09/24 12:15:11.035, 0, 99 %, 69960 MiB
2026/09/24 12:15:11.035, 1, 99 %, 69746 MiB
2026/09/24 12:15:11.035, 2, 99 %, 69750 MiB
2026/09/24 12:15:11.035, 3, 98 %, 69748 MiB
2026/09/24 12:15:11.035, 4, 99 %, 69746 MiB
2026/09/24 12:15:11.035, 5, 99 %, 69748 MiB
2026/09/24 12:15:11.035, 6, 99 %, 69460 MiB
2026/09/24 12:15:11.035, 7, 94 %, 69746 MiB
2026/09/24 12:15:16.035, 0, 99 %, 69960 MiB
2026/09/24 12:15:16.035, 1, 99 %, 69746 MiB
2026/09/24 12:15:16.035, 2, 99 %, 69750 MiB
2026/09/24 12:15:16.035, 3, 99 %, 69748 MiB
2026/09/24 12:15:16.035, 4, 99 %, 69746 MiB
2026/09/24 12:15:16.035, 5, 98 %, 69748 MiB
2026/09/24 12:15:16.036, 6, 99 %, 69460 MiB
2026/09/24 12:15:16.036, 7, 99 %, 69746 MiB
2026/09/24 12:15:21.036, 0, 0 %, 69960 MiB
2026/09/24 12:15:21.036, 1, 0 %, 69746 MiB
2026/09/24 12:15:21.040, 2, 0 %, 69750 MiB
2026/09/24 12:15:21.040, 3, 0 %, 69748 MiB
2026/09/24 12:15:21.040, 4, 0 %, 69746 MiB
2026/09/24 12:15:21.040, 5, 0 %, 69748 MiB
2026/09/24 12:15:21.040, 6, 0 %, 69460 MiB
2026/09/24 12:15:21.040, 7, 0 %, 69746 MiB
2026/09/24 12:15:26.041, 0, 0 %, 69960 MiB
2026/09/24 12:15:26.041, 1, 0 %, 69746 MiB
2026/09/24 12:15:26.041, 2, 0 %, 69750 MiB
2026/09/24 12:15:26.041, 3, 0 %, 69748 MiB
2026/09/24 12:15:26.041, 4, 0 %, 69746 MiB
2026/09/24 12:15:26.041, 5, 0 %, 69748 MiB
2026/09/24 12:15:26.041, 6, 0 %, 69460 MiB
2026/09/24 12:15:26.041, 7, 0 %, 69746 MiB
2026/09/24 12:15:31.041, 0, 0 %, 69960 MiB
2026/09/24 12:15:31.042, 1, 0 %, 69746 MiB
2026/09/24 12:15:31.044, 2, 0 %, 69750 MiB
2026/09/24 12:15:31.044, 3, 7 %, 69748 MiB
2026/09/24 12:15:31.044, 4, 0 %, 69746 MiB
2026/09/24 12:15:31.044, 5, 0 %, 69748 MiB
2026/09/24 12:15:31.044, 6, 0 %, 69460 MiB
2026/09/24 12:15:31.044, 7, 0 %, 69746 MiB
2026/09/24 12:15:36.044, 0, 0 %, 69960 MiB
2026/09/24 12:15:36.044, 1, 0 %, 69746 MiB
2026/09/24 12:15:36.044, 2, 0 %, 69750 MiB
2026/09/24 12:15:36.044, 3, 0 %, 69748 MiB
2026/09/24 12:15:36.045, 4, 0 %, 69746 MiB
2026/09/24 12:15:36.045, 5, 0 %, 69748 MiB
2026/09/24 12:15:36.045, 6, 0 %, 69460 MiB
2026/09/24 12:15:36.045, 7, 0 %, 69746 MiB
2026/09/24 12:15:41.045, 0, 70 %, 69960 MiB
2026/09/24 12:15:41.045, 1, 21 %, 69746 MiB
2026/09/24 12:15:41.045, 2, 99 %, 69750 MiB
2026/09/24 12:15:41.045, 3, 97 %, 69748 MiB
2026/09/24 12:15:41.045, 4, 99 %, 69746 MiB
2026/09/24 12:15:41.045, 5, 99 %, 69748 MiB
2026/09/24 12:15:41.045, 6, 32 %, 69460 MiB
2026/09/24 12:15:41.045, 7, 89 %, 69746 MiB
2026/09/24 12:15:46.045, 0, 0 %, 69960 MiB
2026/09/24 12:15:46.045, 1, 0 %, 69746 MiB
2026/09/24 12:15:46.046, 2, 0 %, 69750 MiB
2026/09/24 12:15:46.046, 3, 0 %, 69748 MiB
2026/09/24 12:15:46.046, 4, 0 %, 69746 MiB
2026/09/24 12:15:46.046, 5, 0 %, 69748 MiB
2026/09/24 12:15:46.046, 6, 0 %, 69460 MiB
2026/09/24 12:15:46.046, 7, 0 %, 69746 MiB
2026/09/24 12:15:51.046, 0, 0 %, 69960 MiB
2026/09/24 12:15:51.046, 1, 0 %, 69746 MiB
2026/09/24 12:15:51.046, 2, 0 %, 69750 MiB
2026/09/24 12:15:51.046, 3, 0 %, 69748 MiB
2026/09/24 12:15:51.046, 4, 0 %, 69746 MiB
2026/09/24 12:15:51.046, 5, 0 %, 69748 MiB
2026/09/24 12:15:51.046, 6, 0 %, 69460 MiB
2026/09/24 12:15:51.046, 7, 0 %, 69746 MiB
2026/09/24 12:15:56.046, 0, 99 %, 69960 MiB
2026/09/24 12:15:56.047, 1, 99 %, 69746 MiB
2026/09/24 12:15:56.047, 2, 99 %, 69750 MiB
2026/09/24 12:15:56.047, 3, 99 %, 69748 MiB
2026/09/24 12:15:56.048, 4, 99 %, 69746 MiB
2026/09/24 12:15:56.048, 5, 99 %, 69748 MiB
2026/09/24 12:15:56.050, 6, 99 %, 69460 MiB
2026/09/24 12:15:56.052, 7, 99 %, 69746 MiB
2026/09/24 12:16:01.054, 0, 0 %, 69960 MiB
2026/09/24 12:16:01.054, 1, 0 %, 69746 MiB
2026/09/24 12:16:01.054, 2, 0 %, 69750 MiB
2026/09/24 12:16:01.054, 3, 0 %, 69748 MiB
2026/09/24 12:16:01.054, 4, 0 %, 69746 MiB
2026/09/24 12:16:01.054, 5, 0 %, 69748 MiB
2026/09/24 12:16:01.055, 6, 0 %, 69460 MiB
2026/09/24 12:16:01.055, 7, 0 %, 69746 MiB
2026/09/24 12:16:06.055, 0, 68 %, 69960 MiB
2026/09/24 12:16:06.058, 1, 91 %, 69746 MiB
2026/09/24 12:16:06.058, 2, 62 %, 69750 MiB
2026/09/24 12:16:06.059, 3, 92 %, 69748 MiB
2026/09/24 12:16:06.059, 4, 91 %, 69746 MiB
2026/09/24 12:16:06.060, 5, 78 %, 69748 MiB
2026/09/24 12:16:06.061, 6, 91 %, 69460 MiB
2026/09/24 12:16:06.061, 7, 53 %, 69746 MiB
2026/09/24 12:16:11.062, 0, 0 %, 69960 MiB
2026/09/24 12:16:11.062, 1, 0 %, 69746 MiB
2026/09/24 12:16:11.062, 2, 0 %, 69750 MiB
2026/09/24 12:16:11.063, 3, 0 %, 69748 MiB
2026/09/24 12:16:11.063, 4, 0 %, 69746 MiB
2026/09/24 12:16:11.063, 5, 0 %, 69748 MiB
2026/09/24 12:16:11.064, 6, 0 %, 69460 MiB
2026/09/24 12:16:11.064, 7, 0 %, 69746 MiB
2026/09/24 12:16:16.065, 0, 94 %, 69960 MiB
2026/09/24 12:16:16.065, 1, 97 %, 69746 MiB
2026/09/24 12:16:16.065, 2, 89 %, 69750 MiB
2026/09/24 12:16:16.065, 3, 99 %, 69748 MiB
2026/09/24 12:16:16.065, 4, 89 %, 69746 MiB
2026/09/24 12:16:16.065, 5, 85 %, 69748 MiB
2026/09/24 12:16:16.065, 6, 99 %, 69460 MiB
2026/09/24 12:16:16.065, 7, 93 %, 69746 MiB
2026/09/24 12:16:21.065, 0, 99 %, 69960 MiB
2026/09/24 12:16:21.066, 1, 94 %, 69746 MiB
2026/09/24 12:16:21.066, 2, 83 %, 69750 MiB
2026/09/24 12:16:21.068, 3, 91 %, 69748 MiB
2026/09/24 12:16:21.071, 4, 94 %, 69746 MiB
2026/09/24 12:16:21.071, 5, 86 %, 69748 MiB
2026/09/24 12:16:21.071, 6, 99 %, 69460 MiB
2026/09/24 12:16:21.072, 7, 99 %, 69746 MiB
