2026/09/28 14:27:40.267, 0, 100 %, 72940 MiB
2026/09/28 14:27:40.273, 1, 100 %, 72728 MiB
2026/09/28 14:27:40.337, 2, 100 %, 72728 MiB
2026/09/28 14:27:40.341, 3, 100 %, 72728 MiB
2026/09/28 14:27:40.343, 4, 100 %, 72728 MiB
2026/09/28 14:27:40.345, 5, 77 %, 72728 MiB
2026/09/28 14:27:40.346, 6, 100 %, 72440 MiB
2026/09/28 14:27:40.347, 7, 100 %, 72728 MiB
2026/09/28 14:27:45.349, 0, 0 %, 72940 MiB
2026/09/28 14:27:45.453, 1, 0 %, 72728 MiB
2026/09/28 14:27:45.454, 2, 0 %, 72728 MiB
2026/09/28 14:27:45.454, 3, 0 %, 72728 MiB
2026/09/28 14:27:45.454, 4, 0 %, 72728 MiB
2026/09/28 14:27:45.454, 5, 0 %, 72728 MiB
2026/09/28 14:27:45.454, 6, 0 %, 72440 MiB
2026/09/28 14:27:45.454, 7, 0 %, 72728 MiB
2026/09/28 14:27:50.455, 0, 0 %, 72940 MiB
2026/09/28 14:27:50.455, 1, 0 %, 72728 MiB
2026/09/28 14:27:50.455, 2, 0 %, 72728 MiB
2026/09/28 14:27:50.457, 3, 0 %, 72728 MiB
2026/09/28 14:27:50.460, 4, 0 %, 72728 MiB
2026/09/28 14:27:50.460, 5, 0 %, 72728 MiB
2026/09/28 14:27:50.462, 6, 0 %, 72440 MiB
2026/09/28 14:27:50.463, 7, 0 %, 72728 MiB
2026/09/28 14:27:55.464, 0, 0 %, 72940 MiB
2026/09/28 14:27:55.465, 1, 0 %, 72728 MiB
2026/09/28 14:27:55.465, 2, 0 %, 72728 MiB
2026/09/28 14:27:55.465, 3, 0 %, 72728 MiB
2026/09/28 14:27:55.465, 4, 0 %, 72728 MiB
2026/09/28 14:27:55.465, 5, 0 %, 72728 MiB
2026/09/28 14:27:55.465, 6, 0 %, 72440 MiB
2026/09/28 14:27:55.465, 7, 0 %, 72728 MiB
2026/09/28 14:28:00.465, 0, 0 %, 72940 MiB
2026/09/28 14:28:00.465, 1, 0 %, 72728 MiB
2026/09/28 14:28:00.465, 2, 0 %, 72728 MiB
2026/09/28 14:28:00.465, 3, 0 %, 72728 MiB
2026/09/28 14:28:00.465, 4, 0 %, 72728 MiB
2026/09/28 14:28:00.465, 5, 0 %, 72728 MiB
2026/09/28 14:28:00.465, 6, 0 %, 72440 MiB
2026/09/28 14:28:00.465, 7, 0 %, 72728 MiB
2026/09/28 14:28:05.466, 0, 0 %, 72940 MiB
2026/09/28 14:28:05.468, 1, 0 %, 72728 MiB
2026/09/28 14:28:05.470, 2, 0 %, 72728 MiB
2026/09/28 14:28:05.470, 3, 0 %, 72728 MiB
2026/09/28 14:28:05.470, 4, 0 %, 72728 MiB
2026/09/28 14:28:05.471, 5, 0 %, 72728 MiB
2026/09/28 14:28:05.471, 6, 0 %, 72440 MiB
2026/09/28 14:28:05.471, 7, 0 %, 72728 MiB
2026/09/28 14:28:10.472, 0, 0 %, 72940 MiB
2026/09/28 14:28:10.472, 1, 0 %, 72728 MiB
2026/09/28 14:28:10.472, 2, 0 %, 72728 MiB
2026/09/28 14:28:10.472, 3, 0 %, 72728 MiB
2026/09/28 14:28:10.472, 4, 0 %, 72728 MiB
2026/09/28 14:28:10.472, 5, 0 %, 72728 MiB
2026/09/28 14:28:10.472, 6, 0 %, 72440 MiB
2026/09/28 14:28:10.472, 7, 0 %, 72728 MiB
2026/09/28 14:28:15.472, 0, 0 %, 72940 MiB
2026/09/28 14:28:15.472, 1, 0 %, 72728 MiB
2026/09/28 14:28:15.473, 2, 0 %, 72728 MiB
2026/09/28 14:28:15.473, 3, 3 %, 73150 MiB
2026/09/28 14:28:15.473, 4, 0 %, 72728 MiB
2026/09/28 14:28:15.473, 5, 0 %, 72728 MiB
2026/09/28 14:28:15.473, 6, 0 %, 72440 MiB
2026/09/28 14:28:15.473, 7, 0 %, 72728 MiB
2026/09/28 14:28:20.474, 0, 0 %, 72940 MiB
2026/09/28 14:28:20.474, 1, 0 %, 72728 MiB
2026/09/28 14:28:20.474, 2, 0 %, 72728 MiB
2026/09/28 14:28:20.475, 3, 0 %, 72728 MiB
2026/09/28 14:28:20.475, 4, 0 %, 72728 MiB
2026/09/28 14:28:20.475, 5, 0 %, 72728 MiB
2026/09/28 14:28:20.476, 6, 0 %, 72440 MiB
2026/09/28 14:28:20.476, 7, 0 %, 72728 MiB
2026/09/28 14:28:25.476, 0, 41 %, 75312 MiB
2026/09/28 14:28:25.476, 1, 50 %, 75100 MiB
2026/09/28 14:28:25.477, 2, 96 %, 75100 MiB
2026/09/28 14:28:25.477, 3, 100 %, 75100 MiB
2026/09/28 14:28:25.478, 4, 65 %, 75100 MiB
2026/09/28 14:28:25.478, 5, 77 %, 75100 MiB
2026/09/28 14:28:25.478, 6, 67 %, 74812 MiB
2026/09/28 14:28:25.478, 7, 29 %, 75100 MiB
2026/09/28 14:28:30.479, 0, 100 %, 75312 MiB
2026/09/28 14:28:30.479, 1, 100 %, 75100 MiB
2026/09/28 14:28:30.480, 2, 100 %, 75100 MiB
2026/09/28 14:28:30.480, 3, 100 %, 75100 MiB
2026/09/28 14:28:30.480, 4, 100 %, 75100 MiB
2026/09/28 14:28:30.481, 5, 100 %, 75100 MiB
2026/09/28 14:28:30.481, 6, 100 %, 74812 MiB
2026/09/28 14:28:30.481, 7, 100 %, 75100 MiB
2026/09/28 14:28:35.482, 0, 31 %, 75314 MiB
2026/09/28 14:28:35.482, 1, 43 %, 75102 MiB
2026/09/28 14:28:35.482, 2, 56 %, 75102 MiB
2026/09/28 14:28:35.482, 3, 62 %, 75102 MiB
2026/09/28 14:28:35.483, 4, 92 %, 75102 MiB
2026/09/28 14:28:35.483, 5, 79 %, 75102 MiB
2026/09/28 14:28:35.483, 6, 84 %, 74814 MiB
2026/09/28 14:28:35.483, 7, 48 %, 75102 MiB
2026/09/28 14:28:40.483, 0, 100 %, 75314 MiB
2026/09/28 14:28:40.753, 1, 100 %, 75102 MiB
2026/09/28 14:28:40.755, 2, 97 %, 75102 MiB
2026/09/28 14:28:40.755, 3, 100 %, 75102 MiB
2026/09/28 14:28:40.755, 4, 100 %, 75102 MiB
2026/09/28 14:28:40.755, 5, 100 %, 75102 MiB
2026/09/28 14:28:40.755, 6, 100 %, 74814 MiB
2026/09/28 14:28:40.755, 7, 100 %, 75102 MiB
2026/09/28 14:28:45.756, 0, 100 %, 75316 MiB
2026/09/28 14:28:45.763, 1, 100 %, 75104 MiB
2026/09/28 14:28:45.767, 2, 100 %, 75104 MiB
2026/09/28 14:28:45.773, 3, 100 %, 75104 MiB
2026/09/28 14:28:45.777, 4, 100 %, 75104 MiB
2026/09/28 14:28:45.778, 5, 100 %, 75104 MiB
2026/09/28 14:28:45.779, 6, 100 %, 74816 MiB
2026/09/28 14:28:45.780, 7, 100 %, 75104 MiB
2026/09/28 14:28:50.782, 0, 100 %, 75316 MiB
2026/09/28 14:28:50.783, 1, 100 %, 75104 MiB
2026/09/28 14:28:50.783, 2, 100 %, 75104 MiB
2026/09/28 14:28:50.784, 3, 100 %, 75104 MiB
2026/09/28 14:28:50.786, 4, 100 %, 75104 MiB
2026/09/28 14:28:50.786, 5, 100 %, 75104 MiB
2026/09/28 14:28:50.786, 6, 100 %, 74816 MiB
2026/09/28 14:28:50.787, 7, 100 %, 75104 MiB
2026/09/28 14:28:55.789, 0, 100 %, 75316 MiB
2026/09/28 14:28:55.789, 1, 100 %, 75104 MiB
2026/09/28 14:28:55.790, 2, 100 %, 75104 MiB
2026/09/28 14:28:55.790, 3, 100 %, 75104 MiB
2026/09/28 14:28:55.790, 4, 100 %, 75104 MiB
2026/09/28 14:28:55.790, 5, 100 %, 75104 MiB
2026/09/28 14:28:55.791, 6, 100 %, 74816 MiB
2026/09/28 14:28:55.791, 7, 100 %, 75104 MiB
2026/09/28 14:29:00.791, 0, 100 %, 75316 MiB
2026/09/28 14:29:00.794, 1, 100 %, 75104 MiB
2026/09/28 14:29:00.795, 2, 100 %, 75104 MiB
2026/09/28 14:29:00.795, 3, 100 %, 75104 MiB
2026/09/28 14:29:00.795, 4, 100 %, 75104 MiB
2026/09/28 14:29:00.795, 5, 100 %, 75104 MiB
2026/09/28 14:29:00.796, 6, 100 %, 74816 MiB
2026/09/28 14:29:00.796, 7, 100 %, 75104 MiB
2026/09/28 14:29:05.797, 0, 100 %, 75316 MiB
2026/09/28 14:29:05.797, 1, 100 %, 75104 MiB
2026/09/28 14:29:05.797, 2, 100 %, 75104 MiB
2026/09/28 14:29:05.797, 3, 100 %, 75104 MiB
2026/09/28 14:29:05.797, 4, 100 %, 75104 MiB
2026/09/28 14:29:05.797, 5, 100 %, 75104 MiB
2026/09/28 14:29:05.797, 6, 100 %, 74816 MiB
2026/09/28 14:29:05.797, 7, 100 %, 75104 MiB
2026/09/28 14:29:10.797, 0, 100 %, 75316 MiB
2026/09/28 14:29:10.797, 1, 100 %, 75104 MiB
2026/09/28 14:29:10.798, 2, 100 %, 75104 MiB
2026/09/28 14:29:10.800, 3, 100 %, 75104 MiB
2026/09/28 14:29:10.800, 4, 100 %, 75104 MiB
2026/09/28 14:29:10.801, 5, 100 %, 75104 MiB
2026/09/28 14:29:10.802, 6, 100 %, 74816 MiB
2026/09/28 14:29:10.803, 7, 100 %, 75104 MiB
2026/09/28 14:29:15.803, 0, 100 %, 75316 MiB
2026/09/28 14:29:15.804, 1, 100 %, 75104 MiB
2026/09/28 14:29:15.807, 2, 100 %, 75104 MiB
2026/09/28 14:29:15.808, 3, 100 %, 75104 MiB
2026/09/28 14:29:15.809, 4, 100 %, 75104 MiB
2026/09/28 14:29:15.811, 5, 100 %, 75104 MiB
2026/09/28 14:29:15.812, 6, 100 %, 74816 MiB
2026/09/28 14:29:15.812, 7, 100 %, 75104 MiB
2026/09/28 14:29:20.813, 0, 100 %, 75316 MiB
2026/09/28 14:29:20.813, 1, 100 %, 75104 MiB
2026/09/28 14:29:20.813, 2, 100 %, 75104 MiB
2026/09/28 14:29:20.813, 3, 100 %, 75104 MiB
2026/09/28 14:29:20.813, 4, 100 %, 75104 MiB
2026/09/28 14:29:20.813, 5, 100 %, 75104 MiB
2026/09/28 14:29:20.813, 6, 100 %, 74816 MiB
2026/09/28 14:29:20.813, 7, 100 %, 75104 MiB
2026/09/28 14:29:25.813, 0, 100 %, 75316 MiB
2026/09/28 14:29:25.813, 1, 100 %, 75104 MiB
2026/09/28 14:29:25.813, 2, 100 %, 75104 MiB
2026/09/28 14:29:25.813, 3, 100 %, 75104 MiB
2026/09/28 14:29:25.813, 4, 100 %, 75104 MiB
2026/09/28 14:29:25.813, 5, 100 %, 75104 MiB
2026/09/28 14:29:25.813, 6, 100 %, 74816 MiB
2026/09/28 14:29:25.813, 7, 100 %, 75104 MiB
2026/09/28 14:29:30.813, 0, 100 %, 75316 MiB
2026/09/28 14:29:30.814, 1, 100 %, 75104 MiB
2026/09/28 14:29:30.814, 2, 100 %, 75104 MiB
2026/09/28 14:29:30.814, 3, 100 %, 75104 MiB
2026/09/28 14:29:30.814, 4, 100 %, 75104 MiB
2026/09/28 14:29:30.814, 5, 100 %, 75104 MiB
2026/09/28 14:29:30.814, 6, 100 %, 74816 MiB
2026/09/28 14:29:30.814, 7, 100 %, 75104 MiB
2026/09/28 14:29:35.814, 0, 100 %, 75316 MiB
2026/09/28 14:29:35.814, 1, 100 %, 75104 MiB
2026/09/28 14:29:35.816, 2, 100 %, 75104 MiB
2026/09/28 14:29:35.819, 3, 100 %, 75104 MiB
2026/09/28 14:29:35.819, 4, 100 %, 75104 MiB
2026/09/28 14:29:35.819, 5, 100 %, 75104 MiB
2026/09/28 14:29:35.819, 6, 100 %, 74816 MiB
2026/09/28 14:29:35.819, 7, 100 %, 75104 MiB
2026/09/28 14:29:40.819, 0, 100 %, 75316 MiB
2026/09/28 14:29:40.819, 1, 100 %, 75104 MiB
2026/09/28 14:29:40.822, 2, 100 %, 75104 MiB
2026/09/28 14:29:40.822, 3, 100 %, 75104 MiB
2026/09/28 14:29:40.822, 4, 100 %, 75104 MiB
2026/09/28 14:29:40.823, 5, 100 %, 75104 MiB
2026/09/28 14:29:40.824, 6, 100 %, 74816 MiB
2026/09/28 14:29:40.825, 7, 100 %, 75104 MiB
2026/09/28 14:29:45.829, 0, 100 %, 75316 MiB
2026/09/28 14:29:45.829, 1, 100 %, 75104 MiB
2026/09/28 14:29:45.829, 2, 100 %, 75104 MiB
2026/09/28 14:29:45.829, 3, 100 %, 75104 MiB
2026/09/28 14:29:45.829, 4, 100 %, 75104 MiB
2026/09/28 14:29:45.829, 5, 100 %, 75104 MiB
2026/09/28 14:29:45.829, 6, 100 %, 74816 MiB
2026/09/28 14:29:45.829, 7, 100 %, 75104 MiB
2026/09/28 14:29:50.829, 0, 100 %, 75316 MiB
2026/09/28 14:29:50.829, 1, 100 %, 75104 MiB
2026/09/28 14:29:50.829, 2, 100 %, 75104 MiB
2026/09/28 14:29:50.829, 3, 100 %, 75104 MiB
2026/09/28 14:29:50.829, 4, 100 %, 75104 MiB
2026/09/28 14:29:50.830, 5, 100 %, 75104 MiB
2026/09/28 14:29:50.830, 6, 100 %, 74816 MiB
2026/09/28 14:29:50.830, 7, 100 %, 75104 MiB
2026/09/28 14:29:55.830, 0, 100 %, 75316 MiB
2026/09/28 14:29:55.830, 1, 100 %, 75104 MiB
2026/09/28 14:29:55.830, 2, 100 %, 75104 MiB
2026/09/28 14:29:55.830, 3, 100 %, 75104 MiB
2026/09/28 14:29:55.830, 4, 100 %, 75104 MiB
2026/09/28 14:29:55.830, 5, 100 %, 75104 MiB
2026/09/28 14:29:55.830, 6, 100 %, 74816 MiB
2026/09/28 14:29:55.830, 7, 100 %, 75104 MiB
2026/09/28 14:30:00.830, 0, 100 %, 75316 MiB
2026/09/28 14:30:00.830, 1, 100 %, 75104 MiB
2026/09/28 14:30:00.831, 2, 100 %, 75104 MiB
2026/09/28 14:30:00.831, 3, 100 %, 75104 MiB
2026/09/28 14:30:00.831, 4, 100 %, 75104 MiB
2026/09/28 14:30:00.832, 5, 100 %, 75104 MiB
2026/09/28 14:30:00.832, 6, 100 %, 74816 MiB
2026/09/28 14:30:00.832, 7, 100 %, 75104 MiB
2026/09/28 14:30:05.833, 0, 100 %, 75316 MiB
2026/09/28 14:30:05.833, 1, 100 %, 75104 MiB
2026/09/28 14:30:05.834, 2, 100 %, 75104 MiB
2026/09/28 14:30:05.834, 3, 100 %, 75104 MiB
2026/09/28 14:30:05.834, 4, 100 %, 75104 MiB
2026/09/28 14:30:05.834, 5, 100 %, 75104 MiB
2026/09/28 14:30:05.835, 6, 100 %, 74816 MiB
2026/09/28 14:30:05.835, 7, 100 %, 75104 MiB
2026/09/28 14:30:10.836, 0, 100 %, 75316 MiB
2026/09/28 14:30:10.836, 1, 100 %, 75104 MiB
2026/09/28 14:30:10.836, 2, 100 %, 75104 MiB
2026/09/28 14:30:10.836, 3, 100 %, 75104 MiB
2026/09/28 14:30:10.836, 4, 100 %, 75104 MiB
2026/09/28 14:30:10.836, 5, 100 %, 75104 MiB
2026/09/28 14:30:10.836, 6, 100 %, 74816 MiB
2026/09/28 14:30:10.836, 7, 100 %, 75104 MiB
2026/09/28 14:30:15.836, 0, 100 %, 75316 MiB
2026/09/28 14:30:15.836, 1, 100 %, 75104 MiB
2026/09/28 14:30:15.840, 2, 100 %, 75104 MiB
2026/09/28 14:30:15.840, 3, 100 %, 75104 MiB
2026/09/28 14:30:15.840, 4, 100 %, 75104 MiB
2026/09/28 14:30:15.840, 5, 100 %, 75104 MiB
2026/09/28 14:30:15.840, 6, 100 %, 74816 MiB
2026/09/28 14:30:15.840, 7, 100 %, 75104 MiB
2026/09/28 14:30:20.841, 0, 100 %, 75316 MiB
2026/09/28 14:30:20.841, 1, 100 %, 75104 MiB
2026/09/28 14:30:20.841, 2, 100 %, 75104 MiB
2026/09/28 14:30:20.841, 3, 100 %, 75104 MiB
2026/09/28 14:30:20.841, 4, 100 %, 75104 MiB
2026/09/28 14:30:20.841, 5, 100 %, 75104 MiB
2026/09/28 14:30:20.841, 6, 100 %, 74816 MiB
2026/09/28 14:30:20.841, 7, 100 %, 75104 MiB
2026/09/28 14:30:25.841, 0, 0 %, 75316 MiB
2026/09/28 14:30:25.842, 1, 0 %, 75104 MiB
2026/09/28 14:30:25.844, 2, 0 %, 75104 MiB
2026/09/28 14:30:25.850, 3, 0 %, 75104 MiB
2026/09/28 14:30:25.850, 4, 0 %, 75104 MiB
2026/09/28 14:30:25.850, 5, 0 %, 75104 MiB
2026/09/28 14:30:25.850, 6, 0 %, 74816 MiB
2026/09/28 14:30:25.850, 7, 0 %, 75104 MiB
2026/09/28 14:30:30.857, 0, 0 %, 75316 MiB
2026/09/28 14:30:30.858, 1, 0 %, 75104 MiB
2026/09/28 14:30:30.858, 2, 0 %, 75104 MiB
2026/09/28 14:30:30.858, 3, 0 %, 75104 MiB
2026/09/28 14:30:30.859, 4, 0 %, 75104 MiB
2026/09/28 14:30:30.859, 5, 0 %, 75104 MiB
2026/09/28 14:30:30.859, 6, 0 %, 74816 MiB
2026/09/28 14:30:30.859, 7, 0 %, 75104 MiB
2026/09/28 14:30:35.860, 0, 0 %, 75316 MiB
2026/09/28 14:30:35.860, 1, 0 %, 75104 MiB
2026/09/28 14:30:35.860, 2, 0 %, 75104 MiB
2026/09/28 14:30:35.860, 3, 0 %, 75104 MiB
2026/09/28 14:30:35.860, 4, 0 %, 75104 MiB
2026/09/28 14:30:35.860, 5, 0 %, 75104 MiB
2026/09/28 14:30:35.860, 6, 0 %, 74816 MiB
2026/09/28 14:30:35.860, 7, 0 %, 75104 MiB
2026/09/28 14:30:40.860, 0, 0 %, 75316 MiB
2026/09/28 14:30:40.860, 1, 0 %, 75104 MiB
2026/09/28 14:30:40.860, 2, 0 %, 75104 MiB
2026/09/28 14:30:40.860, 3, 0 %, 75104 MiB
2026/09/28 14:30:40.860, 4, 0 %, 75104 MiB
2026/09/28 14:30:40.860, 5, 0 %, 75104 MiB
2026/09/28 14:30:40.860, 6, 0 %, 74816 MiB
2026/09/28 14:30:40.860, 7, 0 %, 75104 MiB
2026/09/28 14:30:45.861, 0, 0 %, 75316 MiB
2026/09/28 14:30:45.861, 1, 0 %, 75104 MiB
2026/09/28 14:30:45.861, 2, 0 %, 75104 MiB
2026/09/28 14:30:45.861, 3, 0 %, 75104 MiB
2026/09/28 14:30:45.861, 4, 0 %, 75104 MiB
2026/09/28 14:30:45.861, 5, 0 %, 75104 MiB
2026/09/28 14:30:45.861, 6, 0 %, 74816 MiB
2026/09/28 14:30:45.861, 7, 0 %, 75104 MiB
2026/09/28 14:30:50.861, 0, 100 %, 75316 MiB
2026/09/28 14:30:50.861, 1, 97 %, 75104 MiB
2026/09/28 14:30:50.861, 2, 97 %, 75104 MiB
2026/09/28 14:30:50.861, 3, 97 %, 75104 MiB
2026/09/28 14:30:50.861, 4, 100 %, 75104 MiB
2026/09/28 14:30:50.861, 5, 100 %, 75104 MiB
2026/09/28 14:30:50.861, 6, 100 %, 74816 MiB
2026/09/28 14:30:50.861, 7, 97 %, 75104 MiB
2026/09/28 14:30:55.862, 0, 97 %, 75318 MiB
2026/09/28 14:30:55.863, 1, 97 %, 75106 MiB
2026/09/28 14:30:55.863, 2, 97 %, 75106 MiB
2026/09/28 14:30:55.863, 3, 97 %, 75106 MiB
2026/09/28 14:30:55.863, 4, 97 %, 75106 MiB
2026/09/28 14:30:55.863, 5, 100 %, 75106 MiB
2026/09/28 14:30:55.863, 6, 97 %, 74818 MiB
2026/09/28 14:30:55.863, 7, 97 %, 75106 MiB
2026/09/28 14:31:00.863, 0, 100 %, 75320 MiB
2026/09/28 14:31:00.863, 1, 100 %, 75108 MiB
2026/09/28 14:31:00.863, 2, 97 %, 75108 MiB
2026/09/28 14:31:00.863, 3, 100 %, 75108 MiB
2026/09/28 14:31:00.863, 4, 100 %, 75108 MiB
2026/09/28 14:31:00.863, 5, 100 %, 75108 MiB
2026/09/28 14:31:00.863, 6, 100 %, 74820 MiB
2026/09/28 14:31:00.863, 7, 100 %, 75108 MiB
2026/09/28 14:31:05.864, 0, 100 %, 75326 MiB
2026/09/28 14:31:05.864, 1, 100 %, 75114 MiB
2026/09/28 14:31:05.865, 2, 100 %, 75116 MiB
2026/09/28 14:31:05.866, 3, 100 %, 75114 MiB
2026/09/28 14:31:05.866, 4, 100 %, 75116 MiB
2026/09/28 14:31:05.866, 5, 100 %, 75114 MiB
2026/09/28 14:31:05.867, 6, 100 %, 74828 MiB
2026/09/28 14:31:05.867, 7, 100 %, 75114 MiB
2026/09/28 14:31:10.868, 0, 100 %, 75346 MiB
2026/09/28 14:31:10.868, 1, 100 %, 75134 MiB
2026/09/28 14:31:10.868, 2, 100 %, 75136 MiB
2026/09/28 14:31:10.868, 3, 100 %, 75134 MiB
2026/09/28 14:31:10.868, 4, 100 %, 75136 MiB
2026/09/28 14:31:10.868, 5, 100 %, 75134 MiB
2026/09/28 14:31:10.868, 6, 100 %, 74848 MiB
2026/09/28 14:31:10.868, 7, 100 %, 75134 MiB
2026/09/28 14:31:15.868, 0, 100 %, 75346 MiB
2026/09/28 14:31:15.868, 1, 100 %, 75134 MiB
2026/09/28 14:31:15.871, 2, 100 %, 75136 MiB
2026/09/28 14:31:15.871, 3, 100 %, 75134 MiB
2026/09/28 14:31:15.871, 4, 100 %, 75136 MiB
2026/09/28 14:31:15.872, 5, 100 %, 75134 MiB
2026/09/28 14:31:15.872, 6, 100 %, 74848 MiB
2026/09/28 14:31:15.872, 7, 100 %, 75134 MiB
2026/09/28 14:31:20.873, 0, 100 %, 75348 MiB
2026/09/28 14:31:20.874, 1, 100 %, 75136 MiB
2026/09/28 14:31:20.874, 2, 100 %, 75138 MiB
2026/09/28 14:31:20.874, 3, 100 %, 75136 MiB
2026/09/28 14:31:20.875, 4, 100 %, 75138 MiB
2026/09/28 14:31:20.875, 5, 100 %, 75136 MiB
2026/09/28 14:31:20.875, 6, 100 %, 74850 MiB
2026/09/28 14:31:20.876, 7, 100 %, 75136 MiB
2026/09/28 14:31:25.876, 0, 100 %, 75348 MiB
2026/09/28 14:31:25.877, 1, 100 %, 75136 MiB
2026/09/28 14:31:25.877, 2, 100 %, 75138 MiB
2026/09/28 14:31:25.878, 3, 100 %, 75136 MiB
2026/09/28 14:31:25.878, 4, 100 %, 75138 MiB
2026/09/28 14:31:25.879, 5, 100 %, 75136 MiB
2026/09/28 14:31:25.881, 6, 100 %, 74850 MiB
2026/09/28 14:31:25.882, 7, 100 %, 75136 MiB
2026/09/28 14:31:30.882, 0, 100 %, 75348 MiB
2026/09/28 14:31:30.882, 1, 100 %, 75136 MiB
2026/09/28 14:31:30.882, 2, 100 %, 75138 MiB
2026/09/28 14:31:30.882, 3, 100 %, 75136 MiB
2026/09/28 14:31:30.882, 4, 100 %, 75138 MiB
2026/09/28 14:31:30.882, 5, 100 %, 75136 MiB
2026/09/28 14:31:30.882, 6, 100 %, 74850 MiB
2026/09/28 14:31:30.882, 7, 100 %, 75136 MiB
2026/09/28 14:31:35.882, 0, 99 %, 75350 MiB
2026/09/28 14:31:35.883, 1, 98 %, 75138 MiB
2026/09/28 14:31:35.883, 2, 98 %, 75140 MiB
2026/09/28 14:31:35.883, 3, 94 %, 75138 MiB
2026/09/28 14:31:35.883, 4, 100 %, 75140 MiB
2026/09/28 14:31:35.883, 5, 99 %, 75138 MiB
2026/09/28 14:31:35.883, 6, 99 %, 74852 MiB
2026/09/28 14:31:35.883, 7, 96 %, 75138 MiB
2026/09/28 14:31:40.883, 0, 100 %, 75350 MiB
2026/09/28 14:31:40.883, 1, 100 %, 75138 MiB
2026/09/28 14:31:40.885, 2, 100 %, 75140 MiB
2026/09/28 14:31:40.885, 3, 100 %, 75138 MiB
2026/09/28 14:31:40.886, 4, 100 %, 75140 MiB
2026/09/28 14:31:40.888, 5, 100 %, 75138 MiB
2026/09/28 14:31:40.888, 6, 100 %, 74852 MiB
2026/09/28 14:31:40.888, 7, 100 %, 75138 MiB
2026/09/28 14:31:45.891, 0, 100 %, 75350 MiB
2026/09/28 14:31:45.891, 1, 100 %, 75138 MiB
2026/09/28 14:31:45.891, 2, 100 %, 75140 MiB
2026/09/28 14:31:45.893, 3, 100 %, 75138 MiB
2026/09/28 14:31:45.893, 4, 100 %, 75140 MiB
2026/09/28 14:31:45.893, 5, 100 %, 75138 MiB
2026/09/28 14:31:45.896, 6, 100 %, 74852 MiB
2026/09/28 14:31:45.896, 7, 100 %, 75138 MiB
2026/09/28 14:31:50.897, 0, 0 %, 72722 MiB
2026/09/28 14:31:50.897, 1, 0 %, 72510 MiB
2026/09/28 14:31:50.897, 2, 0 %, 72510 MiB
2026/09/28 14:31:50.897, 3, 0 %, 72510 MiB
2026/09/28 14:31:50.897, 4, 0 %, 72510 MiB
2026/09/28 14:31:50.897, 5, 0 %, 72510 MiB
2026/09/28 14:31:50.897, 6, 0 %, 72222 MiB
2026/09/28 14:31:50.897, 7, 0 %, 72510 MiB
2026/09/28 14:31:55.897, 0, 0 %, 72722 MiB
2026/09/28 14:31:55.897, 1, 0 %, 72510 MiB
2026/09/28 14:31:55.898, 2, 0 %, 72510 MiB
2026/09/28 14:31:55.898, 3, 0 %, 72510 MiB
2026/09/28 14:31:55.898, 4, 0 %, 72510 MiB
2026/09/28 14:31:55.899, 5, 0 %, 72510 MiB
2026/09/28 14:31:55.899, 6, 0 %, 72222 MiB
2026/09/28 14:31:55.899, 7, 0 %, 72510 MiB
2026/09/28 14:32:00.899, 0, 0 %, 72722 MiB
2026/09/28 14:32:00.899, 1, 0 %, 72510 MiB
2026/09/28 14:32:00.900, 2, 0 %, 72510 MiB
2026/09/28 14:32:00.900, 3, 0 %, 72510 MiB
2026/09/28 14:32:00.900, 4, 0 %, 72510 MiB
2026/09/28 14:32:00.901, 5, 0 %, 72510 MiB
2026/09/28 14:32:00.901, 6, 0 %, 72222 MiB
2026/09/28 14:32:00.901, 7, 0 %, 72510 MiB
2026/09/28 14:32:05.901, 0, 0 %, 72722 MiB
2026/09/28 14:32:05.901, 1, 0 %, 72510 MiB
2026/09/28 14:32:05.901, 2, 0 %, 72510 MiB
2026/09/28 14:32:05.902, 3, 0 %, 72510 MiB
2026/09/28 14:32:05.902, 4, 0 %, 72510 MiB
2026/09/28 14:32:05.902, 5, 0 %, 72510 MiB
2026/09/28 14:32:05.902, 6, 0 %, 72222 MiB
2026/09/28 14:32:05.902, 7, 0 %, 72510 MiB
2026/09/28 14:32:10.902, 0, 99 %, 75462 MiB
2026/09/28 14:32:10.902, 1, 100 %, 75250 MiB
2026/09/28 14:32:10.902, 2, 100 %, 75250 MiB
2026/09/28 14:32:10.902, 3, 100 %, 75250 MiB
2026/09/28 14:32:10.902, 4, 100 %, 75250 MiB
2026/09/28 14:32:10.902, 5, 100 %, 75250 MiB
2026/09/28 14:32:10.902, 6, 100 %, 74962 MiB
2026/09/28 14:32:10.902, 7, 96 %, 75250 MiB
2026/09/28 14:32:15.902, 0, 100 %, 75470 MiB
2026/09/28 14:32:15.948, 1, 100 %, 75258 MiB
2026/09/28 14:32:15.948, 2, 100 %, 75258 MiB
2026/09/28 14:32:15.949, 3, 100 %, 75258 MiB
2026/09/28 14:32:15.950, 4, 100 %, 75258 MiB
2026/09/28 14:32:15.953, 5, 100 %, 75258 MiB
2026/09/28 14:32:15.953, 6, 100 %, 74970 MiB
2026/09/28 14:32:15.954, 7, 100 %, 75258 MiB
2026/09/28 14:32:20.955, 0, 99 %, 75470 MiB
2026/09/28 14:32:20.955, 1, 100 %, 75258 MiB
2026/09/28 14:32:20.955, 2, 100 %, 75258 MiB
2026/09/28 14:32:20.955, 3, 97 %, 75258 MiB
2026/09/28 14:32:20.955, 4, 100 %, 75258 MiB
2026/09/28 14:32:20.955, 5, 100 %, 75258 MiB
2026/09/28 14:32:20.955, 6, 100 %, 74970 MiB
2026/09/28 14:32:20.955, 7, 100 %, 75258 MiB
2026/09/28 14:32:25.955, 0, 100 %, 75472 MiB
2026/09/28 14:32:25.956, 1, 100 %, 75260 MiB
2026/09/28 14:32:25.957, 2, 100 %, 75260 MiB
2026/09/28 14:32:25.959, 3, 100 %, 75260 MiB
2026/09/28 14:32:25.959, 4, 100 %, 75260 MiB
2026/09/28 14:32:25.959, 5, 100 %, 75260 MiB
2026/09/28 14:32:25.960, 6, 100 %, 74972 MiB
2026/09/28 14:32:25.960, 7, 100 %, 75260 MiB
2026/09/28 14:32:30.960, 0, 100 %, 75474 MiB
2026/09/28 14:32:30.960, 1, 100 %, 75262 MiB
2026/09/28 14:32:30.961, 2, 100 %, 75262 MiB
2026/09/28 14:32:30.961, 3, 100 %, 75262 MiB
2026/09/28 14:32:30.962, 4, 100 %, 75262 MiB
2026/09/28 14:32:30.962, 5, 100 %, 75262 MiB
2026/09/28 14:32:30.963, 6, 100 %, 74974 MiB
2026/09/28 14:32:30.963, 7, 100 %, 75262 MiB
2026/09/28 14:32:35.964, 0, 100 %, 75476 MiB
2026/09/28 14:32:35.964, 1, 100 %, 75264 MiB
2026/09/28 14:32:35.964, 2, 100 %, 75264 MiB
2026/09/28 14:32:35.965, 3, 100 %, 75264 MiB
2026/09/28 14:32:35.965, 4, 100 %, 75264 MiB
2026/09/28 14:32:35.966, 5, 100 %, 75264 MiB
2026/09/28 14:32:35.966, 6, 100 %, 74976 MiB
2026/09/28 14:32:35.966, 7, 100 %, 75264 MiB
2026/09/28 14:32:40.967, 0, 100 %, 75478 MiB
2026/09/28 14:32:40.967, 1, 97 %, 75266 MiB
2026/09/28 14:32:40.968, 2, 97 %, 75266 MiB
2026/09/28 14:32:40.968, 3, 100 %, 75266 MiB
2026/09/28 14:32:40.969, 4, 97 %, 75266 MiB
2026/09/28 14:32:40.969, 5, 100 %, 75266 MiB
2026/09/28 14:32:40.969, 6, 98 %, 74978 MiB
2026/09/28 14:32:40.970, 7, 97 %, 75266 MiB
2026/09/28 14:32:45.970, 0, 100 %, 75480 MiB
2026/09/28 14:32:45.971, 1, 100 %, 75268 MiB
2026/09/28 14:32:45.972, 2, 100 %, 75268 MiB
2026/09/28 14:32:45.972, 3, 100 %, 75268 MiB
2026/09/28 14:32:45.974, 4, 100 %, 75268 MiB
2026/09/28 14:32:45.974, 5, 100 %, 75268 MiB
2026/09/28 14:32:45.975, 6, 100 %, 74980 MiB
2026/09/28 14:32:45.975, 7, 100 %, 75268 MiB
2026/09/28 14:32:50.976, 0, 100 %, 75504 MiB
2026/09/28 14:32:50.978, 1, 100 %, 75292 MiB
2026/09/28 14:32:50.982, 2, 100 %, 75292 MiB
2026/09/28 14:32:50.983, 3, 100 %, 75292 MiB
2026/09/28 14:32:50.984, 4, 100 %, 75292 MiB
2026/09/28 14:32:50.984, 5, 100 %, 75292 MiB
2026/09/28 14:32:50.985, 6, 100 %, 75004 MiB
2026/09/28 14:32:50.985, 7, 100 %, 75292 MiB
2026/09/28 14:32:55.986, 0, 100 %, 75504 MiB
2026/09/28 14:32:55.986, 1, 100 %, 75292 MiB
2026/09/28 14:32:55.986, 2, 100 %, 75292 MiB
2026/09/28 14:32:55.986, 3, 100 %, 75292 MiB
2026/09/28 14:32:55.986, 4, 100 %, 75292 MiB
2026/09/28 14:32:55.986, 5, 100 %, 75292 MiB
2026/09/28 14:32:55.986, 6, 97 %, 75004 MiB
2026/09/28 14:32:55.986, 7, 100 %, 75292 MiB
2026/09/28 14:33:00.986, 0, 100 %, 75504 MiB
2026/09/28 14:33:00.987, 1, 80 %, 75292 MiB
2026/09/28 14:33:00.987, 2, 96 %, 75292 MiB
2026/09/28 14:33:00.987, 3, 100 %, 75292 MiB
2026/09/28 14:33:00.987, 4, 100 %, 75292 MiB
2026/09/28 14:33:00.987, 5, 94 %, 75292 MiB
2026/09/28 14:33:00.987, 6, 95 %, 75004 MiB
2026/09/28 14:33:00.987, 7, 94 %, 75292 MiB
2026/09/28 14:33:05.987, 0, 94 %, 75506 MiB
2026/09/28 14:33:05.989, 1, 75 %, 75294 MiB
2026/09/28 14:33:05.989, 2, 100 %, 75294 MiB
2026/09/28 14:33:05.990, 3, 100 %, 75294 MiB
2026/09/28 14:33:05.990, 4, 100 %, 75294 MiB
2026/09/28 14:33:05.991, 5, 91 %, 75294 MiB
2026/09/28 14:33:05.991, 6, 100 %, 75006 MiB
2026/09/28 14:33:05.991, 7, 100 %, 75294 MiB
2026/09/28 14:33:10.992, 0, 100 %, 75508 MiB
2026/09/28 14:33:10.992, 1, 100 %, 75296 MiB
2026/09/28 14:33:10.992, 2, 100 %, 75296 MiB
2026/09/28 14:33:10.992, 3, 100 %, 75296 MiB
2026/09/28 14:33:10.992, 4, 99 %, 75296 MiB
2026/09/28 14:33:10.992, 5, 97 %, 75296 MiB
2026/09/28 14:33:10.992, 6, 100 %, 75008 MiB
2026/09/28 14:33:10.992, 7, 100 %, 75296 MiB
2026/09/28 14:33:15.993, 0, 100 %, 75510 MiB
2026/09/28 14:33:16.071, 1, 100 %, 75298 MiB
2026/09/28 14:33:16.082, 2, 100 %, 75298 MiB
2026/09/28 14:33:16.087, 3, 97 %, 75298 MiB
2026/09/28 14:33:16.092, 4, 100 %, 75298 MiB
2026/09/28 14:33:16.094, 5, 100 %, 75298 MiB
2026/09/28 14:33:16.095, 6, 100 %, 75010 MiB
2026/09/28 14:33:16.097, 7, 100 %, 75298 MiB
2026/09/28 14:33:21.098, 0, 100 %, 75510 MiB
2026/09/28 14:33:21.469, 1, 100 %, 75298 MiB
2026/09/28 14:33:21.469, 2, 100 %, 75298 MiB
2026/09/28 14:33:21.470, 3, 100 %, 75298 MiB
2026/09/28 14:33:21.471, 4, 100 %, 75298 MiB
2026/09/28 14:33:21.471, 5, 100 %, 75298 MiB
2026/09/28 14:33:21.471, 6, 100 %, 75010 MiB
2026/09/28 14:33:21.472, 7, 100 %, 75298 MiB
2026/09/28 14:33:26.472, 0, 98 %, 75510 MiB
2026/09/28 14:33:26.474, 1, 99 %, 75298 MiB
2026/09/28 14:33:26.476, 2, 98 %, 75298 MiB
2026/09/28 14:33:26.477, 3, 100 %, 75298 MiB
2026/09/28 14:33:26.479, 4, 98 %, 75298 MiB
2026/09/28 14:33:26.482, 5, 99 %, 75298 MiB
2026/09/28 14:33:26.484, 6, 100 %, 75010 MiB
2026/09/28 14:33:26.485, 7, 100 %, 75298 MiB
2026/09/28 14:33:31.486, 0, 100 %, 75510 MiB
2026/09/28 14:33:31.486, 1, 100 %, 75298 MiB
2026/09/28 14:33:31.486, 2, 100 %, 75298 MiB
2026/09/28 14:33:31.486, 3, 100 %, 75298 MiB
2026/09/28 14:33:31.486, 4, 100 %, 75298 MiB
2026/09/28 14:33:31.486, 5, 100 %, 75298 MiB
2026/09/28 14:33:31.486, 6, 100 %, 75010 MiB
2026/09/28 14:33:31.486, 7, 100 %, 75298 MiB
2026/09/28 14:33:36.487, 0, 100 %, 75512 MiB
2026/09/28 14:33:36.488, 1, 99 %, 75300 MiB
2026/09/28 14:33:36.488, 2, 98 %, 75300 MiB
2026/09/28 14:33:36.489, 3, 100 %, 75300 MiB
2026/09/28 14:33:36.491, 4, 100 %, 75300 MiB
2026/09/28 14:33:36.491, 5, 98 %, 75300 MiB
2026/09/28 14:33:36.492, 6, 98 %, 75012 MiB
2026/09/28 14:33:36.493, 7, 100 %, 75300 MiB
2026/09/28 14:33:41.497, 0, 100 %, 75512 MiB
2026/09/28 14:33:41.497, 1, 100 %, 75300 MiB
2026/09/28 14:33:41.497, 2, 100 %, 75300 MiB
2026/09/28 14:33:41.498, 3, 100 %, 75300 MiB
2026/09/28 14:33:41.498, 4, 100 %, 75300 MiB
2026/09/28 14:33:41.498, 5, 100 %, 75300 MiB
2026/09/28 14:33:41.498, 6, 100 %, 75012 MiB
2026/09/28 14:33:41.498, 7, 100 %, 75300 MiB
2026/09/28 14:33:46.498, 0, 100 %, 75512 MiB
2026/09/28 14:33:46.498, 1, 100 %, 75300 MiB
2026/09/28 14:33:46.498, 2, 100 %, 75300 MiB
2026/09/28 14:33:46.498, 3, 100 %, 75300 MiB
2026/09/28 14:33:46.498, 4, 100 %, 75300 MiB
2026/09/28 14:33:46.498, 5, 98 %, 75300 MiB
2026/09/28 14:33:46.642, 6, 100 %, 75012 MiB
2026/09/28 14:33:46.648, 7, 100 %, 75300 MiB
2026/09/28 14:33:51.649, 0, 100 %, 75512 MiB
2026/09/28 14:33:51.649, 1, 98 %, 75300 MiB
2026/09/28 14:33:51.649, 2, 98 %, 75300 MiB
2026/09/28 14:33:51.649, 3, 98 %, 75300 MiB
2026/09/28 14:33:51.649, 4, 98 %, 75300 MiB
2026/09/28 14:33:51.649, 5, 98 %, 75300 MiB
2026/09/28 14:33:51.650, 6, 98 %, 75012 MiB
2026/09/28 14:33:51.650, 7, 100 %, 75300 MiB
2026/09/28 14:33:56.650, 0, 100 %, 75512 MiB
2026/09/28 14:33:56.650, 1, 100 %, 75300 MiB
2026/09/28 14:33:56.650, 2, 100 %, 75300 MiB
2026/09/28 14:33:56.650, 3, 100 %, 75300 MiB
2026/09/28 14:33:56.650, 4, 100 %, 75300 MiB
2026/09/28 14:33:56.650, 5, 100 %, 75300 MiB
2026/09/28 14:33:56.650, 6, 100 %, 75012 MiB
2026/09/28 14:33:56.650, 7, 100 %, 75300 MiB
2026/09/28 14:34:01.651, 0, 100 %, 75516 MiB
2026/09/28 14:34:01.651, 1, 100 %, 75304 MiB
2026/09/28 14:34:01.651, 2, 100 %, 75304 MiB
2026/09/28 14:34:01.651, 3, 100 %, 75304 MiB
2026/09/28 14:34:01.651, 4, 100 %, 75304 MiB
2026/09/28 14:34:01.651, 5, 100 %, 75304 MiB
2026/09/28 14:34:01.651, 6, 100 %, 75016 MiB
2026/09/28 14:34:01.651, 7, 100 %, 75304 MiB
2026/09/28 14:34:06.651, 0, 100 %, 75516 MiB
2026/09/28 14:34:06.651, 1, 100 %, 75304 MiB
2026/09/28 14:34:06.652, 2, 100 %, 75304 MiB
2026/09/28 14:34:06.652, 3, 100 %, 75304 MiB
2026/09/28 14:34:06.653, 4, 100 %, 75304 MiB
2026/09/28 14:34:06.653, 5, 100 %, 75304 MiB
2026/09/28 14:34:06.654, 6, 100 %, 75016 MiB
2026/09/28 14:34:06.654, 7, 100 %, 75304 MiB
2026/09/28 14:34:11.655, 0, 100 %, 75516 MiB
2026/09/28 14:34:11.655, 1, 100 %, 75304 MiB
2026/09/28 14:34:11.655, 2, 100 %, 75304 MiB
2026/09/28 14:34:11.655, 3, 100 %, 75304 MiB
2026/09/28 14:34:11.655, 4, 100 %, 75304 MiB
2026/09/28 14:34:11.655, 5, 100 %, 75304 MiB
2026/09/28 14:34:11.655, 6, 100 %, 75016 MiB
2026/09/28 14:34:11.655, 7, 100 %, 75304 MiB
2026/09/28 14:34:16.655, 0, 96 %, 75516 MiB
2026/09/28 14:34:16.656, 1, 95 %, 75304 MiB
2026/09/28 14:34:16.660, 2, 96 %, 75304 MiB
2026/09/28 14:34:16.660, 3, 97 %, 75304 MiB
2026/09/28 14:34:16.660, 4, 91 %, 75304 MiB
2026/09/28 14:34:16.661, 5, 96 %, 75304 MiB
2026/09/28 14:34:16.661, 6, 97 %, 75016 MiB
2026/09/28 14:34:16.662, 7, 95 %, 75304 MiB
2026/09/28 14:34:21.663, 0, 98 %, 75516 MiB
2026/09/28 14:34:21.663, 1, 67 %, 75304 MiB
2026/09/28 14:34:21.663, 2, 99 %, 75304 MiB
2026/09/28 14:34:21.663, 3, 93 %, 75304 MiB
2026/09/28 14:34:21.663, 4, 98 %, 75304 MiB
2026/09/28 14:34:21.663, 5, 93 %, 75304 MiB
2026/09/28 14:34:21.663, 6, 62 %, 75016 MiB
2026/09/28 14:34:21.663, 7, 99 %, 75304 MiB
2026/09/28 14:34:26.664, 0, 93 %, 75516 MiB
2026/09/28 14:34:26.664, 1, 92 %, 75304 MiB
2026/09/28 14:34:26.664, 2, 80 %, 75304 MiB
2026/09/28 14:34:26.664, 3, 94 %, 75304 MiB
2026/09/28 14:34:26.664, 4, 93 %, 75304 MiB
2026/09/28 14:34:26.664, 5, 94 %, 75304 MiB
2026/09/28 14:34:26.664, 6, 94 %, 75016 MiB
2026/09/28 14:34:26.664, 7, 93 %, 75304 MiB
2026/09/28 14:34:31.664, 0, 88 %, 75520 MiB
2026/09/28 14:34:31.664, 1, 97 %, 75308 MiB
2026/09/28 14:34:31.665, 2, 99 %, 75308 MiB
2026/09/28 14:34:31.665, 3, 99 %, 75308 MiB
2026/09/28 14:34:31.666, 4, 100 %, 75308 MiB
2026/09/28 14:34:31.666, 5, 98 %, 75308 MiB
2026/09/28 14:34:31.667, 6, 96 %, 75020 MiB
2026/09/28 14:34:31.667, 7, 98 %, 75308 MiB
2026/09/28 14:34:36.668, 0, 99 %, 75520 MiB
2026/09/28 14:34:36.668, 1, 99 %, 75308 MiB
2026/09/28 14:34:36.668, 2, 100 %, 75308 MiB
2026/09/28 14:34:36.668, 3, 100 %, 75308 MiB
2026/09/28 14:34:36.668, 4, 98 %, 75308 MiB
2026/09/28 14:34:36.668, 5, 97 %, 75308 MiB
2026/09/28 14:34:36.668, 6, 98 %, 75020 MiB
2026/09/28 14:34:36.668, 7, 98 %, 75308 MiB
2026/09/28 14:34:41.668, 0, 96 %, 75520 MiB
2026/09/28 14:34:41.668, 1, 100 %, 75308 MiB
2026/09/28 14:34:41.668, 2, 96 %, 75308 MiB
2026/09/28 14:34:41.668, 3, 96 %, 75308 MiB
2026/09/28 14:34:41.668, 4, 96 %, 75308 MiB
2026/09/28 14:34:41.668, 5, 100 %, 75308 MiB
2026/09/28 14:34:41.668, 6, 96 %, 75020 MiB
2026/09/28 14:34:41.668, 7, 99 %, 75308 MiB
2026/09/28 14:34:46.669, 0, 99 %, 75520 MiB
2026/09/28 14:34:46.671, 1, 100 %, 75308 MiB
2026/09/28 14:34:46.671, 2, 97 %, 75308 MiB
2026/09/28 14:34:46.677, 3, 100 %, 75308 MiB
2026/09/28 14:34:46.678, 4, 100 %, 75308 MiB
2026/09/28 14:34:46.682, 5, 97 %, 75308 MiB
2026/09/28 14:34:46.683, 6, 97 %, 75020 MiB
2026/09/28 14:34:46.684, 7, 97 %, 75308 MiB
2026/09/28 14:34:51.685, 0, 100 %, 75520 MiB
2026/09/28 14:34:51.685, 1, 100 %, 75308 MiB
2026/09/28 14:34:51.685, 2, 100 %, 75308 MiB
2026/09/28 14:34:51.685, 3, 100 %, 75308 MiB
2026/09/28 14:34:51.685, 4, 100 %, 75308 MiB
2026/09/28 14:34:51.685, 5, 100 %, 75308 MiB
2026/09/28 14:34:51.685, 6, 100 %, 75020 MiB
2026/09/28 14:34:51.685, 7, 100 %, 75308 MiB
2026/09/28 14:34:56.685, 0, 99 %, 75520 MiB
2026/09/28 14:34:56.685, 1, 99 %, 75308 MiB
2026/09/28 14:34:56.686, 2, 99 %, 75308 MiB
2026/09/28 14:34:56.686, 3, 99 %, 75308 MiB
2026/09/28 14:34:56.687, 4, 99 %, 75308 MiB
2026/09/28 14:34:56.687, 5, 99 %, 75308 MiB
2026/09/28 14:34:56.687, 6, 99 %, 75020 MiB
2026/09/28 14:34:56.688, 7, 96 %, 75308 MiB
2026/09/28 14:35:01.689, 0, 100 %, 75520 MiB
2026/09/28 14:35:01.689, 1, 100 %, 75308 MiB
2026/09/28 14:35:01.689, 2, 100 %, 75308 MiB
2026/09/28 14:35:01.689, 3, 100 %, 75308 MiB
2026/09/28 14:35:01.689, 4, 100 %, 75308 MiB
2026/09/28 14:35:01.689, 5, 100 %, 75308 MiB
2026/09/28 14:35:01.689, 6, 100 %, 75020 MiB
2026/09/28 14:35:01.689, 7, 100 %, 75308 MiB
2026/09/28 14:35:06.689, 0, 100 %, 75520 MiB
2026/09/28 14:35:06.689, 1, 100 %, 75308 MiB
2026/09/28 14:35:06.689, 2, 100 %, 75308 MiB
2026/09/28 14:35:06.689, 3, 100 %, 75308 MiB
2026/09/28 14:35:06.689, 4, 100 %, 75308 MiB
2026/09/28 14:35:06.689, 5, 100 %, 75308 MiB
2026/09/28 14:35:06.689, 6, 100 %, 75020 MiB
2026/09/28 14:35:06.689, 7, 100 %, 75308 MiB
2026/09/28 14:35:11.690, 0, 100 %, 75520 MiB
2026/09/28 14:35:11.690, 1, 100 %, 75308 MiB
2026/09/28 14:35:11.690, 2, 100 %, 75308 MiB
2026/09/28 14:35:11.690, 3, 100 %, 75308 MiB
2026/09/28 14:35:11.690, 4, 100 %, 75308 MiB
2026/09/28 14:35:11.690, 5, 100 %, 75308 MiB
2026/09/28 14:35:11.690, 6, 100 %, 75020 MiB
2026/09/28 14:35:11.690, 7, 100 %, 75308 MiB
2026/09/28 14:35:16.690, 0, 95 %, 75520 MiB
2026/09/28 14:35:16.691, 1, 92 %, 75308 MiB
2026/09/28 14:35:16.691, 2, 97 %, 75308 MiB
2026/09/28 14:35:16.691, 3, 97 %, 75308 MiB
2026/09/28 14:35:16.693, 4, 98 %, 75308 MiB
2026/09/28 14:35:16.693, 5, 56 %, 75308 MiB
2026/09/28 14:35:16.694, 6, 95 %, 75020 MiB
2026/09/28 14:35:16.694, 7, 94 %, 75308 MiB
2026/09/28 14:35:21.695, 0, 100 %, 75520 MiB
2026/09/28 14:35:21.695, 1, 100 %, 75308 MiB
2026/09/28 14:35:21.695, 2, 100 %, 75308 MiB
2026/09/28 14:35:21.695, 3, 100 %, 75308 MiB
2026/09/28 14:35:21.695, 4, 100 %, 75308 MiB
2026/09/28 14:35:21.695, 5, 100 %, 75308 MiB
2026/09/28 14:35:21.695, 6, 100 %, 75020 MiB
2026/09/28 14:35:21.695, 7, 100 %, 75308 MiB
2026/09/28 14:35:26.696, 0, 100 %, 75520 MiB
2026/09/28 14:35:26.696, 1, 100 %, 75308 MiB
2026/09/28 14:35:26.696, 2, 100 %, 75308 MiB
2026/09/28 14:35:26.696, 3, 100 %, 75308 MiB
2026/09/28 14:35:26.696, 4, 100 %, 75308 MiB
2026/09/28 14:35:26.696, 5, 100 %, 75308 MiB
2026/09/28 14:35:26.696, 6, 100 %, 75020 MiB
2026/09/28 14:35:26.948, 7, 100 %, 75308 MiB
2026/09/28 14:35:31.949, 0, 69 %, 75520 MiB
2026/09/28 14:35:31.949, 1, 98 %, 75308 MiB
2026/09/28 14:35:31.949, 2, 95 %, 75308 MiB
2026/09/28 14:35:31.949, 3, 97 %, 75308 MiB
2026/09/28 14:35:31.949, 4, 95 %, 75308 MiB
2026/09/28 14:35:31.949, 5, 93 %, 75308 MiB
2026/09/28 14:35:31.949, 6, 92 %, 75020 MiB
2026/09/28 14:35:31.949, 7, 97 %, 75308 MiB
2026/09/28 14:35:36.950, 0, 100 %, 75520 MiB
2026/09/28 14:35:36.950, 1, 100 %, 75308 MiB
2026/09/28 14:35:36.950, 2, 100 %, 75308 MiB
2026/09/28 14:35:36.950, 3, 100 %, 75308 MiB
2026/09/28 14:35:36.950, 4, 100 %, 75308 MiB
2026/09/28 14:35:36.950, 5, 100 %, 75308 MiB
2026/09/28 14:35:36.950, 6, 100 %, 75020 MiB
2026/09/28 14:35:36.950, 7, 100 %, 75308 MiB
2026/09/28 14:35:41.950, 0, 100 %, 75520 MiB
2026/09/28 14:35:41.951, 1, 100 %, 75308 MiB
2026/09/28 14:35:41.951, 2, 100 %, 75308 MiB
2026/09/28 14:35:41.951, 3, 100 %, 75308 MiB
2026/09/28 14:35:41.951, 4, 100 %, 75308 MiB
2026/09/28 14:35:41.951, 5, 100 %, 75308 MiB
2026/09/28 14:35:41.951, 6, 100 %, 75020 MiB
2026/09/28 14:35:41.951, 7, 100 %, 75308 MiB
2026/09/28 14:35:46.951, 0, 100 %, 75520 MiB
2026/09/28 14:35:46.952, 1, 100 %, 75308 MiB
2026/09/28 14:35:46.952, 2, 100 %, 75308 MiB
2026/09/28 14:35:46.952, 3, 100 %, 75308 MiB
2026/09/28 14:35:46.952, 4, 100 %, 75308 MiB
2026/09/28 14:35:46.952, 5, 100 %, 75308 MiB
2026/09/28 14:35:46.952, 6, 100 %, 75020 MiB
2026/09/28 14:35:46.952, 7, 100 %, 75308 MiB
2026/09/28 14:35:51.952, 0, 100 %, 75520 MiB
2026/09/28 14:35:51.953, 1, 100 %, 75308 MiB
2026/09/28 14:35:51.953, 2, 100 %, 75308 MiB
2026/09/28 14:35:51.953, 3, 100 %, 75308 MiB
2026/09/28 14:35:51.954, 4, 100 %, 75308 MiB
2026/09/28 14:35:51.954, 5, 100 %, 75308 MiB
2026/09/28 14:35:51.955, 6, 100 %, 75020 MiB
2026/09/28 14:35:51.955, 7, 100 %, 75308 MiB
2026/09/28 14:35:56.956, 0, 94 %, 75520 MiB
2026/09/28 14:35:56.956, 1, 93 %, 75308 MiB
2026/09/28 14:35:56.956, 2, 73 %, 75308 MiB
2026/09/28 14:35:56.956, 3, 60 %, 75308 MiB
2026/09/28 14:35:56.956, 4, 93 %, 75308 MiB
2026/09/28 14:35:56.956, 5, 95 %, 75308 MiB
2026/09/28 14:35:56.956, 6, 96 %, 75020 MiB
2026/09/28 14:35:56.956, 7, 94 %, 75308 MiB
2026/09/28 14:36:01.956, 0, 93 %, 75520 MiB
2026/09/28 14:36:01.957, 1, 100 %, 75308 MiB
2026/09/28 14:36:01.957, 2, 100 %, 75308 MiB
2026/09/28 14:36:01.957, 3, 100 %, 75308 MiB
2026/09/28 14:36:01.957, 4, 100 %, 75308 MiB
2026/09/28 14:36:01.957, 5, 98 %, 75308 MiB
2026/09/28 14:36:01.957, 6, 100 %, 75020 MiB
2026/09/28 14:36:01.957, 7, 98 %, 75308 MiB
2026/09/28 14:36:06.957, 0, 100 %, 75520 MiB
2026/09/28 14:36:06.957, 1, 100 %, 75308 MiB
2026/09/28 14:36:06.957, 2, 100 %, 75308 MiB
2026/09/28 14:36:06.957, 3, 100 %, 75308 MiB
2026/09/28 14:36:06.957, 4, 100 %, 75308 MiB
2026/09/28 14:36:06.957, 5, 100 %, 75308 MiB
2026/09/28 14:36:06.957, 6, 100 %, 75020 MiB
2026/09/28 14:36:06.957, 7, 100 %, 75308 MiB
2026/09/28 14:36:11.957, 0, 100 %, 75520 MiB
2026/09/28 14:36:11.958, 1, 100 %, 75308 MiB
2026/09/28 14:36:11.962, 2, 100 %, 75308 MiB
2026/09/28 14:36:11.964, 3, 100 %, 75308 MiB
2026/09/28 14:36:11.966, 4, 100 %, 75308 MiB
2026/09/28 14:36:11.967, 5, 100 %, 75308 MiB
2026/09/28 14:36:11.968, 6, 100 %, 75020 MiB
2026/09/28 14:36:11.972, 7, 100 %, 75308 MiB
2026/09/28 14:36:16.972, 0, 98 %, 75520 MiB
2026/09/28 14:36:16.972, 1, 98 %, 75308 MiB
2026/09/28 14:36:16.972, 2, 98 %, 75308 MiB
2026/09/28 14:36:16.972, 3, 98 %, 75308 MiB
2026/09/28 14:36:16.972, 4, 100 %, 75308 MiB
2026/09/28 14:36:16.972, 5, 98 %, 75308 MiB
2026/09/28 14:36:16.973, 6, 98 %, 75020 MiB
2026/09/28 14:36:16.973, 7, 98 %, 75308 MiB
2026/09/28 14:36:21.973, 0, 100 %, 75520 MiB
2026/09/28 14:36:21.973, 1, 100 %, 75308 MiB
2026/09/28 14:36:21.973, 2, 100 %, 75308 MiB
2026/09/28 14:36:21.974, 3, 100 %, 75308 MiB
2026/09/28 14:36:21.974, 4, 100 %, 75308 MiB
2026/09/28 14:36:21.975, 5, 100 %, 75308 MiB
2026/09/28 14:36:21.975, 6, 100 %, 75020 MiB
2026/09/28 14:36:21.976, 7, 100 %, 75308 MiB
2026/09/28 14:36:26.976, 0, 100 %, 75520 MiB
2026/09/28 14:36:26.976, 1, 98 %, 75308 MiB
2026/09/28 14:36:26.976, 2, 100 %, 75308 MiB
2026/09/28 14:36:26.976, 3, 100 %, 75308 MiB
2026/09/28 14:36:26.976, 4, 100 %, 75308 MiB
2026/09/28 14:36:26.976, 5, 98 %, 75308 MiB
2026/09/28 14:36:26.976, 6, 98 %, 75020 MiB
2026/09/28 14:36:26.976, 7, 100 %, 75308 MiB
2026/09/28 14:36:31.977, 0, 94 %, 75520 MiB
2026/09/28 14:36:31.977, 1, 100 %, 75308 MiB
2026/09/28 14:36:31.977, 2, 100 %, 75308 MiB
2026/09/28 14:36:31.978, 3, 99 %, 75308 MiB
2026/09/28 14:36:31.978, 4, 75 %, 75308 MiB
2026/09/28 14:36:31.979, 5, 100 %, 75308 MiB
2026/09/28 14:36:31.979, 6, 96 %, 75020 MiB
2026/09/28 14:36:31.979, 7, 92 %, 75308 MiB
2026/09/28 14:36:36.980, 0, 89 %, 75520 MiB
2026/09/28 14:36:36.980, 1, 91 %, 75308 MiB
2026/09/28 14:36:36.980, 2, 93 %, 75308 MiB
2026/09/28 14:36:36.980, 3, 98 %, 75308 MiB
2026/09/28 14:36:36.980, 4, 68 %, 75308 MiB
2026/09/28 14:36:36.980, 5, 98 %, 75308 MiB
2026/09/28 14:36:36.980, 6, 86 %, 75020 MiB
2026/09/28 14:36:36.980, 7, 96 %, 75308 MiB
2026/09/28 14:36:41.981, 0, 100 %, 75520 MiB
2026/09/28 14:36:41.981, 1, 100 %, 75308 MiB
2026/09/28 14:36:41.981, 2, 100 %, 75308 MiB
2026/09/28 14:36:41.981, 3, 100 %, 75308 MiB
2026/09/28 14:36:41.981, 4, 100 %, 75308 MiB
2026/09/28 14:36:41.981, 5, 100 %, 75308 MiB
2026/09/28 14:36:41.981, 6, 100 %, 75020 MiB
2026/09/28 14:36:41.981, 7, 100 %, 75308 MiB
2026/09/28 14:36:46.982, 0, 100 %, 75520 MiB
2026/09/28 14:36:46.982, 1, 98 %, 75308 MiB
2026/09/28 14:36:46.982, 2, 100 %, 75308 MiB
2026/09/28 14:36:46.982, 3, 98 %, 75308 MiB
2026/09/28 14:36:46.982, 4, 98 %, 75308 MiB
2026/09/28 14:36:46.982, 5, 98 %, 75308 MiB
2026/09/28 14:36:46.982, 6, 98 %, 75020 MiB
2026/09/28 14:36:46.982, 7, 100 %, 75308 MiB
2026/09/28 14:36:51.982, 0, 100 %, 75520 MiB
2026/09/28 14:36:51.983, 1, 100 %, 75308 MiB
2026/09/28 14:36:51.983, 2, 100 %, 75308 MiB
2026/09/28 14:36:51.984, 3, 100 %, 75308 MiB
2026/09/28 14:36:51.984, 4, 100 %, 75308 MiB
2026/09/28 14:36:51.984, 5, 100 %, 75308 MiB
2026/09/28 14:36:51.985, 6, 100 %, 75020 MiB
2026/09/28 14:36:51.985, 7, 100 %, 75308 MiB
2026/09/28 14:36:56.986, 0, 98 %, 75522 MiB
2026/09/28 14:36:56.986, 1, 98 %, 75310 MiB
2026/09/28 14:36:56.987, 2, 100 %, 75310 MiB
2026/09/28 14:36:56.987, 3, 100 %, 75310 MiB
2026/09/28 14:36:56.987, 4, 100 %, 75310 MiB
2026/09/28 14:36:56.988, 5, 100 %, 75310 MiB
2026/09/28 14:36:56.988, 6, 98 %, 75022 MiB
2026/09/28 14:36:56.988, 7, 100 %, 75310 MiB
2026/09/28 14:37:01.989, 0, 99 %, 75522 MiB
2026/09/28 14:37:01.989, 1, 99 %, 75310 MiB
2026/09/28 14:37:01.989, 2, 99 %, 75310 MiB
2026/09/28 14:37:01.989, 3, 100 %, 75310 MiB
2026/09/28 14:37:01.989, 4, 100 %, 75310 MiB
2026/09/28 14:37:01.989, 5, 100 %, 75310 MiB
2026/09/28 14:37:01.989, 6, 99 %, 75022 MiB
2026/09/28 14:37:01.989, 7, 100 %, 75310 MiB
2026/09/28 14:37:06.990, 0, 98 %, 75522 MiB
2026/09/28 14:37:06.990, 1, 86 %, 75310 MiB
2026/09/28 14:37:06.990, 2, 73 %, 75310 MiB
2026/09/28 14:37:06.990, 3, 100 %, 75310 MiB
2026/09/28 14:37:06.990, 4, 87 %, 75310 MiB
2026/09/28 14:37:06.990, 5, 100 %, 75310 MiB
2026/09/28 14:37:06.990, 6, 66 %, 75022 MiB
2026/09/28 14:37:06.990, 7, 100 %, 75310 MiB
2026/09/28 14:37:11.990, 0, 83 %, 75522 MiB
2026/09/28 14:37:11.990, 1, 86 %, 75310 MiB
2026/09/28 14:37:11.990, 2, 91 %, 75310 MiB
2026/09/28 14:37:11.990, 3, 95 %, 75310 MiB
2026/09/28 14:37:11.990, 4, 96 %, 75310 MiB
2026/09/28 14:37:11.990, 5, 72 %, 75310 MiB
2026/09/28 14:37:11.990, 6, 95 %, 75022 MiB
2026/09/28 14:37:11.990, 7, 95 %, 75310 MiB
2026/09/28 14:37:16.991, 0, 100 %, 75522 MiB
2026/09/28 14:37:16.991, 1, 100 %, 75310 MiB
2026/09/28 14:37:16.991, 2, 92 %, 75310 MiB
2026/09/28 14:37:16.991, 3, 100 %, 75310 MiB
2026/09/28 14:37:16.991, 4, 100 %, 75310 MiB
2026/09/28 14:37:16.991, 5, 100 %, 75310 MiB
2026/09/28 14:37:16.991, 6, 100 %, 75022 MiB
2026/09/28 14:37:16.991, 7, 95 %, 75310 MiB
2026/09/28 14:37:21.991, 0, 94 %, 75522 MiB
2026/09/28 14:37:21.991, 1, 53 %, 75310 MiB
2026/09/28 14:37:21.991, 2, 96 %, 75310 MiB
2026/09/28 14:37:21.991, 3, 95 %, 75310 MiB
2026/09/28 14:37:21.991, 4, 93 %, 75310 MiB
2026/09/28 14:37:21.991, 5, 90 %, 75310 MiB
2026/09/28 14:37:21.991, 6, 90 %, 75022 MiB
2026/09/28 14:37:21.991, 7, 94 %, 75310 MiB
2026/09/28 14:37:26.991, 0, 100 %, 75522 MiB
2026/09/28 14:37:26.991, 1, 100 %, 75310 MiB
2026/09/28 14:37:26.991, 2, 100 %, 75310 MiB
2026/09/28 14:37:26.991, 3, 100 %, 75310 MiB
2026/09/28 14:37:26.991, 4, 100 %, 75310 MiB
2026/09/28 14:37:26.991, 5, 100 %, 75310 MiB
2026/09/28 14:37:26.992, 6, 100 %, 75022 MiB
2026/09/28 14:37:26.992, 7, 100 %, 75310 MiB
2026/09/28 14:37:31.992, 0, 100 %, 75522 MiB
2026/09/28 14:37:31.992, 1, 100 %, 75310 MiB
2026/09/28 14:37:31.992, 2, 100 %, 75310 MiB
2026/09/28 14:37:31.992, 3, 100 %, 75310 MiB
2026/09/28 14:37:31.992, 4, 100 %, 75310 MiB
2026/09/28 14:37:31.992, 5, 100 %, 75310 MiB
2026/09/28 14:37:31.992, 6, 100 %, 75022 MiB
2026/09/28 14:37:31.992, 7, 100 %, 75310 MiB
2026/09/28 14:37:36.992, 0, 100 %, 75524 MiB
2026/09/28 14:37:36.992, 1, 100 %, 75312 MiB
2026/09/28 14:37:36.992, 2, 100 %, 75312 MiB
2026/09/28 14:37:36.992, 3, 100 %, 75312 MiB
2026/09/28 14:37:36.992, 4, 100 %, 75312 MiB
2026/09/28 14:37:36.992, 5, 100 %, 75312 MiB
2026/09/28 14:37:36.992, 6, 100 %, 75024 MiB
2026/09/28 14:37:36.992, 7, 100 %, 75312 MiB
2026/09/28 14:37:41.993, 0, 94 %, 75524 MiB
2026/09/28 14:37:42.200, 1, 74 %, 75312 MiB
2026/09/28 14:37:42.201, 2, 98 %, 75312 MiB
2026/09/28 14:37:42.201, 3, 96 %, 75312 MiB
2026/09/28 14:37:42.202, 4, 100 %, 75312 MiB
2026/09/28 14:37:42.208, 5, 91 %, 75312 MiB
2026/09/28 14:37:42.214, 6, 89 %, 75024 MiB
2026/09/28 14:37:42.215, 7, 94 %, 75312 MiB
2026/09/28 14:37:47.216, 0, 97 %, 75524 MiB
2026/09/28 14:37:47.217, 1, 100 %, 75312 MiB
2026/09/28 14:37:47.218, 2, 100 %, 75312 MiB
2026/09/28 14:37:47.218, 3, 96 %, 75312 MiB
2026/09/28 14:37:47.219, 4, 100 %, 75312 MiB
2026/09/28 14:37:47.220, 5, 87 %, 75312 MiB
2026/09/28 14:37:47.221, 6, 100 %, 75024 MiB
2026/09/28 14:37:47.222, 7, 93 %, 75312 MiB
2026/09/28 14:37:52.223, 0, 100 %, 75524 MiB
2026/09/28 14:37:52.223, 1, 100 %, 75312 MiB
2026/09/28 14:37:52.223, 2, 100 %, 75312 MiB
2026/09/28 14:37:52.223, 3, 100 %, 75312 MiB
2026/09/28 14:37:52.223, 4, 100 %, 75312 MiB
2026/09/28 14:37:52.223, 5, 100 %, 75312 MiB
2026/09/28 14:37:52.223, 6, 100 %, 75024 MiB
2026/09/28 14:37:52.224, 7, 100 %, 75312 MiB
2026/09/28 14:37:57.224, 0, 100 %, 75524 MiB
2026/09/28 14:37:57.224, 1, 100 %, 75312 MiB
2026/09/28 14:37:57.225, 2, 100 %, 75312 MiB
2026/09/28 14:37:57.225, 3, 100 %, 75312 MiB
2026/09/28 14:37:57.225, 4, 100 %, 75312 MiB
2026/09/28 14:37:57.226, 5, 100 %, 75312 MiB
2026/09/28 14:37:57.226, 6, 100 %, 75024 MiB
2026/09/28 14:37:57.226, 7, 100 %, 75312 MiB
2026/09/28 14:38:02.227, 0, 100 %, 75524 MiB
2026/09/28 14:38:02.227, 1, 100 %, 75312 MiB
2026/09/28 14:38:02.227, 2, 100 %, 75312 MiB
2026/09/28 14:38:02.228, 3, 100 %, 75312 MiB
2026/09/28 14:38:02.228, 4, 100 %, 75312 MiB
2026/09/28 14:38:02.229, 5, 100 %, 75312 MiB
2026/09/28 14:38:02.229, 6, 100 %, 75024 MiB
2026/09/28 14:38:02.229, 7, 100 %, 75312 MiB
2026/09/28 14:38:07.230, 0, 100 %, 75524 MiB
2026/09/28 14:38:07.232, 1, 100 %, 75312 MiB
2026/09/28 14:38:07.236, 2, 100 %, 75312 MiB
2026/09/28 14:38:07.237, 3, 100 %, 75312 MiB
2026/09/28 14:38:07.238, 4, 100 %, 75312 MiB
2026/09/28 14:38:07.238, 5, 100 %, 75312 MiB
2026/09/28 14:38:07.242, 6, 100 %, 75024 MiB
2026/09/28 14:38:07.249, 7, 100 %, 75312 MiB
2026/09/28 14:38:12.253, 0, 100 %, 75524 MiB
2026/09/28 14:38:12.253, 1, 100 %, 75312 MiB
2026/09/28 14:38:12.253, 2, 100 %, 75312 MiB
2026/09/28 14:38:12.253, 3, 100 %, 75312 MiB
2026/09/28 14:38:12.253, 4, 100 %, 75312 MiB
2026/09/28 14:38:12.253, 5, 100 %, 75312 MiB
2026/09/28 14:38:12.253, 6, 100 %, 75024 MiB
2026/09/28 14:38:12.253, 7, 100 %, 75312 MiB
2026/09/28 14:38:17.253, 0, 98 %, 75524 MiB
2026/09/28 14:38:17.253, 1, 100 %, 75312 MiB
2026/09/28 14:38:17.258, 2, 100 %, 75312 MiB
2026/09/28 14:38:17.258, 3, 98 %, 75312 MiB
2026/09/28 14:38:17.258, 4, 100 %, 75312 MiB
2026/09/28 14:38:17.259, 5, 98 %, 75312 MiB
2026/09/28 14:38:17.259, 6, 100 %, 75024 MiB
2026/09/28 14:38:17.260, 7, 98 %, 75312 MiB
2026/09/28 14:38:22.264, 0, 100 %, 75524 MiB
2026/09/28 14:38:22.264, 1, 98 %, 75312 MiB
2026/09/28 14:38:22.265, 2, 100 %, 75312 MiB
2026/09/28 14:38:22.265, 3, 98 %, 75312 MiB
2026/09/28 14:38:22.265, 4, 100 %, 75312 MiB
2026/09/28 14:38:22.266, 5, 98 %, 75312 MiB
2026/09/28 14:38:22.266, 6, 98 %, 75024 MiB
2026/09/28 14:38:22.266, 7, 100 %, 75312 MiB
2026/09/28 14:38:27.267, 0, 100 %, 75524 MiB
2026/09/28 14:38:27.268, 1, 100 %, 75312 MiB
2026/09/28 14:38:27.272, 2, 100 %, 75312 MiB
2026/09/28 14:38:27.272, 3, 100 %, 75312 MiB
2026/09/28 14:38:27.273, 4, 100 %, 75312 MiB
2026/09/28 14:38:27.274, 5, 100 %, 75312 MiB
2026/09/28 14:38:27.274, 6, 100 %, 75024 MiB
2026/09/28 14:38:27.274, 7, 100 %, 75312 MiB
2026/09/28 14:38:32.276, 0, 100 %, 75524 MiB
2026/09/28 14:38:32.276, 1, 100 %, 75312 MiB
2026/09/28 14:38:32.277, 2, 100 %, 75312 MiB
2026/09/28 14:38:32.277, 3, 100 %, 75312 MiB
2026/09/28 14:38:32.277, 4, 100 %, 75312 MiB
2026/09/28 14:38:32.277, 5, 100 %, 75312 MiB
2026/09/28 14:38:32.277, 6, 100 %, 75024 MiB
2026/09/28 14:38:32.277, 7, 100 %, 75312 MiB
2026/09/28 14:38:37.277, 0, 98 %, 75524 MiB
2026/09/28 14:38:37.277, 1, 95 %, 75312 MiB
2026/09/28 14:38:37.278, 2, 94 %, 75312 MiB
2026/09/28 14:38:37.282, 3, 96 %, 75312 MiB
2026/09/28 14:38:37.284, 4, 78 %, 75312 MiB
2026/09/28 14:38:37.284, 5, 88 %, 75312 MiB
2026/09/28 14:38:37.285, 6, 97 %, 75024 MiB
2026/09/28 14:38:37.285, 7, 93 %, 75312 MiB
2026/09/28 14:38:42.287, 0, 95 %, 75524 MiB
2026/09/28 14:38:42.287, 1, 98 %, 75312 MiB
2026/09/28 14:38:42.288, 2, 89 %, 75312 MiB
2026/09/28 14:38:42.288, 3, 93 %, 75312 MiB
2026/09/28 14:38:42.289, 4, 97 %, 75312 MiB
2026/09/28 14:38:42.289, 5, 98 %, 75312 MiB
2026/09/28 14:38:42.290, 6, 97 %, 75024 MiB
2026/09/28 14:38:42.290, 7, 97 %, 75312 MiB
2026/09/28 14:38:47.291, 0, 98 %, 75524 MiB
2026/09/28 14:38:47.292, 1, 100 %, 75312 MiB
2026/09/28 14:38:47.294, 2, 100 %, 75312 MiB
2026/09/28 14:38:47.296, 3, 100 %, 75312 MiB
2026/09/28 14:38:47.298, 4, 100 %, 75312 MiB
2026/09/28 14:38:47.300, 5, 100 %, 75312 MiB
2026/09/28 14:38:47.302, 6, 100 %, 75024 MiB
2026/09/28 14:38:47.304, 7, 100 %, 75312 MiB
2026/09/28 14:38:52.308, 0, 100 %, 75524 MiB
2026/09/28 14:38:52.309, 1, 100 %, 75312 MiB
2026/09/28 14:38:52.309, 2, 100 %, 75312 MiB
2026/09/28 14:38:52.309, 3, 100 %, 75312 MiB
2026/09/28 14:38:52.309, 4, 100 %, 75312 MiB
2026/09/28 14:38:52.309, 5, 100 %, 75312 MiB
2026/09/28 14:38:52.309, 6, 100 %, 75024 MiB
2026/09/28 14:38:52.309, 7, 100 %, 75312 MiB
2026/09/28 14:38:57.309, 0, 100 %, 75524 MiB
2026/09/28 14:38:57.309, 1, 100 %, 75312 MiB
2026/09/28 14:38:57.310, 2, 100 %, 75312 MiB
2026/09/28 14:38:57.310, 3, 100 %, 75312 MiB
2026/09/28 14:38:57.310, 4, 100 %, 75312 MiB
2026/09/28 14:38:57.311, 5, 98 %, 75312 MiB
2026/09/28 14:38:57.311, 6, 98 %, 75024 MiB
2026/09/28 14:38:57.312, 7, 100 %, 75312 MiB
2026/09/28 14:39:02.312, 0, 100 %, 75524 MiB
2026/09/28 14:39:02.313, 1, 100 %, 75312 MiB
2026/09/28 14:39:02.314, 2, 100 %, 75312 MiB
2026/09/28 14:39:02.314, 3, 100 %, 75312 MiB
2026/09/28 14:39:02.316, 4, 100 %, 75312 MiB
2026/09/28 14:39:02.316, 5, 100 %, 75312 MiB
2026/09/28 14:39:02.316, 6, 100 %, 75024 MiB
2026/09/28 14:39:02.316, 7, 100 %, 75312 MiB
2026/09/28 14:39:07.317, 0, 100 %, 75524 MiB
2026/09/28 14:39:07.317, 1, 100 %, 75312 MiB
2026/09/28 14:39:07.317, 2, 100 %, 75312 MiB
2026/09/28 14:39:07.318, 3, 100 %, 75312 MiB
2026/09/28 14:39:07.318, 4, 100 %, 75312 MiB
2026/09/28 14:39:07.318, 5, 100 %, 75312 MiB
2026/09/28 14:39:07.319, 6, 100 %, 75024 MiB
2026/09/28 14:39:07.319, 7, 100 %, 75312 MiB
2026/09/28 14:39:12.320, 0, 100 %, 75524 MiB
2026/09/28 14:39:12.321, 1, 100 %, 75312 MiB
2026/09/28 14:39:12.321, 2, 100 %, 75312 MiB
2026/09/28 14:39:12.321, 3, 95 %, 75312 MiB
2026/09/28 14:39:12.321, 4, 100 %, 75312 MiB
2026/09/28 14:39:12.321, 5, 100 %, 75312 MiB
2026/09/28 14:39:12.321, 6, 100 %, 75024 MiB
2026/09/28 14:39:12.321, 7, 100 %, 75312 MiB
2026/09/28 14:39:17.321, 0, 100 %, 75524 MiB
2026/09/28 14:39:17.322, 1, 100 %, 75312 MiB
2026/09/28 14:39:17.322, 2, 100 %, 75312 MiB
2026/09/28 14:39:17.322, 3, 100 %, 75312 MiB
2026/09/28 14:39:17.322, 4, 100 %, 75312 MiB
2026/09/28 14:39:17.322, 5, 100 %, 75312 MiB
2026/09/28 14:39:17.322, 6, 100 %, 75024 MiB
2026/09/28 14:39:17.322, 7, 100 %, 75312 MiB
2026/09/28 14:39:22.322, 0, 98 %, 75524 MiB
2026/09/28 14:39:22.322, 1, 100 %, 75312 MiB
2026/09/28 14:39:22.322, 2, 100 %, 75312 MiB
2026/09/28 14:39:22.322, 3, 100 %, 75312 MiB
2026/09/28 14:39:22.322, 4, 99 %, 75312 MiB
2026/09/28 14:39:22.322, 5, 100 %, 75312 MiB
2026/09/28 14:39:22.322, 6, 100 %, 75024 MiB
2026/09/28 14:39:22.322, 7, 100 %, 75312 MiB
2026/09/28 14:39:27.323, 0, 100 %, 75524 MiB
2026/09/28 14:39:27.325, 1, 100 %, 75312 MiB
2026/09/28 14:39:27.328, 2, 100 %, 75312 MiB
2026/09/28 14:39:27.329, 3, 100 %, 75312 MiB
2026/09/28 14:39:27.330, 4, 100 %, 75312 MiB
2026/09/28 14:39:27.331, 5, 100 %, 75312 MiB
2026/09/28 14:39:27.335, 6, 100 %, 75024 MiB
2026/09/28 14:39:27.339, 7, 100 %, 75312 MiB
2026/09/28 14:39:32.341, 0, 100 %, 75524 MiB
2026/09/28 14:39:32.341, 1, 100 %, 75312 MiB
2026/09/28 14:39:32.341, 2, 100 %, 75312 MiB
2026/09/28 14:39:32.341, 3, 100 %, 75312 MiB
2026/09/28 14:39:32.341, 4, 100 %, 75312 MiB
2026/09/28 14:39:32.341, 5, 100 %, 75312 MiB
2026/09/28 14:39:32.341, 6, 100 %, 75024 MiB
2026/09/28 14:39:32.341, 7, 100 %, 75312 MiB
2026/09/28 14:39:37.342, 0, 93 %, 75524 MiB
2026/09/28 14:39:37.342, 1, 95 %, 75312 MiB
2026/09/28 14:39:37.342, 2, 88 %, 75312 MiB
2026/09/28 14:39:37.342, 3, 100 %, 75312 MiB
2026/09/28 14:39:37.342, 4, 100 %, 75312 MiB
2026/09/28 14:39:37.342, 5, 100 %, 75312 MiB
2026/09/28 14:39:37.342, 6, 100 %, 75024 MiB
2026/09/28 14:39:37.342, 7, 93 %, 75312 MiB
2026/09/28 14:39:42.342, 0, 100 %, 75524 MiB
2026/09/28 14:39:42.342, 1, 100 %, 75312 MiB
2026/09/28 14:39:42.342, 2, 100 %, 75312 MiB
2026/09/28 14:39:42.342, 3, 100 %, 75312 MiB
2026/09/28 14:39:42.342, 4, 100 %, 75312 MiB
2026/09/28 14:39:42.342, 5, 100 %, 75312 MiB
2026/09/28 14:39:42.342, 6, 100 %, 75024 MiB
2026/09/28 14:39:42.342, 7, 100 %, 75312 MiB
2026/09/28 14:39:47.342, 0, 100 %, 75524 MiB
2026/09/28 14:39:47.342, 1, 100 %, 75312 MiB
2026/09/28 14:39:47.342, 2, 100 %, 75312 MiB
2026/09/28 14:39:47.342, 3, 100 %, 75312 MiB
2026/09/28 14:39:47.342, 4, 100 %, 75312 MiB
2026/09/28 14:39:47.343, 5, 100 %, 75312 MiB
2026/09/28 14:39:47.343, 6, 100 %, 75024 MiB
2026/09/28 14:39:47.343, 7, 100 %, 75312 MiB
2026/09/28 14:39:52.343, 0, 100 %, 75524 MiB
2026/09/28 14:39:52.343, 1, 100 %, 75312 MiB
2026/09/28 14:39:52.343, 2, 100 %, 75312 MiB
2026/09/28 14:39:52.343, 3, 100 %, 75312 MiB
2026/09/28 14:39:52.343, 4, 100 %, 75312 MiB
2026/09/28 14:39:52.343, 5, 100 %, 75312 MiB
2026/09/28 14:39:52.343, 6, 100 %, 75024 MiB
2026/09/28 14:39:52.343, 7, 100 %, 75312 MiB
2026/09/28 14:39:57.343, 0, 100 %, 75524 MiB
2026/09/28 14:39:57.346, 1, 98 %, 75312 MiB
2026/09/28 14:39:57.346, 2, 100 %, 75312 MiB
2026/09/28 14:39:57.346, 3, 100 %, 75312 MiB
2026/09/28 14:39:57.346, 4, 98 %, 75312 MiB
2026/09/28 14:39:57.346, 5, 98 %, 75312 MiB
2026/09/28 14:39:57.346, 6, 98 %, 75024 MiB
2026/09/28 14:39:57.348, 7, 100 %, 75312 MiB
2026/09/28 14:40:02.352, 0, 97 %, 75524 MiB
2026/09/28 14:40:02.354, 1, 100 %, 75312 MiB
2026/09/28 14:40:02.354, 2, 100 %, 75312 MiB
2026/09/28 14:40:02.355, 3, 99 %, 75312 MiB
2026/09/28 14:40:02.356, 4, 100 %, 75312 MiB
2026/09/28 14:40:02.357, 5, 100 %, 75312 MiB
2026/09/28 14:40:02.357, 6, 100 %, 75024 MiB
2026/09/28 14:40:02.358, 7, 97 %, 75312 MiB
2026/09/28 14:40:07.359, 0, 100 %, 75524 MiB
2026/09/28 14:40:07.359, 1, 100 %, 75312 MiB
2026/09/28 14:40:07.359, 2, 100 %, 75312 MiB
2026/09/28 14:40:07.359, 3, 100 %, 75312 MiB
2026/09/28 14:40:07.359, 4, 100 %, 75312 MiB
2026/09/28 14:40:07.359, 5, 100 %, 75312 MiB
2026/09/28 14:40:07.359, 6, 100 %, 75024 MiB
2026/09/28 14:40:07.359, 7, 100 %, 75312 MiB
2026/09/28 14:40:12.360, 0, 100 %, 75524 MiB
2026/09/28 14:40:12.360, 1, 100 %, 75312 MiB
2026/09/28 14:40:12.360, 2, 100 %, 75312 MiB
2026/09/28 14:40:12.361, 3, 100 %, 75312 MiB
2026/09/28 14:40:12.361, 4, 100 %, 75312 MiB
2026/09/28 14:40:12.362, 5, 100 %, 75312 MiB
2026/09/28 14:40:12.362, 6, 100 %, 75024 MiB
2026/09/28 14:40:12.362, 7, 100 %, 75312 MiB
2026/09/28 14:40:17.363, 0, 69 %, 75524 MiB
2026/09/28 14:40:17.363, 1, 96 %, 75312 MiB
2026/09/28 14:40:17.364, 2, 94 %, 75312 MiB
2026/09/28 14:40:17.364, 3, 92 %, 75312 MiB
2026/09/28 14:40:17.365, 4, 82 %, 75312 MiB
2026/09/28 14:40:17.365, 5, 78 %, 75312 MiB
2026/09/28 14:40:17.365, 6, 80 %, 75024 MiB
2026/09/28 14:40:17.369, 7, 93 %, 75312 MiB
2026/09/28 14:40:22.369, 0, 92 %, 75524 MiB
2026/09/28 14:40:22.369, 1, 96 %, 75312 MiB
2026/09/28 14:40:22.369, 2, 99 %, 75312 MiB
2026/09/28 14:40:22.369, 3, 73 %, 75312 MiB
2026/09/28 14:40:22.369, 4, 99 %, 75312 MiB
2026/09/28 14:40:22.369, 5, 70 %, 75312 MiB
2026/09/28 14:40:22.369, 6, 98 %, 75024 MiB
2026/09/28 14:40:22.369, 7, 95 %, 75312 MiB
2026/09/28 14:40:27.370, 0, 95 %, 75524 MiB
2026/09/28 14:40:27.372, 1, 96 %, 75312 MiB
2026/09/28 14:40:27.372, 2, 96 %, 75312 MiB
2026/09/28 14:40:27.377, 3, 100 %, 75312 MiB
2026/09/28 14:40:27.384, 4, 87 %, 75312 MiB
2026/09/28 14:40:27.391, 5, 95 %, 75312 MiB
2026/09/28 14:40:27.393, 6, 97 %, 75024 MiB
2026/09/28 14:40:27.393, 7, 96 %, 75312 MiB
2026/09/28 14:40:32.400, 0, 100 %, 75524 MiB
2026/09/28 14:40:32.401, 1, 100 %, 75312 MiB
2026/09/28 14:40:32.403, 2, 100 %, 75312 MiB
2026/09/28 14:40:32.403, 3, 100 %, 75312 MiB
2026/09/28 14:40:32.404, 4, 100 %, 75312 MiB
2026/09/28 14:40:32.404, 5, 100 %, 75312 MiB
2026/09/28 14:40:32.404, 6, 100 %, 75024 MiB
2026/09/28 14:40:32.404, 7, 100 %, 75312 MiB
2026/09/28 14:40:37.405, 0, 99 %, 75524 MiB
2026/09/28 14:40:37.405, 1, 98 %, 75312 MiB
2026/09/28 14:40:37.405, 2, 98 %, 75312 MiB
2026/09/28 14:40:37.405, 3, 100 %, 75312 MiB
2026/09/28 14:40:37.405, 4, 98 %, 75312 MiB
2026/09/28 14:40:37.405, 5, 98 %, 75312 MiB
2026/09/28 14:40:37.405, 6, 98 %, 75024 MiB
2026/09/28 14:40:37.405, 7, 100 %, 75312 MiB
2026/09/28 14:40:42.406, 0, 100 %, 75524 MiB
2026/09/28 14:40:42.406, 1, 100 %, 75312 MiB
2026/09/28 14:40:42.408, 2, 100 %, 75312 MiB
2026/09/28 14:40:42.411, 3, 100 %, 75312 MiB
2026/09/28 14:40:42.413, 4, 100 %, 75312 MiB
2026/09/28 14:40:42.413, 5, 100 %, 75312 MiB
2026/09/28 14:40:42.414, 6, 100 %, 75024 MiB
2026/09/28 14:40:42.417, 7, 100 %, 75312 MiB
2026/09/28 14:40:47.418, 0, 99 %, 75524 MiB
2026/09/28 14:40:47.418, 1, 99 %, 75312 MiB
2026/09/28 14:40:47.419, 2, 90 %, 75312 MiB
2026/09/28 14:40:47.419, 3, 81 %, 75312 MiB
2026/09/28 14:40:47.420, 4, 100 %, 75312 MiB
2026/09/28 14:40:47.420, 5, 89 %, 75312 MiB
2026/09/28 14:40:47.420, 6, 99 %, 75024 MiB
2026/09/28 14:40:47.421, 7, 100 %, 75312 MiB
2026/09/28 14:40:52.421, 0, 100 %, 75524 MiB
2026/09/28 14:40:52.422, 1, 100 %, 75312 MiB
2026/09/28 14:40:52.422, 2, 97 %, 75312 MiB
2026/09/28 14:40:52.422, 3, 100 %, 75312 MiB
2026/09/28 14:40:52.423, 4, 100 %, 75312 MiB
2026/09/28 14:40:52.423, 5, 97 %, 75312 MiB
2026/09/28 14:40:52.424, 6, 100 %, 75024 MiB
2026/09/28 14:40:52.424, 7, 97 %, 75312 MiB
2026/09/28 14:40:57.425, 0, 100 %, 75524 MiB
2026/09/28 14:40:57.425, 1, 100 %, 75312 MiB
2026/09/28 14:40:57.426, 2, 100 %, 75312 MiB
2026/09/28 14:40:57.427, 3, 100 %, 75312 MiB
2026/09/28 14:40:57.430, 4, 100 %, 75312 MiB
2026/09/28 14:40:57.431, 5, 100 %, 75312 MiB
2026/09/28 14:40:57.432, 6, 100 %, 75024 MiB
2026/09/28 14:40:57.432, 7, 100 %, 75312 MiB
2026/09/28 14:41:02.433, 0, 100 %, 75524 MiB
2026/09/28 14:41:02.434, 1, 100 %, 75312 MiB
2026/09/28 14:41:02.434, 2, 100 %, 75312 MiB
2026/09/28 14:41:02.434, 3, 100 %, 75312 MiB
2026/09/28 14:41:02.434, 4, 100 %, 75312 MiB
2026/09/28 14:41:02.434, 5, 100 %, 75312 MiB
2026/09/28 14:41:02.434, 6, 100 %, 75024 MiB
2026/09/28 14:41:02.434, 7, 100 %, 75312 MiB
2026/09/28 14:41:07.434, 0, 100 %, 75524 MiB
2026/09/28 14:41:07.434, 1, 100 %, 75312 MiB
2026/09/28 14:41:07.434, 2, 100 %, 75312 MiB
2026/09/28 14:41:07.434, 3, 100 %, 75312 MiB
2026/09/28 14:41:07.434, 4, 100 %, 75312 MiB
2026/09/28 14:41:07.434, 5, 100 %, 75312 MiB
2026/09/28 14:41:07.434, 6, 100 %, 75024 MiB
2026/09/28 14:41:07.434, 7, 100 %, 75312 MiB
2026/09/28 14:41:12.435, 0, 99 %, 75524 MiB
2026/09/28 14:41:12.435, 1, 97 %, 75312 MiB
2026/09/28 14:41:12.435, 2, 100 %, 75312 MiB
2026/09/28 14:41:12.435, 3, 100 %, 75312 MiB
2026/09/28 14:41:12.435, 4, 93 %, 75312 MiB
2026/09/28 14:41:12.435, 5, 92 %, 75312 MiB
2026/09/28 14:41:12.435, 6, 100 %, 75024 MiB
2026/09/28 14:41:12.435, 7, 99 %, 75312 MiB
2026/09/28 14:41:17.435, 0, 100 %, 75524 MiB
2026/09/28 14:41:17.436, 1, 100 %, 75312 MiB
2026/09/28 14:41:17.437, 2, 100 %, 75312 MiB
2026/09/28 14:41:17.438, 3, 100 %, 75312 MiB
2026/09/28 14:41:17.440, 4, 100 %, 75312 MiB
2026/09/28 14:41:17.440, 5, 100 %, 75312 MiB
2026/09/28 14:41:17.441, 6, 100 %, 75024 MiB
2026/09/28 14:41:17.442, 7, 100 %, 75312 MiB
2026/09/28 14:41:22.442, 0, 81 %, 75526 MiB
2026/09/28 14:41:22.442, 1, 93 %, 75314 MiB
2026/09/28 14:41:22.442, 2, 93 %, 75314 MiB
2026/09/28 14:41:22.442, 3, 96 %, 75314 MiB
2026/09/28 14:41:22.442, 4, 94 %, 75314 MiB
2026/09/28 14:41:22.442, 5, 91 %, 75314 MiB
2026/09/28 14:41:22.442, 6, 94 %, 75026 MiB
2026/09/28 14:41:22.442, 7, 84 %, 75314 MiB
2026/09/28 14:41:27.443, 0, 100 %, 75526 MiB
2026/09/28 14:41:27.443, 1, 100 %, 75314 MiB
2026/09/28 14:41:27.443, 2, 100 %, 75314 MiB
2026/09/28 14:41:27.443, 3, 100 %, 75314 MiB
2026/09/28 14:41:27.443, 4, 100 %, 75314 MiB
2026/09/28 14:41:27.443, 5, 100 %, 75314 MiB
2026/09/28 14:41:27.443, 6, 100 %, 75026 MiB
2026/09/28 14:41:27.443, 7, 100 %, 75314 MiB
2026/09/28 14:41:32.443, 0, 99 %, 75526 MiB
2026/09/28 14:41:32.443, 1, 100 %, 75314 MiB
2026/09/28 14:41:32.443, 2, 99 %, 75314 MiB
2026/09/28 14:41:32.443, 3, 100 %, 75314 MiB
2026/09/28 14:41:32.443, 4, 99 %, 75314 MiB
2026/09/28 14:41:32.443, 5, 98 %, 75314 MiB
2026/09/28 14:41:32.443, 6, 98 %, 75026 MiB
2026/09/28 14:41:32.443, 7, 99 %, 75314 MiB
2026/09/28 14:41:37.444, 0, 100 %, 75526 MiB
2026/09/28 14:41:37.444, 1, 100 %, 75314 MiB
2026/09/28 14:41:37.444, 2, 100 %, 75314 MiB
2026/09/28 14:41:37.444, 3, 100 %, 75314 MiB
2026/09/28 14:41:37.444, 4, 100 %, 75314 MiB
2026/09/28 14:41:37.444, 5, 100 %, 75314 MiB
2026/09/28 14:41:37.444, 6, 100 %, 75026 MiB
2026/09/28 14:41:37.444, 7, 100 %, 75314 MiB
2026/09/28 14:41:42.444, 0, 100 %, 75526 MiB
2026/09/28 14:41:42.444, 1, 100 %, 75314 MiB
2026/09/28 14:41:42.444, 2, 100 %, 75314 MiB
2026/09/28 14:41:42.444, 3, 100 %, 75314 MiB
2026/09/28 14:41:42.444, 4, 100 %, 75314 MiB
2026/09/28 14:41:42.444, 5, 100 %, 75314 MiB
2026/09/28 14:41:42.444, 6, 100 %, 75026 MiB
2026/09/28 14:41:42.444, 7, 100 %, 75314 MiB
2026/09/28 14:41:47.445, 0, 100 %, 75526 MiB
2026/09/28 14:41:47.445, 1, 100 %, 75314 MiB
2026/09/28 14:41:47.445, 2, 100 %, 75314 MiB
2026/09/28 14:41:47.445, 3, 100 %, 75314 MiB
2026/09/28 14:41:47.445, 4, 100 %, 75314 MiB
2026/09/28 14:41:47.445, 5, 100 %, 75314 MiB
2026/09/28 14:41:47.445, 6, 100 %, 75026 MiB
2026/09/28 14:41:47.445, 7, 100 %, 75314 MiB
2026/09/28 14:41:52.445, 0, 98 %, 75528 MiB
2026/09/28 14:41:52.445, 1, 100 %, 75316 MiB
2026/09/28 14:41:52.445, 2, 95 %, 75316 MiB
2026/09/28 14:41:52.445, 3, 92 %, 75316 MiB
2026/09/28 14:41:52.445, 4, 99 %, 75316 MiB
2026/09/28 14:41:52.445, 5, 100 %, 75316 MiB
2026/09/28 14:41:52.445, 6, 99 %, 75028 MiB
2026/09/28 14:41:52.446, 7, 83 %, 75316 MiB
2026/09/28 14:41:57.446, 0, 100 %, 75528 MiB
2026/09/28 14:41:57.446, 1, 100 %, 75316 MiB
2026/09/28 14:41:57.446, 2, 100 %, 75316 MiB
2026/09/28 14:41:57.446, 3, 100 %, 75316 MiB
2026/09/28 14:41:57.446, 4, 98 %, 75316 MiB
2026/09/28 14:41:57.446, 5, 100 %, 75316 MiB
2026/09/28 14:41:57.446, 6, 100 %, 75028 MiB
2026/09/28 14:41:57.446, 7, 100 %, 75316 MiB
2026/09/28 14:42:02.446, 0, 100 %, 75528 MiB
2026/09/28 14:42:02.446, 1, 100 %, 75316 MiB
2026/09/28 14:42:02.446, 2, 100 %, 75316 MiB
2026/09/28 14:42:02.447, 3, 100 %, 75316 MiB
2026/09/28 14:42:02.447, 4, 100 %, 75316 MiB
2026/09/28 14:42:02.447, 5, 100 %, 75316 MiB
2026/09/28 14:42:02.447, 6, 100 %, 75028 MiB
2026/09/28 14:42:02.447, 7, 100 %, 75316 MiB
2026/09/28 14:42:07.447, 0, 100 %, 75528 MiB
2026/09/28 14:42:07.447, 1, 100 %, 75316 MiB
2026/09/28 14:42:07.447, 2, 100 %, 75316 MiB
2026/09/28 14:42:07.447, 3, 100 %, 75316 MiB
2026/09/28 14:42:07.447, 4, 100 %, 75316 MiB
2026/09/28 14:42:07.447, 5, 100 %, 75316 MiB
2026/09/28 14:42:07.447, 6, 100 %, 75028 MiB
2026/09/28 14:42:07.447, 7, 100 %, 75316 MiB
2026/09/28 14:42:12.448, 0, 100 %, 75528 MiB
2026/09/28 14:42:12.448, 1, 100 %, 75316 MiB
2026/09/28 14:42:12.448, 2, 100 %, 75316 MiB
2026/09/28 14:42:12.448, 3, 100 %, 75316 MiB
2026/09/28 14:42:12.448, 4, 100 %, 75316 MiB
2026/09/28 14:42:12.448, 5, 100 %, 75316 MiB
2026/09/28 14:42:12.448, 6, 100 %, 75028 MiB
2026/09/28 14:42:12.448, 7, 100 %, 75316 MiB
2026/09/28 14:42:17.448, 0, 99 %, 75528 MiB
2026/09/28 14:42:17.448, 1, 99 %, 75316 MiB
2026/09/28 14:42:17.448, 2, 99 %, 75316 MiB
2026/09/28 14:42:17.448, 3, 100 %, 75316 MiB
2026/09/28 14:42:17.448, 4, 99 %, 75316 MiB
2026/09/28 14:42:17.448, 5, 95 %, 75316 MiB
2026/09/28 14:42:17.448, 6, 85 %, 75028 MiB
2026/09/28 14:42:17.448, 7, 91 %, 75316 MiB
2026/09/28 14:42:22.449, 0, 100 %, 75528 MiB
2026/09/28 14:42:22.656, 1, 100 %, 75316 MiB
2026/09/28 14:42:22.661, 2, 100 %, 75316 MiB
2026/09/28 14:42:22.661, 3, 100 %, 75316 MiB
2026/09/28 14:42:22.663, 4, 100 %, 75316 MiB
2026/09/28 14:42:22.664, 5, 100 %, 75316 MiB
2026/09/28 14:42:22.664, 6, 100 %, 75028 MiB
2026/09/28 14:42:22.668, 7, 100 %, 75316 MiB
2026/09/28 14:42:27.669, 0, 96 %, 75528 MiB
2026/09/28 14:42:27.669, 1, 96 %, 75316 MiB
2026/09/28 14:42:27.670, 2, 96 %, 75316 MiB
2026/09/28 14:42:27.671, 3, 97 %, 75316 MiB
2026/09/28 14:42:27.671, 4, 97 %, 75316 MiB
2026/09/28 14:42:27.672, 5, 69 %, 75316 MiB
2026/09/28 14:42:27.675, 6, 95 %, 75028 MiB
2026/09/28 14:42:27.680, 7, 100 %, 75316 MiB
2026/09/28 14:42:32.685, 0, 100 %, 75528 MiB
2026/09/28 14:42:32.685, 1, 98 %, 75316 MiB
2026/09/28 14:42:32.685, 2, 100 %, 75316 MiB
2026/09/28 14:42:32.685, 3, 100 %, 75316 MiB
2026/09/28 14:42:32.685, 4, 100 %, 75316 MiB
2026/09/28 14:42:32.685, 5, 100 %, 75316 MiB
2026/09/28 14:42:32.685, 6, 86 %, 75028 MiB
2026/09/28 14:42:32.685, 7, 94 %, 75316 MiB
2026/09/28 14:42:37.685, 0, 100 %, 75528 MiB
2026/09/28 14:42:37.804, 1, 100 %, 75316 MiB
2026/09/28 14:42:37.809, 2, 97 %, 75316 MiB
2026/09/28 14:42:37.809, 3, 91 %, 75316 MiB
2026/09/28 14:42:37.812, 4, 100 %, 75316 MiB
2026/09/28 14:42:37.814, 5, 100 %, 75316 MiB
2026/09/28 14:42:37.816, 6, 100 %, 75028 MiB
2026/09/28 14:42:37.817, 7, 100 %, 75316 MiB
2026/09/28 14:42:42.819, 0, 100 %, 75528 MiB
2026/09/28 14:42:42.819, 1, 92 %, 75316 MiB
2026/09/28 14:42:42.819, 2, 99 %, 75316 MiB
2026/09/28 14:42:42.820, 3, 100 %, 75316 MiB
2026/09/28 14:42:42.820, 4, 100 %, 75316 MiB
2026/09/28 14:42:42.820, 5, 100 %, 75316 MiB
2026/09/28 14:42:42.821, 6, 100 %, 75028 MiB
2026/09/28 14:42:42.821, 7, 100 %, 75316 MiB
2026/09/28 14:42:47.822, 0, 94 %, 75528 MiB
2026/09/28 14:42:47.823, 1, 90 %, 75316 MiB
2026/09/28 14:42:47.823, 2, 99 %, 75316 MiB
2026/09/28 14:42:47.824, 3, 76 %, 75316 MiB
2026/09/28 14:42:47.824, 4, 98 %, 75316 MiB
2026/09/28 14:42:47.824, 5, 93 %, 75316 MiB
2026/09/28 14:42:47.825, 6, 69 %, 75028 MiB
2026/09/28 14:42:47.825, 7, 84 %, 75316 MiB
2026/09/28 14:42:52.826, 0, 100 %, 75528 MiB
2026/09/28 14:42:52.826, 1, 100 %, 75316 MiB
2026/09/28 14:42:52.826, 2, 100 %, 75316 MiB
2026/09/28 14:42:52.826, 3, 100 %, 75316 MiB
2026/09/28 14:42:52.827, 4, 100 %, 75316 MiB
2026/09/28 14:42:52.827, 5, 100 %, 75316 MiB
2026/09/28 14:42:52.828, 6, 100 %, 75028 MiB
2026/09/28 14:42:52.828, 7, 100 %, 75316 MiB
2026/09/28 14:42:57.828, 0, 100 %, 75528 MiB
2026/09/28 14:42:57.829, 1, 100 %, 75316 MiB
2026/09/28 14:42:57.829, 2, 98 %, 75316 MiB
2026/09/28 14:42:57.830, 3, 100 %, 75316 MiB
2026/09/28 14:42:57.830, 4, 100 %, 75316 MiB
2026/09/28 14:42:57.831, 5, 100 %, 75316 MiB
2026/09/28 14:42:57.831, 6, 100 %, 75028 MiB
2026/09/28 14:42:57.832, 7, 100 %, 75316 MiB
2026/09/28 14:43:02.832, 0, 100 %, 75528 MiB
2026/09/28 14:43:02.832, 1, 100 %, 75316 MiB
2026/09/28 14:43:02.832, 2, 100 %, 75316 MiB
2026/09/28 14:43:02.832, 3, 100 %, 75316 MiB
2026/09/28 14:43:02.832, 4, 100 %, 75316 MiB
2026/09/28 14:43:02.832, 5, 100 %, 75316 MiB
2026/09/28 14:43:02.832, 6, 100 %, 75028 MiB
2026/09/28 14:43:02.833, 7, 100 %, 75316 MiB
2026/09/28 14:43:07.833, 0, 95 %, 75528 MiB
2026/09/28 14:43:07.841, 1, 100 %, 75316 MiB
2026/09/28 14:43:07.847, 2, 93 %, 75316 MiB
2026/09/28 14:43:07.854, 3, 98 %, 75316 MiB
2026/09/28 14:43:07.860, 4, 96 %, 75316 MiB
2026/09/28 14:43:07.867, 5, 97 %, 75316 MiB
2026/09/28 14:43:07.872, 6, 60 %, 75028 MiB
2026/09/28 14:43:07.875, 7, 99 %, 75316 MiB
2026/09/28 14:43:12.881, 0, 100 %, 75528 MiB
2026/09/28 14:43:12.881, 1, 100 %, 75316 MiB
2026/09/28 14:43:12.881, 2, 100 %, 75316 MiB
2026/09/28 14:43:12.881, 3, 100 %, 75316 MiB
2026/09/28 14:43:12.881, 4, 96 %, 75316 MiB
2026/09/28 14:43:12.881, 5, 100 %, 75316 MiB
2026/09/28 14:43:12.881, 6, 100 %, 75028 MiB
2026/09/28 14:43:12.881, 7, 100 %, 75316 MiB
2026/09/28 14:43:17.882, 0, 97 %, 75528 MiB
2026/09/28 14:43:17.882, 1, 97 %, 75316 MiB
2026/09/28 14:43:17.882, 2, 98 %, 75316 MiB
2026/09/28 14:43:17.882, 3, 100 %, 75316 MiB
2026/09/28 14:43:17.882, 4, 98 %, 75316 MiB
2026/09/28 14:43:17.882, 5, 98 %, 75316 MiB
2026/09/28 14:43:17.882, 6, 100 %, 75028 MiB
2026/09/28 14:43:17.882, 7, 98 %, 75316 MiB
2026/09/28 14:43:22.883, 0, 100 %, 75528 MiB
2026/09/28 14:43:22.883, 1, 100 %, 75316 MiB
2026/09/28 14:43:22.883, 2, 100 %, 75316 MiB
2026/09/28 14:43:22.883, 3, 100 %, 75316 MiB
2026/09/28 14:43:22.883, 4, 100 %, 75316 MiB
2026/09/28 14:43:22.883, 5, 100 %, 75316 MiB
2026/09/28 14:43:22.883, 6, 100 %, 75028 MiB
2026/09/28 14:43:22.883, 7, 98 %, 75316 MiB
2026/09/28 14:43:27.883, 0, 100 %, 75528 MiB
2026/09/28 14:43:27.883, 1, 99 %, 75316 MiB
2026/09/28 14:43:27.883, 2, 98 %, 75316 MiB
2026/09/28 14:43:27.883, 3, 80 %, 75316 MiB
2026/09/28 14:43:27.883, 4, 100 %, 75316 MiB
2026/09/28 14:43:27.883, 5, 85 %, 75316 MiB
2026/09/28 14:43:27.883, 6, 98 %, 75028 MiB
2026/09/28 14:43:27.884, 7, 98 %, 75316 MiB
2026/09/28 14:43:32.884, 0, 100 %, 75528 MiB
2026/09/28 14:43:32.884, 1, 100 %, 75316 MiB
2026/09/28 14:43:32.884, 2, 100 %, 75316 MiB
2026/09/28 14:43:32.884, 3, 100 %, 75316 MiB
2026/09/28 14:43:32.885, 4, 100 %, 75316 MiB
2026/09/28 14:43:32.885, 5, 100 %, 75316 MiB
2026/09/28 14:43:32.885, 6, 100 %, 75028 MiB
2026/09/28 14:43:32.886, 7, 100 %, 75316 MiB
2026/09/28 14:43:37.886, 0, 100 %, 75528 MiB
2026/09/28 14:43:37.949, 1, 100 %, 75316 MiB
2026/09/28 14:43:37.950, 2, 100 %, 75316 MiB
2026/09/28 14:43:37.950, 3, 100 %, 75316 MiB
2026/09/28 14:43:37.954, 4, 100 %, 75316 MiB
2026/09/28 14:43:37.954, 5, 98 %, 75316 MiB
2026/09/28 14:43:37.956, 6, 100 %, 75028 MiB
2026/09/28 14:43:37.956, 7, 100 %, 75316 MiB
2026/09/28 14:43:42.957, 0, 100 %, 75528 MiB
2026/09/28 14:43:42.957, 1, 100 %, 75316 MiB
2026/09/28 14:43:42.957, 2, 100 %, 75316 MiB
2026/09/28 14:43:42.957, 3, 100 %, 75316 MiB
2026/09/28 14:43:42.957, 4, 100 %, 75316 MiB
2026/09/28 14:43:42.957, 5, 100 %, 75316 MiB
2026/09/28 14:43:42.957, 6, 100 %, 75028 MiB
2026/09/28 14:43:42.957, 7, 100 %, 75316 MiB
2026/09/28 14:43:47.958, 0, 100 %, 75528 MiB
2026/09/28 14:43:47.958, 1, 100 %, 75316 MiB
2026/09/28 14:43:47.958, 2, 100 %, 75316 MiB
2026/09/28 14:43:47.959, 3, 100 %, 75316 MiB
2026/09/28 14:43:47.959, 4, 100 %, 75316 MiB
2026/09/28 14:43:47.959, 5, 100 %, 75316 MiB
2026/09/28 14:43:47.960, 6, 100 %, 75028 MiB
2026/09/28 14:43:47.960, 7, 100 %, 75316 MiB
2026/09/28 14:43:52.961, 0, 100 %, 75528 MiB
2026/09/28 14:43:52.961, 1, 100 %, 75316 MiB
2026/09/28 14:43:52.961, 2, 100 %, 75316 MiB
2026/09/28 14:43:52.961, 3, 100 %, 75316 MiB
2026/09/28 14:43:52.961, 4, 100 %, 75316 MiB
2026/09/28 14:43:52.961, 5, 100 %, 75316 MiB
2026/09/28 14:43:52.961, 6, 100 %, 75028 MiB
2026/09/28 14:43:52.961, 7, 100 %, 75316 MiB
2026/09/28 14:43:57.962, 0, 99 %, 75528 MiB
2026/09/28 14:43:57.962, 1, 100 %, 75316 MiB
2026/09/28 14:43:57.963, 2, 98 %, 75316 MiB
2026/09/28 14:43:57.963, 3, 98 %, 75316 MiB
2026/09/28 14:43:57.963, 4, 100 %, 75316 MiB
2026/09/28 14:43:57.965, 5, 98 %, 75316 MiB
2026/09/28 14:43:57.965, 6, 100 %, 75028 MiB
2026/09/28 14:43:57.965, 7, 99 %, 75316 MiB
2026/09/28 14:44:02.966, 0, 100 %, 75528 MiB
2026/09/28 14:44:02.966, 1, 100 %, 75316 MiB
2026/09/28 14:44:02.966, 2, 100 %, 75316 MiB
2026/09/28 14:44:02.966, 3, 100 %, 75316 MiB
2026/09/28 14:44:02.966, 4, 100 %, 75316 MiB
2026/09/28 14:44:02.966, 5, 100 %, 75316 MiB
2026/09/28 14:44:02.966, 6, 100 %, 75028 MiB
2026/09/28 14:44:02.966, 7, 100 %, 75316 MiB
2026/09/28 14:44:07.966, 0, 95 %, 75528 MiB
2026/09/28 14:44:07.966, 1, 94 %, 75316 MiB
2026/09/28 14:44:07.966, 2, 80 %, 75316 MiB
2026/09/28 14:44:07.966, 3, 86 %, 75316 MiB
2026/09/28 14:44:07.966, 4, 94 %, 75316 MiB
2026/09/28 14:44:07.966, 5, 97 %, 75316 MiB
2026/09/28 14:44:07.966, 6, 97 %, 75028 MiB
2026/09/28 14:44:07.966, 7, 97 %, 75316 MiB
2026/09/28 14:44:12.967, 0, 100 %, 75528 MiB
2026/09/28 14:44:12.967, 1, 100 %, 75316 MiB
2026/09/28 14:44:12.967, 2, 100 %, 75316 MiB
2026/09/28 14:44:12.967, 3, 100 %, 75316 MiB
2026/09/28 14:44:12.967, 4, 100 %, 75316 MiB
2026/09/28 14:44:12.967, 5, 100 %, 75316 MiB
2026/09/28 14:44:12.967, 6, 100 %, 75028 MiB
2026/09/28 14:44:12.967, 7, 100 %, 75316 MiB
2026/09/28 14:44:17.967, 0, 100 %, 75528 MiB
2026/09/28 14:44:17.967, 1, 100 %, 75316 MiB
2026/09/28 14:44:17.967, 2, 100 %, 75316 MiB
2026/09/28 14:44:17.967, 3, 100 %, 75316 MiB
2026/09/28 14:44:17.967, 4, 100 %, 75316 MiB
2026/09/28 14:44:17.967, 5, 100 %, 75316 MiB
2026/09/28 14:44:17.967, 6, 100 %, 75028 MiB
2026/09/28 14:44:17.967, 7, 100 %, 75316 MiB
2026/09/28 14:44:22.968, 0, 87 %, 75528 MiB
2026/09/28 14:44:22.968, 1, 96 %, 75316 MiB
2026/09/28 14:44:22.968, 2, 100 %, 75316 MiB
2026/09/28 14:44:22.969, 3, 95 %, 75316 MiB
2026/09/28 14:44:22.969, 4, 100 %, 75316 MiB
2026/09/28 14:44:22.969, 5, 94 %, 75316 MiB
2026/09/28 14:44:22.970, 6, 100 %, 75028 MiB
2026/09/28 14:44:22.970, 7, 100 %, 75316 MiB
2026/09/28 14:44:27.971, 0, 100 %, 75528 MiB
2026/09/28 14:44:27.971, 1, 100 %, 75316 MiB
2026/09/28 14:44:27.971, 2, 100 %, 75316 MiB
2026/09/28 14:44:27.971, 3, 88 %, 75316 MiB
2026/09/28 14:44:27.971, 4, 100 %, 75316 MiB
2026/09/28 14:44:27.971, 5, 100 %, 75316 MiB
2026/09/28 14:44:27.971, 6, 100 %, 75028 MiB
2026/09/28 14:44:27.971, 7, 100 %, 75316 MiB
2026/09/28 14:44:32.971, 0, 100 %, 75528 MiB
2026/09/28 14:44:33.069, 1, 100 %, 75316 MiB
2026/09/28 14:44:33.070, 2, 100 %, 75316 MiB
2026/09/28 14:44:33.072, 3, 100 %, 75316 MiB
2026/09/28 14:44:33.072, 4, 100 %, 75316 MiB
2026/09/28 14:44:33.072, 5, 100 %, 75316 MiB
2026/09/28 14:44:33.073, 6, 100 %, 75028 MiB
2026/09/28 14:44:33.073, 7, 100 %, 75316 MiB
2026/09/28 14:44:38.074, 0, 100 %, 75528 MiB
2026/09/28 14:44:38.074, 1, 100 %, 75316 MiB
2026/09/28 14:44:38.074, 2, 99 %, 75316 MiB
2026/09/28 14:44:38.074, 3, 97 %, 75316 MiB
2026/09/28 14:44:38.074, 4, 99 %, 75316 MiB
2026/09/28 14:44:38.074, 5, 99 %, 75316 MiB
2026/09/28 14:44:38.074, 6, 100 %, 75028 MiB
2026/09/28 14:44:38.074, 7, 100 %, 75316 MiB
2026/09/28 14:44:43.074, 0, 100 %, 75528 MiB
2026/09/28 14:44:43.074, 1, 100 %, 75316 MiB
2026/09/28 14:44:43.074, 2, 100 %, 75316 MiB
2026/09/28 14:44:43.074, 3, 100 %, 75316 MiB
2026/09/28 14:44:43.074, 4, 100 %, 75316 MiB
2026/09/28 14:44:43.074, 5, 100 %, 75316 MiB
2026/09/28 14:44:43.075, 6, 100 %, 75028 MiB
2026/09/28 14:44:43.075, 7, 100 %, 75316 MiB
2026/09/28 14:44:48.075, 0, 98 %, 75528 MiB
2026/09/28 14:44:48.075, 1, 98 %, 75316 MiB
2026/09/28 14:44:48.075, 2, 100 %, 75316 MiB
2026/09/28 14:44:48.076, 3, 98 %, 75316 MiB
2026/09/28 14:44:48.076, 4, 98 %, 75316 MiB
2026/09/28 14:44:48.077, 5, 98 %, 75316 MiB
2026/09/28 14:44:48.077, 6, 98 %, 75028 MiB
2026/09/28 14:44:48.077, 7, 98 %, 75316 MiB
2026/09/28 14:44:53.078, 0, 100 %, 75528 MiB
2026/09/28 14:44:53.078, 1, 100 %, 75316 MiB
2026/09/28 14:44:53.078, 2, 99 %, 75316 MiB
2026/09/28 14:44:53.078, 3, 99 %, 75316 MiB
2026/09/28 14:44:53.078, 4, 100 %, 75316 MiB
2026/09/28 14:44:53.078, 5, 100 %, 75316 MiB
2026/09/28 14:44:53.078, 6, 100 %, 75028 MiB
2026/09/28 14:44:53.078, 7, 100 %, 75316 MiB
2026/09/28 14:44:58.078, 0, 99 %, 75528 MiB
2026/09/28 14:44:58.079, 1, 99 %, 75316 MiB
2026/09/28 14:44:58.079, 2, 74 %, 75316 MiB
2026/09/28 14:44:58.080, 3, 99 %, 75316 MiB
2026/09/28 14:44:58.080, 4, 98 %, 75316 MiB
2026/09/28 14:44:58.080, 5, 96 %, 75316 MiB
2026/09/28 14:44:58.080, 6, 99 %, 75028 MiB
2026/09/28 14:44:58.080, 7, 87 %, 75316 MiB
2026/09/28 14:45:03.081, 0, 100 %, 75528 MiB
2026/09/28 14:45:03.081, 1, 100 %, 75316 MiB
2026/09/28 14:45:03.081, 2, 100 %, 75316 MiB
2026/09/28 14:45:03.081, 3, 100 %, 75316 MiB
2026/09/28 14:45:03.081, 4, 100 %, 75316 MiB
2026/09/28 14:45:03.081, 5, 100 %, 75316 MiB
2026/09/28 14:45:03.081, 6, 100 %, 75028 MiB
2026/09/28 14:45:03.081, 7, 100 %, 75316 MiB
2026/09/28 14:45:08.082, 0, 100 %, 75528 MiB
2026/09/28 14:45:08.082, 1, 100 %, 75316 MiB
2026/09/28 14:45:08.082, 2, 100 %, 75316 MiB
2026/09/28 14:45:08.082, 3, 100 %, 75316 MiB
2026/09/28 14:45:08.082, 4, 100 %, 75316 MiB
2026/09/28 14:45:08.082, 5, 100 %, 75316 MiB
2026/09/28 14:45:08.082, 6, 100 %, 75028 MiB
2026/09/28 14:45:08.082, 7, 100 %, 75316 MiB
2026/09/28 14:45:13.082, 0, 100 %, 75528 MiB
2026/09/28 14:45:13.082, 1, 100 %, 75316 MiB
2026/09/28 14:45:13.083, 2, 100 %, 75316 MiB
2026/09/28 14:45:13.083, 3, 100 %, 75316 MiB
2026/09/28 14:45:13.084, 4, 100 %, 75316 MiB
2026/09/28 14:45:13.084, 5, 100 %, 75316 MiB
2026/09/28 14:45:13.084, 6, 100 %, 75028 MiB
2026/09/28 14:45:13.085, 7, 100 %, 75316 MiB
2026/09/28 14:45:18.086, 0, 100 %, 75528 MiB
2026/09/28 14:45:18.086, 1, 100 %, 75316 MiB
2026/09/28 14:45:18.086, 2, 98 %, 75316 MiB
2026/09/28 14:45:18.086, 3, 96 %, 75316 MiB
2026/09/28 14:45:18.086, 4, 98 %, 75316 MiB
2026/09/28 14:45:18.086, 5, 98 %, 75316 MiB
2026/09/28 14:45:18.086, 6, 88 %, 75028 MiB
2026/09/28 14:45:18.086, 7, 96 %, 75316 MiB
2026/09/28 14:45:23.086, 0, 100 %, 75528 MiB
2026/09/28 14:45:23.086, 1, 100 %, 75316 MiB
2026/09/28 14:45:23.086, 2, 100 %, 75316 MiB
2026/09/28 14:45:23.086, 3, 100 %, 75316 MiB
2026/09/28 14:45:23.086, 4, 100 %, 75316 MiB
2026/09/28 14:45:23.086, 5, 100 %, 75316 MiB
2026/09/28 14:45:23.086, 6, 100 %, 75028 MiB
2026/09/28 14:45:23.086, 7, 100 %, 75316 MiB
2026/09/28 14:45:28.087, 0, 93 %, 75528 MiB
2026/09/28 14:45:28.087, 1, 81 %, 75316 MiB
2026/09/28 14:45:28.087, 2, 93 %, 75316 MiB
2026/09/28 14:45:28.087, 3, 88 %, 75316 MiB
2026/09/28 14:45:28.087, 4, 99 %, 75316 MiB
2026/09/28 14:45:28.087, 5, 88 %, 75316 MiB
2026/09/28 14:45:28.087, 6, 66 %, 75028 MiB
2026/09/28 14:45:28.087, 7, 92 %, 75316 MiB
2026/09/28 14:45:33.087, 0, 100 %, 75528 MiB
2026/09/28 14:45:33.087, 1, 100 %, 75316 MiB
2026/09/28 14:45:33.087, 2, 100 %, 75316 MiB
2026/09/28 14:45:33.087, 3, 100 %, 75316 MiB
2026/09/28 14:45:33.087, 4, 100 %, 75316 MiB
2026/09/28 14:45:33.087, 5, 100 %, 75316 MiB
2026/09/28 14:45:33.087, 6, 100 %, 75028 MiB
2026/09/28 14:45:33.087, 7, 100 %, 75316 MiB
2026/09/28 14:45:38.088, 0, 100 %, 75528 MiB
2026/09/28 14:45:38.088, 1, 100 %, 75316 MiB
2026/09/28 14:45:38.088, 2, 100 %, 75316 MiB
2026/09/28 14:45:38.088, 3, 100 %, 75316 MiB
2026/09/28 14:45:38.088, 4, 100 %, 75316 MiB
2026/09/28 14:45:38.088, 5, 100 %, 75316 MiB
2026/09/28 14:45:38.088, 6, 100 %, 75028 MiB
2026/09/28 14:45:38.088, 7, 100 %, 75316 MiB
2026/09/28 14:45:43.088, 0, 98 %, 75528 MiB
2026/09/28 14:45:43.091, 1, 100 %, 75316 MiB
2026/09/28 14:45:43.095, 2, 98 %, 75316 MiB
2026/09/28 14:45:43.095, 3, 98 %, 75316 MiB
2026/09/28 14:45:43.097, 4, 98 %, 75316 MiB
2026/09/28 14:45:43.103, 5, 100 %, 75316 MiB
2026/09/28 14:45:43.108, 6, 98 %, 75028 MiB
2026/09/28 14:45:43.112, 7, 100 %, 75316 MiB
2026/09/28 14:45:48.118, 0, 100 %, 75528 MiB
2026/09/28 14:45:48.119, 1, 100 %, 75316 MiB
2026/09/28 14:45:48.119, 2, 100 %, 75316 MiB
2026/09/28 14:45:48.119, 3, 100 %, 75316 MiB
2026/09/28 14:45:48.120, 4, 100 %, 75316 MiB
2026/09/28 14:45:48.120, 5, 100 %, 75316 MiB
2026/09/28 14:45:48.121, 6, 100 %, 75028 MiB
2026/09/28 14:45:48.121, 7, 100 %, 75316 MiB
2026/09/28 14:45:53.122, 0, 100 %, 75528 MiB
2026/09/28 14:45:53.122, 1, 100 %, 75316 MiB
2026/09/28 14:45:53.122, 2, 100 %, 75316 MiB
2026/09/28 14:45:53.122, 3, 100 %, 75316 MiB
2026/09/28 14:45:53.122, 4, 100 %, 75316 MiB
2026/09/28 14:45:53.122, 5, 100 %, 75316 MiB
2026/09/28 14:45:53.122, 6, 100 %, 75028 MiB
2026/09/28 14:45:53.122, 7, 100 %, 75316 MiB
2026/09/28 14:45:58.122, 0, 100 %, 75528 MiB
2026/09/28 14:45:58.124, 1, 100 %, 75316 MiB
2026/09/28 14:45:58.124, 2, 100 %, 75316 MiB
2026/09/28 14:45:58.124, 3, 100 %, 75316 MiB
2026/09/28 14:45:58.125, 4, 100 %, 75316 MiB
2026/09/28 14:45:58.125, 5, 91 %, 75316 MiB
2026/09/28 14:45:58.126, 6, 99 %, 75028 MiB
2026/09/28 14:45:58.127, 7, 98 %, 75316 MiB
2026/09/28 14:46:03.127, 0, 100 %, 75528 MiB
2026/09/28 14:46:03.128, 1, 100 %, 75316 MiB
2026/09/28 14:46:03.128, 2, 100 %, 75316 MiB
2026/09/28 14:46:03.128, 3, 100 %, 75316 MiB
2026/09/28 14:46:03.128, 4, 100 %, 75316 MiB
2026/09/28 14:46:03.129, 5, 100 %, 75316 MiB
2026/09/28 14:46:03.129, 6, 100 %, 75028 MiB
2026/09/28 14:46:03.129, 7, 100 %, 75316 MiB
2026/09/28 14:46:08.130, 0, 100 %, 75528 MiB
2026/09/28 14:46:08.130, 1, 100 %, 75316 MiB
2026/09/28 14:46:08.131, 2, 100 %, 75316 MiB
2026/09/28 14:46:08.131, 3, 100 %, 75316 MiB
2026/09/28 14:46:08.131, 4, 100 %, 75316 MiB
2026/09/28 14:46:08.131, 5, 100 %, 75316 MiB
2026/09/28 14:46:08.131, 6, 100 %, 75028 MiB
2026/09/28 14:46:08.131, 7, 100 %, 75316 MiB
2026/09/28 14:46:13.131, 0, 100 %, 75528 MiB
2026/09/28 14:46:13.131, 1, 100 %, 75316 MiB
2026/09/28 14:46:13.131, 2, 100 %, 75316 MiB
2026/09/28 14:46:13.131, 3, 100 %, 75316 MiB
2026/09/28 14:46:13.131, 4, 100 %, 75316 MiB
2026/09/28 14:46:13.131, 5, 100 %, 75316 MiB
2026/09/28 14:46:13.131, 6, 100 %, 75028 MiB
2026/09/28 14:46:13.131, 7, 100 %, 75316 MiB
2026/09/28 14:46:18.132, 0, 100 %, 75528 MiB
2026/09/28 14:46:18.132, 1, 100 %, 75316 MiB
2026/09/28 14:46:18.132, 2, 100 %, 75316 MiB
2026/09/28 14:46:18.132, 3, 100 %, 75316 MiB
2026/09/28 14:46:18.132, 4, 100 %, 75316 MiB
2026/09/28 14:46:18.132, 5, 100 %, 75316 MiB
2026/09/28 14:46:18.132, 6, 100 %, 75028 MiB
2026/09/28 14:46:18.132, 7, 100 %, 75316 MiB
2026/09/28 14:46:23.132, 0, 100 %, 75528 MiB
2026/09/28 14:46:23.132, 1, 100 %, 75316 MiB
2026/09/28 14:46:23.132, 2, 100 %, 75316 MiB
2026/09/28 14:46:23.132, 3, 100 %, 75316 MiB
2026/09/28 14:46:23.132, 4, 100 %, 75316 MiB
2026/09/28 14:46:23.132, 5, 100 %, 75316 MiB
2026/09/28 14:46:23.132, 6, 100 %, 75028 MiB
2026/09/28 14:46:23.132, 7, 100 %, 75316 MiB
2026/09/28 14:46:28.133, 0, 100 %, 75528 MiB
2026/09/28 14:46:28.133, 1, 100 %, 75316 MiB
2026/09/28 14:46:28.133, 2, 100 %, 75316 MiB
2026/09/28 14:46:28.133, 3, 100 %, 75316 MiB
2026/09/28 14:46:28.133, 4, 100 %, 75316 MiB
2026/09/28 14:46:28.133, 5, 100 %, 75316 MiB
2026/09/28 14:46:28.133, 6, 100 %, 75028 MiB
2026/09/28 14:46:28.133, 7, 100 %, 75316 MiB
2026/09/28 14:46:33.133, 0, 98 %, 75528 MiB
2026/09/28 14:46:33.133, 1, 100 %, 75316 MiB
2026/09/28 14:46:33.133, 2, 98 %, 75316 MiB
2026/09/28 14:46:33.133, 3, 100 %, 75316 MiB
2026/09/28 14:46:33.133, 4, 100 %, 75316 MiB
2026/09/28 14:46:33.133, 5, 100 %, 75316 MiB
2026/09/28 14:46:33.133, 6, 98 %, 75028 MiB
2026/09/28 14:46:33.133, 7, 100 %, 75316 MiB
2026/09/28 14:46:38.133, 0, 100 %, 75528 MiB
2026/09/28 14:46:38.184, 1, 100 %, 75316 MiB
2026/09/28 14:46:38.186, 2, 95 %, 75316 MiB
2026/09/28 14:46:38.190, 3, 57 %, 75316 MiB
2026/09/28 14:46:38.191, 4, 90 %, 75316 MiB
2026/09/28 14:46:38.194, 5, 96 %, 75316 MiB
2026/09/28 14:46:38.195, 6, 70 %, 75028 MiB
2026/09/28 14:46:38.197, 7, 91 %, 75316 MiB
2026/09/28 14:46:43.200, 0, 99 %, 75528 MiB
2026/09/28 14:46:43.200, 1, 99 %, 75316 MiB
2026/09/28 14:46:43.200, 2, 88 %, 75316 MiB
2026/09/28 14:46:43.200, 3, 94 %, 75316 MiB
2026/09/28 14:46:43.200, 4, 85 %, 75316 MiB
2026/09/28 14:46:43.200, 5, 98 %, 75316 MiB
2026/09/28 14:46:43.200, 6, 65 %, 75028 MiB
2026/09/28 14:46:43.200, 7, 95 %, 75316 MiB
2026/09/28 14:46:48.200, 0, 100 %, 75528 MiB
2026/09/28 14:46:48.457, 1, 100 %, 75316 MiB
2026/09/28 14:46:48.461, 2, 100 %, 75316 MiB
2026/09/28 14:46:48.464, 3, 100 %, 75316 MiB
2026/09/28 14:46:48.467, 4, 98 %, 75316 MiB
2026/09/28 14:46:48.472, 5, 100 %, 75316 MiB
2026/09/28 14:46:48.474, 6, 100 %, 75028 MiB
2026/09/28 14:46:48.478, 7, 100 %, 75316 MiB
2026/09/28 14:46:53.484, 0, 100 %, 75528 MiB
2026/09/28 14:46:53.485, 1, 99 %, 75316 MiB
2026/09/28 14:46:53.485, 2, 100 %, 75316 MiB
2026/09/28 14:46:53.486, 3, 99 %, 75316 MiB
2026/09/28 14:46:53.486, 4, 99 %, 75316 MiB
2026/09/28 14:46:53.487, 5, 99 %, 75316 MiB
2026/09/28 14:46:53.488, 6, 99 %, 75028 MiB
2026/09/28 14:46:53.489, 7, 100 %, 75316 MiB
2026/09/28 14:46:58.490, 0, 100 %, 75528 MiB
2026/09/28 14:46:58.490, 1, 100 %, 75316 MiB
2026/09/28 14:46:58.490, 2, 100 %, 75316 MiB
2026/09/28 14:46:58.491, 3, 100 %, 75316 MiB
2026/09/28 14:46:58.491, 4, 100 %, 75316 MiB
2026/09/28 14:46:58.492, 5, 100 %, 75316 MiB
2026/09/28 14:46:58.492, 6, 100 %, 75028 MiB
2026/09/28 14:46:58.492, 7, 100 %, 75316 MiB
2026/09/28 14:47:03.493, 0, 100 %, 75528 MiB
2026/09/28 14:47:03.493, 1, 100 %, 75316 MiB
2026/09/28 14:47:03.493, 2, 100 %, 75316 MiB
2026/09/28 14:47:03.493, 3, 100 %, 75316 MiB
2026/09/28 14:47:03.493, 4, 100 %, 75316 MiB
2026/09/28 14:47:03.494, 5, 100 %, 75316 MiB
2026/09/28 14:47:03.495, 6, 100 %, 75028 MiB
2026/09/28 14:47:03.495, 7, 100 %, 75316 MiB
2026/09/28 14:47:08.496, 0, 97 %, 75528 MiB
2026/09/28 14:47:08.496, 1, 77 %, 75316 MiB
2026/09/28 14:47:08.498, 2, 81 %, 75316 MiB
2026/09/28 14:47:08.499, 3, 94 %, 75316 MiB
2026/09/28 14:47:08.500, 4, 83 %, 75316 MiB
2026/09/28 14:47:08.500, 5, 90 %, 75316 MiB
2026/09/28 14:47:08.501, 6, 63 %, 75028 MiB
2026/09/28 14:47:08.501, 7, 95 %, 75316 MiB
2026/09/28 14:47:13.501, 0, 100 %, 75528 MiB
2026/09/28 14:47:13.502, 1, 100 %, 75316 MiB
2026/09/28 14:47:13.502, 2, 100 %, 75316 MiB
2026/09/28 14:47:13.502, 3, 100 %, 75316 MiB
2026/09/28 14:47:13.502, 4, 100 %, 75316 MiB
2026/09/28 14:47:13.502, 5, 100 %, 75316 MiB
2026/09/28 14:47:13.502, 6, 100 %, 75028 MiB
2026/09/28 14:47:13.502, 7, 100 %, 75316 MiB
2026/09/28 14:47:18.502, 0, 100 %, 75528 MiB
2026/09/28 14:47:18.502, 1, 100 %, 75316 MiB
2026/09/28 14:47:18.502, 2, 100 %, 75316 MiB
2026/09/28 14:47:18.502, 3, 100 %, 75316 MiB
2026/09/28 14:47:18.502, 4, 100 %, 75316 MiB
2026/09/28 14:47:18.502, 5, 100 %, 75316 MiB
2026/09/28 14:47:18.502, 6, 100 %, 75028 MiB
2026/09/28 14:47:18.502, 7, 100 %, 75316 MiB
2026/09/28 14:47:23.502, 0, 84 %, 75528 MiB
2026/09/28 14:47:23.503, 1, 80 %, 75316 MiB
2026/09/28 14:47:23.503, 2, 94 %, 75316 MiB
2026/09/28 14:47:23.503, 3, 98 %, 75316 MiB
2026/09/28 14:47:23.503, 4, 97 %, 75316 MiB
2026/09/28 14:47:23.504, 5, 99 %, 75316 MiB
2026/09/28 14:47:23.504, 6, 91 %, 75028 MiB
2026/09/28 14:47:23.504, 7, 98 %, 75316 MiB
2026/09/28 14:47:28.504, 0, 100 %, 75528 MiB
2026/09/28 14:47:28.505, 1, 100 %, 75316 MiB
2026/09/28 14:47:28.509, 2, 100 %, 75316 MiB
2026/09/28 14:47:28.509, 3, 100 %, 75316 MiB
2026/09/28 14:47:28.510, 4, 100 %, 75316 MiB
2026/09/28 14:47:28.511, 5, 100 %, 75316 MiB
2026/09/28 14:47:28.512, 6, 100 %, 75028 MiB
2026/09/28 14:47:28.515, 7, 100 %, 75316 MiB
2026/09/28 14:47:33.517, 0, 100 %, 75528 MiB
2026/09/28 14:47:33.517, 1, 100 %, 75316 MiB
2026/09/28 14:47:33.520, 2, 100 %, 75316 MiB
2026/09/28 14:47:33.521, 3, 100 %, 75316 MiB
2026/09/28 14:47:33.521, 4, 95 %, 75316 MiB
2026/09/28 14:47:33.524, 5, 100 %, 75316 MiB
2026/09/28 14:47:33.525, 6, 100 %, 75028 MiB
2026/09/28 14:47:33.525, 7, 100 %, 75316 MiB
2026/09/28 14:47:38.526, 0, 100 %, 75528 MiB
2026/09/28 14:47:38.527, 1, 98 %, 75316 MiB
2026/09/28 14:47:38.528, 2, 98 %, 75316 MiB
2026/09/28 14:47:38.529, 3, 98 %, 75316 MiB
2026/09/28 14:47:38.530, 4, 98 %, 75316 MiB
2026/09/28 14:47:38.533, 5, 100 %, 75316 MiB
2026/09/28 14:47:38.534, 6, 100 %, 75028 MiB
2026/09/28 14:47:38.535, 7, 87 %, 75316 MiB
2026/09/28 14:47:43.536, 0, 100 %, 75528 MiB
2026/09/28 14:47:43.536, 1, 100 %, 75316 MiB
2026/09/28 14:47:43.536, 2, 97 %, 75316 MiB
2026/09/28 14:47:43.536, 3, 95 %, 75316 MiB
2026/09/28 14:47:43.536, 4, 98 %, 75316 MiB
2026/09/28 14:47:43.536, 5, 100 %, 75316 MiB
2026/09/28 14:47:43.536, 6, 100 %, 75028 MiB
2026/09/28 14:47:43.536, 7, 98 %, 75316 MiB
2026/09/28 14:47:48.536, 0, 100 %, 75528 MiB
2026/09/28 14:47:48.841, 1, 77 %, 75316 MiB
2026/09/28 14:47:48.843, 2, 97 %, 75316 MiB
2026/09/28 14:47:48.843, 3, 90 %, 75316 MiB
2026/09/28 14:47:48.844, 4, 99 %, 75316 MiB
2026/09/28 14:47:48.845, 5, 100 %, 75316 MiB
2026/09/28 14:47:48.848, 6, 97 %, 75028 MiB
2026/09/28 14:47:48.849, 7, 97 %, 75316 MiB
2026/09/28 14:47:53.850, 0, 100 %, 75528 MiB
2026/09/28 14:47:53.850, 1, 100 %, 75316 MiB
2026/09/28 14:47:53.850, 2, 100 %, 75316 MiB
2026/09/28 14:47:53.851, 3, 100 %, 75316 MiB
2026/09/28 14:47:53.851, 4, 100 %, 75316 MiB
2026/09/28 14:47:53.851, 5, 100 %, 75316 MiB
2026/09/28 14:47:53.852, 6, 100 %, 75028 MiB
2026/09/28 14:47:53.852, 7, 100 %, 75316 MiB
2026/09/28 14:47:58.853, 0, 100 %, 75528 MiB
2026/09/28 14:47:58.853, 1, 100 %, 75316 MiB
2026/09/28 14:47:58.853, 2, 100 %, 75316 MiB
2026/09/28 14:47:58.853, 3, 100 %, 75316 MiB
2026/09/28 14:47:58.853, 4, 100 %, 75316 MiB
2026/09/28 14:47:58.853, 5, 100 %, 75316 MiB
2026/09/28 14:47:58.853, 6, 100 %, 75028 MiB
2026/09/28 14:47:58.853, 7, 100 %, 75316 MiB
2026/09/28 14:48:03.853, 0, 100 %, 75528 MiB
2026/09/28 14:48:03.854, 1, 100 %, 75316 MiB
2026/09/28 14:48:03.854, 2, 100 %, 75316 MiB
2026/09/28 14:48:03.854, 3, 100 %, 75316 MiB
2026/09/28 14:48:03.855, 4, 100 %, 75316 MiB
2026/09/28 14:48:03.855, 5, 100 %, 75316 MiB
2026/09/28 14:48:03.855, 6, 100 %, 75028 MiB
2026/09/28 14:48:03.855, 7, 100 %, 75316 MiB
2026/09/28 14:48:08.856, 0, 92 %, 75528 MiB
2026/09/28 14:48:08.856, 1, 77 %, 75316 MiB
2026/09/28 14:48:08.856, 2, 91 %, 75316 MiB
2026/09/28 14:48:08.856, 3, 93 %, 75316 MiB
2026/09/28 14:48:08.856, 4, 67 %, 75316 MiB
2026/09/28 14:48:08.856, 5, 94 %, 75316 MiB
2026/09/28 14:48:08.856, 6, 95 %, 75028 MiB
2026/09/28 14:48:08.856, 7, 87 %, 75316 MiB
2026/09/28 14:48:13.856, 0, 100 %, 75528 MiB
2026/09/28 14:48:13.858, 1, 100 %, 75316 MiB
2026/09/28 14:48:13.858, 2, 100 %, 75316 MiB
2026/09/28 14:48:13.858, 3, 100 %, 75316 MiB
2026/09/28 14:48:13.858, 4, 100 %, 75316 MiB
2026/09/28 14:48:13.860, 5, 100 %, 75316 MiB
2026/09/28 14:48:13.860, 6, 100 %, 75028 MiB
2026/09/28 14:48:13.860, 7, 100 %, 75316 MiB
2026/09/28 14:48:18.862, 0, 100 %, 75528 MiB
2026/09/28 14:48:18.898, 1, 100 %, 75316 MiB
2026/09/28 14:48:18.900, 2, 100 %, 75316 MiB
2026/09/28 14:48:18.902, 3, 100 %, 75316 MiB
2026/09/28 14:48:19.300, 4, 100 %, 75316 MiB
2026/09/28 14:48:19.307, 5, 100 %, 75316 MiB
2026/09/28 14:48:19.312, 6, 100 %, 75028 MiB
2026/09/28 14:48:19.314, 7, 100 %, 75316 MiB
2026/09/28 14:48:24.319, 0, 100 %, 75528 MiB
2026/09/28 14:48:24.319, 1, 100 %, 75316 MiB
2026/09/28 14:48:24.319, 2, 100 %, 75316 MiB
2026/09/28 14:48:24.319, 3, 100 %, 75316 MiB
2026/09/28 14:48:24.319, 4, 100 %, 75316 MiB
2026/09/28 14:48:24.319, 5, 100 %, 75316 MiB
2026/09/28 14:48:24.319, 6, 100 %, 75028 MiB
2026/09/28 14:48:24.319, 7, 100 %, 75316 MiB
2026/09/28 14:48:29.319, 0, 92 %, 75528 MiB
2026/09/28 14:48:29.320, 1, 78 %, 75316 MiB
2026/09/28 14:48:29.320, 2, 98 %, 75316 MiB
2026/09/28 14:48:29.320, 3, 98 %, 75316 MiB
2026/09/28 14:48:29.320, 4, 99 %, 75316 MiB
2026/09/28 14:48:29.320, 5, 97 %, 75316 MiB
2026/09/28 14:48:29.320, 6, 99 %, 75028 MiB
2026/09/28 14:48:29.320, 7, 99 %, 75316 MiB
2026/09/28 14:48:34.321, 0, 77 %, 75528 MiB
2026/09/28 14:48:34.321, 1, 95 %, 75316 MiB
2026/09/28 14:48:34.325, 2, 94 %, 75316 MiB
2026/09/28 14:48:34.325, 3, 99 %, 75316 MiB
2026/09/28 14:48:34.328, 4, 99 %, 75316 MiB
2026/09/28 14:48:34.329, 5, 65 %, 75316 MiB
2026/09/28 14:48:34.334, 6, 80 %, 75028 MiB
2026/09/28 14:48:34.334, 7, 92 %, 75316 MiB
2026/09/28 14:48:39.336, 0, 100 %, 75528 MiB
2026/09/28 14:48:39.339, 1, 100 %, 75316 MiB
2026/09/28 14:48:39.339, 2, 100 %, 75316 MiB
2026/09/28 14:48:39.339, 3, 100 %, 75316 MiB
2026/09/28 14:48:39.339, 4, 100 %, 75316 MiB
2026/09/28 14:48:39.339, 5, 100 %, 75316 MiB
2026/09/28 14:48:39.339, 6, 100 %, 75028 MiB
2026/09/28 14:48:39.339, 7, 100 %, 75316 MiB
2026/09/28 14:48:44.339, 0, 100 %, 75528 MiB
2026/09/28 14:48:44.340, 1, 100 %, 75316 MiB
2026/09/28 14:48:44.340, 2, 100 %, 75316 MiB
2026/09/28 14:48:44.340, 3, 100 %, 75316 MiB
2026/09/28 14:48:44.340, 4, 100 %, 75316 MiB
2026/09/28 14:48:44.340, 5, 100 %, 75316 MiB
2026/09/28 14:48:44.340, 6, 100 %, 75028 MiB
2026/09/28 14:48:44.340, 7, 100 %, 75316 MiB
2026/09/28 14:48:49.340, 0, 100 %, 75528 MiB
2026/09/28 14:48:49.341, 1, 100 %, 75316 MiB
2026/09/28 14:48:49.341, 2, 98 %, 75316 MiB
2026/09/28 14:48:49.341, 3, 99 %, 75316 MiB
2026/09/28 14:48:49.342, 4, 99 %, 75316 MiB
2026/09/28 14:48:49.342, 5, 92 %, 75316 MiB
2026/09/28 14:48:49.342, 6, 100 %, 75028 MiB
2026/09/28 14:48:49.342, 7, 100 %, 75316 MiB
2026/09/28 14:48:54.343, 0, 100 %, 75528 MiB
2026/09/28 14:48:54.347, 1, 100 %, 75316 MiB
2026/09/28 14:48:54.349, 2, 100 %, 75316 MiB
2026/09/28 14:48:54.350, 3, 100 %, 75316 MiB
2026/09/28 14:48:54.351, 4, 100 %, 75316 MiB
2026/09/28 14:48:54.354, 5, 100 %, 75316 MiB
2026/09/28 14:48:54.355, 6, 100 %, 75028 MiB
2026/09/28 14:48:54.359, 7, 100 %, 75316 MiB
2026/09/28 14:48:59.360, 0, 100 %, 75528 MiB
2026/09/28 14:48:59.360, 1, 100 %, 75316 MiB
2026/09/28 14:48:59.360, 2, 100 %, 75316 MiB
2026/09/28 14:48:59.360, 3, 100 %, 75316 MiB
2026/09/28 14:48:59.360, 4, 100 %, 75316 MiB
2026/09/28 14:48:59.360, 5, 100 %, 75316 MiB
2026/09/28 14:48:59.360, 6, 100 %, 75028 MiB
2026/09/28 14:48:59.360, 7, 100 %, 75316 MiB
2026/09/28 14:49:04.360, 0, 100 %, 75528 MiB
2026/09/28 14:49:04.625, 1, 100 %, 75316 MiB
2026/09/28 14:49:04.626, 2, 100 %, 75316 MiB
2026/09/28 14:49:04.626, 3, 98 %, 75316 MiB
2026/09/28 14:49:04.626, 4, 99 %, 75316 MiB
2026/09/28 14:49:04.626, 5, 100 %, 75316 MiB
2026/09/28 14:49:04.627, 6, 98 %, 75028 MiB
2026/09/28 14:49:04.627, 7, 100 %, 75316 MiB
2026/09/28 14:49:09.628, 0, 98 %, 75528 MiB
2026/09/28 14:49:09.629, 1, 100 %, 75316 MiB
2026/09/28 14:49:09.630, 2, 100 %, 75316 MiB
2026/09/28 14:49:09.631, 3, 99 %, 75316 MiB
2026/09/28 14:49:09.631, 4, 98 %, 75316 MiB
2026/09/28 14:49:09.631, 5, 100 %, 75316 MiB
2026/09/28 14:49:09.631, 6, 96 %, 75028 MiB
2026/09/28 14:49:09.632, 7, 98 %, 75316 MiB
2026/09/28 14:49:14.632, 0, 99 %, 75528 MiB
2026/09/28 14:49:14.632, 1, 99 %, 75316 MiB
2026/09/28 14:49:14.632, 2, 99 %, 75316 MiB
2026/09/28 14:49:14.981, 3, 96 %, 75316 MiB
2026/09/28 14:49:14.990, 4, 97 %, 75316 MiB
2026/09/28 14:49:14.994, 5, 97 %, 75316 MiB
2026/09/28 14:49:14.998, 6, 95 %, 75028 MiB
2026/09/28 14:49:15.004, 7, 96 %, 75316 MiB
2026/09/28 14:49:20.004, 0, 92 %, 75528 MiB
2026/09/28 14:49:20.013, 1, 100 %, 75316 MiB
2026/09/28 14:49:20.018, 2, 100 %, 75316 MiB
2026/09/28 14:49:20.023, 3, 100 %, 75316 MiB
2026/09/28 14:49:20.028, 4, 100 %, 75316 MiB
2026/09/28 14:49:20.031, 5, 100 %, 75316 MiB
2026/09/28 14:49:20.036, 6, 100 %, 75028 MiB
2026/09/28 14:49:20.038, 7, 100 %, 75316 MiB
2026/09/28 14:49:25.039, 0, 100 %, 75528 MiB
2026/09/28 14:49:25.040, 1, 98 %, 75316 MiB
2026/09/28 14:49:25.040, 2, 99 %, 75316 MiB
2026/09/28 14:49:25.041, 3, 98 %, 75316 MiB
2026/09/28 14:49:25.041, 4, 98 %, 75316 MiB
2026/09/28 14:49:25.041, 5, 98 %, 75316 MiB
2026/09/28 14:49:25.042, 6, 100 %, 75028 MiB
2026/09/28 14:49:25.042, 7, 100 %, 75316 MiB
2026/09/28 14:49:30.043, 0, 100 %, 75528 MiB
2026/09/28 14:49:30.043, 1, 100 %, 75316 MiB
2026/09/28 14:49:30.043, 2, 100 %, 75316 MiB
2026/09/28 14:49:30.043, 3, 100 %, 75316 MiB
2026/09/28 14:49:30.043, 4, 100 %, 75316 MiB
2026/09/28 14:49:30.043, 5, 100 %, 75316 MiB
2026/09/28 14:49:30.043, 6, 100 %, 75028 MiB
2026/09/28 14:49:30.043, 7, 100 %, 75316 MiB
2026/09/28 14:49:35.043, 0, 100 %, 75528 MiB
2026/09/28 14:49:35.172, 1, 100 %, 75316 MiB
2026/09/28 14:49:35.172, 2, 100 %, 75316 MiB
2026/09/28 14:49:35.174, 3, 100 %, 75316 MiB
2026/09/28 14:49:35.180, 4, 97 %, 75316 MiB
2026/09/28 14:49:35.183, 5, 100 %, 75316 MiB
2026/09/28 14:49:35.190, 6, 100 %, 75028 MiB
2026/09/28 14:49:35.190, 7, 100 %, 75316 MiB
2026/09/28 14:49:40.194, 0, 100 %, 75528 MiB
2026/09/28 14:49:40.506, 1, 100 %, 75316 MiB
2026/09/28 14:49:40.512, 2, 98 %, 75316 MiB
2026/09/28 14:49:40.515, 3, 98 %, 75316 MiB
2026/09/28 14:49:40.516, 4, 98 %, 75316 MiB
2026/09/28 14:49:40.519, 5, 100 %, 75316 MiB
2026/09/28 14:49:40.521, 6, 98 %, 75028 MiB
2026/09/28 14:49:40.529, 7, 98 %, 75316 MiB
2026/09/28 14:49:45.534, 0, 100 %, 75528 MiB
2026/09/28 14:49:45.534, 1, 100 %, 75316 MiB
2026/09/28 14:49:45.534, 2, 100 %, 75316 MiB
2026/09/28 14:49:45.534, 3, 100 %, 75316 MiB
2026/09/28 14:49:45.534, 4, 100 %, 75316 MiB
2026/09/28 14:49:45.534, 5, 100 %, 75316 MiB
2026/09/28 14:49:45.535, 6, 100 %, 75028 MiB
2026/09/28 14:49:45.535, 7, 100 %, 75316 MiB
2026/09/28 14:49:50.535, 0, 100 %, 75528 MiB
2026/09/28 14:49:50.535, 1, 100 %, 75316 MiB
2026/09/28 14:49:50.536, 2, 100 %, 75316 MiB
2026/09/28 14:49:50.536, 3, 100 %, 75316 MiB
2026/09/28 14:49:50.536, 4, 100 %, 75316 MiB
2026/09/28 14:49:50.536, 5, 100 %, 75316 MiB
2026/09/28 14:49:50.536, 6, 100 %, 75028 MiB
2026/09/28 14:49:50.536, 7, 100 %, 75316 MiB
2026/09/28 14:49:55.537, 0, 100 %, 75528 MiB
2026/09/28 14:49:55.537, 1, 100 %, 75316 MiB
2026/09/28 14:49:55.537, 2, 100 %, 75316 MiB
2026/09/28 14:49:55.537, 3, 100 %, 75316 MiB
2026/09/28 14:49:55.538, 4, 100 %, 75316 MiB
2026/09/28 14:49:55.538, 5, 100 %, 75316 MiB
2026/09/28 14:49:55.538, 6, 100 %, 75028 MiB
2026/09/28 14:49:55.539, 7, 100 %, 75316 MiB
2026/09/28 14:50:00.539, 0, 100 %, 75528 MiB
2026/09/28 14:50:00.539, 1, 100 %, 75316 MiB
2026/09/28 14:50:00.541, 2, 100 %, 75316 MiB
2026/09/28 14:50:00.543, 3, 100 %, 75316 MiB
2026/09/28 14:50:00.543, 4, 100 %, 75316 MiB
2026/09/28 14:50:00.543, 5, 100 %, 75316 MiB
2026/09/28 14:50:00.544, 6, 100 %, 75028 MiB
2026/09/28 14:50:00.544, 7, 100 %, 75316 MiB
2026/09/28 14:50:05.545, 0, 100 %, 75528 MiB
2026/09/28 14:50:05.545, 1, 100 %, 75316 MiB
2026/09/28 14:50:05.545, 2, 100 %, 75316 MiB
2026/09/28 14:50:05.545, 3, 100 %, 75316 MiB
2026/09/28 14:50:05.545, 4, 100 %, 75316 MiB
2026/09/28 14:50:05.545, 5, 100 %, 75316 MiB
2026/09/28 14:50:05.545, 6, 100 %, 75028 MiB
2026/09/28 14:50:05.545, 7, 100 %, 75316 MiB
2026/09/28 14:50:10.546, 0, 100 %, 75528 MiB
2026/09/28 14:50:10.546, 1, 100 %, 75316 MiB
2026/09/28 14:50:10.546, 2, 100 %, 75316 MiB
2026/09/28 14:50:10.547, 3, 100 %, 75316 MiB
2026/09/28 14:50:10.547, 4, 100 %, 75316 MiB
2026/09/28 14:50:10.547, 5, 100 %, 75316 MiB
2026/09/28 14:50:10.548, 6, 100 %, 75028 MiB
2026/09/28 14:50:10.548, 7, 100 %, 75316 MiB
2026/09/28 14:50:15.548, 0, 100 %, 75528 MiB
2026/09/28 14:50:15.548, 1, 100 %, 75316 MiB
2026/09/28 14:50:15.555, 2, 100 %, 75316 MiB
2026/09/28 14:50:15.557, 3, 100 %, 75316 MiB
2026/09/28 14:50:15.560, 4, 100 %, 75316 MiB
2026/09/28 14:50:15.563, 5, 100 %, 75316 MiB
2026/09/28 14:50:15.569, 6, 100 %, 75028 MiB
2026/09/28 14:50:15.569, 7, 100 %, 75316 MiB
2026/09/28 14:50:20.570, 0, 100 %, 75528 MiB
2026/09/28 14:50:20.570, 1, 100 %, 75316 MiB
2026/09/28 14:50:20.571, 2, 100 %, 75316 MiB
2026/09/28 14:50:20.571, 3, 100 %, 75316 MiB
2026/09/28 14:50:20.571, 4, 100 %, 75316 MiB
2026/09/28 14:50:20.572, 5, 100 %, 75316 MiB
2026/09/28 14:50:20.572, 6, 100 %, 75028 MiB
2026/09/28 14:50:20.572, 7, 100 %, 75316 MiB
2026/09/28 14:50:25.573, 0, 100 %, 75528 MiB
2026/09/28 14:50:25.573, 1, 100 %, 75316 MiB
2026/09/28 14:50:25.573, 2, 100 %, 75316 MiB
2026/09/28 14:50:25.573, 3, 100 %, 75316 MiB
2026/09/28 14:50:25.573, 4, 100 %, 75316 MiB
2026/09/28 14:50:25.573, 5, 100 %, 75316 MiB
2026/09/28 14:50:25.573, 6, 100 %, 75028 MiB
2026/09/28 14:50:25.573, 7, 100 %, 75316 MiB
2026/09/28 14:50:30.573, 0, 94 %, 75528 MiB
2026/09/28 14:50:30.573, 1, 83 %, 75316 MiB
2026/09/28 14:50:30.573, 2, 97 %, 75316 MiB
2026/09/28 14:50:30.573, 3, 89 %, 75316 MiB
2026/09/28 14:50:30.573, 4, 96 %, 75316 MiB
2026/09/28 14:50:30.573, 5, 97 %, 75316 MiB
2026/09/28 14:50:30.573, 6, 97 %, 75028 MiB
2026/09/28 14:50:30.573, 7, 96 %, 75316 MiB
2026/09/28 14:50:35.574, 0, 96 %, 75528 MiB
2026/09/28 14:50:35.574, 1, 89 %, 75316 MiB
2026/09/28 14:50:35.575, 2, 95 %, 75316 MiB
2026/09/28 14:50:35.575, 3, 96 %, 75316 MiB
2026/09/28 14:50:35.575, 4, 97 %, 75316 MiB
2026/09/28 14:50:35.580, 5, 72 %, 75316 MiB
2026/09/28 14:50:35.580, 6, 96 %, 75028 MiB
2026/09/28 14:50:35.581, 7, 97 %, 75316 MiB
2026/09/28 14:50:40.581, 0, 100 %, 75528 MiB
2026/09/28 14:50:40.581, 1, 100 %, 75316 MiB
2026/09/28 14:50:40.581, 2, 100 %, 75316 MiB
2026/09/28 14:50:40.581, 3, 100 %, 75316 MiB
2026/09/28 14:50:40.581, 4, 100 %, 75316 MiB
2026/09/28 14:50:40.581, 5, 100 %, 75316 MiB
2026/09/28 14:50:40.581, 6, 100 %, 75028 MiB
2026/09/28 14:50:40.581, 7, 100 %, 75316 MiB
2026/09/28 14:50:45.582, 0, 99 %, 75528 MiB
2026/09/28 14:50:45.582, 1, 100 %, 75316 MiB
2026/09/28 14:50:45.582, 2, 100 %, 75316 MiB
2026/09/28 14:50:45.582, 3, 100 %, 75316 MiB
2026/09/28 14:50:45.582, 4, 100 %, 75316 MiB
2026/09/28 14:50:45.582, 5, 100 %, 75316 MiB
2026/09/28 14:50:45.582, 6, 100 %, 75028 MiB
2026/09/28 14:50:45.582, 7, 100 %, 75316 MiB
2026/09/28 14:50:50.582, 0, 100 %, 75528 MiB
2026/09/28 14:50:50.582, 1, 100 %, 75316 MiB
2026/09/28 14:50:50.583, 2, 100 %, 75316 MiB
2026/09/28 14:50:50.583, 3, 100 %, 75316 MiB
2026/09/28 14:50:50.583, 4, 100 %, 75316 MiB
2026/09/28 14:50:50.583, 5, 100 %, 75316 MiB
2026/09/28 14:50:50.584, 6, 100 %, 75028 MiB
2026/09/28 14:50:50.584, 7, 100 %, 75316 MiB
2026/09/28 14:50:55.585, 0, 100 %, 75528 MiB
2026/09/28 14:50:55.585, 1, 100 %, 75316 MiB
2026/09/28 14:50:55.585, 2, 100 %, 75316 MiB
2026/09/28 14:50:55.585, 3, 100 %, 75316 MiB
2026/09/28 14:50:55.585, 4, 100 %, 75316 MiB
2026/09/28 14:50:55.585, 5, 100 %, 75316 MiB
2026/09/28 14:50:55.585, 6, 100 %, 75028 MiB
2026/09/28 14:50:55.585, 7, 100 %, 75316 MiB
2026/09/28 14:51:00.585, 0, 100 %, 75528 MiB
2026/09/28 14:51:00.585, 1, 100 %, 75316 MiB
2026/09/28 14:51:00.585, 2, 100 %, 75316 MiB
2026/09/28 14:51:00.585, 3, 100 %, 75316 MiB
2026/09/28 14:51:00.585, 4, 100 %, 75316 MiB
2026/09/28 14:51:00.585, 5, 100 %, 75316 MiB
2026/09/28 14:51:00.585, 6, 100 %, 75028 MiB
2026/09/28 14:51:00.585, 7, 100 %, 75316 MiB
2026/09/28 14:51:05.586, 0, 100 %, 75528 MiB
2026/09/28 14:51:05.586, 1, 100 %, 75316 MiB
2026/09/28 14:51:05.586, 2, 100 %, 75316 MiB
2026/09/28 14:51:05.586, 3, 100 %, 75316 MiB
2026/09/28 14:51:05.586, 4, 100 %, 75316 MiB
2026/09/28 14:51:05.586, 5, 100 %, 75316 MiB
2026/09/28 14:51:05.586, 6, 100 %, 75028 MiB
2026/09/28 14:51:05.586, 7, 100 %, 75316 MiB
2026/09/28 14:51:10.586, 0, 94 %, 75528 MiB
2026/09/28 14:51:10.587, 1, 97 %, 75316 MiB
2026/09/28 14:51:10.588, 2, 97 %, 75316 MiB
2026/09/28 14:51:10.589, 3, 99 %, 75316 MiB
2026/09/28 14:51:10.589, 4, 99 %, 75316 MiB
2026/09/28 14:51:10.590, 5, 95 %, 75316 MiB
2026/09/28 14:51:10.590, 6, 99 %, 75028 MiB
2026/09/28 14:51:10.591, 7, 97 %, 75316 MiB
2026/09/28 14:51:15.592, 0, 100 %, 75528 MiB
2026/09/28 14:51:15.746, 1, 88 %, 75316 MiB
2026/09/28 14:51:15.751, 2, 100 %, 75316 MiB
2026/09/28 14:51:15.756, 3, 100 %, 75316 MiB
2026/09/28 14:51:15.758, 4, 100 %, 75316 MiB
2026/09/28 14:51:15.758, 5, 99 %, 75316 MiB
2026/09/28 14:51:15.762, 6, 100 %, 75028 MiB
2026/09/28 14:51:15.763, 7, 99 %, 75316 MiB
2026/09/28 14:51:20.768, 0, 95 %, 75528 MiB
2026/09/28 14:51:20.768, 1, 60 %, 75316 MiB
2026/09/28 14:51:20.768, 2, 96 %, 75316 MiB
2026/09/28 14:51:20.768, 3, 95 %, 75316 MiB
2026/09/28 14:51:20.768, 4, 96 %, 75316 MiB
2026/09/28 14:51:20.768, 5, 92 %, 75316 MiB
2026/09/28 14:51:20.768, 6, 92 %, 75028 MiB
2026/09/28 14:51:20.768, 7, 82 %, 75316 MiB
2026/09/28 14:51:25.768, 0, 98 %, 75528 MiB
2026/09/28 14:51:25.769, 1, 100 %, 75316 MiB
2026/09/28 14:51:25.769, 2, 100 %, 75316 MiB
2026/09/28 14:51:25.769, 3, 98 %, 75316 MiB
2026/09/28 14:51:25.770, 4, 99 %, 75316 MiB
2026/09/28 14:51:25.770, 5, 100 %, 75316 MiB
2026/09/28 14:51:25.770, 6, 100 %, 75028 MiB
2026/09/28 14:51:25.771, 7, 96 %, 75316 MiB
2026/09/28 14:51:30.771, 0, 97 %, 75528 MiB
2026/09/28 14:51:30.772, 1, 95 %, 75316 MiB
2026/09/28 14:51:30.772, 2, 96 %, 75316 MiB
2026/09/28 14:51:30.772, 3, 97 %, 75316 MiB
2026/09/28 14:51:30.772, 4, 100 %, 75316 MiB
2026/09/28 14:51:30.772, 5, 97 %, 75316 MiB
2026/09/28 14:51:30.772, 6, 97 %, 75028 MiB
2026/09/28 14:51:30.772, 7, 97 %, 75316 MiB
2026/09/28 14:51:35.772, 0, 99 %, 75528 MiB
2026/09/28 14:51:35.772, 1, 100 %, 75316 MiB
2026/09/28 14:51:35.773, 2, 100 %, 75316 MiB
2026/09/28 14:51:35.773, 3, 100 %, 75316 MiB
2026/09/28 14:51:35.773, 4, 100 %, 75316 MiB
2026/09/28 14:51:35.774, 5, 100 %, 75316 MiB
2026/09/28 14:51:35.774, 6, 100 %, 75028 MiB
2026/09/28 14:51:35.774, 7, 100 %, 75316 MiB
2026/09/28 14:51:40.775, 0, 95 %, 75528 MiB
2026/09/28 14:51:40.775, 1, 94 %, 75316 MiB
2026/09/28 14:51:40.775, 2, 63 %, 75316 MiB
2026/09/28 14:51:40.775, 3, 83 %, 75316 MiB
2026/09/28 14:51:40.775, 4, 96 %, 75316 MiB
2026/09/28 14:51:40.775, 5, 95 %, 75316 MiB
2026/09/28 14:51:40.775, 6, 98 %, 75028 MiB
2026/09/28 14:51:40.775, 7, 98 %, 75316 MiB
2026/09/28 14:51:45.775, 0, 100 %, 75528 MiB
2026/09/28 14:51:45.775, 1, 96 %, 75316 MiB
2026/09/28 14:51:45.775, 2, 87 %, 75316 MiB
2026/09/28 14:51:45.775, 3, 100 %, 75316 MiB
2026/09/28 14:51:45.775, 4, 100 %, 75316 MiB
2026/09/28 14:51:45.775, 5, 100 %, 75316 MiB
2026/09/28 14:51:45.775, 6, 98 %, 75028 MiB
2026/09/28 14:51:45.776, 7, 100 %, 75316 MiB
2026/09/28 14:51:50.776, 0, 100 %, 75528 MiB
2026/09/28 14:51:50.776, 1, 96 %, 75316 MiB
2026/09/28 14:51:50.778, 2, 100 %, 75316 MiB
2026/09/28 14:51:50.778, 3, 100 %, 75316 MiB
2026/09/28 14:51:50.779, 4, 100 %, 75316 MiB
2026/09/28 14:51:50.779, 5, 97 %, 75316 MiB
2026/09/28 14:51:50.779, 6, 100 %, 75028 MiB
2026/09/28 14:51:50.780, 7, 100 %, 75316 MiB
2026/09/28 14:51:55.780, 0, 100 %, 75528 MiB
2026/09/28 14:51:55.780, 1, 98 %, 75316 MiB
2026/09/28 14:51:55.780, 2, 98 %, 75316 MiB
2026/09/28 14:51:55.780, 3, 100 %, 75316 MiB
2026/09/28 14:51:55.780, 4, 100 %, 75316 MiB
2026/09/28 14:51:55.780, 5, 100 %, 75316 MiB
2026/09/28 14:51:55.781, 6, 100 %, 75028 MiB
2026/09/28 14:51:55.781, 7, 100 %, 75316 MiB
2026/09/28 14:52:00.781, 0, 100 %, 75528 MiB
2026/09/28 14:52:00.781, 1, 100 %, 75316 MiB
2026/09/28 14:52:00.782, 2, 100 %, 75316 MiB
2026/09/28 14:52:00.782, 3, 100 %, 75316 MiB
2026/09/28 14:52:00.782, 4, 100 %, 75316 MiB
2026/09/28 14:52:00.784, 5, 100 %, 75316 MiB
2026/09/28 14:52:00.786, 6, 100 %, 75028 MiB
2026/09/28 14:52:00.788, 7, 100 %, 75316 MiB
2026/09/28 14:52:05.788, 0, 100 %, 75528 MiB
2026/09/28 14:52:05.788, 1, 100 %, 75316 MiB
2026/09/28 14:52:05.788, 2, 100 %, 75316 MiB
2026/09/28 14:52:05.788, 3, 100 %, 75316 MiB
2026/09/28 14:52:05.788, 4, 100 %, 75316 MiB
2026/09/28 14:52:05.788, 5, 100 %, 75316 MiB
2026/09/28 14:52:05.788, 6, 100 %, 75028 MiB
2026/09/28 14:52:05.788, 7, 100 %, 75316 MiB
2026/09/28 14:52:10.789, 0, 100 %, 75528 MiB
2026/09/28 14:52:10.789, 1, 100 %, 75316 MiB
2026/09/28 14:52:10.789, 2, 100 %, 75316 MiB
2026/09/28 14:52:10.789, 3, 100 %, 75316 MiB
2026/09/28 14:52:10.789, 4, 100 %, 75316 MiB
2026/09/28 14:52:10.789, 5, 100 %, 75316 MiB
2026/09/28 14:52:10.789, 6, 100 %, 75028 MiB
2026/09/28 14:52:10.789, 7, 100 %, 75316 MiB
2026/09/28 14:52:15.789, 0, 100 %, 75528 MiB
2026/09/28 14:52:16.119, 1, 94 %, 75316 MiB
2026/09/28 14:52:16.124, 2, 96 %, 75316 MiB
2026/09/28 14:52:16.126, 3, 91 %, 75316 MiB
2026/09/28 14:52:16.130, 4, 97 %, 75316 MiB
2026/09/28 14:52:16.130, 5, 81 %, 75316 MiB
2026/09/28 14:52:16.132, 6, 96 %, 75028 MiB
2026/09/28 14:52:16.132, 7, 87 %, 75316 MiB
2026/09/28 14:52:21.134, 0, 95 %, 75528 MiB
2026/09/28 14:52:21.135, 1, 93 %, 75316 MiB
2026/09/28 14:52:21.135, 2, 96 %, 75316 MiB
2026/09/28 14:52:21.136, 3, 95 %, 75316 MiB
2026/09/28 14:52:21.136, 4, 97 %, 75316 MiB
2026/09/28 14:52:21.136, 5, 72 %, 75316 MiB
2026/09/28 14:52:21.137, 6, 94 %, 75028 MiB
2026/09/28 14:52:21.137, 7, 94 %, 75316 MiB
2026/09/28 14:52:26.138, 0, 98 %, 75528 MiB
2026/09/28 14:52:26.138, 1, 98 %, 75316 MiB
2026/09/28 14:52:26.138, 2, 98 %, 75316 MiB
2026/09/28 14:52:26.138, 3, 100 %, 75316 MiB
2026/09/28 14:52:26.138, 4, 98 %, 75316 MiB
2026/09/28 14:52:26.138, 5, 100 %, 75316 MiB
2026/09/28 14:52:26.138, 6, 100 %, 75028 MiB
2026/09/28 14:52:26.138, 7, 98 %, 75316 MiB
2026/09/28 14:52:31.138, 0, 95 %, 75528 MiB
2026/09/28 14:52:31.139, 1, 85 %, 75316 MiB
2026/09/28 14:52:31.139, 2, 97 %, 75316 MiB
2026/09/28 14:52:31.139, 3, 97 %, 75316 MiB
2026/09/28 14:52:31.140, 4, 98 %, 75316 MiB
2026/09/28 14:52:31.140, 5, 98 %, 75316 MiB
2026/09/28 14:52:31.140, 6, 89 %, 75028 MiB
2026/09/28 14:52:31.141, 7, 96 %, 75316 MiB
2026/09/28 14:52:36.141, 0, 98 %, 75528 MiB
2026/09/28 14:52:36.141, 1, 99 %, 75316 MiB
2026/09/28 14:52:36.141, 2, 100 %, 75316 MiB
2026/09/28 14:52:36.141, 3, 100 %, 75316 MiB
2026/09/28 14:52:36.141, 4, 100 %, 75316 MiB
2026/09/28 14:52:36.142, 5, 99 %, 75316 MiB
2026/09/28 14:52:36.142, 6, 88 %, 75028 MiB
2026/09/28 14:52:36.142, 7, 100 %, 75316 MiB
2026/09/28 14:52:41.142, 0, 100 %, 75528 MiB
2026/09/28 14:52:41.142, 1, 100 %, 75316 MiB
2026/09/28 14:52:41.142, 2, 100 %, 75316 MiB
2026/09/28 14:52:41.142, 3, 100 %, 75316 MiB
2026/09/28 14:52:41.142, 4, 100 %, 75316 MiB
2026/09/28 14:52:41.142, 5, 100 %, 75316 MiB
2026/09/28 14:52:41.142, 6, 100 %, 75028 MiB
2026/09/28 14:52:41.142, 7, 100 %, 75316 MiB
2026/09/28 14:52:46.142, 0, 100 %, 75528 MiB
2026/09/28 14:52:46.212, 1, 100 %, 75316 MiB
2026/09/28 14:52:46.213, 2, 100 %, 75316 MiB
2026/09/28 14:52:46.213, 3, 100 %, 75316 MiB
2026/09/28 14:52:46.213, 4, 100 %, 75316 MiB
2026/09/28 14:52:46.214, 5, 100 %, 75316 MiB
2026/09/28 14:52:46.215, 6, 100 %, 75028 MiB
2026/09/28 14:52:46.218, 7, 100 %, 75316 MiB
2026/09/28 14:52:51.224, 0, 100 %, 75528 MiB
2026/09/28 14:52:51.225, 1, 100 %, 75316 MiB
2026/09/28 14:52:51.225, 2, 100 %, 75316 MiB
2026/09/28 14:52:51.225, 3, 100 %, 75316 MiB
2026/09/28 14:52:51.226, 4, 99 %, 75316 MiB
2026/09/28 14:52:51.226, 5, 100 %, 75316 MiB
2026/09/28 14:52:51.226, 6, 100 %, 75028 MiB
2026/09/28 14:52:51.226, 7, 99 %, 75316 MiB
2026/09/28 14:52:56.227, 0, 88 %, 75528 MiB
2026/09/28 14:52:56.227, 1, 84 %, 75316 MiB
2026/09/28 14:52:56.227, 2, 92 %, 75316 MiB
2026/09/28 14:52:56.227, 3, 94 %, 75316 MiB
2026/09/28 14:52:56.227, 4, 96 %, 75316 MiB
2026/09/28 14:52:56.227, 5, 84 %, 75316 MiB
2026/09/28 14:52:56.227, 6, 95 %, 75028 MiB
2026/09/28 14:52:56.227, 7, 94 %, 75316 MiB
2026/09/28 14:53:01.228, 0, 100 %, 75528 MiB
2026/09/28 14:53:01.228, 1, 100 %, 75316 MiB
2026/09/28 14:53:01.228, 2, 100 %, 75316 MiB
2026/09/28 14:53:01.228, 3, 100 %, 75316 MiB
2026/09/28 14:53:01.228, 4, 100 %, 75316 MiB
2026/09/28 14:53:01.228, 5, 100 %, 75316 MiB
2026/09/28 14:53:01.228, 6, 100 %, 75028 MiB
2026/09/28 14:53:01.228, 7, 100 %, 75316 MiB
2026/09/28 14:53:06.228, 0, 100 %, 75528 MiB
2026/09/28 14:53:06.228, 1, 100 %, 75316 MiB
2026/09/28 14:53:06.229, 2, 100 %, 75316 MiB
2026/09/28 14:53:06.229, 3, 100 %, 75316 MiB
2026/09/28 14:53:06.229, 4, 100 %, 75316 MiB
2026/09/28 14:53:06.229, 5, 100 %, 75316 MiB
2026/09/28 14:53:06.230, 6, 100 %, 75028 MiB
2026/09/28 14:53:06.230, 7, 100 %, 75316 MiB
2026/09/28 14:53:11.231, 0, 100 %, 75528 MiB
2026/09/28 14:53:11.231, 1, 100 %, 75316 MiB
2026/09/28 14:53:11.231, 2, 100 %, 75316 MiB
2026/09/28 14:53:11.231, 3, 100 %, 75316 MiB
2026/09/28 14:53:11.231, 4, 100 %, 75316 MiB
2026/09/28 14:53:11.231, 5, 100 %, 75316 MiB
2026/09/28 14:53:11.231, 6, 100 %, 75028 MiB
2026/09/28 14:53:11.231, 7, 100 %, 75316 MiB
2026/09/28 14:53:16.231, 0, 99 %, 75528 MiB
2026/09/28 14:53:16.232, 1, 100 %, 75316 MiB
2026/09/28 14:53:16.232, 2, 100 %, 75316 MiB
2026/09/28 14:53:16.232, 3, 99 %, 75316 MiB
2026/09/28 14:53:16.233, 4, 100 %, 75316 MiB
2026/09/28 14:53:16.233, 5, 100 %, 75316 MiB
2026/09/28 14:53:16.233, 6, 100 %, 75028 MiB
2026/09/28 14:53:16.234, 7, 100 %, 75316 MiB
2026/09/28 14:53:21.234, 0, 100 %, 75528 MiB
2026/09/28 14:53:21.235, 1, 100 %, 75316 MiB
2026/09/28 14:53:21.235, 2, 100 %, 75316 MiB
2026/09/28 14:53:21.235, 3, 100 %, 75316 MiB
2026/09/28 14:53:21.235, 4, 100 %, 75316 MiB
2026/09/28 14:53:21.235, 5, 100 %, 75316 MiB
2026/09/28 14:53:21.235, 6, 100 %, 75028 MiB
2026/09/28 14:53:21.235, 7, 100 %, 75316 MiB
2026/09/28 14:53:26.235, 0, 100 %, 75528 MiB
2026/09/28 14:53:26.235, 1, 100 %, 75316 MiB
2026/09/28 14:53:26.236, 2, 100 %, 75316 MiB
2026/09/28 14:53:26.236, 3, 89 %, 75316 MiB
2026/09/28 14:53:26.236, 4, 89 %, 75316 MiB
2026/09/28 14:53:26.237, 5, 100 %, 75316 MiB
2026/09/28 14:53:26.237, 6, 100 %, 75028 MiB
2026/09/28 14:53:26.237, 7, 100 %, 75316 MiB
2026/09/28 14:53:31.238, 0, 100 %, 75528 MiB
2026/09/28 14:53:31.239, 1, 100 %, 75316 MiB
2026/09/28 14:53:31.243, 2, 100 %, 75316 MiB
2026/09/28 14:53:31.243, 3, 100 %, 75316 MiB
2026/09/28 14:53:31.244, 4, 100 %, 75316 MiB
2026/09/28 14:53:31.245, 5, 100 %, 75316 MiB
2026/09/28 14:53:31.245, 6, 100 %, 75028 MiB
2026/09/28 14:53:31.247, 7, 100 %, 75316 MiB
2026/09/28 14:53:36.248, 0, 93 %, 75528 MiB
2026/09/28 14:53:36.248, 1, 94 %, 75316 MiB
2026/09/28 14:53:36.249, 2, 95 %, 75316 MiB
2026/09/28 14:53:36.249, 3, 94 %, 75316 MiB
2026/09/28 14:53:36.249, 4, 94 %, 75316 MiB
2026/09/28 14:53:36.249, 5, 95 %, 75316 MiB
2026/09/28 14:53:36.249, 6, 88 %, 75028 MiB
2026/09/28 14:53:36.249, 7, 84 %, 75316 MiB
2026/09/28 14:53:41.250, 0, 100 %, 75528 MiB
2026/09/28 14:53:41.250, 1, 100 %, 75316 MiB
2026/09/28 14:53:41.251, 2, 100 %, 75316 MiB
2026/09/28 14:53:41.251, 3, 100 %, 75316 MiB
2026/09/28 14:53:41.251, 4, 100 %, 75316 MiB
2026/09/28 14:53:41.252, 5, 100 %, 75316 MiB
2026/09/28 14:53:41.252, 6, 100 %, 75028 MiB
2026/09/28 14:53:41.252, 7, 100 %, 75316 MiB
2026/09/28 14:53:46.252, 0, 98 %, 75528 MiB
2026/09/28 14:53:46.254, 1, 98 %, 75316 MiB
2026/09/28 14:53:46.256, 2, 98 %, 75316 MiB
2026/09/28 14:53:46.352, 3, 100 %, 75316 MiB
2026/09/28 14:53:46.358, 4, 100 %, 75316 MiB
2026/09/28 14:53:46.362, 5, 100 %, 75316 MiB
2026/09/28 14:53:46.450, 6, 100 %, 75028 MiB
2026/09/28 14:53:46.455, 7, 100 %, 75316 MiB
2026/09/28 14:53:51.456, 0, 100 %, 75528 MiB
2026/09/28 14:53:51.456, 1, 100 %, 75316 MiB
2026/09/28 14:53:51.456, 2, 100 %, 75316 MiB
2026/09/28 14:53:51.456, 3, 100 %, 75316 MiB
2026/09/28 14:53:51.456, 4, 100 %, 75316 MiB
2026/09/28 14:53:51.456, 5, 100 %, 75316 MiB
2026/09/28 14:53:51.456, 6, 100 %, 75028 MiB
2026/09/28 14:53:51.456, 7, 100 %, 75316 MiB
2026/09/28 14:53:56.457, 0, 100 %, 75528 MiB
2026/09/28 14:53:56.457, 1, 100 %, 75316 MiB
2026/09/28 14:53:56.457, 2, 100 %, 75316 MiB
2026/09/28 14:53:56.458, 3, 100 %, 75316 MiB
2026/09/28 14:53:56.458, 4, 100 %, 75316 MiB
2026/09/28 14:53:56.459, 5, 100 %, 75316 MiB
2026/09/28 14:53:56.459, 6, 100 %, 75028 MiB
2026/09/28 14:53:56.459, 7, 100 %, 75316 MiB
2026/09/28 14:54:01.460, 0, 100 %, 75528 MiB
2026/09/28 14:54:01.460, 1, 100 %, 75316 MiB
2026/09/28 14:54:01.460, 2, 100 %, 75316 MiB
2026/09/28 14:54:01.460, 3, 100 %, 75316 MiB
2026/09/28 14:54:01.460, 4, 100 %, 75316 MiB
2026/09/28 14:54:01.460, 5, 100 %, 75316 MiB
2026/09/28 14:54:01.460, 6, 100 %, 75028 MiB
2026/09/28 14:54:01.460, 7, 100 %, 75316 MiB
2026/09/28 14:54:06.461, 0, 100 %, 75528 MiB
2026/09/28 14:54:06.461, 1, 100 %, 75316 MiB
2026/09/28 14:54:06.461, 2, 100 %, 75316 MiB
2026/09/28 14:54:06.461, 3, 100 %, 75316 MiB
2026/09/28 14:54:06.461, 4, 100 %, 75316 MiB
2026/09/28 14:54:06.461, 5, 100 %, 75316 MiB
2026/09/28 14:54:06.461, 6, 100 %, 75028 MiB
2026/09/28 14:54:06.461, 7, 100 %, 75316 MiB
2026/09/28 14:54:11.461, 0, 100 %, 75528 MiB
2026/09/28 14:54:11.466, 1, 100 %, 75316 MiB
2026/09/28 14:54:11.466, 2, 100 %, 75316 MiB
2026/09/28 14:54:11.467, 3, 100 %, 75316 MiB
2026/09/28 14:54:11.467, 4, 100 %, 75316 MiB
2026/09/28 14:54:11.468, 5, 100 %, 75316 MiB
2026/09/28 14:54:11.468, 6, 100 %, 75028 MiB
2026/09/28 14:54:11.469, 7, 100 %, 75316 MiB
2026/09/28 14:54:16.469, 0, 99 %, 75528 MiB
2026/09/28 14:54:16.469, 1, 79 %, 75316 MiB
2026/09/28 14:54:16.469, 2, 80 %, 75316 MiB
2026/09/28 14:54:16.469, 3, 99 %, 75316 MiB
2026/09/28 14:54:16.469, 4, 99 %, 75316 MiB
2026/09/28 14:54:16.469, 5, 95 %, 75316 MiB
2026/09/28 14:54:16.469, 6, 94 %, 75028 MiB
2026/09/28 14:54:16.470, 7, 99 %, 75316 MiB
2026/09/28 14:54:21.470, 0, 100 %, 75528 MiB
2026/09/28 14:54:21.470, 1, 100 %, 75316 MiB
2026/09/28 14:54:21.470, 2, 100 %, 75316 MiB
2026/09/28 14:54:21.470, 3, 100 %, 75316 MiB
2026/09/28 14:54:21.470, 4, 100 %, 75316 MiB
2026/09/28 14:54:21.470, 5, 100 %, 75316 MiB
2026/09/28 14:54:21.470, 6, 100 %, 75028 MiB
2026/09/28 14:54:21.470, 7, 100 %, 75316 MiB
2026/09/28 14:54:26.470, 0, 100 %, 75528 MiB
2026/09/28 14:54:26.471, 1, 100 %, 75316 MiB
2026/09/28 14:54:26.472, 2, 100 %, 75316 MiB
2026/09/28 14:54:26.477, 3, 100 %, 75316 MiB
2026/09/28 14:54:26.477, 4, 100 %, 75316 MiB
2026/09/28 14:54:26.479, 5, 100 %, 75316 MiB
2026/09/28 14:54:26.482, 6, 100 %, 75028 MiB
2026/09/28 14:54:26.484, 7, 100 %, 75316 MiB
2026/09/28 14:54:31.485, 0, 100 %, 75528 MiB
2026/09/28 14:54:31.485, 1, 100 %, 75316 MiB
2026/09/28 14:54:31.485, 2, 100 %, 75316 MiB
2026/09/28 14:54:31.485, 3, 100 %, 75316 MiB
2026/09/28 14:54:31.485, 4, 100 %, 75316 MiB
2026/09/28 14:54:31.485, 5, 100 %, 75316 MiB
2026/09/28 14:54:31.485, 6, 100 %, 75028 MiB
2026/09/28 14:54:31.485, 7, 100 %, 75316 MiB
2026/09/28 14:54:36.485, 0, 98 %, 75528 MiB
2026/09/28 14:54:36.485, 1, 97 %, 75316 MiB
2026/09/28 14:54:36.485, 2, 98 %, 75316 MiB
2026/09/28 14:54:36.485, 3, 97 %, 75316 MiB
2026/09/28 14:54:36.485, 4, 99 %, 75316 MiB
2026/09/28 14:54:36.485, 5, 96 %, 75316 MiB
2026/09/28 14:54:36.485, 6, 98 %, 75028 MiB
2026/09/28 14:54:36.485, 7, 97 %, 75316 MiB
2026/09/28 14:54:41.486, 0, 100 %, 75528 MiB
2026/09/28 14:54:41.486, 1, 100 %, 75316 MiB
2026/09/28 14:54:41.486, 2, 100 %, 75316 MiB
2026/09/28 14:54:41.486, 3, 100 %, 75316 MiB
2026/09/28 14:54:41.486, 4, 100 %, 75316 MiB
2026/09/28 14:54:41.486, 5, 100 %, 75316 MiB
2026/09/28 14:54:41.486, 6, 100 %, 75028 MiB
2026/09/28 14:54:41.486, 7, 100 %, 75316 MiB
2026/09/28 14:54:46.486, 0, 95 %, 75528 MiB
2026/09/28 14:54:46.486, 1, 57 %, 75316 MiB
2026/09/28 14:54:46.486, 2, 90 %, 75316 MiB
2026/09/28 14:54:46.486, 3, 94 %, 75316 MiB
2026/09/28 14:54:46.486, 4, 94 %, 75316 MiB
2026/09/28 14:54:46.486, 5, 93 %, 75316 MiB
2026/09/28 14:54:46.486, 6, 91 %, 75028 MiB
2026/09/28 14:54:46.486, 7, 92 %, 75316 MiB
2026/09/28 14:54:51.487, 0, 100 %, 75528 MiB
2026/09/28 14:54:51.487, 1, 100 %, 75316 MiB
2026/09/28 14:54:51.487, 2, 100 %, 75316 MiB
2026/09/28 14:54:51.487, 3, 100 %, 75316 MiB
2026/09/28 14:54:51.487, 4, 100 %, 75316 MiB
2026/09/28 14:54:51.487, 5, 100 %, 75316 MiB
2026/09/28 14:54:51.487, 6, 100 %, 75028 MiB
2026/09/28 14:54:51.487, 7, 100 %, 75316 MiB
2026/09/28 14:54:56.487, 0, 100 %, 75528 MiB
2026/09/28 14:54:56.488, 1, 100 %, 75316 MiB
2026/09/28 14:54:56.489, 2, 100 %, 75316 MiB
2026/09/28 14:54:56.490, 3, 100 %, 75316 MiB
2026/09/28 14:54:56.493, 4, 100 %, 75316 MiB
2026/09/28 14:54:56.498, 5, 100 %, 75316 MiB
2026/09/28 14:54:56.499, 6, 100 %, 75028 MiB
2026/09/28 14:54:56.504, 7, 100 %, 75316 MiB
2026/09/28 14:55:01.505, 0, 100 %, 75528 MiB
2026/09/28 14:55:01.505, 1, 98 %, 75316 MiB
2026/09/28 14:55:01.505, 2, 98 %, 75316 MiB
2026/09/28 14:55:01.506, 3, 96 %, 75316 MiB
2026/09/28 14:55:01.506, 4, 95 %, 75316 MiB
2026/09/28 14:55:01.506, 5, 92 %, 75316 MiB
2026/09/28 14:55:01.506, 6, 98 %, 75028 MiB
2026/09/28 14:55:01.506, 7, 95 %, 75316 MiB
2026/09/28 14:55:06.506, 0, 100 %, 75528 MiB
2026/09/28 14:55:06.507, 1, 98 %, 75316 MiB
2026/09/28 14:55:06.510, 2, 98 %, 75316 MiB
2026/09/28 14:55:06.511, 3, 94 %, 75316 MiB
2026/09/28 14:55:06.512, 4, 98 %, 75316 MiB
2026/09/28 14:55:06.513, 5, 77 %, 75316 MiB
2026/09/28 14:55:06.514, 6, 98 %, 75028 MiB
2026/09/28 14:55:06.514, 7, 94 %, 75316 MiB
2026/09/28 14:55:11.515, 0, 93 %, 75528 MiB
2026/09/28 14:55:11.515, 1, 97 %, 75316 MiB
2026/09/28 14:55:11.515, 2, 91 %, 75316 MiB
2026/09/28 14:55:11.515, 3, 93 %, 75316 MiB
2026/09/28 14:55:11.515, 4, 96 %, 75316 MiB
2026/09/28 14:55:11.516, 5, 58 %, 75316 MiB
2026/09/28 14:55:11.516, 6, 91 %, 75028 MiB
2026/09/28 14:55:11.516, 7, 91 %, 75316 MiB
2026/09/28 14:55:16.516, 0, 100 %, 75528 MiB
2026/09/28 14:55:16.516, 1, 98 %, 75316 MiB
2026/09/28 14:55:16.518, 2, 99 %, 75316 MiB
2026/09/28 14:55:16.518, 3, 100 %, 75316 MiB
2026/09/28 14:55:16.518, 4, 94 %, 75316 MiB
2026/09/28 14:55:16.519, 5, 70 %, 75316 MiB
2026/09/28 14:55:16.519, 6, 94 %, 75028 MiB
2026/09/28 14:55:16.519, 7, 100 %, 75316 MiB
2026/09/28 14:55:21.519, 0, 100 %, 75528 MiB
2026/09/28 14:55:21.519, 1, 100 %, 75316 MiB
2026/09/28 14:55:21.519, 2, 100 %, 75316 MiB
2026/09/28 14:55:21.519, 3, 100 %, 75316 MiB
2026/09/28 14:55:21.519, 4, 100 %, 75316 MiB
2026/09/28 14:55:21.519, 5, 100 %, 75316 MiB
2026/09/28 14:55:21.519, 6, 100 %, 75028 MiB
2026/09/28 14:55:21.519, 7, 100 %, 75316 MiB
2026/09/28 14:55:26.520, 0, 100 %, 75528 MiB
2026/09/28 14:55:26.520, 1, 90 %, 75316 MiB
2026/09/28 14:55:26.520, 2, 93 %, 75316 MiB
2026/09/28 14:55:26.521, 3, 97 %, 75316 MiB
2026/09/28 14:55:26.521, 4, 99 %, 75316 MiB
2026/09/28 14:55:26.522, 5, 100 %, 75316 MiB
2026/09/28 14:55:26.522, 6, 100 %, 75028 MiB
2026/09/28 14:55:26.523, 7, 99 %, 75316 MiB
2026/09/28 14:55:31.523, 0, 90 %, 75528 MiB
2026/09/28 14:55:31.523, 1, 94 %, 75316 MiB
2026/09/28 14:55:31.523, 2, 85 %, 75316 MiB
2026/09/28 14:55:31.523, 3, 80 %, 75316 MiB
2026/09/28 14:55:31.523, 4, 94 %, 75316 MiB
2026/09/28 14:55:31.524, 5, 57 %, 75316 MiB
2026/09/28 14:55:31.524, 6, 92 %, 75028 MiB
2026/09/28 14:55:31.524, 7, 92 %, 75316 MiB
2026/09/28 14:55:36.524, 0, 100 %, 75528 MiB
2026/09/28 14:55:36.524, 1, 100 %, 75316 MiB
2026/09/28 14:55:36.524, 2, 100 %, 75316 MiB
2026/09/28 14:55:36.524, 3, 99 %, 75316 MiB
2026/09/28 14:55:36.524, 4, 97 %, 75316 MiB
2026/09/28 14:55:36.524, 5, 86 %, 75316 MiB
2026/09/28 14:55:36.524, 6, 92 %, 75028 MiB
2026/09/28 14:55:36.524, 7, 99 %, 75316 MiB
2026/09/28 14:55:41.525, 0, 100 %, 75528 MiB
2026/09/28 14:55:41.754, 1, 100 %, 75316 MiB
2026/09/28 14:55:41.759, 2, 100 %, 75316 MiB
2026/09/28 14:55:41.761, 3, 100 %, 75316 MiB
2026/09/28 14:55:41.765, 4, 100 %, 75316 MiB
2026/09/28 14:55:41.769, 5, 100 %, 75316 MiB
2026/09/28 14:55:41.770, 6, 100 %, 75028 MiB
2026/09/28 14:55:41.774, 7, 100 %, 75316 MiB
2026/09/28 14:55:46.776, 0, 100 %, 75528 MiB
2026/09/28 14:55:47.015, 1, 100 %, 75316 MiB
2026/09/28 14:55:47.016, 2, 100 %, 75316 MiB
2026/09/28 14:55:47.017, 3, 100 %, 75316 MiB
2026/09/28 14:55:47.017, 4, 100 %, 75316 MiB
2026/09/28 14:55:47.017, 5, 98 %, 75316 MiB
2026/09/28 14:55:47.017, 6, 100 %, 75028 MiB
2026/09/28 14:55:47.019, 7, 100 %, 75316 MiB
2026/09/28 14:55:52.020, 0, 94 %, 75528 MiB
2026/09/28 14:55:52.335, 1, 90 %, 75316 MiB
2026/09/28 14:55:52.336, 2, 99 %, 75316 MiB
2026/09/28 14:55:52.336, 3, 100 %, 75316 MiB
2026/09/28 14:55:52.337, 4, 100 %, 75316 MiB
2026/09/28 14:55:52.338, 5, 99 %, 75316 MiB
2026/09/28 14:55:52.344, 6, 59 %, 75028 MiB
2026/09/28 14:55:52.344, 7, 99 %, 75316 MiB
2026/09/28 14:55:57.349, 0, 97 %, 75528 MiB
2026/09/28 14:55:57.349, 1, 55 %, 75316 MiB
2026/09/28 14:55:57.349, 2, 98 %, 75316 MiB
2026/09/28 14:55:57.349, 3, 97 %, 75316 MiB
2026/09/28 14:55:57.349, 4, 98 %, 75316 MiB
2026/09/28 14:55:57.349, 5, 96 %, 75316 MiB
2026/09/28 14:55:57.349, 6, 96 %, 75028 MiB
2026/09/28 14:55:57.349, 7, 96 %, 75316 MiB
2026/09/28 14:56:02.350, 0, 98 %, 75528 MiB
2026/09/28 14:56:02.350, 1, 98 %, 75316 MiB
2026/09/28 14:56:02.350, 2, 98 %, 75316 MiB
2026/09/28 14:56:02.350, 3, 100 %, 75316 MiB
2026/09/28 14:56:02.350, 4, 100 %, 75316 MiB
2026/09/28 14:56:02.350, 5, 98 %, 75316 MiB
2026/09/28 14:56:02.350, 6, 100 %, 75028 MiB
2026/09/28 14:56:02.350, 7, 100 %, 75316 MiB
2026/09/28 14:56:07.351, 0, 100 %, 75528 MiB
2026/09/28 14:56:07.351, 1, 100 %, 75316 MiB
2026/09/28 14:56:07.351, 2, 100 %, 75316 MiB
2026/09/28 14:56:07.351, 3, 100 %, 75316 MiB
2026/09/28 14:56:07.351, 4, 100 %, 75316 MiB
2026/09/28 14:56:07.351, 5, 100 %, 75316 MiB
2026/09/28 14:56:07.351, 6, 100 %, 75028 MiB
2026/09/28 14:56:07.351, 7, 100 %, 75316 MiB
2026/09/28 14:56:12.351, 0, 100 %, 75528 MiB
2026/09/28 14:56:12.352, 1, 100 %, 75316 MiB
2026/09/28 14:56:12.352, 2, 100 %, 75316 MiB
2026/09/28 14:56:12.352, 3, 100 %, 75316 MiB
2026/09/28 14:56:12.353, 4, 100 %, 75316 MiB
2026/09/28 14:56:12.353, 5, 100 %, 75316 MiB
2026/09/28 14:56:12.354, 6, 100 %, 75028 MiB
2026/09/28 14:56:12.354, 7, 100 %, 75316 MiB
2026/09/28 14:56:17.355, 0, 100 %, 75528 MiB
2026/09/28 14:56:17.355, 1, 100 %, 75316 MiB
2026/09/28 14:56:17.355, 2, 100 %, 75316 MiB
2026/09/28 14:56:17.355, 3, 100 %, 75316 MiB
2026/09/28 14:56:17.355, 4, 100 %, 75316 MiB
2026/09/28 14:56:17.355, 5, 100 %, 75316 MiB
2026/09/28 14:56:17.355, 6, 100 %, 75028 MiB
2026/09/28 14:56:17.356, 7, 100 %, 75316 MiB
2026/09/28 14:56:22.356, 0, 100 %, 75528 MiB
2026/09/28 14:56:22.356, 1, 100 %, 75316 MiB
2026/09/28 14:56:22.356, 2, 100 %, 75316 MiB
2026/09/28 14:56:22.356, 3, 100 %, 75316 MiB
2026/09/28 14:56:22.356, 4, 100 %, 75316 MiB
2026/09/28 14:56:22.356, 5, 100 %, 75316 MiB
2026/09/28 14:56:22.356, 6, 100 %, 75028 MiB
2026/09/28 14:56:22.356, 7, 100 %, 75316 MiB
2026/09/28 14:56:27.356, 0, 100 %, 75528 MiB
2026/09/28 14:56:27.357, 1, 100 %, 75316 MiB
2026/09/28 14:56:27.357, 2, 100 %, 75316 MiB
2026/09/28 14:56:27.357, 3, 100 %, 75316 MiB
2026/09/28 14:56:27.357, 4, 100 %, 75316 MiB
2026/09/28 14:56:27.357, 5, 100 %, 75316 MiB
2026/09/28 14:56:27.357, 6, 100 %, 75028 MiB
2026/09/28 14:56:27.357, 7, 100 %, 75316 MiB
2026/09/28 14:56:32.357, 0, 100 %, 75528 MiB
2026/09/28 14:56:32.357, 1, 100 %, 75316 MiB
2026/09/28 14:56:32.358, 2, 100 %, 75316 MiB
2026/09/28 14:56:32.358, 3, 100 %, 75316 MiB
2026/09/28 14:56:32.358, 4, 100 %, 75316 MiB
2026/09/28 14:56:32.359, 5, 100 %, 75316 MiB
2026/09/28 14:56:32.359, 6, 100 %, 75028 MiB
2026/09/28 14:56:32.360, 7, 100 %, 75316 MiB
2026/09/28 14:56:37.360, 0, 98 %, 75528 MiB
2026/09/28 14:56:37.360, 1, 100 %, 75316 MiB
2026/09/28 14:56:37.361, 2, 100 %, 75316 MiB
2026/09/28 14:56:37.361, 3, 100 %, 75316 MiB
2026/09/28 14:56:37.361, 4, 98 %, 75316 MiB
2026/09/28 14:56:37.362, 5, 100 %, 75316 MiB
2026/09/28 14:56:37.362, 6, 100 %, 75028 MiB
2026/09/28 14:56:37.363, 7, 100 %, 75316 MiB
2026/09/28 14:56:42.363, 0, 100 %, 75528 MiB
2026/09/28 14:56:42.365, 1, 100 %, 75316 MiB
2026/09/28 14:56:42.365, 2, 100 %, 75316 MiB
2026/09/28 14:56:42.365, 3, 100 %, 75316 MiB
2026/09/28 14:56:42.366, 4, 100 %, 75316 MiB
2026/09/28 14:56:42.366, 5, 100 %, 75316 MiB
2026/09/28 14:56:42.368, 6, 100 %, 75028 MiB
2026/09/28 14:56:42.369, 7, 100 %, 75316 MiB
2026/09/28 14:56:47.370, 0, 99 %, 75528 MiB
2026/09/28 14:56:47.372, 1, 99 %, 75316 MiB
2026/09/28 14:56:47.372, 2, 98 %, 75316 MiB
2026/09/28 14:56:47.372, 3, 97 %, 75316 MiB
2026/09/28 14:56:47.372, 4, 100 %, 75316 MiB
2026/09/28 14:56:47.376, 5, 99 %, 75316 MiB
2026/09/28 14:56:47.376, 6, 99 %, 75028 MiB
2026/09/28 14:56:47.376, 7, 100 %, 75316 MiB
2026/09/28 14:56:52.376, 0, 100 %, 75528 MiB
2026/09/28 14:56:52.377, 1, 100 %, 75316 MiB
2026/09/28 14:56:52.377, 2, 100 %, 75316 MiB
2026/09/28 14:56:52.377, 3, 98 %, 75316 MiB
2026/09/28 14:56:52.377, 4, 100 %, 75316 MiB
2026/09/28 14:56:52.377, 5, 100 %, 75316 MiB
2026/09/28 14:56:52.377, 6, 100 %, 75028 MiB
2026/09/28 14:56:52.377, 7, 98 %, 75316 MiB
2026/09/28 14:56:57.377, 0, 100 %, 75528 MiB
2026/09/28 14:56:57.377, 1, 100 %, 75316 MiB
2026/09/28 14:56:57.377, 2, 100 %, 75316 MiB
2026/09/28 14:56:57.377, 3, 100 %, 75316 MiB
2026/09/28 14:56:57.377, 4, 100 %, 75316 MiB
2026/09/28 14:56:57.377, 5, 100 %, 75316 MiB
2026/09/28 14:56:57.377, 6, 100 %, 75028 MiB
2026/09/28 14:56:57.377, 7, 98 %, 75316 MiB
2026/09/28 14:57:02.377, 0, 100 %, 75528 MiB
2026/09/28 14:57:02.377, 1, 100 %, 75316 MiB
2026/09/28 14:57:02.377, 2, 100 %, 75316 MiB
2026/09/28 14:57:02.377, 3, 100 %, 75316 MiB
2026/09/28 14:57:02.378, 4, 100 %, 75316 MiB
2026/09/28 14:57:02.378, 5, 100 %, 75316 MiB
2026/09/28 14:57:02.378, 6, 100 %, 75028 MiB
2026/09/28 14:57:02.378, 7, 100 %, 75316 MiB
2026/09/28 14:57:07.378, 0, 100 %, 75528 MiB
2026/09/28 14:57:07.379, 1, 100 %, 75316 MiB
2026/09/28 14:57:07.380, 2, 100 %, 75316 MiB
2026/09/28 14:57:07.381, 3, 100 %, 75316 MiB
2026/09/28 14:57:07.381, 4, 100 %, 75316 MiB
2026/09/28 14:57:07.381, 5, 100 %, 75316 MiB
2026/09/28 14:57:07.381, 6, 100 %, 75028 MiB
2026/09/28 14:57:07.381, 7, 100 %, 75316 MiB
2026/09/28 14:57:12.382, 0, 100 %, 75528 MiB
2026/09/28 14:57:12.382, 1, 100 %, 75316 MiB
2026/09/28 14:57:12.382, 2, 100 %, 75316 MiB
2026/09/28 14:57:12.382, 3, 100 %, 75316 MiB
2026/09/28 14:57:12.382, 4, 100 %, 75316 MiB
2026/09/28 14:57:12.382, 5, 100 %, 75316 MiB
2026/09/28 14:57:12.382, 6, 100 %, 75028 MiB
2026/09/28 14:57:12.382, 7, 100 %, 75316 MiB
2026/09/28 14:57:17.382, 0, 100 %, 75528 MiB
2026/09/28 14:57:17.382, 1, 100 %, 75316 MiB
2026/09/28 14:57:17.382, 2, 100 %, 75316 MiB
2026/09/28 14:57:17.382, 3, 100 %, 75316 MiB
2026/09/28 14:57:17.382, 4, 100 %, 75316 MiB
2026/09/28 14:57:17.382, 5, 100 %, 75316 MiB
2026/09/28 14:57:17.382, 6, 100 %, 75028 MiB
2026/09/28 14:57:17.382, 7, 100 %, 75316 MiB
2026/09/28 14:57:22.383, 0, 100 %, 75528 MiB
2026/09/28 14:57:22.383, 1, 100 %, 75316 MiB
2026/09/28 14:57:22.383, 2, 100 %, 75316 MiB
2026/09/28 14:57:22.383, 3, 100 %, 75316 MiB
2026/09/28 14:57:22.383, 4, 100 %, 75316 MiB
2026/09/28 14:57:22.383, 5, 100 %, 75316 MiB
2026/09/28 14:57:22.383, 6, 100 %, 75028 MiB
2026/09/28 14:57:22.383, 7, 100 %, 75316 MiB
2026/09/28 14:57:27.383, 0, 100 %, 75528 MiB
2026/09/28 14:57:27.383, 1, 100 %, 75316 MiB
2026/09/28 14:57:27.383, 2, 100 %, 75316 MiB
2026/09/28 14:57:27.383, 3, 100 %, 75316 MiB
2026/09/28 14:57:27.383, 4, 100 %, 75316 MiB
2026/09/28 14:57:27.383, 5, 100 %, 75316 MiB
2026/09/28 14:57:27.383, 6, 100 %, 75028 MiB
2026/09/28 14:57:27.383, 7, 100 %, 75316 MiB
2026/09/28 14:57:32.384, 0, 95 %, 75528 MiB
2026/09/28 14:57:32.384, 1, 79 %, 75316 MiB
2026/09/28 14:57:32.384, 2, 79 %, 75316 MiB
2026/09/28 14:57:32.384, 3, 86 %, 75316 MiB
2026/09/28 14:57:32.385, 4, 95 %, 75316 MiB
2026/09/28 14:57:32.385, 5, 96 %, 75316 MiB
2026/09/28 14:57:32.385, 6, 95 %, 75028 MiB
2026/09/28 14:57:32.386, 7, 99 %, 75316 MiB
2026/09/28 14:57:37.386, 0, 100 %, 75528 MiB
2026/09/28 14:57:37.386, 1, 100 %, 75316 MiB
2026/09/28 14:57:37.386, 2, 100 %, 75316 MiB
2026/09/28 14:57:37.386, 3, 100 %, 75316 MiB
2026/09/28 14:57:37.386, 4, 100 %, 75316 MiB
2026/09/28 14:57:37.386, 5, 100 %, 75316 MiB
2026/09/28 14:57:37.386, 6, 100 %, 75028 MiB
2026/09/28 14:57:37.386, 7, 100 %, 75316 MiB
2026/09/28 14:57:42.387, 0, 100 %, 75528 MiB
2026/09/28 14:57:42.387, 1, 100 %, 75316 MiB
2026/09/28 14:57:42.388, 2, 100 %, 75316 MiB
2026/09/28 14:57:42.388, 3, 100 %, 75316 MiB
2026/09/28 14:57:42.388, 4, 100 %, 75316 MiB
2026/09/28 14:57:42.388, 5, 100 %, 75316 MiB
2026/09/28 14:57:42.388, 6, 100 %, 75028 MiB
2026/09/28 14:57:42.388, 7, 100 %, 75316 MiB
2026/09/28 14:57:47.388, 0, 95 %, 75528 MiB
2026/09/28 14:57:47.389, 1, 99 %, 75316 MiB
2026/09/28 14:57:47.389, 2, 81 %, 75316 MiB
2026/09/28 14:57:47.389, 3, 73 %, 75316 MiB
2026/09/28 14:57:47.389, 4, 100 %, 75316 MiB
2026/09/28 14:57:47.389, 5, 89 %, 75316 MiB
2026/09/28 14:57:47.389, 6, 89 %, 75028 MiB
2026/09/28 14:57:47.389, 7, 94 %, 75316 MiB
2026/09/28 14:57:52.389, 0, 100 %, 75528 MiB
2026/09/28 14:57:52.389, 1, 97 %, 75316 MiB
2026/09/28 14:57:52.389, 2, 96 %, 75316 MiB
2026/09/28 14:57:52.389, 3, 100 %, 75316 MiB
2026/09/28 14:57:52.389, 4, 100 %, 75316 MiB
2026/09/28 14:57:52.389, 5, 100 %, 75316 MiB
2026/09/28 14:57:52.389, 6, 100 %, 75028 MiB
2026/09/28 14:57:52.389, 7, 100 %, 75316 MiB
2026/09/28 14:57:57.389, 0, 100 %, 75528 MiB
2026/09/28 14:57:57.390, 1, 100 %, 75316 MiB
2026/09/28 14:57:57.390, 2, 100 %, 75316 MiB
2026/09/28 14:57:57.390, 3, 100 %, 75316 MiB
2026/09/28 14:57:57.390, 4, 100 %, 75316 MiB
2026/09/28 14:57:57.390, 5, 100 %, 75316 MiB
2026/09/28 14:57:57.391, 6, 100 %, 75028 MiB
2026/09/28 14:57:57.391, 7, 100 %, 75316 MiB
2026/09/28 14:58:02.391, 0, 100 %, 75528 MiB
2026/09/28 14:58:02.391, 1, 100 %, 75316 MiB
2026/09/28 14:58:02.392, 2, 100 %, 75316 MiB
2026/09/28 14:58:02.392, 3, 100 %, 75316 MiB
2026/09/28 14:58:02.392, 4, 100 %, 75316 MiB
2026/09/28 14:58:02.393, 5, 100 %, 75316 MiB
2026/09/28 14:58:02.393, 6, 99 %, 75028 MiB
2026/09/28 14:58:02.393, 7, 100 %, 75316 MiB
2026/09/28 14:58:07.393, 0, 100 %, 75528 MiB
2026/09/28 14:58:07.394, 1, 100 %, 75316 MiB
2026/09/28 14:58:07.394, 2, 100 %, 75316 MiB
2026/09/28 14:58:07.395, 3, 100 %, 75316 MiB
2026/09/28 14:58:07.395, 4, 100 %, 75316 MiB
2026/09/28 14:58:07.395, 5, 100 %, 75316 MiB
2026/09/28 14:58:07.396, 6, 100 %, 75028 MiB
2026/09/28 14:58:07.396, 7, 100 %, 75316 MiB
2026/09/28 14:58:12.397, 0, 100 %, 75528 MiB
2026/09/28 14:58:12.397, 1, 100 %, 75316 MiB
2026/09/28 14:58:12.397, 2, 100 %, 75316 MiB
2026/09/28 14:58:12.397, 3, 100 %, 75316 MiB
2026/09/28 14:58:12.397, 4, 100 %, 75316 MiB
2026/09/28 14:58:12.397, 5, 100 %, 75316 MiB
2026/09/28 14:58:12.397, 6, 100 %, 75028 MiB
2026/09/28 14:58:12.397, 7, 100 %, 75316 MiB
2026/09/28 14:58:17.397, 0, 100 %, 75528 MiB
2026/09/28 14:58:17.397, 1, 100 %, 75316 MiB
2026/09/28 14:58:17.398, 2, 100 %, 75316 MiB
2026/09/28 14:58:17.398, 3, 100 %, 75316 MiB
2026/09/28 14:58:17.398, 4, 100 %, 75316 MiB
2026/09/28 14:58:17.398, 5, 100 %, 75316 MiB
2026/09/28 14:58:17.398, 6, 100 %, 75028 MiB
2026/09/28 14:58:17.398, 7, 100 %, 75316 MiB
2026/09/28 14:58:22.398, 0, 82 %, 75528 MiB
2026/09/28 14:58:22.399, 1, 100 %, 75316 MiB
2026/09/28 14:58:22.399, 2, 100 %, 75316 MiB
2026/09/28 14:58:22.399, 3, 100 %, 75316 MiB
2026/09/28 14:58:22.400, 4, 100 %, 75316 MiB
2026/09/28 14:58:22.400, 5, 90 %, 75316 MiB
2026/09/28 14:58:22.400, 6, 100 %, 75028 MiB
2026/09/28 14:58:22.401, 7, 100 %, 75316 MiB
2026/09/28 14:58:27.401, 0, 98 %, 75528 MiB
2026/09/28 14:58:27.401, 1, 100 %, 75316 MiB
2026/09/28 14:58:27.401, 2, 100 %, 75316 MiB
2026/09/28 14:58:27.401, 3, 98 %, 75316 MiB
2026/09/28 14:58:27.401, 4, 98 %, 75316 MiB
2026/09/28 14:58:27.401, 5, 98 %, 75316 MiB
2026/09/28 14:58:27.401, 6, 98 %, 75028 MiB
2026/09/28 14:58:27.401, 7, 98 %, 75316 MiB
2026/09/28 14:58:32.402, 0, 100 %, 75528 MiB
2026/09/28 14:58:32.402, 1, 100 %, 75316 MiB
2026/09/28 14:58:32.402, 2, 100 %, 75316 MiB
2026/09/28 14:58:32.402, 3, 100 %, 75316 MiB
2026/09/28 14:58:32.403, 4, 100 %, 75316 MiB
2026/09/28 14:58:32.403, 5, 100 %, 75316 MiB
2026/09/28 14:58:32.403, 6, 100 %, 75028 MiB
2026/09/28 14:58:32.403, 7, 100 %, 75316 MiB
2026/09/28 14:58:37.404, 0, 100 %, 75528 MiB
2026/09/28 14:58:37.404, 1, 100 %, 75316 MiB
2026/09/28 14:58:37.404, 2, 100 %, 75316 MiB
2026/09/28 14:58:37.404, 3, 100 %, 75316 MiB
2026/09/28 14:58:37.404, 4, 100 %, 75316 MiB
2026/09/28 14:58:37.404, 5, 100 %, 75316 MiB
2026/09/28 14:58:37.404, 6, 100 %, 75028 MiB
2026/09/28 14:58:37.404, 7, 98 %, 75316 MiB
2026/09/28 14:58:42.404, 0, 100 %, 75528 MiB
2026/09/28 14:58:42.405, 1, 100 %, 75316 MiB
2026/09/28 14:58:42.405, 2, 100 %, 75316 MiB
2026/09/28 14:58:42.405, 3, 100 %, 75316 MiB
2026/09/28 14:58:42.405, 4, 100 %, 75316 MiB
2026/09/28 14:58:42.405, 5, 100 %, 75316 MiB
2026/09/28 14:58:42.405, 6, 100 %, 75028 MiB
2026/09/28 14:58:42.405, 7, 100 %, 75316 MiB
2026/09/28 14:58:47.405, 0, 100 %, 75528 MiB
2026/09/28 14:58:47.406, 1, 100 %, 75316 MiB
2026/09/28 14:58:47.406, 2, 100 %, 75316 MiB
2026/09/28 14:58:47.409, 3, 100 %, 75316 MiB
2026/09/28 14:58:47.411, 4, 100 %, 75316 MiB
2026/09/28 14:58:47.412, 5, 100 %, 75316 MiB
2026/09/28 14:58:47.413, 6, 100 %, 75028 MiB
2026/09/28 14:58:47.415, 7, 100 %, 75316 MiB
2026/09/28 14:58:52.416, 0, 71 %, 75528 MiB
2026/09/28 14:58:52.416, 1, 100 %, 75316 MiB
2026/09/28 14:58:52.416, 2, 100 %, 75316 MiB
2026/09/28 14:58:52.416, 3, 99 %, 75316 MiB
2026/09/28 14:58:52.416, 4, 100 %, 75316 MiB
2026/09/28 14:58:52.416, 5, 100 %, 75316 MiB
2026/09/28 14:58:52.416, 6, 78 %, 75028 MiB
2026/09/28 14:58:52.416, 7, 98 %, 75316 MiB
2026/09/28 14:58:57.416, 0, 100 %, 75528 MiB
2026/09/28 14:58:57.416, 1, 100 %, 75316 MiB
2026/09/28 14:58:57.416, 2, 100 %, 75316 MiB
2026/09/28 14:58:57.416, 3, 100 %, 75316 MiB
2026/09/28 14:58:57.416, 4, 100 %, 75316 MiB
2026/09/28 14:58:57.416, 5, 100 %, 75316 MiB
2026/09/28 14:58:57.416, 6, 100 %, 75028 MiB
2026/09/28 14:58:57.416, 7, 100 %, 75316 MiB
2026/09/28 14:59:02.417, 0, 100 %, 75528 MiB
2026/09/28 14:59:02.417, 1, 100 %, 75316 MiB
2026/09/28 14:59:02.417, 2, 100 %, 75316 MiB
2026/09/28 14:59:02.417, 3, 100 %, 75316 MiB
2026/09/28 14:59:02.417, 4, 100 %, 75316 MiB
2026/09/28 14:59:02.417, 5, 100 %, 75316 MiB
2026/09/28 14:59:02.417, 6, 100 %, 75028 MiB
2026/09/28 14:59:02.417, 7, 100 %, 75316 MiB
2026/09/28 14:59:07.417, 0, 100 %, 75528 MiB
2026/09/28 14:59:07.417, 1, 100 %, 75316 MiB
2026/09/28 14:59:07.418, 2, 100 %, 75316 MiB
2026/09/28 14:59:07.418, 3, 100 %, 75316 MiB
2026/09/28 14:59:07.418, 4, 100 %, 75316 MiB
2026/09/28 14:59:07.419, 5, 100 %, 75316 MiB
2026/09/28 14:59:07.419, 6, 100 %, 75028 MiB
2026/09/28 14:59:07.419, 7, 100 %, 75316 MiB
2026/09/28 14:59:12.420, 0, 96 %, 75528 MiB
2026/09/28 14:59:12.420, 1, 92 %, 75316 MiB
2026/09/28 14:59:12.421, 2, 95 %, 75316 MiB
2026/09/28 14:59:12.421, 3, 95 %, 75316 MiB
2026/09/28 14:59:12.421, 4, 94 %, 75316 MiB
2026/09/28 14:59:12.421, 5, 74 %, 75316 MiB
2026/09/28 14:59:12.422, 6, 91 %, 75028 MiB
2026/09/28 14:59:12.422, 7, 94 %, 75316 MiB
2026/09/28 14:59:17.422, 0, 97 %, 75528 MiB
2026/09/28 14:59:17.422, 1, 93 %, 75316 MiB
2026/09/28 14:59:17.422, 2, 93 %, 75316 MiB
2026/09/28 14:59:17.423, 3, 97 %, 75316 MiB
2026/09/28 14:59:17.423, 4, 91 %, 75316 MiB
2026/09/28 14:59:17.423, 5, 74 %, 75316 MiB
2026/09/28 14:59:17.424, 6, 89 %, 75028 MiB
2026/09/28 14:59:17.424, 7, 92 %, 75316 MiB
2026/09/28 14:59:22.425, 0, 100 %, 75528 MiB
2026/09/28 14:59:22.425, 1, 100 %, 75316 MiB
2026/09/28 14:59:22.425, 2, 99 %, 75316 MiB
2026/09/28 14:59:22.425, 3, 100 %, 75316 MiB
2026/09/28 14:59:22.425, 4, 100 %, 75316 MiB
2026/09/28 14:59:22.425, 5, 100 %, 75316 MiB
2026/09/28 14:59:22.425, 6, 100 %, 75028 MiB
2026/09/28 14:59:22.425, 7, 100 %, 75316 MiB
2026/09/28 14:59:27.425, 0, 100 %, 75528 MiB
2026/09/28 14:59:27.425, 1, 100 %, 75316 MiB
2026/09/28 14:59:27.426, 2, 100 %, 75316 MiB
2026/09/28 14:59:27.426, 3, 100 %, 75316 MiB
2026/09/28 14:59:27.426, 4, 100 %, 75316 MiB
2026/09/28 14:59:27.426, 5, 100 %, 75316 MiB
2026/09/28 14:59:27.427, 6, 100 %, 75028 MiB
2026/09/28 14:59:27.427, 7, 100 %, 75316 MiB
2026/09/28 14:59:32.428, 0, 100 %, 75528 MiB
2026/09/28 14:59:32.428, 1, 100 %, 75316 MiB
2026/09/28 14:59:32.428, 2, 100 %, 75316 MiB
2026/09/28 14:59:32.428, 3, 100 %, 75316 MiB
2026/09/28 14:59:32.429, 4, 100 %, 75316 MiB
2026/09/28 14:59:32.429, 5, 100 %, 75316 MiB
2026/09/28 14:59:32.430, 6, 100 %, 75028 MiB
2026/09/28 14:59:32.430, 7, 100 %, 75316 MiB
2026/09/28 14:59:37.431, 0, 100 %, 75528 MiB
2026/09/28 14:59:37.431, 1, 100 %, 75316 MiB
2026/09/28 14:59:37.434, 2, 100 %, 75316 MiB
2026/09/28 14:59:37.434, 3, 100 %, 75316 MiB
2026/09/28 14:59:37.434, 4, 100 %, 75316 MiB
2026/09/28 14:59:37.440, 5, 100 %, 75316 MiB
2026/09/28 14:59:37.440, 6, 100 %, 75028 MiB
2026/09/28 14:59:37.440, 7, 100 %, 75316 MiB
2026/09/28 14:59:42.445, 0, 100 %, 75528 MiB
2026/09/28 14:59:42.445, 1, 100 %, 75316 MiB
2026/09/28 14:59:42.445, 2, 100 %, 75316 MiB
2026/09/28 14:59:42.445, 3, 100 %, 75316 MiB
2026/09/28 14:59:42.445, 4, 100 %, 75316 MiB
2026/09/28 14:59:42.445, 5, 100 %, 75316 MiB
2026/09/28 14:59:42.445, 6, 100 %, 75028 MiB
2026/09/28 14:59:42.445, 7, 100 %, 75316 MiB
2026/09/28 14:59:47.445, 0, 100 %, 75528 MiB
2026/09/28 14:59:47.447, 1, 100 %, 75316 MiB
2026/09/28 14:59:47.452, 2, 100 %, 75316 MiB
2026/09/28 14:59:47.452, 3, 100 %, 75316 MiB
2026/09/28 14:59:47.452, 4, 100 %, 75316 MiB
2026/09/28 14:59:47.457, 5, 100 %, 75316 MiB
2026/09/28 14:59:47.457, 6, 100 %, 75028 MiB
2026/09/28 14:59:47.459, 7, 100 %, 75316 MiB
2026/09/28 14:59:52.460, 0, 100 %, 75528 MiB
2026/09/28 14:59:52.460, 1, 100 %, 75316 MiB
2026/09/28 14:59:52.460, 2, 100 %, 75316 MiB
2026/09/28 14:59:52.460, 3, 100 %, 75316 MiB
2026/09/28 14:59:52.460, 4, 100 %, 75316 MiB
2026/09/28 14:59:52.460, 5, 100 %, 75316 MiB
2026/09/28 14:59:52.460, 6, 100 %, 75028 MiB
2026/09/28 14:59:52.460, 7, 100 %, 75316 MiB
2026/09/28 14:59:57.461, 0, 100 %, 75528 MiB
2026/09/28 14:59:57.461, 1, 100 %, 75316 MiB
2026/09/28 14:59:57.461, 2, 100 %, 75316 MiB
2026/09/28 14:59:57.462, 3, 100 %, 75316 MiB
2026/09/28 14:59:57.462, 4, 100 %, 75316 MiB
2026/09/28 14:59:57.463, 5, 100 %, 75316 MiB
2026/09/28 14:59:57.463, 6, 100 %, 75028 MiB
2026/09/28 14:59:57.463, 7, 100 %, 75316 MiB
2026/09/28 15:00:02.464, 0, 100 %, 75528 MiB
2026/09/28 15:00:02.464, 1, 100 %, 75316 MiB
2026/09/28 15:00:02.464, 2, 100 %, 75316 MiB
2026/09/28 15:00:02.464, 3, 100 %, 75316 MiB
2026/09/28 15:00:02.464, 4, 100 %, 75316 MiB
2026/09/28 15:00:02.464, 5, 100 %, 75316 MiB
2026/09/28 15:00:02.464, 6, 100 %, 75028 MiB
2026/09/28 15:00:02.464, 7, 100 %, 75316 MiB
2026/09/28 15:00:07.464, 0, 100 %, 75528 MiB
2026/09/28 15:00:07.464, 1, 100 %, 75316 MiB
2026/09/28 15:00:07.464, 2, 100 %, 75316 MiB
2026/09/28 15:00:07.464, 3, 100 %, 75316 MiB
2026/09/28 15:00:07.464, 4, 100 %, 75316 MiB
2026/09/28 15:00:07.464, 5, 100 %, 75316 MiB
2026/09/28 15:00:07.464, 6, 100 %, 75028 MiB
2026/09/28 15:00:07.464, 7, 100 %, 75316 MiB
2026/09/28 15:00:12.465, 0, 100 %, 75528 MiB
2026/09/28 15:00:12.730, 1, 100 %, 75316 MiB
2026/09/28 15:00:12.735, 2, 100 %, 75316 MiB
2026/09/28 15:00:12.735, 3, 98 %, 75316 MiB
2026/09/28 15:00:12.735, 4, 100 %, 75316 MiB
2026/09/28 15:00:12.735, 5, 100 %, 75316 MiB
2026/09/28 15:00:12.735, 6, 100 %, 75028 MiB
2026/09/28 15:00:12.735, 7, 100 %, 75316 MiB
2026/09/28 15:00:17.736, 0, 97 %, 75528 MiB
2026/09/28 15:00:17.749, 1, 96 %, 75316 MiB
2026/09/28 15:00:17.750, 2, 96 %, 75316 MiB
2026/09/28 15:00:17.751, 3, 94 %, 75316 MiB
2026/09/28 15:00:17.752, 4, 95 %, 75316 MiB
2026/09/28 15:00:17.752, 5, 95 %, 75316 MiB
2026/09/28 15:00:17.779, 6, 96 %, 75028 MiB
2026/09/28 15:00:17.779, 7, 95 %, 75316 MiB
2026/09/28 15:00:22.780, 0, 100 %, 75528 MiB
2026/09/28 15:00:22.780, 1, 100 %, 75316 MiB
2026/09/28 15:00:22.780, 2, 100 %, 75316 MiB
2026/09/28 15:00:22.780, 3, 100 %, 75316 MiB
2026/09/28 15:00:22.780, 4, 100 %, 75316 MiB
2026/09/28 15:00:22.780, 5, 100 %, 75316 MiB
2026/09/28 15:00:22.780, 6, 100 %, 75028 MiB
2026/09/28 15:00:22.780, 7, 100 %, 75316 MiB
2026/09/28 15:00:27.781, 0, 100 %, 75528 MiB
2026/09/28 15:00:27.781, 1, 100 %, 75316 MiB
2026/09/28 15:00:27.781, 2, 100 %, 75316 MiB
2026/09/28 15:00:27.781, 3, 100 %, 75316 MiB
2026/09/28 15:00:27.781, 4, 98 %, 75316 MiB
2026/09/28 15:00:27.781, 5, 98 %, 75316 MiB
2026/09/28 15:00:27.781, 6, 100 %, 75028 MiB
2026/09/28 15:00:27.781, 7, 100 %, 75316 MiB
2026/09/28 15:00:32.781, 0, 98 %, 75528 MiB
2026/09/28 15:00:32.782, 1, 100 %, 75316 MiB
2026/09/28 15:00:32.782, 2, 98 %, 75316 MiB
2026/09/28 15:00:32.782, 3, 100 %, 75316 MiB
2026/09/28 15:00:32.783, 4, 100 %, 75316 MiB
2026/09/28 15:00:32.783, 5, 100 %, 75316 MiB
2026/09/28 15:00:32.783, 6, 100 %, 75028 MiB
2026/09/28 15:00:32.784, 7, 100 %, 75316 MiB
2026/09/28 15:00:37.784, 0, 52 %, 75528 MiB
2026/09/28 15:00:37.786, 1, 62 %, 75316 MiB
2026/09/28 15:00:37.788, 2, 88 %, 75316 MiB
2026/09/28 15:00:37.788, 3, 95 %, 75316 MiB
2026/09/28 15:00:37.789, 4, 94 %, 75316 MiB
2026/09/28 15:00:37.789, 5, 94 %, 75316 MiB
2026/09/28 15:00:37.789, 6, 90 %, 75028 MiB
2026/09/28 15:00:37.789, 7, 94 %, 75316 MiB
2026/09/28 15:00:42.789, 0, 100 %, 75528 MiB
2026/09/28 15:00:42.791, 1, 100 %, 75316 MiB
2026/09/28 15:00:42.792, 2, 99 %, 75316 MiB
2026/09/28 15:00:42.793, 3, 99 %, 75316 MiB
2026/09/28 15:00:42.793, 4, 100 %, 75316 MiB
2026/09/28 15:00:42.793, 5, 99 %, 75316 MiB
2026/09/28 15:00:42.794, 6, 100 %, 75028 MiB
2026/09/28 15:00:42.794, 7, 100 %, 75316 MiB
2026/09/28 15:00:47.795, 0, 100 %, 75528 MiB
2026/09/28 15:00:47.795, 1, 100 %, 75316 MiB
2026/09/28 15:00:47.796, 2, 100 %, 75316 MiB
2026/09/28 15:00:47.797, 3, 100 %, 75316 MiB
2026/09/28 15:00:47.797, 4, 100 %, 75316 MiB
2026/09/28 15:00:47.800, 5, 100 %, 75316 MiB
2026/09/28 15:00:47.801, 6, 100 %, 75028 MiB
2026/09/28 15:00:47.801, 7, 100 %, 75316 MiB
2026/09/28 15:00:52.804, 0, 100 %, 75528 MiB
2026/09/28 15:00:52.804, 1, 100 %, 75316 MiB
2026/09/28 15:00:52.804, 2, 100 %, 75316 MiB
2026/09/28 15:00:52.804, 3, 96 %, 75316 MiB
2026/09/28 15:00:52.804, 4, 100 %, 75316 MiB
2026/09/28 15:00:52.804, 5, 100 %, 75316 MiB
2026/09/28 15:00:52.804, 6, 87 %, 75028 MiB
2026/09/28 15:00:52.804, 7, 99 %, 75316 MiB
2026/09/28 15:00:57.804, 0, 100 %, 75528 MiB
2026/09/28 15:00:57.805, 1, 100 %, 75316 MiB
2026/09/28 15:00:57.805, 2, 100 %, 75316 MiB
2026/09/28 15:00:57.805, 3, 96 %, 75316 MiB
2026/09/28 15:00:57.806, 4, 100 %, 75316 MiB
2026/09/28 15:00:57.806, 5, 100 %, 75316 MiB
2026/09/28 15:00:57.806, 6, 100 %, 75028 MiB
2026/09/28 15:00:57.807, 7, 100 %, 75316 MiB
2026/09/28 15:01:02.807, 0, 100 %, 75528 MiB
2026/09/28 15:01:02.808, 1, 100 %, 75316 MiB
2026/09/28 15:01:02.808, 2, 100 %, 75316 MiB
2026/09/28 15:01:02.808, 3, 100 %, 75316 MiB
2026/09/28 15:01:02.809, 4, 100 %, 75316 MiB
2026/09/28 15:01:02.809, 5, 100 %, 75316 MiB
2026/09/28 15:01:02.809, 6, 100 %, 75028 MiB
2026/09/28 15:01:02.809, 7, 100 %, 75316 MiB
2026/09/28 15:01:07.810, 0, 100 %, 75528 MiB
2026/09/28 15:01:07.811, 1, 100 %, 75316 MiB
2026/09/28 15:01:07.813, 2, 100 %, 75316 MiB
2026/09/28 15:01:07.815, 3, 100 %, 75316 MiB
2026/09/28 15:01:07.815, 4, 100 %, 75316 MiB
2026/09/28 15:01:07.816, 5, 100 %, 75316 MiB
2026/09/28 15:01:07.816, 6, 100 %, 75028 MiB
2026/09/28 15:01:07.817, 7, 100 %, 75316 MiB
2026/09/28 15:01:12.817, 0, 98 %, 75528 MiB
2026/09/28 15:01:12.817, 1, 98 %, 75316 MiB
2026/09/28 15:01:12.818, 2, 98 %, 75316 MiB
2026/09/28 15:01:12.818, 3, 98 %, 75316 MiB
2026/09/28 15:01:12.818, 4, 98 %, 75316 MiB
2026/09/28 15:01:12.819, 5, 98 %, 75316 MiB
2026/09/28 15:01:12.819, 6, 98 %, 75028 MiB
2026/09/28 15:01:12.820, 7, 100 %, 75316 MiB
2026/09/28 15:01:17.820, 0, 100 %, 75528 MiB
2026/09/28 15:01:17.820, 1, 100 %, 75316 MiB
2026/09/28 15:01:17.820, 2, 100 %, 75316 MiB
2026/09/28 15:01:17.820, 3, 100 %, 75316 MiB
2026/09/28 15:01:17.820, 4, 100 %, 75316 MiB
2026/09/28 15:01:17.820, 5, 100 %, 75316 MiB
2026/09/28 15:01:17.821, 6, 100 %, 75028 MiB
2026/09/28 15:01:17.821, 7, 100 %, 75316 MiB
2026/09/28 15:01:22.821, 0, 100 %, 75528 MiB
2026/09/28 15:01:22.821, 1, 100 %, 75316 MiB
2026/09/28 15:01:22.821, 2, 100 %, 75316 MiB
2026/09/28 15:01:22.821, 3, 100 %, 75316 MiB
2026/09/28 15:01:22.821, 4, 100 %, 75316 MiB
2026/09/28 15:01:22.821, 5, 100 %, 75316 MiB
2026/09/28 15:01:22.821, 6, 100 %, 75028 MiB
2026/09/28 15:01:22.821, 7, 100 %, 75316 MiB
2026/09/28 15:01:27.821, 0, 97 %, 75528 MiB
2026/09/28 15:01:27.822, 1, 97 %, 75316 MiB
2026/09/28 15:01:27.822, 2, 97 %, 75316 MiB
2026/09/28 15:01:27.822, 3, 100 %, 75316 MiB
2026/09/28 15:01:27.823, 4, 100 %, 75316 MiB
2026/09/28 15:01:27.823, 5, 97 %, 75316 MiB
2026/09/28 15:01:27.824, 6, 98 %, 75028 MiB
2026/09/28 15:01:27.824, 7, 100 %, 75316 MiB
2026/09/28 15:01:32.824, 0, 100 %, 75528 MiB
2026/09/28 15:01:32.824, 1, 100 %, 75316 MiB
2026/09/28 15:01:32.824, 2, 100 %, 75316 MiB
2026/09/28 15:01:32.824, 3, 100 %, 75316 MiB
2026/09/28 15:01:32.824, 4, 100 %, 75316 MiB
2026/09/28 15:01:32.824, 5, 100 %, 75316 MiB
2026/09/28 15:01:32.824, 6, 100 %, 75028 MiB
2026/09/28 15:01:32.824, 7, 100 %, 75316 MiB
2026/09/28 15:01:37.825, 0, 100 %, 75528 MiB
2026/09/28 15:01:37.825, 1, 100 %, 75316 MiB
2026/09/28 15:01:37.825, 2, 100 %, 75316 MiB
2026/09/28 15:01:37.825, 3, 100 %, 75316 MiB
2026/09/28 15:01:37.826, 4, 100 %, 75316 MiB
2026/09/28 15:01:37.826, 5, 100 %, 75316 MiB
2026/09/28 15:01:37.827, 6, 100 %, 75028 MiB
2026/09/28 15:01:37.827, 7, 100 %, 75316 MiB
2026/09/28 15:01:42.828, 0, 98 %, 75528 MiB
2026/09/28 15:01:42.828, 1, 98 %, 75316 MiB
2026/09/28 15:01:42.829, 2, 96 %, 75316 MiB
2026/09/28 15:01:42.829, 3, 99 %, 75316 MiB
2026/09/28 15:01:42.831, 4, 99 %, 75316 MiB
2026/09/28 15:01:42.832, 5, 99 %, 75316 MiB
2026/09/28 15:01:42.832, 6, 69 %, 75028 MiB
2026/09/28 15:01:42.834, 7, 98 %, 75316 MiB
2026/09/28 15:01:47.835, 0, 90 %, 75528 MiB
2026/09/28 15:01:47.835, 1, 63 %, 75316 MiB
2026/09/28 15:01:47.836, 2, 86 %, 75316 MiB
2026/09/28 15:01:47.836, 3, 95 %, 75316 MiB
2026/09/28 15:01:47.837, 4, 89 %, 75316 MiB
2026/09/28 15:01:47.837, 5, 75 %, 75316 MiB
2026/09/28 15:01:47.837, 6, 91 %, 75028 MiB
2026/09/28 15:01:47.838, 7, 92 %, 75316 MiB
2026/09/28 15:01:52.838, 0, 98 %, 75528 MiB
2026/09/28 15:01:52.839, 1, 100 %, 75316 MiB
2026/09/28 15:01:52.839, 2, 100 %, 75316 MiB
2026/09/28 15:01:52.839, 3, 98 %, 75316 MiB
2026/09/28 15:01:52.839, 4, 98 %, 75316 MiB
2026/09/28 15:01:52.839, 5, 98 %, 75316 MiB
2026/09/28 15:01:52.839, 6, 98 %, 75028 MiB
2026/09/28 15:01:52.839, 7, 98 %, 75316 MiB
2026/09/28 15:01:57.839, 0, 100 %, 75528 MiB
2026/09/28 15:01:57.840, 1, 100 %, 75316 MiB
2026/09/28 15:01:57.840, 2, 100 %, 75316 MiB
2026/09/28 15:01:57.840, 3, 100 %, 75316 MiB
2026/09/28 15:01:57.841, 4, 100 %, 75316 MiB
2026/09/28 15:01:57.841, 5, 100 %, 75316 MiB
2026/09/28 15:01:57.842, 6, 100 %, 75028 MiB
2026/09/28 15:01:57.842, 7, 100 %, 75316 MiB
2026/09/28 15:02:02.843, 0, 100 %, 75528 MiB
2026/09/28 15:02:02.843, 1, 100 %, 75316 MiB
2026/09/28 15:02:02.843, 2, 100 %, 75316 MiB
2026/09/28 15:02:02.843, 3, 100 %, 75316 MiB
2026/09/28 15:02:02.843, 4, 100 %, 75316 MiB
2026/09/28 15:02:02.843, 5, 100 %, 75316 MiB
2026/09/28 15:02:02.843, 6, 100 %, 75028 MiB
2026/09/28 15:02:02.843, 7, 100 %, 75316 MiB
2026/09/28 15:02:07.844, 0, 100 %, 75528 MiB
2026/09/28 15:02:07.846, 1, 100 %, 75316 MiB
2026/09/28 15:02:07.847, 2, 100 %, 75316 MiB
2026/09/28 15:02:07.848, 3, 100 %, 75316 MiB
2026/09/28 15:02:07.848, 4, 100 %, 75316 MiB
2026/09/28 15:02:07.849, 5, 100 %, 75316 MiB
2026/09/28 15:02:07.849, 6, 100 %, 75028 MiB
2026/09/28 15:02:07.850, 7, 100 %, 75316 MiB
2026/09/28 15:02:12.851, 0, 100 %, 75528 MiB
2026/09/28 15:02:12.852, 1, 100 %, 75316 MiB
2026/09/28 15:02:12.852, 2, 100 %, 75316 MiB
2026/09/28 15:02:12.852, 3, 100 %, 75316 MiB
2026/09/28 15:02:12.853, 4, 100 %, 75316 MiB
2026/09/28 15:02:12.853, 5, 100 %, 75316 MiB
2026/09/28 15:02:12.854, 6, 100 %, 75028 MiB
2026/09/28 15:02:12.854, 7, 100 %, 75316 MiB
2026/09/28 15:02:17.855, 0, 95 %, 75528 MiB
2026/09/28 15:02:17.860, 1, 91 %, 75316 MiB
2026/09/28 15:02:17.863, 2, 99 %, 75316 MiB
2026/09/28 15:02:17.866, 3, 97 %, 75316 MiB
2026/09/28 15:02:17.868, 4, 99 %, 75316 MiB
2026/09/28 15:02:17.870, 5, 96 %, 75316 MiB
2026/09/28 15:02:17.872, 6, 93 %, 75028 MiB
2026/09/28 15:02:17.872, 7, 78 %, 75316 MiB
2026/09/28 15:02:22.873, 0, 99 %, 75528 MiB
2026/09/28 15:02:22.873, 1, 100 %, 75316 MiB
2026/09/28 15:02:22.873, 2, 100 %, 75316 MiB
2026/09/28 15:02:22.874, 3, 99 %, 75316 MiB
2026/09/28 15:02:22.874, 4, 94 %, 75316 MiB
2026/09/28 15:02:22.875, 5, 94 %, 75316 MiB
2026/09/28 15:02:22.875, 6, 97 %, 75028 MiB
2026/09/28 15:02:22.875, 7, 89 %, 75316 MiB
2026/09/28 15:02:27.876, 0, 100 %, 75528 MiB
2026/09/28 15:02:27.876, 1, 100 %, 75316 MiB
2026/09/28 15:02:27.877, 2, 100 %, 75316 MiB
2026/09/28 15:02:27.877, 3, 100 %, 75316 MiB
2026/09/28 15:02:27.878, 4, 100 %, 75316 MiB
2026/09/28 15:02:27.878, 5, 100 %, 75316 MiB
2026/09/28 15:02:27.878, 6, 100 %, 75028 MiB
2026/09/28 15:02:27.879, 7, 100 %, 75316 MiB
2026/09/28 15:02:32.879, 0, 100 %, 75528 MiB
2026/09/28 15:02:32.880, 1, 100 %, 75316 MiB
2026/09/28 15:02:32.881, 2, 100 %, 75316 MiB
2026/09/28 15:02:32.882, 3, 100 %, 75316 MiB
2026/09/28 15:02:32.882, 4, 100 %, 75316 MiB
2026/09/28 15:02:32.884, 5, 100 %, 75316 MiB
2026/09/28 15:02:32.884, 6, 100 %, 75028 MiB
2026/09/28 15:02:32.885, 7, 100 %, 75316 MiB
2026/09/28 15:02:37.885, 0, 98 %, 75528 MiB
2026/09/28 15:02:37.885, 1, 100 %, 75316 MiB
2026/09/28 15:02:37.886, 2, 98 %, 75316 MiB
2026/09/28 15:02:37.886, 3, 100 %, 75316 MiB
2026/09/28 15:02:37.886, 4, 98 %, 75316 MiB
2026/09/28 15:02:37.886, 5, 97 %, 75316 MiB
2026/09/28 15:02:37.887, 6, 97 %, 75028 MiB
2026/09/28 15:02:37.894, 7, 100 %, 75316 MiB
2026/09/28 15:02:42.895, 0, 98 %, 75528 MiB
2026/09/28 15:02:42.895, 1, 98 %, 75316 MiB
2026/09/28 15:02:42.895, 2, 100 %, 75316 MiB
2026/09/28 15:02:42.895, 3, 100 %, 75316 MiB
2026/09/28 15:02:42.895, 4, 100 %, 75316 MiB
2026/09/28 15:02:42.895, 5, 100 %, 75316 MiB
2026/09/28 15:02:42.895, 6, 98 %, 75028 MiB
2026/09/28 15:02:42.895, 7, 100 %, 75316 MiB
2026/09/28 15:02:47.896, 0, 100 %, 75528 MiB
2026/09/28 15:02:47.897, 1, 100 %, 75316 MiB
2026/09/28 15:02:47.898, 2, 100 %, 75316 MiB
2026/09/28 15:02:47.899, 3, 100 %, 75316 MiB
2026/09/28 15:02:47.899, 4, 100 %, 75316 MiB
2026/09/28 15:02:47.900, 5, 100 %, 75316 MiB
2026/09/28 15:02:47.900, 6, 100 %, 75028 MiB
2026/09/28 15:02:47.901, 7, 100 %, 75316 MiB
2026/09/28 15:02:52.901, 0, 94 %, 75528 MiB
2026/09/28 15:02:52.901, 1, 100 %, 75316 MiB
2026/09/28 15:02:52.901, 2, 95 %, 75316 MiB
2026/09/28 15:02:52.901, 3, 100 %, 75316 MiB
2026/09/28 15:02:52.901, 4, 93 %, 75316 MiB
2026/09/28 15:02:52.901, 5, 94 %, 75316 MiB
2026/09/28 15:02:52.901, 6, 100 %, 75028 MiB
2026/09/28 15:02:52.901, 7, 100 %, 75316 MiB
2026/09/28 15:02:57.902, 0, 98 %, 75528 MiB
2026/09/28 15:02:57.902, 1, 98 %, 75316 MiB
2026/09/28 15:02:57.902, 2, 100 %, 75316 MiB
2026/09/28 15:02:57.902, 3, 100 %, 75316 MiB
2026/09/28 15:02:57.902, 4, 100 %, 75316 MiB
2026/09/28 15:02:57.902, 5, 98 %, 75316 MiB
2026/09/28 15:02:57.902, 6, 98 %, 75028 MiB
2026/09/28 15:02:57.902, 7, 100 %, 75316 MiB
2026/09/28 15:03:02.902, 0, 100 %, 75528 MiB
2026/09/28 15:03:02.902, 1, 100 %, 75316 MiB
2026/09/28 15:03:02.902, 2, 98 %, 75316 MiB
2026/09/28 15:03:02.903, 3, 100 %, 75316 MiB
2026/09/28 15:03:02.903, 4, 100 %, 75316 MiB
2026/09/28 15:03:02.903, 5, 100 %, 75316 MiB
2026/09/28 15:03:02.903, 6, 100 %, 75028 MiB
2026/09/28 15:03:02.903, 7, 100 %, 75316 MiB
2026/09/28 15:03:07.903, 0, 99 %, 75528 MiB
2026/09/28 15:03:07.903, 1, 100 %, 75316 MiB
2026/09/28 15:03:07.904, 2, 100 %, 75316 MiB
2026/09/28 15:03:07.904, 3, 96 %, 75316 MiB
2026/09/28 15:03:07.904, 4, 99 %, 75316 MiB
2026/09/28 15:03:07.905, 5, 99 %, 75316 MiB
2026/09/28 15:03:07.905, 6, 96 %, 75028 MiB
2026/09/28 15:03:07.906, 7, 97 %, 75316 MiB
2026/09/28 15:03:12.906, 0, 100 %, 75528 MiB
2026/09/28 15:03:12.908, 1, 100 %, 75316 MiB
2026/09/28 15:03:12.909, 2, 100 %, 75316 MiB
2026/09/28 15:03:12.910, 3, 100 %, 75316 MiB
2026/09/28 15:03:12.910, 4, 100 %, 75316 MiB
2026/09/28 15:03:12.913, 5, 100 %, 75316 MiB
2026/09/28 15:03:12.917, 6, 100 %, 75028 MiB
2026/09/28 15:03:12.919, 7, 100 %, 75316 MiB
2026/09/28 15:03:17.919, 0, 100 %, 75528 MiB
2026/09/28 15:03:17.919, 1, 100 %, 75316 MiB
2026/09/28 15:03:17.920, 2, 100 %, 75316 MiB
2026/09/28 15:03:17.920, 3, 98 %, 75316 MiB
2026/09/28 15:03:17.920, 4, 100 %, 75316 MiB
2026/09/28 15:03:17.920, 5, 100 %, 75316 MiB
2026/09/28 15:03:17.920, 6, 100 %, 75028 MiB
2026/09/28 15:03:17.920, 7, 100 %, 75316 MiB
2026/09/28 15:03:22.921, 0, 100 %, 75528 MiB
2026/09/28 15:03:22.921, 1, 100 %, 75316 MiB
2026/09/28 15:03:22.921, 2, 100 %, 75316 MiB
2026/09/28 15:03:22.922, 3, 100 %, 75316 MiB
2026/09/28 15:03:22.922, 4, 100 %, 75316 MiB
2026/09/28 15:03:22.923, 5, 100 %, 75316 MiB
2026/09/28 15:03:22.923, 6, 100 %, 75028 MiB
2026/09/28 15:03:22.923, 7, 100 %, 75316 MiB
2026/09/28 15:03:27.924, 0, 100 %, 75528 MiB
2026/09/28 15:03:27.924, 1, 100 %, 75316 MiB
2026/09/28 15:03:27.925, 2, 100 %, 75316 MiB
2026/09/28 15:03:27.925, 3, 100 %, 75316 MiB
2026/09/28 15:03:27.926, 4, 100 %, 75316 MiB
2026/09/28 15:03:27.926, 5, 100 %, 75316 MiB
2026/09/28 15:03:27.926, 6, 100 %, 75028 MiB
2026/09/28 15:03:27.926, 7, 100 %, 75316 MiB
2026/09/28 15:03:32.927, 0, 100 %, 75528 MiB
2026/09/28 15:03:32.927, 1, 96 %, 75316 MiB
2026/09/28 15:03:32.928, 2, 100 %, 75316 MiB
2026/09/28 15:03:32.928, 3, 97 %, 75316 MiB
2026/09/28 15:03:32.928, 4, 100 %, 75316 MiB
2026/09/28 15:03:32.929, 5, 100 %, 75316 MiB
2026/09/28 15:03:32.929, 6, 92 %, 75028 MiB
2026/09/28 15:03:32.929, 7, 98 %, 75316 MiB
2026/09/28 15:03:37.930, 0, 100 %, 75528 MiB
2026/09/28 15:03:37.930, 1, 100 %, 75316 MiB
2026/09/28 15:03:37.930, 2, 100 %, 75316 MiB
2026/09/28 15:03:37.930, 3, 100 %, 75316 MiB
2026/09/28 15:03:37.930, 4, 100 %, 75316 MiB
2026/09/28 15:03:37.930, 5, 100 %, 75316 MiB
2026/09/28 15:03:37.930, 6, 100 %, 75028 MiB
2026/09/28 15:03:37.930, 7, 100 %, 75316 MiB
2026/09/28 15:03:42.931, 0, 100 %, 75528 MiB
2026/09/28 15:03:42.931, 1, 100 %, 75316 MiB
2026/09/28 15:03:42.931, 2, 100 %, 75316 MiB
2026/09/28 15:03:42.931, 3, 100 %, 75316 MiB
2026/09/28 15:03:42.931, 4, 100 %, 75316 MiB
2026/09/28 15:03:42.931, 5, 100 %, 75316 MiB
2026/09/28 15:03:42.931, 6, 100 %, 75028 MiB
2026/09/28 15:03:42.931, 7, 100 %, 75316 MiB
2026/09/28 15:03:47.931, 0, 100 %, 75528 MiB
2026/09/28 15:03:47.931, 1, 100 %, 75316 MiB
2026/09/28 15:03:47.932, 2, 100 %, 75316 MiB
2026/09/28 15:03:47.932, 3, 100 %, 75316 MiB
2026/09/28 15:03:47.937, 4, 100 %, 75316 MiB
2026/09/28 15:03:47.938, 5, 100 %, 75316 MiB
2026/09/28 15:03:47.940, 6, 100 %, 75028 MiB
2026/09/28 15:03:47.941, 7, 98 %, 75316 MiB
2026/09/28 15:03:52.942, 0, 100 %, 75528 MiB
2026/09/28 15:03:52.942, 1, 100 %, 75316 MiB
2026/09/28 15:03:52.942, 2, 100 %, 75316 MiB
2026/09/28 15:03:52.942, 3, 100 %, 75316 MiB
2026/09/28 15:03:52.942, 4, 100 %, 75316 MiB
2026/09/28 15:03:52.942, 5, 100 %, 75316 MiB
2026/09/28 15:03:52.942, 6, 100 %, 75028 MiB
2026/09/28 15:03:52.942, 7, 100 %, 75316 MiB
2026/09/28 15:03:57.942, 0, 98 %, 75528 MiB
2026/09/28 15:03:57.943, 1, 98 %, 75316 MiB
2026/09/28 15:03:57.943, 2, 98 %, 75316 MiB
2026/09/28 15:03:57.943, 3, 98 %, 75316 MiB
2026/09/28 15:03:57.944, 4, 98 %, 75316 MiB
2026/09/28 15:03:57.944, 5, 98 %, 75316 MiB
2026/09/28 15:03:57.944, 6, 100 %, 75028 MiB
2026/09/28 15:03:57.945, 7, 98 %, 75316 MiB
2026/09/28 15:04:02.945, 0, 100 %, 75528 MiB
2026/09/28 15:04:02.945, 1, 100 %, 75316 MiB
2026/09/28 15:04:02.945, 2, 100 %, 75316 MiB
2026/09/28 15:04:02.945, 3, 100 %, 75316 MiB
2026/09/28 15:04:02.945, 4, 100 %, 75316 MiB
2026/09/28 15:04:02.945, 5, 100 %, 75316 MiB
2026/09/28 15:04:02.945, 6, 100 %, 75028 MiB
2026/09/28 15:04:02.945, 7, 100 %, 75316 MiB
2026/09/28 15:04:07.946, 0, 100 %, 75528 MiB
2026/09/28 15:04:07.946, 1, 99 %, 75316 MiB
2026/09/28 15:04:07.946, 2, 100 %, 75316 MiB
2026/09/28 15:04:07.946, 3, 100 %, 75316 MiB
2026/09/28 15:04:07.946, 4, 100 %, 75316 MiB
2026/09/28 15:04:07.946, 5, 99 %, 75316 MiB
2026/09/28 15:04:07.946, 6, 100 %, 75028 MiB
2026/09/28 15:04:07.946, 7, 99 %, 75316 MiB
2026/09/28 15:04:12.946, 0, 98 %, 75528 MiB
2026/09/28 15:04:12.946, 1, 100 %, 75316 MiB
2026/09/28 15:04:12.946, 2, 96 %, 75316 MiB
2026/09/28 15:04:12.946, 3, 97 %, 75316 MiB
2026/09/28 15:04:12.946, 4, 98 %, 75316 MiB
2026/09/28 15:04:12.946, 5, 100 %, 75316 MiB
2026/09/28 15:04:12.946, 6, 100 %, 75028 MiB
2026/09/28 15:04:12.946, 7, 100 %, 75316 MiB
2026/09/28 15:04:17.947, 0, 100 %, 75528 MiB
2026/09/28 15:04:17.947, 1, 100 %, 75316 MiB
2026/09/28 15:04:17.947, 2, 100 %, 75316 MiB
2026/09/28 15:04:17.947, 3, 100 %, 75316 MiB
2026/09/28 15:04:17.947, 4, 100 %, 75316 MiB
2026/09/28 15:04:17.948, 5, 100 %, 75316 MiB
2026/09/28 15:04:17.948, 6, 100 %, 75028 MiB
2026/09/28 15:04:17.949, 7, 100 %, 75316 MiB
2026/09/28 15:04:22.950, 0, 95 %, 75528 MiB
2026/09/28 15:04:22.950, 1, 69 %, 75316 MiB
2026/09/28 15:04:22.950, 2, 96 %, 75316 MiB
2026/09/28 15:04:22.950, 3, 96 %, 75316 MiB
2026/09/28 15:04:22.950, 4, 96 %, 75316 MiB
2026/09/28 15:04:22.950, 5, 94 %, 75316 MiB
2026/09/28 15:04:22.950, 6, 98 %, 75028 MiB
2026/09/28 15:04:22.950, 7, 95 %, 75316 MiB
2026/09/28 15:04:27.950, 0, 100 %, 75528 MiB
2026/09/28 15:04:27.954, 1, 100 %, 75316 MiB
2026/09/28 15:04:27.959, 2, 100 %, 75316 MiB
2026/09/28 15:04:27.959, 3, 100 %, 75316 MiB
2026/09/28 15:04:27.960, 4, 100 %, 75316 MiB
2026/09/28 15:04:27.961, 5, 100 %, 75316 MiB
2026/09/28 15:04:27.963, 6, 100 %, 75028 MiB
2026/09/28 15:04:27.964, 7, 100 %, 75316 MiB
2026/09/28 15:04:32.966, 0, 100 %, 75528 MiB
2026/09/28 15:04:32.966, 1, 100 %, 75316 MiB
2026/09/28 15:04:32.966, 2, 100 %, 75316 MiB
2026/09/28 15:04:32.966, 3, 100 %, 75316 MiB
2026/09/28 15:04:32.966, 4, 100 %, 75316 MiB
2026/09/28 15:04:32.966, 5, 100 %, 75316 MiB
2026/09/28 15:04:32.966, 6, 100 %, 75028 MiB
2026/09/28 15:04:32.966, 7, 100 %, 75316 MiB
2026/09/28 15:04:37.966, 0, 100 %, 75528 MiB
2026/09/28 15:04:37.966, 1, 100 %, 75316 MiB
2026/09/28 15:04:37.966, 2, 100 %, 75316 MiB
2026/09/28 15:04:37.966, 3, 100 %, 75316 MiB
2026/09/28 15:04:37.966, 4, 96 %, 75316 MiB
2026/09/28 15:04:37.966, 5, 100 %, 75316 MiB
2026/09/28 15:04:37.966, 6, 92 %, 75028 MiB
2026/09/28 15:04:37.966, 7, 100 %, 75316 MiB
2026/09/28 15:04:42.967, 0, 100 %, 75528 MiB
2026/09/28 15:04:42.967, 1, 100 %, 75316 MiB
2026/09/28 15:04:42.967, 2, 100 %, 75316 MiB
2026/09/28 15:04:42.968, 3, 100 %, 75316 MiB
2026/09/28 15:04:42.969, 4, 100 %, 75316 MiB
2026/09/28 15:04:42.970, 5, 100 %, 75316 MiB
2026/09/28 15:04:42.971, 6, 100 %, 75028 MiB
2026/09/28 15:04:42.971, 7, 100 %, 75316 MiB
2026/09/28 15:04:47.972, 0, 99 %, 75528 MiB
2026/09/28 15:04:47.972, 1, 94 %, 75316 MiB
2026/09/28 15:04:47.972, 2, 100 %, 75316 MiB
2026/09/28 15:04:47.973, 3, 100 %, 75316 MiB
2026/09/28 15:04:47.973, 4, 97 %, 75316 MiB
2026/09/28 15:04:47.973, 5, 100 %, 75316 MiB
2026/09/28 15:04:47.973, 6, 100 %, 75028 MiB
2026/09/28 15:04:47.973, 7, 63 %, 75316 MiB
2026/09/28 15:04:52.973, 0, 100 %, 75528 MiB
2026/09/28 15:04:52.973, 1, 100 %, 75316 MiB
2026/09/28 15:04:52.974, 2, 100 %, 75316 MiB
2026/09/28 15:04:52.974, 3, 100 %, 75316 MiB
2026/09/28 15:04:52.974, 4, 100 %, 75316 MiB
2026/09/28 15:04:52.975, 5, 100 %, 75316 MiB
2026/09/28 15:04:52.975, 6, 100 %, 75028 MiB
2026/09/28 15:04:52.976, 7, 100 %, 75316 MiB
2026/09/28 15:04:57.976, 0, 98 %, 75528 MiB
2026/09/28 15:04:57.976, 1, 98 %, 75316 MiB
2026/09/28 15:04:57.976, 2, 98 %, 75316 MiB
2026/09/28 15:04:57.976, 3, 98 %, 75316 MiB
2026/09/28 15:04:57.976, 4, 98 %, 75316 MiB
2026/09/28 15:04:57.976, 5, 98 %, 75316 MiB
2026/09/28 15:04:57.976, 6, 98 %, 75028 MiB
2026/09/28 15:04:57.976, 7, 98 %, 75316 MiB
2026/09/28 15:05:02.977, 0, 100 %, 75528 MiB
2026/09/28 15:05:02.977, 1, 100 %, 75316 MiB
2026/09/28 15:05:02.977, 2, 100 %, 75316 MiB
2026/09/28 15:05:02.977, 3, 100 %, 75316 MiB
2026/09/28 15:05:02.977, 4, 100 %, 75316 MiB
2026/09/28 15:05:02.977, 5, 100 %, 75316 MiB
2026/09/28 15:05:02.977, 6, 100 %, 75028 MiB
2026/09/28 15:05:02.977, 7, 100 %, 75316 MiB
2026/09/28 15:05:07.977, 0, 100 %, 75528 MiB
2026/09/28 15:05:07.977, 1, 100 %, 75316 MiB
2026/09/28 15:05:07.977, 2, 100 %, 75316 MiB
2026/09/28 15:05:07.977, 3, 100 %, 75316 MiB
2026/09/28 15:05:07.977, 4, 100 %, 75316 MiB
2026/09/28 15:05:07.977, 5, 100 %, 75316 MiB
2026/09/28 15:05:07.977, 6, 100 %, 75028 MiB
2026/09/28 15:05:07.977, 7, 100 %, 75316 MiB
2026/09/28 15:05:12.978, 0, 100 %, 75528 MiB
2026/09/28 15:05:12.978, 1, 100 %, 75316 MiB
2026/09/28 15:05:12.978, 2, 100 %, 75316 MiB
2026/09/28 15:05:12.978, 3, 100 %, 75316 MiB
2026/09/28 15:05:12.978, 4, 100 %, 75316 MiB
2026/09/28 15:05:12.978, 5, 100 %, 75316 MiB
2026/09/28 15:05:12.978, 6, 100 %, 75028 MiB
2026/09/28 15:05:12.978, 7, 100 %, 75316 MiB
2026/09/28 15:05:17.978, 0, 100 %, 75528 MiB
2026/09/28 15:05:17.978, 1, 100 %, 75316 MiB
2026/09/28 15:05:17.978, 2, 100 %, 75316 MiB
2026/09/28 15:05:17.979, 3, 100 %, 75316 MiB
2026/09/28 15:05:17.979, 4, 100 %, 75316 MiB
2026/09/28 15:05:17.980, 5, 100 %, 75316 MiB
2026/09/28 15:05:17.980, 6, 100 %, 75028 MiB
2026/09/28 15:05:17.980, 7, 100 %, 75316 MiB
2026/09/28 15:05:22.981, 0, 100 %, 75528 MiB
2026/09/28 15:05:22.981, 1, 100 %, 75316 MiB
2026/09/28 15:05:22.981, 2, 100 %, 75316 MiB
2026/09/28 15:05:22.981, 3, 100 %, 75316 MiB
2026/09/28 15:05:22.981, 4, 100 %, 75316 MiB
2026/09/28 15:05:22.982, 5, 100 %, 75316 MiB
2026/09/28 15:05:22.982, 6, 100 %, 75028 MiB
2026/09/28 15:05:22.982, 7, 100 %, 75316 MiB
2026/09/28 15:05:27.983, 0, 96 %, 75528 MiB
2026/09/28 15:05:27.983, 1, 97 %, 75316 MiB
2026/09/28 15:05:27.983, 2, 95 %, 75316 MiB
2026/09/28 15:05:27.983, 3, 95 %, 75316 MiB
2026/09/28 15:05:27.983, 4, 90 %, 75316 MiB
2026/09/28 15:05:27.983, 5, 96 %, 75316 MiB
2026/09/28 15:05:27.983, 6, 98 %, 75028 MiB
2026/09/28 15:05:27.983, 7, 98 %, 75316 MiB
2026/09/28 15:05:32.983, 0, 100 %, 75528 MiB
2026/09/28 15:05:32.983, 1, 100 %, 75316 MiB
2026/09/28 15:05:32.985, 2, 100 %, 75316 MiB
2026/09/28 15:05:32.987, 3, 100 %, 75316 MiB
2026/09/28 15:05:32.987, 4, 100 %, 75316 MiB
2026/09/28 15:05:32.987, 5, 100 %, 75316 MiB
2026/09/28 15:05:32.988, 6, 100 %, 75028 MiB
2026/09/28 15:05:32.988, 7, 100 %, 75316 MiB
2026/09/28 15:05:37.988, 0, 98 %, 75528 MiB
2026/09/28 15:05:37.989, 1, 100 %, 75316 MiB
2026/09/28 15:05:37.989, 2, 100 %, 75316 MiB
2026/09/28 15:05:37.989, 3, 100 %, 75316 MiB
2026/09/28 15:05:37.989, 4, 98 %, 75316 MiB
2026/09/28 15:05:37.989, 5, 97 %, 75316 MiB
2026/09/28 15:05:37.989, 6, 100 %, 75028 MiB
2026/09/28 15:05:37.989, 7, 100 %, 75316 MiB
2026/09/28 15:05:42.989, 0, 100 %, 75528 MiB
2026/09/28 15:05:42.989, 1, 100 %, 75316 MiB
2026/09/28 15:05:42.994, 2, 100 %, 75316 MiB
2026/09/28 15:05:42.995, 3, 100 %, 75316 MiB
2026/09/28 15:05:42.996, 4, 100 %, 75316 MiB
2026/09/28 15:05:42.996, 5, 100 %, 75316 MiB
2026/09/28 15:05:42.996, 6, 100 %, 75028 MiB
2026/09/28 15:05:42.996, 7, 100 %, 75316 MiB
2026/09/28 15:05:47.996, 0, 100 %, 75528 MiB
2026/09/28 15:05:47.997, 1, 100 %, 75316 MiB
2026/09/28 15:05:47.997, 2, 100 %, 75316 MiB
2026/09/28 15:05:47.997, 3, 100 %, 75316 MiB
2026/09/28 15:05:47.998, 4, 100 %, 75316 MiB
2026/09/28 15:05:47.998, 5, 100 %, 75316 MiB
2026/09/28 15:05:47.998, 6, 100 %, 75028 MiB
2026/09/28 15:05:47.999, 7, 100 %, 75316 MiB
2026/09/28 15:05:52.999, 0, 100 %, 75528 MiB
2026/09/28 15:05:53.000, 1, 99 %, 75316 MiB
2026/09/28 15:05:53.000, 2, 100 %, 75316 MiB
2026/09/28 15:05:53.000, 3, 100 %, 75316 MiB
2026/09/28 15:05:53.000, 4, 100 %, 75316 MiB
2026/09/28 15:05:53.000, 5, 100 %, 75316 MiB
2026/09/28 15:05:53.000, 6, 100 %, 75028 MiB
2026/09/28 15:05:53.000, 7, 100 %, 75316 MiB
2026/09/28 15:05:58.000, 0, 100 %, 75528 MiB
2026/09/28 15:05:58.000, 1, 100 %, 75316 MiB
2026/09/28 15:05:58.000, 2, 100 %, 75316 MiB
2026/09/28 15:05:58.000, 3, 100 %, 75316 MiB
2026/09/28 15:05:58.001, 4, 97 %, 75316 MiB
2026/09/28 15:05:58.001, 5, 97 %, 75316 MiB
2026/09/28 15:05:58.002, 6, 98 %, 75028 MiB
2026/09/28 15:05:58.002, 7, 100 %, 75316 MiB
2026/09/28 15:06:03.002, 0, 100 %, 75528 MiB
2026/09/28 15:06:03.002, 1, 100 %, 75316 MiB
2026/09/28 15:06:03.002, 2, 100 %, 75316 MiB
2026/09/28 15:06:03.002, 3, 100 %, 75316 MiB
2026/09/28 15:06:03.002, 4, 100 %, 75316 MiB
2026/09/28 15:06:03.002, 5, 100 %, 75316 MiB
2026/09/28 15:06:03.002, 6, 100 %, 75028 MiB
2026/09/28 15:06:03.002, 7, 100 %, 75316 MiB
2026/09/28 15:06:08.003, 0, 99 %, 75528 MiB
2026/09/28 15:06:08.003, 1, 99 %, 75316 MiB
2026/09/28 15:06:08.004, 2, 99 %, 75316 MiB
2026/09/28 15:06:08.006, 3, 93 %, 75316 MiB
2026/09/28 15:06:08.006, 4, 89 %, 75316 MiB
2026/09/28 15:06:08.007, 5, 78 %, 75316 MiB
2026/09/28 15:06:08.007, 6, 92 %, 75028 MiB
2026/09/28 15:06:08.007, 7, 56 %, 75316 MiB
2026/09/28 15:06:13.007, 0, 100 %, 75528 MiB
2026/09/28 15:06:13.007, 1, 100 %, 75316 MiB
2026/09/28 15:06:13.007, 2, 100 %, 75316 MiB
2026/09/28 15:06:13.007, 3, 100 %, 75316 MiB
2026/09/28 15:06:13.007, 4, 100 %, 75316 MiB
2026/09/28 15:06:13.007, 5, 100 %, 75316 MiB
2026/09/28 15:06:13.007, 6, 100 %, 75028 MiB
2026/09/28 15:06:13.007, 7, 100 %, 75316 MiB
2026/09/28 15:06:18.008, 0, 100 %, 75528 MiB
2026/09/28 15:06:18.010, 1, 100 %, 75316 MiB
2026/09/28 15:06:18.011, 2, 100 %, 75316 MiB
2026/09/28 15:06:18.012, 3, 100 %, 75316 MiB
2026/09/28 15:06:18.012, 4, 100 %, 75316 MiB
2026/09/28 15:06:18.013, 5, 100 %, 75316 MiB
2026/09/28 15:06:18.013, 6, 100 %, 75028 MiB
2026/09/28 15:06:18.013, 7, 100 %, 75316 MiB
2026/09/28 15:06:23.014, 0, 99 %, 75528 MiB
2026/09/28 15:06:23.015, 1, 100 %, 75316 MiB
2026/09/28 15:06:23.020, 2, 100 %, 75316 MiB
2026/09/28 15:06:23.020, 3, 100 %, 75316 MiB
2026/09/28 15:06:23.021, 4, 100 %, 75316 MiB
2026/09/28 15:06:23.024, 5, 100 %, 75316 MiB
2026/09/28 15:06:23.025, 6, 100 %, 75028 MiB
2026/09/28 15:06:23.026, 7, 100 %, 75316 MiB
2026/09/28 15:06:28.029, 0, 93 %, 75528 MiB
2026/09/28 15:06:28.029, 1, 92 %, 75316 MiB
2026/09/28 15:06:28.030, 2, 88 %, 75316 MiB
2026/09/28 15:06:28.030, 3, 93 %, 75316 MiB
2026/09/28 15:06:28.030, 4, 97 %, 75316 MiB
2026/09/28 15:06:28.031, 5, 96 %, 75316 MiB
2026/09/28 15:06:28.031, 6, 94 %, 75028 MiB
2026/09/28 15:06:28.031, 7, 74 %, 75316 MiB
2026/09/28 15:06:33.031, 0, 100 %, 75528 MiB
2026/09/28 15:06:33.032, 1, 100 %, 75316 MiB
2026/09/28 15:06:33.032, 2, 100 %, 75316 MiB
2026/09/28 15:06:33.034, 3, 100 %, 75316 MiB
2026/09/28 15:06:33.034, 4, 100 %, 75316 MiB
2026/09/28 15:06:33.034, 5, 100 %, 75316 MiB
2026/09/28 15:06:33.034, 6, 100 %, 75028 MiB
2026/09/28 15:06:33.034, 7, 100 %, 75316 MiB
2026/09/28 15:06:38.035, 0, 98 %, 75528 MiB
2026/09/28 15:06:38.035, 1, 100 %, 75316 MiB
2026/09/28 15:06:38.035, 2, 100 %, 75316 MiB
2026/09/28 15:06:38.035, 3, 100 %, 75316 MiB
2026/09/28 15:06:38.035, 4, 100 %, 75316 MiB
2026/09/28 15:06:38.035, 5, 100 %, 75316 MiB
2026/09/28 15:06:38.035, 6, 100 %, 75028 MiB
2026/09/28 15:06:38.035, 7, 100 %, 75316 MiB
2026/09/28 15:06:43.035, 0, 95 %, 75528 MiB
2026/09/28 15:06:43.036, 1, 100 %, 75316 MiB
2026/09/28 15:06:43.036, 2, 100 %, 75316 MiB
2026/09/28 15:06:43.036, 3, 100 %, 75316 MiB
2026/09/28 15:06:43.036, 4, 100 %, 75316 MiB
2026/09/28 15:06:43.036, 5, 99 %, 75316 MiB
2026/09/28 15:06:43.036, 6, 100 %, 75028 MiB
2026/09/28 15:06:43.036, 7, 99 %, 75316 MiB
2026/09/28 15:06:48.036, 0, 100 %, 75528 MiB
2026/09/28 15:06:48.036, 1, 100 %, 75316 MiB
2026/09/28 15:06:48.036, 2, 100 %, 75316 MiB
2026/09/28 15:06:48.036, 3, 100 %, 75316 MiB
2026/09/28 15:06:48.036, 4, 100 %, 75316 MiB
2026/09/28 15:06:48.036, 5, 100 %, 75316 MiB
2026/09/28 15:06:48.036, 6, 100 %, 75028 MiB
2026/09/28 15:06:48.036, 7, 100 %, 75316 MiB
2026/09/28 15:06:53.037, 0, 100 %, 75528 MiB
2026/09/28 15:06:53.037, 1, 100 %, 75316 MiB
2026/09/28 15:06:53.037, 2, 100 %, 75316 MiB
2026/09/28 15:06:53.038, 3, 100 %, 75316 MiB
2026/09/28 15:06:53.038, 4, 100 %, 75316 MiB
2026/09/28 15:06:53.039, 5, 100 %, 75316 MiB
2026/09/28 15:06:53.039, 6, 100 %, 75028 MiB
2026/09/28 15:06:53.039, 7, 100 %, 75316 MiB
2026/09/28 15:06:58.040, 0, 100 %, 75528 MiB
2026/09/28 15:06:58.048, 1, 100 %, 75316 MiB
2026/09/28 15:06:58.049, 2, 100 %, 75316 MiB
2026/09/28 15:06:58.050, 3, 100 %, 75316 MiB
2026/09/28 15:06:58.050, 4, 100 %, 75316 MiB
2026/09/28 15:06:58.051, 5, 100 %, 75316 MiB
2026/09/28 15:06:58.051, 6, 100 %, 75028 MiB
2026/09/28 15:06:58.053, 7, 100 %, 75316 MiB
2026/09/28 15:07:03.054, 0, 100 %, 75528 MiB
2026/09/28 15:07:03.055, 1, 100 %, 75316 MiB
2026/09/28 15:07:03.055, 2, 100 %, 75316 MiB
2026/09/28 15:07:03.055, 3, 100 %, 75316 MiB
2026/09/28 15:07:03.055, 4, 100 %, 75316 MiB
2026/09/28 15:07:03.055, 5, 100 %, 75316 MiB
2026/09/28 15:07:03.055, 6, 100 %, 75028 MiB
2026/09/28 15:07:03.055, 7, 100 %, 75316 MiB
2026/09/28 15:07:08.055, 0, 100 %, 75528 MiB
2026/09/28 15:07:08.341, 1, 100 %, 75316 MiB
2026/09/28 15:07:08.344, 2, 100 %, 75316 MiB
2026/09/28 15:07:08.344, 3, 100 %, 75316 MiB
2026/09/28 15:07:08.346, 4, 100 %, 75316 MiB
2026/09/28 15:07:08.346, 5, 100 %, 75316 MiB
2026/09/28 15:07:08.347, 6, 98 %, 75028 MiB
2026/09/28 15:07:08.347, 7, 100 %, 75316 MiB
2026/09/28 15:07:13.348, 0, 100 %, 75528 MiB
2026/09/28 15:07:13.348, 1, 100 %, 75316 MiB
2026/09/28 15:07:13.348, 2, 100 %, 75316 MiB
2026/09/28 15:07:13.348, 3, 100 %, 75316 MiB
2026/09/28 15:07:13.348, 4, 100 %, 75316 MiB
2026/09/28 15:07:13.348, 5, 100 %, 75316 MiB
2026/09/28 15:07:13.348, 6, 100 %, 75028 MiB
2026/09/28 15:07:13.348, 7, 100 %, 75316 MiB
2026/09/28 15:07:18.348, 0, 100 %, 75528 MiB
2026/09/28 15:07:18.349, 1, 100 %, 75316 MiB
2026/09/28 15:07:18.349, 2, 100 %, 75316 MiB
2026/09/28 15:07:18.349, 3, 100 %, 75316 MiB
2026/09/28 15:07:18.349, 4, 100 %, 75316 MiB
2026/09/28 15:07:18.349, 5, 100 %, 75316 MiB
2026/09/28 15:07:18.349, 6, 100 %, 75028 MiB
2026/09/28 15:07:18.349, 7, 100 %, 75316 MiB
2026/09/28 15:07:23.349, 0, 100 %, 75528 MiB
2026/09/28 15:07:23.349, 1, 88 %, 75316 MiB
2026/09/28 15:07:23.350, 2, 99 %, 75316 MiB
2026/09/28 15:07:23.351, 3, 96 %, 75316 MiB
2026/09/28 15:07:23.352, 4, 63 %, 75316 MiB
2026/09/28 15:07:23.352, 5, 87 %, 75316 MiB
2026/09/28 15:07:23.353, 6, 87 %, 75028 MiB
2026/09/28 15:07:23.353, 7, 87 %, 75316 MiB
2026/09/28 15:07:28.354, 0, 100 %, 75528 MiB
2026/09/28 15:07:28.354, 1, 100 %, 75316 MiB
2026/09/28 15:07:28.354, 2, 100 %, 75316 MiB
2026/09/28 15:07:28.355, 3, 100 %, 75316 MiB
2026/09/28 15:07:28.355, 4, 100 %, 75316 MiB
2026/09/28 15:07:28.355, 5, 100 %, 75316 MiB
2026/09/28 15:07:28.355, 6, 100 %, 75028 MiB
2026/09/28 15:07:28.355, 7, 100 %, 75316 MiB
2026/09/28 15:07:33.356, 0, 100 %, 75528 MiB
2026/09/28 15:07:33.356, 1, 100 %, 75316 MiB
2026/09/28 15:07:33.356, 2, 100 %, 75316 MiB
2026/09/28 15:07:33.356, 3, 100 %, 75316 MiB
2026/09/28 15:07:33.356, 4, 100 %, 75316 MiB
2026/09/28 15:07:33.356, 5, 100 %, 75316 MiB
2026/09/28 15:07:33.356, 6, 100 %, 75028 MiB
2026/09/28 15:07:33.356, 7, 100 %, 75316 MiB
2026/09/28 15:07:38.356, 0, 100 %, 75528 MiB
2026/09/28 15:07:38.356, 1, 100 %, 75316 MiB
2026/09/28 15:07:38.356, 2, 100 %, 75316 MiB
2026/09/28 15:07:38.356, 3, 100 %, 75316 MiB
2026/09/28 15:07:38.356, 4, 100 %, 75316 MiB
2026/09/28 15:07:38.356, 5, 100 %, 75316 MiB
2026/09/28 15:07:38.356, 6, 100 %, 75028 MiB
2026/09/28 15:07:38.356, 7, 100 %, 75316 MiB
2026/09/28 15:07:43.357, 0, 100 %, 75528 MiB
2026/09/28 15:07:43.357, 1, 100 %, 75316 MiB
2026/09/28 15:07:43.357, 2, 100 %, 75316 MiB
2026/09/28 15:07:43.357, 3, 100 %, 75316 MiB
2026/09/28 15:07:43.358, 4, 100 %, 75316 MiB
2026/09/28 15:07:43.358, 5, 100 %, 75316 MiB
2026/09/28 15:07:43.358, 6, 100 %, 75028 MiB
2026/09/28 15:07:43.359, 7, 100 %, 75316 MiB
2026/09/28 15:07:48.359, 0, 100 %, 75528 MiB
2026/09/28 15:07:48.359, 1, 100 %, 75316 MiB
2026/09/28 15:07:48.360, 2, 100 %, 75316 MiB
2026/09/28 15:07:48.360, 3, 100 %, 75316 MiB
2026/09/28 15:07:48.360, 4, 100 %, 75316 MiB
2026/09/28 15:07:48.361, 5, 100 %, 75316 MiB
2026/09/28 15:07:48.361, 6, 100 %, 75028 MiB
2026/09/28 15:07:48.362, 7, 100 %, 75316 MiB
2026/09/28 15:07:53.362, 0, 98 %, 75528 MiB
2026/09/28 15:07:53.362, 1, 100 %, 75316 MiB
2026/09/28 15:07:53.364, 2, 98 %, 75316 MiB
2026/09/28 15:07:53.365, 3, 98 %, 75316 MiB
2026/09/28 15:07:53.365, 4, 98 %, 75316 MiB
2026/09/28 15:07:53.366, 5, 100 %, 75316 MiB
2026/09/28 15:07:53.366, 6, 100 %, 75028 MiB
2026/09/28 15:07:53.367, 7, 98 %, 75316 MiB
2026/09/28 15:07:58.372, 0, 100 %, 75528 MiB
2026/09/28 15:07:58.372, 1, 100 %, 75316 MiB
2026/09/28 15:07:58.372, 2, 100 %, 75316 MiB
2026/09/28 15:07:58.372, 3, 100 %, 75316 MiB
2026/09/28 15:07:58.372, 4, 100 %, 75316 MiB
2026/09/28 15:07:58.372, 5, 100 %, 75316 MiB
2026/09/28 15:07:58.372, 6, 100 %, 75028 MiB
2026/09/28 15:07:58.373, 7, 100 %, 75316 MiB
2026/09/28 15:08:03.373, 0, 100 %, 75528 MiB
2026/09/28 15:08:03.373, 1, 100 %, 75316 MiB
2026/09/28 15:08:03.373, 2, 100 %, 75316 MiB
2026/09/28 15:08:03.373, 3, 100 %, 75316 MiB
2026/09/28 15:08:03.373, 4, 100 %, 75316 MiB
2026/09/28 15:08:03.373, 5, 100 %, 75316 MiB
2026/09/28 15:08:03.373, 6, 100 %, 75028 MiB
2026/09/28 15:08:03.373, 7, 100 %, 75316 MiB
2026/09/28 15:08:08.373, 0, 100 %, 75528 MiB
2026/09/28 15:08:08.373, 1, 99 %, 75316 MiB
2026/09/28 15:08:08.373, 2, 100 %, 75316 MiB
2026/09/28 15:08:08.373, 3, 99 %, 75316 MiB
2026/09/28 15:08:08.373, 4, 99 %, 75316 MiB
2026/09/28 15:08:08.373, 5, 99 %, 75316 MiB
2026/09/28 15:08:08.373, 6, 100 %, 75028 MiB
2026/09/28 15:08:08.373, 7, 100 %, 75316 MiB
2026/09/28 15:08:13.374, 0, 100 %, 75528 MiB
2026/09/28 15:08:13.374, 1, 100 %, 75316 MiB
2026/09/28 15:08:13.374, 2, 100 %, 75316 MiB
2026/09/28 15:08:13.374, 3, 100 %, 75316 MiB
2026/09/28 15:08:13.375, 4, 100 %, 75316 MiB
2026/09/28 15:08:13.377, 5, 100 %, 75316 MiB
2026/09/28 15:08:13.377, 6, 100 %, 75028 MiB
2026/09/28 15:08:13.378, 7, 100 %, 75316 MiB
2026/09/28 15:08:18.378, 0, 100 %, 75528 MiB
2026/09/28 15:08:18.378, 1, 100 %, 75316 MiB
2026/09/28 15:08:18.378, 2, 100 %, 75316 MiB
2026/09/28 15:08:18.378, 3, 100 %, 75316 MiB
2026/09/28 15:08:18.378, 4, 100 %, 75316 MiB
2026/09/28 15:08:18.378, 5, 100 %, 75316 MiB
2026/09/28 15:08:18.378, 6, 100 %, 75028 MiB
2026/09/28 15:08:18.378, 7, 100 %, 75316 MiB
2026/09/28 15:08:23.379, 0, 97 %, 75528 MiB
2026/09/28 15:08:23.379, 1, 96 %, 75316 MiB
2026/09/28 15:08:23.379, 2, 99 %, 75316 MiB
2026/09/28 15:08:23.380, 3, 96 %, 75316 MiB
2026/09/28 15:08:23.387, 4, 100 %, 75316 MiB
2026/09/28 15:08:23.392, 5, 99 %, 75316 MiB
2026/09/28 15:08:23.392, 6, 93 %, 75028 MiB
2026/09/28 15:08:23.395, 7, 95 %, 75316 MiB
2026/09/28 15:08:28.395, 0, 100 %, 75528 MiB
2026/09/28 15:08:28.395, 1, 100 %, 75316 MiB
2026/09/28 15:08:28.396, 2, 100 %, 75316 MiB
2026/09/28 15:08:28.396, 3, 100 %, 75316 MiB
2026/09/28 15:08:28.396, 4, 100 %, 75316 MiB
2026/09/28 15:08:28.397, 5, 100 %, 75316 MiB
2026/09/28 15:08:28.397, 6, 100 %, 75028 MiB
2026/09/28 15:08:28.397, 7, 100 %, 75316 MiB
2026/09/28 15:08:33.398, 0, 93 %, 75528 MiB
2026/09/28 15:08:33.398, 1, 91 %, 75316 MiB
2026/09/28 15:08:33.398, 2, 60 %, 75316 MiB
2026/09/28 15:08:33.398, 3, 95 %, 75316 MiB
2026/09/28 15:08:33.398, 4, 63 %, 75316 MiB
2026/09/28 15:08:33.398, 5, 93 %, 75316 MiB
2026/09/28 15:08:33.398, 6, 87 %, 75028 MiB
2026/09/28 15:08:33.398, 7, 83 %, 75316 MiB
2026/09/28 15:08:38.398, 0, 100 %, 75528 MiB
2026/09/28 15:08:38.398, 1, 100 %, 75316 MiB
2026/09/28 15:08:38.398, 2, 100 %, 75316 MiB
2026/09/28 15:08:38.398, 3, 100 %, 75316 MiB
2026/09/28 15:08:38.398, 4, 100 %, 75316 MiB
2026/09/28 15:08:38.398, 5, 100 %, 75316 MiB
2026/09/28 15:08:38.398, 6, 100 %, 75028 MiB
2026/09/28 15:08:38.398, 7, 100 %, 75316 MiB
2026/09/28 15:08:43.399, 0, 100 %, 75528 MiB
2026/09/28 15:08:43.399, 1, 100 %, 75316 MiB
2026/09/28 15:08:43.399, 2, 100 %, 75316 MiB
2026/09/28 15:08:43.399, 3, 100 %, 75316 MiB
2026/09/28 15:08:43.399, 4, 100 %, 75316 MiB
2026/09/28 15:08:43.399, 5, 99 %, 75316 MiB
2026/09/28 15:08:43.399, 6, 100 %, 75028 MiB
2026/09/28 15:08:43.399, 7, 100 %, 75316 MiB
2026/09/28 15:08:48.399, 0, 100 %, 75528 MiB
2026/09/28 15:08:48.399, 1, 100 %, 75316 MiB
2026/09/28 15:08:48.400, 2, 100 %, 75316 MiB
2026/09/28 15:08:48.403, 3, 100 %, 75316 MiB
2026/09/28 15:08:48.403, 4, 100 %, 75316 MiB
2026/09/28 15:08:48.404, 5, 100 %, 75316 MiB
2026/09/28 15:08:48.404, 6, 100 %, 75028 MiB
2026/09/28 15:08:48.404, 7, 100 %, 75316 MiB
2026/09/28 15:08:53.404, 0, 88 %, 75528 MiB
2026/09/28 15:08:53.405, 1, 93 %, 75316 MiB
2026/09/28 15:08:53.406, 2, 100 %, 75316 MiB
2026/09/28 15:08:53.408, 3, 93 %, 75316 MiB
2026/09/28 15:08:53.409, 4, 94 %, 75316 MiB
2026/09/28 15:08:53.410, 5, 93 %, 75316 MiB
2026/09/28 15:08:53.410, 6, 52 %, 75028 MiB
2026/09/28 15:08:53.413, 7, 81 %, 75316 MiB
2026/09/28 15:08:58.414, 0, 98 %, 75528 MiB
2026/09/28 15:08:58.414, 1, 98 %, 75316 MiB
2026/09/28 15:08:58.414, 2, 98 %, 75316 MiB
2026/09/28 15:08:58.414, 3, 98 %, 75316 MiB
2026/09/28 15:08:58.415, 4, 98 %, 75316 MiB
2026/09/28 15:08:58.415, 5, 50 %, 75316 MiB
2026/09/28 15:08:58.415, 6, 100 %, 75028 MiB
2026/09/28 15:08:58.415, 7, 100 %, 75316 MiB
2026/09/28 15:09:03.415, 0, 100 %, 75528 MiB
2026/09/28 15:09:03.415, 1, 100 %, 75316 MiB
2026/09/28 15:09:03.415, 2, 100 %, 75316 MiB
2026/09/28 15:09:03.415, 3, 100 %, 75316 MiB
2026/09/28 15:09:03.415, 4, 100 %, 75316 MiB
2026/09/28 15:09:03.416, 5, 100 %, 75316 MiB
2026/09/28 15:09:03.416, 6, 99 %, 75028 MiB
2026/09/28 15:09:03.416, 7, 100 %, 75316 MiB
2026/09/28 15:09:08.417, 0, 97 %, 75528 MiB
2026/09/28 15:09:08.417, 1, 100 %, 75316 MiB
2026/09/28 15:09:08.417, 2, 97 %, 75316 MiB
2026/09/28 15:09:08.419, 3, 100 %, 75316 MiB
2026/09/28 15:09:08.422, 4, 100 %, 75316 MiB
2026/09/28 15:09:08.423, 5, 98 %, 75316 MiB
2026/09/28 15:09:08.423, 6, 98 %, 75028 MiB
2026/09/28 15:09:08.425, 7, 100 %, 75316 MiB
2026/09/28 15:09:13.426, 0, 100 %, 75528 MiB
2026/09/28 15:09:13.426, 1, 100 %, 75316 MiB
2026/09/28 15:09:13.426, 2, 100 %, 75316 MiB
2026/09/28 15:09:13.426, 3, 100 %, 75316 MiB
2026/09/28 15:09:13.426, 4, 100 %, 75316 MiB
2026/09/28 15:09:13.426, 5, 100 %, 75316 MiB
2026/09/28 15:09:13.426, 6, 100 %, 75028 MiB
2026/09/28 15:09:13.426, 7, 100 %, 75316 MiB
2026/09/28 15:09:18.426, 0, 96 %, 75528 MiB
2026/09/28 15:09:18.427, 1, 99 %, 75316 MiB
2026/09/28 15:09:18.431, 2, 92 %, 75316 MiB
2026/09/28 15:09:18.435, 3, 100 %, 75316 MiB
2026/09/28 15:09:18.437, 4, 100 %, 75316 MiB
2026/09/28 15:09:18.439, 5, 90 %, 75316 MiB
2026/09/28 15:09:18.439, 6, 91 %, 75028 MiB
2026/09/28 15:09:18.439, 7, 100 %, 75316 MiB
2026/09/28 15:09:23.440, 0, 98 %, 75528 MiB
2026/09/28 15:09:23.440, 1, 100 %, 75316 MiB
2026/09/28 15:09:23.440, 2, 100 %, 75316 MiB
2026/09/28 15:09:23.445, 3, 100 %, 75316 MiB
2026/09/28 15:09:23.445, 4, 98 %, 75316 MiB
2026/09/28 15:09:23.448, 5, 100 %, 75316 MiB
2026/09/28 15:09:23.448, 6, 100 %, 75028 MiB
2026/09/28 15:09:23.448, 7, 100 %, 75316 MiB
2026/09/28 15:09:28.448, 0, 100 %, 75528 MiB
2026/09/28 15:09:28.449, 1, 100 %, 75316 MiB
2026/09/28 15:09:28.451, 2, 100 %, 75316 MiB
2026/09/28 15:09:28.453, 3, 100 %, 75316 MiB
2026/09/28 15:09:28.453, 4, 100 %, 75316 MiB
2026/09/28 15:09:28.454, 5, 100 %, 75316 MiB
2026/09/28 15:09:28.454, 6, 100 %, 75028 MiB
2026/09/28 15:09:28.455, 7, 100 %, 75316 MiB
2026/09/28 15:09:33.455, 0, 100 %, 75528 MiB
2026/09/28 15:09:33.455, 1, 100 %, 75316 MiB
2026/09/28 15:09:33.455, 2, 100 %, 75316 MiB
2026/09/28 15:09:33.455, 3, 100 %, 75316 MiB
2026/09/28 15:09:33.456, 4, 100 %, 75316 MiB
2026/09/28 15:09:33.456, 5, 100 %, 75316 MiB
2026/09/28 15:09:33.456, 6, 100 %, 75028 MiB
2026/09/28 15:09:33.456, 7, 100 %, 75316 MiB
2026/09/28 15:09:38.456, 0, 100 %, 75528 MiB
2026/09/28 15:09:38.456, 1, 100 %, 75316 MiB
2026/09/28 15:09:38.456, 2, 100 %, 75316 MiB
2026/09/28 15:09:38.456, 3, 100 %, 75316 MiB
2026/09/28 15:09:38.456, 4, 100 %, 75316 MiB
2026/09/28 15:09:38.456, 5, 100 %, 75316 MiB
2026/09/28 15:09:38.456, 6, 100 %, 75028 MiB
2026/09/28 15:09:38.456, 7, 100 %, 75316 MiB
2026/09/28 15:09:43.456, 0, 100 %, 75528 MiB
2026/09/28 15:09:43.456, 1, 100 %, 75316 MiB
2026/09/28 15:09:43.457, 2, 100 %, 75316 MiB
2026/09/28 15:09:43.457, 3, 100 %, 75316 MiB
2026/09/28 15:09:43.457, 4, 100 %, 75316 MiB
2026/09/28 15:09:43.457, 5, 100 %, 75316 MiB
2026/09/28 15:09:43.457, 6, 100 %, 75028 MiB
2026/09/28 15:09:43.457, 7, 100 %, 75316 MiB
2026/09/28 15:09:48.457, 0, 71 %, 75528 MiB
2026/09/28 15:09:48.459, 1, 95 %, 75316 MiB
2026/09/28 15:09:48.459, 2, 92 %, 75316 MiB
2026/09/28 15:09:48.459, 3, 95 %, 75316 MiB
2026/09/28 15:09:48.460, 4, 95 %, 75316 MiB
2026/09/28 15:09:48.460, 5, 95 %, 75316 MiB
2026/09/28 15:09:48.461, 6, 82 %, 75028 MiB
2026/09/28 15:09:48.461, 7, 97 %, 75316 MiB
2026/09/28 15:09:53.461, 0, 99 %, 75528 MiB
2026/09/28 15:09:53.461, 1, 100 %, 75316 MiB
2026/09/28 15:09:53.461, 2, 100 %, 75316 MiB
2026/09/28 15:09:53.461, 3, 99 %, 75316 MiB
2026/09/28 15:09:53.461, 4, 99 %, 75316 MiB
2026/09/28 15:09:53.461, 5, 99 %, 75316 MiB
2026/09/28 15:09:53.461, 6, 100 %, 75028 MiB
2026/09/28 15:09:53.461, 7, 99 %, 75316 MiB
2026/09/28 15:09:58.462, 0, 100 %, 75528 MiB
2026/09/28 15:09:58.462, 1, 100 %, 75316 MiB
2026/09/28 15:09:58.462, 2, 99 %, 75316 MiB
2026/09/28 15:09:58.462, 3, 100 %, 75316 MiB
2026/09/28 15:09:58.462, 4, 99 %, 75316 MiB
2026/09/28 15:09:58.462, 5, 100 %, 75316 MiB
2026/09/28 15:09:58.462, 6, 99 %, 75028 MiB
2026/09/28 15:09:58.462, 7, 99 %, 75316 MiB
2026/09/28 15:10:03.462, 0, 100 %, 75528 MiB
2026/09/28 15:10:03.462, 1, 100 %, 75316 MiB
2026/09/28 15:10:03.462, 2, 100 %, 75316 MiB
2026/09/28 15:10:03.462, 3, 100 %, 75316 MiB
2026/09/28 15:10:03.462, 4, 100 %, 75316 MiB
2026/09/28 15:10:03.462, 5, 100 %, 75316 MiB
2026/09/28 15:10:03.462, 6, 100 %, 75028 MiB
2026/09/28 15:10:03.462, 7, 100 %, 75316 MiB
2026/09/28 15:10:08.463, 0, 100 %, 75528 MiB
2026/09/28 15:10:08.463, 1, 100 %, 75316 MiB
2026/09/28 15:10:08.463, 2, 100 %, 75316 MiB
2026/09/28 15:10:08.463, 3, 100 %, 75316 MiB
2026/09/28 15:10:08.463, 4, 100 %, 75316 MiB
2026/09/28 15:10:08.463, 5, 100 %, 75316 MiB
2026/09/28 15:10:08.463, 6, 100 %, 75028 MiB
2026/09/28 15:10:08.463, 7, 100 %, 75316 MiB
2026/09/28 15:10:13.464, 0, 100 %, 75528 MiB
2026/09/28 15:10:13.464, 1, 100 %, 75316 MiB
2026/09/28 15:10:13.464, 2, 100 %, 75316 MiB
2026/09/28 15:10:13.464, 3, 100 %, 75316 MiB
2026/09/28 15:10:13.464, 4, 100 %, 75316 MiB
2026/09/28 15:10:13.464, 5, 100 %, 75316 MiB
2026/09/28 15:10:13.465, 6, 100 %, 75028 MiB
2026/09/28 15:10:13.465, 7, 100 %, 75316 MiB
2026/09/28 15:10:18.466, 0, 95 %, 75528 MiB
2026/09/28 15:10:18.466, 1, 100 %, 75316 MiB
2026/09/28 15:10:18.468, 2, 96 %, 75316 MiB
2026/09/28 15:10:18.470, 3, 99 %, 75316 MiB
2026/09/28 15:10:18.471, 4, 96 %, 75316 MiB
2026/09/28 15:10:18.471, 5, 98 %, 75316 MiB
2026/09/28 15:10:18.476, 6, 100 %, 75028 MiB
2026/09/28 15:10:18.477, 7, 89 %, 75316 MiB
2026/09/28 15:10:23.477, 0, 97 %, 75528 MiB
2026/09/28 15:10:23.477, 1, 99 %, 75316 MiB
2026/09/28 15:10:23.478, 2, 99 %, 75316 MiB
2026/09/28 15:10:23.478, 3, 100 %, 75316 MiB
2026/09/28 15:10:23.478, 4, 99 %, 75316 MiB
2026/09/28 15:10:23.479, 5, 99 %, 75316 MiB
2026/09/28 15:10:23.479, 6, 99 %, 75028 MiB
2026/09/28 15:10:23.479, 7, 100 %, 75316 MiB
2026/09/28 15:10:28.480, 0, 100 %, 75528 MiB
2026/09/28 15:10:28.480, 1, 100 %, 75316 MiB
2026/09/28 15:10:28.480, 2, 100 %, 75316 MiB
2026/09/28 15:10:28.480, 3, 100 %, 75316 MiB
2026/09/28 15:10:28.480, 4, 100 %, 75316 MiB
2026/09/28 15:10:28.480, 5, 100 %, 75316 MiB
2026/09/28 15:10:28.480, 6, 100 %, 75028 MiB
2026/09/28 15:10:28.480, 7, 100 %, 75316 MiB
2026/09/28 15:10:33.480, 0, 100 %, 75528 MiB
2026/09/28 15:10:33.480, 1, 100 %, 75316 MiB
2026/09/28 15:10:33.480, 2, 100 %, 75316 MiB
2026/09/28 15:10:33.480, 3, 100 %, 75316 MiB
2026/09/28 15:10:33.480, 4, 100 %, 75316 MiB
2026/09/28 15:10:33.480, 5, 96 %, 75316 MiB
2026/09/28 15:10:33.480, 6, 100 %, 75028 MiB
2026/09/28 15:10:33.480, 7, 100 %, 75316 MiB
2026/09/28 15:10:38.481, 0, 100 %, 75528 MiB
2026/09/28 15:10:38.481, 1, 100 %, 75316 MiB
2026/09/28 15:10:38.481, 2, 100 %, 75316 MiB
2026/09/28 15:10:38.482, 3, 100 %, 75316 MiB
2026/09/28 15:10:38.482, 4, 100 %, 75316 MiB
2026/09/28 15:10:38.483, 5, 100 %, 75316 MiB
2026/09/28 15:10:38.483, 6, 100 %, 75028 MiB
2026/09/28 15:10:38.483, 7, 100 %, 75316 MiB
2026/09/28 15:10:43.484, 0, 100 %, 75528 MiB
2026/09/28 15:10:43.484, 1, 100 %, 75316 MiB
2026/09/28 15:10:43.484, 2, 100 %, 75316 MiB
2026/09/28 15:10:43.484, 3, 100 %, 75316 MiB
2026/09/28 15:10:43.484, 4, 100 %, 75316 MiB
2026/09/28 15:10:43.485, 5, 100 %, 75316 MiB
2026/09/28 15:10:43.485, 6, 100 %, 75028 MiB
2026/09/28 15:10:43.485, 7, 100 %, 75316 MiB
2026/09/28 15:10:48.485, 0, 100 %, 75528 MiB
2026/09/28 15:10:48.486, 1, 90 %, 75316 MiB
2026/09/28 15:10:48.486, 2, 100 %, 75316 MiB
2026/09/28 15:10:48.486, 3, 89 %, 75316 MiB
2026/09/28 15:10:48.486, 4, 100 %, 75316 MiB
2026/09/28 15:10:48.486, 5, 94 %, 75316 MiB
2026/09/28 15:10:48.486, 6, 100 %, 75028 MiB
2026/09/28 15:10:48.486, 7, 100 %, 75316 MiB
2026/09/28 15:10:53.486, 0, 100 %, 75528 MiB
2026/09/28 15:10:53.486, 1, 100 %, 75316 MiB
2026/09/28 15:10:53.486, 2, 100 %, 75316 MiB
2026/09/28 15:10:53.486, 3, 100 %, 75316 MiB
2026/09/28 15:10:53.486, 4, 100 %, 75316 MiB
2026/09/28 15:10:53.486, 5, 100 %, 75316 MiB
2026/09/28 15:10:53.486, 6, 100 %, 75028 MiB
2026/09/28 15:10:53.486, 7, 100 %, 75316 MiB
2026/09/28 15:10:58.486, 0, 100 %, 75528 MiB
2026/09/28 15:10:58.490, 1, 100 %, 75316 MiB
2026/09/28 15:10:58.493, 2, 100 %, 75316 MiB
2026/09/28 15:10:58.493, 3, 100 %, 75316 MiB
2026/09/28 15:10:58.493, 4, 100 %, 75316 MiB
2026/09/28 15:10:58.493, 5, 100 %, 75316 MiB
2026/09/28 15:10:58.494, 6, 100 %, 75028 MiB
2026/09/28 15:10:58.494, 7, 100 %, 75316 MiB
2026/09/28 15:11:03.494, 0, 100 %, 75528 MiB
2026/09/28 15:11:03.496, 1, 100 %, 75316 MiB
2026/09/28 15:11:03.499, 2, 100 %, 75316 MiB
2026/09/28 15:11:03.501, 3, 100 %, 75316 MiB
2026/09/28 15:11:03.502, 4, 100 %, 75316 MiB
2026/09/28 15:11:03.503, 5, 100 %, 75316 MiB
2026/09/28 15:11:03.503, 6, 100 %, 75028 MiB
2026/09/28 15:11:03.503, 7, 100 %, 75316 MiB
2026/09/28 15:11:08.504, 0, 98 %, 75528 MiB
2026/09/28 15:11:08.504, 1, 100 %, 75316 MiB
2026/09/28 15:11:08.507, 2, 100 %, 75316 MiB
2026/09/28 15:11:08.507, 3, 100 %, 75316 MiB
2026/09/28 15:11:08.509, 4, 100 %, 75316 MiB
2026/09/28 15:11:08.510, 5, 96 %, 75316 MiB
2026/09/28 15:11:08.511, 6, 100 %, 75028 MiB
2026/09/28 15:11:08.512, 7, 96 %, 75316 MiB
2026/09/28 15:11:13.512, 0, 100 %, 75528 MiB
2026/09/28 15:11:13.512, 1, 97 %, 75316 MiB
2026/09/28 15:11:13.512, 2, 100 %, 75316 MiB
2026/09/28 15:11:13.512, 3, 100 %, 75316 MiB
2026/09/28 15:11:13.513, 4, 100 %, 75316 MiB
2026/09/28 15:11:13.513, 5, 100 %, 75316 MiB
2026/09/28 15:11:13.513, 6, 100 %, 75028 MiB
2026/09/28 15:11:13.513, 7, 100 %, 75316 MiB
2026/09/28 15:11:18.513, 0, 100 %, 75528 MiB
2026/09/28 15:11:18.514, 1, 98 %, 75316 MiB
2026/09/28 15:11:18.514, 2, 100 %, 75316 MiB
2026/09/28 15:11:18.515, 3, 100 %, 75316 MiB
2026/09/28 15:11:18.515, 4, 100 %, 75316 MiB
2026/09/28 15:11:18.521, 5, 100 %, 75316 MiB
2026/09/28 15:11:18.524, 6, 100 %, 75028 MiB
2026/09/28 15:11:18.526, 7, 100 %, 75316 MiB
2026/09/28 15:11:23.531, 0, 100 %, 75528 MiB
2026/09/28 15:11:23.531, 1, 100 %, 75316 MiB
2026/09/28 15:11:23.531, 2, 100 %, 75316 MiB
2026/09/28 15:11:23.531, 3, 100 %, 75316 MiB
2026/09/28 15:11:23.531, 4, 100 %, 75316 MiB
2026/09/28 15:11:23.531, 5, 100 %, 75316 MiB
2026/09/28 15:11:23.531, 6, 100 %, 75028 MiB
2026/09/28 15:11:23.531, 7, 100 %, 75316 MiB
2026/09/28 15:11:28.531, 0, 100 %, 75528 MiB
2026/09/28 15:11:28.531, 1, 100 %, 75316 MiB
2026/09/28 15:11:28.531, 2, 100 %, 75316 MiB
2026/09/28 15:11:28.531, 3, 100 %, 75316 MiB
2026/09/28 15:11:28.531, 4, 100 %, 75316 MiB
2026/09/28 15:11:28.531, 5, 100 %, 75316 MiB
2026/09/28 15:11:28.531, 6, 100 %, 75028 MiB
2026/09/28 15:11:28.531, 7, 100 %, 75316 MiB
2026/09/28 15:11:33.532, 0, 100 %, 75528 MiB
2026/09/28 15:11:33.752, 1, 100 %, 75316 MiB
2026/09/28 15:11:33.758, 2, 100 %, 75316 MiB
2026/09/28 15:11:33.759, 3, 100 %, 75316 MiB
2026/09/28 15:11:33.767, 4, 100 %, 75316 MiB
2026/09/28 15:11:33.771, 5, 100 %, 75316 MiB
2026/09/28 15:11:33.772, 6, 100 %, 75028 MiB
2026/09/28 15:11:33.773, 7, 100 %, 75316 MiB
2026/09/28 15:11:38.774, 0, 100 %, 75528 MiB
2026/09/28 15:11:38.774, 1, 100 %, 75316 MiB
2026/09/28 15:11:38.775, 2, 100 %, 75316 MiB
2026/09/28 15:11:38.775, 3, 100 %, 75316 MiB
2026/09/28 15:11:38.775, 4, 100 %, 75316 MiB
2026/09/28 15:11:38.775, 5, 95 %, 75316 MiB
2026/09/28 15:11:38.775, 6, 88 %, 75028 MiB
2026/09/28 15:11:38.775, 7, 91 %, 75316 MiB
2026/09/28 15:11:43.775, 0, 98 %, 75528 MiB
2026/09/28 15:11:43.775, 1, 98 %, 75316 MiB
2026/09/28 15:11:43.776, 2, 98 %, 75316 MiB
2026/09/28 15:11:43.776, 3, 98 %, 75316 MiB
2026/09/28 15:11:43.777, 4, 98 %, 75316 MiB
2026/09/28 15:11:43.777, 5, 98 %, 75316 MiB
2026/09/28 15:11:43.778, 6, 98 %, 75028 MiB
2026/09/28 15:11:43.778, 7, 100 %, 75316 MiB
2026/09/28 15:11:48.779, 0, 100 %, 75528 MiB
2026/09/28 15:11:48.779, 1, 100 %, 75320 MiB
2026/09/28 15:11:48.779, 2, 100 %, 75320 MiB
2026/09/28 15:11:48.780, 3, 97 %, 75318 MiB
2026/09/28 15:11:48.780, 4, 100 %, 75316 MiB
2026/09/28 15:11:48.782, 5, 100 %, 75316 MiB
2026/09/28 15:11:48.782, 6, 100 %, 75030 MiB
2026/09/28 15:11:48.783, 7, 97 %, 75318 MiB
2026/09/28 15:11:53.783, 0, 100 %, 75528 MiB
2026/09/28 15:11:53.784, 1, 100 %, 75320 MiB
2026/09/28 15:11:53.785, 2, 100 %, 75320 MiB
2026/09/28 15:11:53.785, 3, 100 %, 75318 MiB
2026/09/28 15:11:53.786, 4, 100 %, 75316 MiB
2026/09/28 15:11:53.786, 5, 100 %, 75316 MiB
2026/09/28 15:11:53.786, 6, 100 %, 75030 MiB
2026/09/28 15:11:53.787, 7, 100 %, 75318 MiB
2026/09/28 15:11:58.788, 0, 100 %, 75528 MiB
2026/09/28 15:11:58.788, 1, 100 %, 75320 MiB
2026/09/28 15:11:58.788, 2, 100 %, 75320 MiB
2026/09/28 15:11:58.788, 3, 100 %, 75318 MiB
2026/09/28 15:11:58.788, 4, 100 %, 75316 MiB
2026/09/28 15:11:58.788, 5, 100 %, 75316 MiB
2026/09/28 15:11:58.788, 6, 100 %, 75030 MiB
2026/09/28 15:11:58.788, 7, 100 %, 75318 MiB
2026/09/28 15:12:03.789, 0, 100 %, 75528 MiB
2026/09/28 15:12:03.789, 1, 100 %, 75320 MiB
2026/09/28 15:12:03.790, 2, 100 %, 75320 MiB
2026/09/28 15:12:03.790, 3, 100 %, 75318 MiB
2026/09/28 15:12:03.790, 4, 100 %, 75316 MiB
2026/09/28 15:12:03.791, 5, 100 %, 75316 MiB
2026/09/28 15:12:03.791, 6, 100 %, 75030 MiB
2026/09/28 15:12:03.792, 7, 100 %, 75318 MiB
2026/09/28 15:12:08.792, 0, 100 %, 75528 MiB
2026/09/28 15:12:08.792, 1, 100 %, 75320 MiB
2026/09/28 15:12:08.792, 2, 100 %, 75320 MiB
2026/09/28 15:12:08.793, 3, 100 %, 75318 MiB
2026/09/28 15:12:08.794, 4, 100 %, 75316 MiB
2026/09/28 15:12:08.794, 5, 100 %, 75316 MiB
2026/09/28 15:12:08.794, 6, 100 %, 75030 MiB
2026/09/28 15:12:08.794, 7, 100 %, 75318 MiB
2026/09/28 15:12:13.794, 0, 100 %, 75528 MiB
2026/09/28 15:12:13.795, 1, 100 %, 75320 MiB
2026/09/28 15:12:13.798, 2, 100 %, 75320 MiB
2026/09/28 15:12:13.799, 3, 100 %, 75318 MiB
2026/09/28 15:12:13.801, 4, 100 %, 75316 MiB
2026/09/28 15:12:13.803, 5, 100 %, 75316 MiB
2026/09/28 15:12:13.805, 6, 100 %, 75030 MiB
2026/09/28 15:12:13.806, 7, 100 %, 75318 MiB
2026/09/28 15:12:18.809, 0, 100 %, 75528 MiB
2026/09/28 15:12:18.809, 1, 100 %, 75320 MiB
2026/09/28 15:12:18.810, 2, 100 %, 75320 MiB
2026/09/28 15:12:18.810, 3, 100 %, 75318 MiB
2026/09/28 15:12:18.810, 4, 100 %, 75316 MiB
2026/09/28 15:12:18.810, 5, 100 %, 75316 MiB
2026/09/28 15:12:18.810, 6, 100 %, 75030 MiB
2026/09/28 15:12:18.810, 7, 100 %, 75318 MiB
2026/09/28 15:12:23.810, 0, 100 %, 75528 MiB
2026/09/28 15:12:23.810, 1, 100 %, 75320 MiB
2026/09/28 15:12:23.810, 2, 100 %, 75320 MiB
2026/09/28 15:12:23.811, 3, 100 %, 75318 MiB
2026/09/28 15:12:23.811, 4, 100 %, 75316 MiB
2026/09/28 15:12:23.811, 5, 100 %, 75316 MiB
2026/09/28 15:12:23.812, 6, 100 %, 75030 MiB
2026/09/28 15:12:23.812, 7, 100 %, 75318 MiB
2026/09/28 15:12:28.813, 0, 100 %, 75528 MiB
2026/09/28 15:12:28.813, 1, 100 %, 75320 MiB
2026/09/28 15:12:28.813, 2, 100 %, 75320 MiB
2026/09/28 15:12:28.814, 3, 100 %, 75318 MiB
2026/09/28 15:12:28.814, 4, 100 %, 75316 MiB
2026/09/28 15:12:28.814, 5, 100 %, 75316 MiB
2026/09/28 15:12:28.814, 6, 100 %, 75030 MiB
2026/09/28 15:12:28.815, 7, 100 %, 75318 MiB
2026/09/28 15:12:33.815, 0, 100 %, 75528 MiB
2026/09/28 15:12:33.815, 1, 100 %, 75320 MiB
2026/09/28 15:12:33.815, 2, 100 %, 75320 MiB
2026/09/28 15:12:33.816, 3, 100 %, 75318 MiB
2026/09/28 15:12:33.816, 4, 100 %, 75316 MiB
2026/09/28 15:12:33.817, 5, 100 %, 75316 MiB
2026/09/28 15:12:33.817, 6, 100 %, 75030 MiB
2026/09/28 15:12:33.817, 7, 100 %, 75318 MiB
2026/09/28 15:12:38.818, 0, 100 %, 75528 MiB
2026/09/28 15:12:38.818, 1, 100 %, 75320 MiB
2026/09/28 15:12:38.818, 2, 100 %, 75320 MiB
2026/09/28 15:12:38.818, 3, 100 %, 75318 MiB
2026/09/28 15:12:38.818, 4, 100 %, 75316 MiB
2026/09/28 15:12:38.818, 5, 100 %, 75316 MiB
2026/09/28 15:12:38.818, 6, 100 %, 75030 MiB
2026/09/28 15:12:38.818, 7, 100 %, 75318 MiB
2026/09/28 15:12:43.818, 0, 100 %, 75528 MiB
2026/09/28 15:12:43.819, 1, 100 %, 75320 MiB
2026/09/28 15:12:43.819, 2, 100 %, 75320 MiB
2026/09/28 15:12:43.820, 3, 100 %, 75318 MiB
2026/09/28 15:12:43.820, 4, 100 %, 75316 MiB
2026/09/28 15:12:43.821, 5, 100 %, 75316 MiB
2026/09/28 15:12:43.825, 6, 100 %, 75030 MiB
2026/09/28 15:12:43.825, 7, 100 %, 75318 MiB
2026/09/28 15:12:48.826, 0, 100 %, 75528 MiB
2026/09/28 15:12:48.826, 1, 100 %, 75320 MiB
2026/09/28 15:12:48.826, 2, 100 %, 75320 MiB
2026/09/28 15:12:48.826, 3, 100 %, 75318 MiB
2026/09/28 15:12:48.826, 4, 100 %, 75316 MiB
2026/09/28 15:12:48.826, 5, 100 %, 75316 MiB
2026/09/28 15:12:48.826, 6, 100 %, 75030 MiB
2026/09/28 15:12:48.826, 7, 100 %, 75318 MiB
2026/09/28 15:12:53.826, 0, 100 %, 75528 MiB
2026/09/28 15:12:53.826, 1, 100 %, 75320 MiB
2026/09/28 15:12:53.826, 2, 100 %, 75320 MiB
2026/09/28 15:12:53.826, 3, 100 %, 75318 MiB
2026/09/28 15:12:53.826, 4, 100 %, 75316 MiB
2026/09/28 15:12:53.826, 5, 100 %, 75316 MiB
2026/09/28 15:12:53.826, 6, 100 %, 75030 MiB
2026/09/28 15:12:53.826, 7, 100 %, 75318 MiB
2026/09/28 15:12:58.827, 0, 100 %, 75528 MiB
2026/09/28 15:12:58.827, 1, 100 %, 75320 MiB
2026/09/28 15:12:58.827, 2, 100 %, 75320 MiB
2026/09/28 15:12:58.827, 3, 100 %, 75318 MiB
2026/09/28 15:12:58.827, 4, 100 %, 75316 MiB
2026/09/28 15:12:58.827, 5, 100 %, 75316 MiB
2026/09/28 15:12:58.827, 6, 100 %, 75030 MiB
2026/09/28 15:12:58.827, 7, 100 %, 75318 MiB
2026/09/28 15:13:03.827, 0, 100 %, 75528 MiB
2026/09/28 15:13:03.827, 1, 100 %, 75320 MiB
2026/09/28 15:13:03.828, 2, 100 %, 75320 MiB
2026/09/28 15:13:03.828, 3, 100 %, 75318 MiB
2026/09/28 15:13:03.828, 4, 100 %, 75316 MiB
2026/09/28 15:13:03.829, 5, 100 %, 75316 MiB
2026/09/28 15:13:03.829, 6, 100 %, 75030 MiB
2026/09/28 15:13:03.830, 7, 100 %, 75318 MiB
2026/09/28 15:13:08.830, 0, 100 %, 75528 MiB
2026/09/28 15:13:08.830, 1, 100 %, 75320 MiB
2026/09/28 15:13:08.830, 2, 100 %, 75320 MiB
2026/09/28 15:13:08.830, 3, 100 %, 75318 MiB
2026/09/28 15:13:08.830, 4, 100 %, 75316 MiB
2026/09/28 15:13:08.830, 5, 100 %, 75316 MiB
2026/09/28 15:13:08.830, 6, 100 %, 75030 MiB
2026/09/28 15:13:08.830, 7, 100 %, 75318 MiB
2026/09/28 15:13:13.831, 0, 100 %, 75528 MiB
2026/09/28 15:13:13.831, 1, 100 %, 75320 MiB
2026/09/28 15:13:13.831, 2, 100 %, 75320 MiB
2026/09/28 15:13:13.831, 3, 100 %, 75318 MiB
2026/09/28 15:13:13.831, 4, 100 %, 75316 MiB
2026/09/28 15:13:13.831, 5, 100 %, 75316 MiB
2026/09/28 15:13:13.831, 6, 100 %, 75030 MiB
2026/09/28 15:13:13.831, 7, 100 %, 75318 MiB
2026/09/28 15:13:18.831, 0, 100 %, 75528 MiB
2026/09/28 15:13:18.831, 1, 100 %, 75320 MiB
2026/09/28 15:13:18.831, 2, 100 %, 75320 MiB
2026/09/28 15:13:18.831, 3, 100 %, 75318 MiB
2026/09/28 15:13:18.831, 4, 100 %, 75316 MiB
2026/09/28 15:13:18.831, 5, 100 %, 75316 MiB
2026/09/28 15:13:18.831, 6, 100 %, 75030 MiB
2026/09/28 15:13:18.831, 7, 100 %, 75318 MiB
2026/09/28 15:13:23.832, 0, 100 %, 75528 MiB
2026/09/28 15:13:23.832, 1, 100 %, 75320 MiB
2026/09/28 15:13:23.832, 2, 100 %, 75320 MiB
2026/09/28 15:13:23.832, 3, 100 %, 75318 MiB
2026/09/28 15:13:23.832, 4, 100 %, 75316 MiB
2026/09/28 15:13:23.832, 5, 100 %, 75316 MiB
2026/09/28 15:13:23.832, 6, 100 %, 75030 MiB
2026/09/28 15:13:23.833, 7, 100 %, 75318 MiB
2026/09/28 15:13:28.834, 0, 100 %, 75528 MiB
2026/09/28 15:13:28.834, 1, 100 %, 75320 MiB
2026/09/28 15:13:28.834, 2, 100 %, 75320 MiB
2026/09/28 15:13:28.834, 3, 100 %, 75318 MiB
2026/09/28 15:13:28.834, 4, 100 %, 75316 MiB
2026/09/28 15:13:28.834, 5, 100 %, 75316 MiB
2026/09/28 15:13:28.834, 6, 100 %, 75030 MiB
2026/09/28 15:13:28.834, 7, 100 %, 75318 MiB
2026/09/28 15:13:33.834, 0, 100 %, 75528 MiB
2026/09/28 15:13:33.834, 1, 100 %, 75320 MiB
2026/09/28 15:13:33.834, 2, 100 %, 75320 MiB
2026/09/28 15:13:33.834, 3, 100 %, 75318 MiB
2026/09/28 15:13:33.834, 4, 100 %, 75316 MiB
2026/09/28 15:13:33.834, 5, 100 %, 75316 MiB
2026/09/28 15:13:33.834, 6, 100 %, 75030 MiB
2026/09/28 15:13:33.835, 7, 100 %, 75318 MiB
2026/09/28 15:13:38.835, 0, 100 %, 75528 MiB
2026/09/28 15:13:38.835, 1, 100 %, 75320 MiB
2026/09/28 15:13:38.835, 2, 100 %, 75320 MiB
2026/09/28 15:13:38.835, 3, 100 %, 75318 MiB
2026/09/28 15:13:38.835, 4, 100 %, 75316 MiB
2026/09/28 15:13:38.835, 5, 100 %, 75316 MiB
2026/09/28 15:13:38.835, 6, 100 %, 75030 MiB
2026/09/28 15:13:38.835, 7, 100 %, 75318 MiB
2026/09/28 15:13:43.835, 0, 100 %, 75528 MiB
2026/09/28 15:13:43.836, 1, 100 %, 75320 MiB
2026/09/28 15:13:43.836, 2, 100 %, 75320 MiB
2026/09/28 15:13:43.836, 3, 100 %, 75318 MiB
2026/09/28 15:13:43.837, 4, 100 %, 75316 MiB
2026/09/28 15:13:43.837, 5, 100 %, 75316 MiB
2026/09/28 15:13:43.837, 6, 100 %, 75030 MiB
2026/09/28 15:13:43.838, 7, 100 %, 75318 MiB
2026/09/28 15:13:48.838, 0, 100 %, 75528 MiB
2026/09/28 15:13:48.838, 1, 100 %, 75320 MiB
2026/09/28 15:13:48.838, 2, 100 %, 75320 MiB
2026/09/28 15:13:48.838, 3, 100 %, 75318 MiB
2026/09/28 15:13:48.838, 4, 100 %, 75316 MiB
2026/09/28 15:13:48.838, 5, 100 %, 75316 MiB
2026/09/28 15:13:48.838, 6, 100 %, 75030 MiB
2026/09/28 15:13:48.838, 7, 100 %, 75318 MiB
2026/09/28 15:13:53.839, 0, 100 %, 75528 MiB
2026/09/28 15:13:53.839, 1, 100 %, 75320 MiB
2026/09/28 15:13:53.839, 2, 100 %, 75320 MiB
2026/09/28 15:13:53.839, 3, 100 %, 75318 MiB
2026/09/28 15:13:53.839, 4, 100 %, 75316 MiB
2026/09/28 15:13:53.839, 5, 100 %, 75316 MiB
2026/09/28 15:13:53.839, 6, 100 %, 75030 MiB
2026/09/28 15:13:53.839, 7, 100 %, 75318 MiB
2026/09/28 15:13:58.839, 0, 100 %, 75528 MiB
2026/09/28 15:13:58.839, 1, 100 %, 75320 MiB
2026/09/28 15:13:58.839, 2, 100 %, 75320 MiB
2026/09/28 15:13:58.839, 3, 100 %, 75318 MiB
2026/09/28 15:13:58.839, 4, 100 %, 75316 MiB
2026/09/28 15:13:58.839, 5, 100 %, 75316 MiB
2026/09/28 15:13:58.839, 6, 100 %, 75030 MiB
2026/09/28 15:13:58.839, 7, 100 %, 75318 MiB
